{
  "type": "FeatureCollection",
  "features": [
    {
      "type": "Feature",
      "properties": {
        "height": -1.0,
        "confidence": -1.0,
        "source": "Microsoft GlobalMLBuildingFootprints",
        "synthetic": false,
        "source_quadkey": "123301331",
        "source_line": 796,
        "crosses_aoi_boundary": false
      },
      "geometry": {
        "type": "Polygon",
        "coordinates": [
          [
            [
              78.35095650528127,
              17.460370335950046
            ],
            [
              78.35086357210965,
              17.460413861176576
            ],
            [
              78.35069910076794,
              17.460094304145287
            ],
            [
              78.35079203393953,
              17.4600507788424
            ],
            [
              78.35095650528127,
              17.460370335950046
            ]
          ]
        ]
      },
      "id": "MS-123301331-796"
    },
    {
      "type": "Feature",
      "properties": {
        "height": -1.0,
        "confidence": -1.0,
        "source": "Microsoft GlobalMLBuildingFootprints",
        "synthetic": false,
        "source_quadkey": "123301331",
        "source_line": 918,
        "crosses_aoi_boundary": false
      },
      "geometry": {
        "type": "Polygon",
        "coordinates": [
          [
            [
              78.36308335236347,
              17.450637793827056
            ],
            [
              78.36326516529418,
              17.450594541797003
            ],
            [
              78.36332750601885,
              17.45083302872574
            ],
            [
              78.36314569308814,
              17.450876280699205
            ],
            [
              78.36308335236347,
              17.450637793827056
            ]
          ]
        ]
      },
      "id": "MS-123301331-918"
    },
    {
      "type": "Feature",
      "properties": {
        "height": -1.0,
        "confidence": -1.0,
        "source": "Microsoft GlobalMLBuildingFootprints",
        "synthetic": false,
        "source_quadkey": "123301331",
        "source_line": 3947,
        "crosses_aoi_boundary": true
      },
      "geometry": {
        "type": "Polygon",
        "coordinates": [
          [
            [
              78.35065771164244,
              17.449738052878843
            ],
            [
              78.35066277172844,
              17.449965680983368
            ],
            [
              78.3507485637072,
              17.449963939626727
            ],
            [
              78.35074907540132,
              17.4499869581835
            ],
            [
              78.35093406435551,
              17.449983203383653
            ],
            [
              78.3509321625843,
              17.449897652197052
            ],
            [
              78.35103267551908,
              17.449895618753132
            ],
            [
              78.35103561017847,
              17.450027200143083
            ],
            [
              78.35096054230878,
              17.45002872382736
            ],
            [
              78.35096202541258,
              17.450095221749663
            ],
            [
              78.3506282510474,
              17.450101996506348
            ],
            [
              78.35062629196754,
              17.450013867345547
            ],
            [
              78.35055522946706,
              17.45001530498655
            ],
            [
              78.35054781393698,
              17.449682814491666
            ],
            [
              78.35063896791443,
              17.449680970383525
            ],
            [
              78.3506374848084,
              17.44961447221108
            ],
            [
              78.35094311873273,
              17.449608289022592
            ],
            [
              78.35094496971881,
              17.44969128186891
            ],
            [
              78.35103076156987,
              17.44968954051224
            ],
            [
              78.35103395594732,
              17.449832767042835
            ],
            [
              78.3509334477707,
              17.449834807101936
            ],
            [
              78.35093117357471,
              17.44973250229758
            ],
            [
              78.35065771164244,
              17.449738052878843
            ]
          ]
        ]
      },
      "id": "MS-123301331-3947"
    },
    {
      "type": "Feature",
      "properties": {
        "height": -1.0,
        "confidence": -1.0,
        "source": "Microsoft GlobalMLBuildingFootprints",
        "synthetic": false,
        "source_quadkey": "123301331",
        "source_line": 4035,
        "crosses_aoi_boundary": false
      },
      "geometry": {
        "type": "Polygon",
        "coordinates": [
          [
            [
              78.35907613070562,
              17.450277944803318
            ],
            [
              78.35911017369776,
              17.45029793560711
            ],
            [
              78.3590538979917,
              17.450385151283356
            ],
            [
              78.35901985035935,
              17.45036515776428
            ],
            [
              78.35907613070562,
              17.450277944803318
            ]
          ]
        ]
      },
      "id": "MS-123301331-4035"
    },
    {
      "type": "Feature",
      "properties": {
        "height": -1.0,
        "confidence": -1.0,
        "source": "Microsoft GlobalMLBuildingFootprints",
        "synthetic": false,
        "source_quadkey": "123301331",
        "source_line": 7304,
        "crosses_aoi_boundary": false
      },
      "geometry": {
        "type": "Polygon",
        "coordinates": [
          [
            [
              78.36130516988213,
              17.451699348448642
            ],
            [
              78.36132994215448,
              17.451654249722466
            ],
            [
              78.36130355704358,
              17.451641058403936
            ],
            [
              78.3613620050836,
              17.451534666007703
            ],
            [
              78.36145151372921,
              17.451579416156704
            ],
            [
              78.36138704741684,
              17.451696779196496
            ],
            [
              78.36137021235682,
              17.451688363581795
            ],
            [
              78.36135146629715,
              17.451722491386732
            ],
            [
              78.36130516988213,
              17.451699348448642
            ]
          ]
        ]
      },
      "id": "MS-123301331-7304"
    },
    {
      "type": "Feature",
      "properties": {
        "height": -1.0,
        "confidence": -1.0,
        "source": "Microsoft GlobalMLBuildingFootprints",
        "synthetic": false,
        "source_quadkey": "123301331",
        "source_line": 7334,
        "crosses_aoi_boundary": false
      },
      "geometry": {
        "type": "Polygon",
        "coordinates": [
          [
            [
              78.36398110454479,
              17.460325800600117
            ],
            [
              78.3639929471148,
              17.460371629792164
            ],
            [
              78.36393607702595,
              17.46038500239348
            ],
            [
              78.36392423762585,
              17.460339172459427
            ],
            [
              78.36398110454479,
              17.460325800600117
            ]
          ]
        ]
      },
      "id": "MS-123301331-7334"
    },
    {
      "type": "Feature",
      "properties": {
        "height": -1.0,
        "confidence": -1.0,
        "source": "Microsoft GlobalMLBuildingFootprints",
        "synthetic": false,
        "source_quadkey": "123301331",
        "source_line": 10265,
        "crosses_aoi_boundary": true
      },
      "geometry": {
        "type": "Polygon",
        "coordinates": [
          [
            [
              78.35766959082552,
              17.450025075286106
            ],
            [
              78.35766635182947,
              17.449950999811307
            ],
            [
              78.35774132323155,
              17.449948016425722
            ],
            [
              78.35774791291314,
              17.450098721672802
            ],
            [
              78.35765152111048,
              17.450102557451075
            ],
            [
              78.35764817042491,
              17.450025927681608
            ],
            [
              78.35766959082552,
              17.450025075286106
            ]
          ]
        ]
      },
      "id": "MS-123301331-10265"
    },
    {
      "type": "Feature",
      "properties": {
        "height": -1.0,
        "confidence": -1.0,
        "source": "Microsoft GlobalMLBuildingFootprints",
        "synthetic": false,
        "source_quadkey": "123301331",
        "source_line": 10301,
        "crosses_aoi_boundary": false
      },
      "geometry": {
        "type": "Polygon",
        "coordinates": [
          [
            [
              78.36225740065389,
              17.451695311749205
            ],
            [
              78.36238434607398,
              17.45180257288557
            ],
            [
              78.36232044144599,
              17.45187139717322
            ],
            [
              78.36219349885552,
              17.451764138468207
            ],
            [
              78.36225740065389,
              17.451695311749205
            ]
          ]
        ]
      },
      "id": "MS-123301331-10301"
    },
    {
      "type": "Feature",
      "properties": {
        "height": -1.0,
        "confidence": -1.0,
        "source": "Microsoft GlobalMLBuildingFootprints",
        "synthetic": false,
        "source_quadkey": "123301331",
        "source_line": 13686,
        "crosses_aoi_boundary": false
      },
      "geometry": {
        "type": "Polygon",
        "coordinates": [
          [
            [
              78.35257342271922,
              17.457400275548082
            ],
            [
              78.35282484573155,
              17.45729155070481
            ],
            [
              78.35285913892699,
              17.457363715744023
            ],
            [
              78.35283021415566,
              17.457376223910188
            ],
            [
              78.35286208746352,
              17.45744329661798
            ],
            [
              78.35276418566086,
              17.457485626505445
            ],
            [
              78.3528795739453,
              17.45772844398553
            ],
            [
              78.35278167471927,
              17.457770779228923
            ],
            [
              78.35266669165219,
              17.45752881452536
            ],
            [
              78.3526399918633,
              17.457540360514443
            ],
            [
              78.35257342271922,
              17.457400275548082
            ]
          ]
        ]
      },
      "id": "MS-123301331-13686"
    },
    {
      "type": "Feature",
      "properties": {
        "height": -1.0,
        "confidence": -1.0,
        "source": "Microsoft GlobalMLBuildingFootprints",
        "synthetic": false,
        "source_quadkey": "123301331",
        "source_line": 13696,
        "crosses_aoi_boundary": false
      },
      "geometry": {
        "type": "Polygon",
        "coordinates": [
          [
            [
              78.35320193398425,
              17.461207575460122
            ],
            [
              78.35312234507802,
              17.461247794495947
            ],
            [
              78.35307574514488,
              17.461163881285486
            ],
            [
              78.3531553340511,
              17.461123662231117
            ],
            [
              78.35320193398425,
              17.461207575460122
            ]
          ]
        ]
      },
      "id": "MS-123301331-13696"
    },
    {
      "type": "Feature",
      "properties": {
        "height": -1.0,
        "confidence": -1.0,
        "source": "Microsoft GlobalMLBuildingFootprints",
        "synthetic": false,
        "source_quadkey": "123301331",
        "source_line": 13770,
        "crosses_aoi_boundary": false
      },
      "geometry": {
        "type": "Polygon",
        "coordinates": [
          [
            [
              78.35970063692999,
              17.45046460606079
            ],
            [
              78.35966355700242,
              17.45052801275962
            ],
            [
              78.35956946097944,
              17.45047793438171
            ],
            [
              78.35958657870516,
              17.45044866305497
            ],
            [
              78.35951397106602,
              17.450410020887674
            ],
            [
              78.35955218409812,
              17.450344668337905
            ],
            [
              78.35975266147715,
              17.45045135008597
            ],
            [
              78.35973440377312,
              17.450482574693325
            ],
            [
              78.35970063692999,
              17.45046460606079
            ]
          ]
        ]
      },
      "id": "MS-123301331-13770"
    },
    {
      "type": "Feature",
      "properties": {
        "height": -1.0,
        "confidence": -1.0,
        "source": "Microsoft GlobalMLBuildingFootprints",
        "synthetic": false,
        "source_quadkey": "123301331",
        "source_line": 16641,
        "crosses_aoi_boundary": false
      },
      "geometry": {
        "type": "Polygon",
        "coordinates": [
          [
            [
              78.35011095263849,
              17.459560948298915
            ],
            [
              78.35020830894088,
              17.459521038726322
            ],
            [
              78.35031196193131,
              17.459751130322203
            ],
            [
              78.35021460315718,
              17.45979103435755
            ],
            [
              78.35011095263849,
              17.459560948298915
            ]
          ]
        ]
      },
      "id": "MS-123301331-16641"
    },
    {
      "type": "Feature",
      "properties": {
        "height": -1.0,
        "confidence": -1.0,
        "source": "Microsoft GlobalMLBuildingFootprints",
        "synthetic": false,
        "source_quadkey": "123301331",
        "source_line": 16659,
        "crosses_aoi_boundary": false
      },
      "geometry": {
        "type": "Polygon",
        "coordinates": [
          [
            [
              78.35288597780408,
              17.4606967221074
            ],
            [
              78.3528148271033,
              17.460727551553447
            ],
            [
              78.35273261408155,
              17.46055489589773
            ],
            [
              78.35280376665742,
              17.460524070360393
            ],
            [
              78.35288597780408,
              17.4606967221074
            ]
          ]
        ]
      },
      "id": "MS-123301331-16659"
    },
    {
      "type": "Feature",
      "properties": {
        "height": -1.0,
        "confidence": -1.0,
        "source": "Microsoft GlobalMLBuildingFootprints",
        "synthetic": false,
        "source_quadkey": "123301331",
        "source_line": 20306,
        "crosses_aoi_boundary": false
      },
      "geometry": {
        "type": "Polygon",
        "coordinates": [
          [
            [
              78.35148166578308,
              17.45849584908528
            ],
            [
              78.35161788399739,
              17.458432123401693
            ],
            [
              78.35175361069395,
              17.458696135001233
            ],
            [
              78.35161739247964,
              17.45875986059248
            ],
            [
              78.35148166578308,
              17.45849584908528
            ]
          ]
        ]
      },
      "id": "MS-123301331-20306"
    },
    {
      "type": "Feature",
      "properties": {
        "height": -1.0,
        "confidence": -1.0,
        "source": "Microsoft GlobalMLBuildingFootprints",
        "synthetic": false,
        "source_quadkey": "123301331",
        "source_line": 20318,
        "crosses_aoi_boundary": false
      },
      "geometry": {
        "type": "Polygon",
        "coordinates": [
          [
            [
              78.35305504968892,
              17.459086287675206
            ],
            [
              78.35312058876406,
              17.45921774938995
            ],
            [
              78.35302652763333,
              17.459260421587686
            ],
            [
              78.35287880463856,
              17.458964110991374
            ],
            [
              78.35304067728214,
              17.45889067499057
            ],
            [
              78.35312286120173,
              17.45905552396937
            ],
            [
              78.35305504968892,
              17.459086287675206
            ]
          ]
        ]
      },
      "id": "MS-123301331-20318"
    },
    {
      "type": "Feature",
      "properties": {
        "height": -1.0,
        "confidence": -1.0,
        "source": "Microsoft GlobalMLBuildingFootprints",
        "synthetic": false,
        "source_quadkey": "123301331",
        "source_line": 23269,
        "crosses_aoi_boundary": false
      },
      "geometry": {
        "type": "Polygon",
        "coordinates": [
          [
            [
              78.3552599821991,
              17.460382472046504
            ],
            [
              78.3554856580519,
              17.460291994494725
            ],
            [
              78.35555559623215,
              17.46045073466965
            ],
            [
              78.3555305211374,
              17.460460787724443
            ],
            [
              78.35557650788604,
              17.460565164744636
            ],
            [
              78.35547620750704,
              17.460605376935106
            ],
            [
              78.35549536865231,
              17.460648867332935
            ],
            [
              78.35539506827327,
              17.46068907950496
            ],
            [
              78.3552599821991,
              17.460382472046504
            ]
          ]
        ]
      },
      "id": "MS-123301331-23269"
    },
    {
      "type": "Feature",
      "properties": {
        "height": -1.0,
        "confidence": -1.0,
        "source": "Microsoft GlobalMLBuildingFootprints",
        "synthetic": false,
        "source_quadkey": "123301331",
        "source_line": 23319,
        "crosses_aoi_boundary": false
      },
      "geometry": {
        "type": "Polygon",
        "coordinates": [
          [
            [
              78.36127391819437,
              17.46175986441905
            ],
            [
              78.36135637082447,
              17.461972462494586
            ],
            [
              78.36128213785356,
              17.461998665129073
            ],
            [
              78.36119966981241,
              17.461786067566834
            ],
            [
              78.36127391819437,
              17.46175986441905
            ]
          ]
        ]
      },
      "id": "MS-123301331-23319"
    },
    {
      "type": "Feature",
      "properties": {
        "height": -1.0,
        "confidence": -1.0,
        "source": "Microsoft GlobalMLBuildingFootprints",
        "synthetic": false,
        "source_quadkey": "123301331",
        "source_line": 23323,
        "crosses_aoi_boundary": false
      },
      "geometry": {
        "type": "Polygon",
        "coordinates": [
          [
            [
              78.36141647107564,
              17.461365795555935
            ],
            [
              78.36151653818943,
              17.461606890484404
            ],
            [
              78.361428426458,
              17.46164016866574
            ],
            [
              78.36132835934424,
              17.461399073781294
            ],
            [
              78.36141647107564,
              17.461365795555935
            ]
          ]
        ]
      },
      "id": "MS-123301331-23323"
    },
    {
      "type": "Feature",
      "properties": {
        "height": -1.0,
        "confidence": -1.0,
        "source": "Microsoft GlobalMLBuildingFootprints",
        "synthetic": false,
        "source_quadkey": "123301331",
        "source_line": 26826,
        "crosses_aoi_boundary": false
      },
      "geometry": {
        "type": "Polygon",
        "coordinates": [
          [
            [
              78.35215374414332,
              17.46035490677623
            ],
            [
              78.35225265847038,
              17.4606119457504
            ],
            [
              78.35218056273943,
              17.460637196826298
            ],
            [
              78.35214635530447,
              17.46054832231323
            ],
            [
              78.35203409075821,
              17.460587634780808
            ],
            [
              78.35196938066169,
              17.460419479009175
            ],
            [
              78.35215374414332,
              17.46035490677623
            ]
          ]
        ]
      },
      "id": "MS-123301331-26826"
    },
    {
      "type": "Feature",
      "properties": {
        "height": -1.0,
        "confidence": -1.0,
        "source": "Microsoft GlobalMLBuildingFootprints",
        "synthetic": false,
        "source_quadkey": "123301331",
        "source_line": 26828,
        "crosses_aoi_boundary": false
      },
      "geometry": {
        "type": "Polygon",
        "coordinates": [
          [
            [
              78.35226440893706,
              17.45889288637747
            ],
            [
              78.35241767012404,
              17.45882914862115
            ],
            [
              78.35253951067284,
              17.459095750013333
            ],
            [
              78.35238624948586,
              17.459159487676416
            ],
            [
              78.35226440893706,
              17.45889288637747
            ]
          ]
        ]
      },
      "id": "MS-123301331-26828"
    },
    {
      "type": "Feature",
      "properties": {
        "height": -1.0,
        "confidence": -1.0,
        "source": "Microsoft GlobalMLBuildingFootprints",
        "synthetic": false,
        "source_quadkey": "123301331",
        "source_line": 26888,
        "crosses_aoi_boundary": false
      },
      "geometry": {
        "type": "Polygon",
        "coordinates": [
          [
            [
              78.3592483509829,
              17.450435422414856
            ],
            [
              78.35929589907967,
              17.450447575076026
            ],
            [
              78.35928216313833,
              17.450496472073766
            ],
            [
              78.3592346158736,
              17.45048431645388
            ],
            [
              78.3592483509829,
              17.450435422414856
            ]
          ]
        ]
      },
      "id": "MS-123301331-26888"
    },
    {
      "type": "Feature",
      "properties": {
        "height": -1.0,
        "confidence": -1.0,
        "source": "Microsoft GlobalMLBuildingFootprints",
        "synthetic": false,
        "source_quadkey": "123301331",
        "source_line": 29515,
        "crosses_aoi_boundary": false
      },
      "geometry": {
        "type": "Polygon",
        "coordinates": [
          [
            [
              78.35204805048897,
              17.45690844201509
            ],
            [
              78.35215322259185,
              17.456877257982313
            ],
            [
              78.35222393932064,
              17.45709424673244
            ],
            [
              78.35211876721782,
              17.457125430728098
            ],
            [
              78.35204805048897,
              17.45690844201509
            ]
          ]
        ]
      },
      "id": "MS-123301331-29515"
    },
    {
      "type": "Feature",
      "properties": {
        "height": -1.0,
        "confidence": -1.0,
        "source": "Microsoft GlobalMLBuildingFootprints",
        "synthetic": false,
        "source_quadkey": "123301331",
        "source_line": 29523,
        "crosses_aoi_boundary": false
      },
      "geometry": {
        "type": "Polygon",
        "coordinates": [
          [
            [
              78.35270303515388,
              17.450167551090715
            ],
            [
              78.35275395134583,
              17.450228870224407
            ],
            [
              78.35269214429299,
              17.450275572293805
            ],
            [
              78.35264123086543,
              17.45021425108702
            ],
            [
              78.35270303515388,
              17.450167551090715
            ]
          ]
        ]
      },
      "id": "MS-123301331-29523"
    },
    {
      "type": "Feature",
      "properties": {
        "height": -1.0,
        "confidence": -1.0,
        "source": "Microsoft GlobalMLBuildingFootprints",
        "synthetic": false,
        "source_quadkey": "123301331",
        "source_line": 29529,
        "crosses_aoi_boundary": true
      },
      "geometry": {
        "type": "Polygon",
        "coordinates": [
          [
            [
              78.35401406325836,
              17.461874355625966
            ],
            [
              78.35404814242985,
              17.461940174551316
            ],
            [
              78.35398561243802,
              17.46196963554351
            ],
            [
              78.35401862663544,
              17.462033397594453
            ],
            [
              78.35396472147006,
              17.462058794988792
            ],
            [
              78.35399667069338,
              17.46212050016952
            ],
            [
              78.35395354656107,
              17.462140818075568
            ],
            [
              78.35385450396886,
              17.4619495319686
            ],
            [
              78.35401406325836,
              17.461874355625966
            ]
          ]
        ]
      },
      "id": "MS-123301331-29529"
    },
    {
      "type": "Feature",
      "properties": {
        "height": -1.0,
        "confidence": -1.0,
        "source": "Microsoft GlobalMLBuildingFootprints",
        "synthetic": false,
        "source_quadkey": "123301331",
        "source_line": 33010,
        "crosses_aoi_boundary": false
      },
      "geometry": {
        "type": "Polygon",
        "coordinates": [
          [
            [
              78.35034281132998,
              17.459556477800817
            ],
            [
              78.35047929052125,
              17.45949842559685
            ],
            [
              78.35059447612046,
              17.459744846705192
            ],
            [
              78.35045800048195,
              17.45980290643115
            ],
            [
              78.35034281132998,
              17.459556477800817
            ]
          ]
        ]
      },
      "id": "MS-123301331-33010"
    },
    {
      "type": "Feature",
      "properties": {
        "height": -1.0,
        "confidence": -1.0,
        "source": "Microsoft GlobalMLBuildingFootprints",
        "synthetic": false,
        "source_quadkey": "123301331",
        "source_line": 33016,
        "crosses_aoi_boundary": false
      },
      "geometry": {
        "type": "Polygon",
        "coordinates": [
          [
            [
              78.35153831934477,
              17.45806297296764
            ],
            [
              78.35141754574009,
              17.45811440156038
            ],
            [
              78.35131371530312,
              17.457892514820045
            ],
            [
              78.35143448890784,
              17.457841086164677
            ],
            [
              78.35153831934477,
              17.45806297296764
            ]
          ]
        ]
      },
      "id": "MS-123301331-33016"
    },
    {
      "type": "Feature",
      "properties": {
        "height": -1.0,
        "confidence": -1.0,
        "source": "Microsoft GlobalMLBuildingFootprints",
        "synthetic": false,
        "source_quadkey": "123301331",
        "source_line": 33022,
        "crosses_aoi_boundary": false
      },
      "geometry": {
        "type": "Polygon",
        "coordinates": [
          [
            [
              78.35198581310509,
              17.46009888026255
            ],
            [
              78.35220661447735,
              17.46000848465522
            ],
            [
              78.35230187845926,
              17.46022022944615
            ],
            [
              78.35208106396749,
              17.460310630319512
            ],
            [
              78.35198581310509,
              17.46009888026255
            ]
          ]
        ]
      },
      "id": "MS-123301331-33022"
    },
    {
      "type": "Feature",
      "properties": {
        "height": -1.0,
        "confidence": -1.0,
        "source": "Microsoft GlobalMLBuildingFootprints",
        "synthetic": false,
        "source_quadkey": "123301331",
        "source_line": 33058,
        "crosses_aoi_boundary": false
      },
      "geometry": {
        "type": "Polygon",
        "coordinates": [
          [
            [
              78.35478575870371,
              17.459311595690338
            ],
            [
              78.35462300863037,
              17.45937866011637
            ],
            [
              78.35440331083925,
              17.45889349646447
            ],
            [
              78.35446208169907,
              17.458869278693413
            ],
            [
              78.35448453969549,
              17.45891887326593
            ],
            [
              78.35450262303695,
              17.458911421645467
            ],
            [
              78.35456609128772,
              17.459051580152718
            ],
            [
              78.35465198715978,
              17.45901618497851
            ],
            [
              78.35478575870371,
              17.459311595690338
            ]
          ]
        ]
      },
      "id": "MS-123301331-33058"
    },
    {
      "type": "Feature",
      "properties": {
        "height": -1.0,
        "confidence": -1.0,
        "source": "Microsoft GlobalMLBuildingFootprints",
        "synthetic": false,
        "source_quadkey": "123301331",
        "source_line": 33064,
        "crosses_aoi_boundary": false
      },
      "geometry": {
        "type": "Polygon",
        "coordinates": [
          [
            [
              78.35515776885207,
              17.460736718170367
            ],
            [
              78.35506324352266,
              17.460504708829745
            ],
            [
              78.3551995786851,
              17.460454163858813
            ],
            [
              78.35529409244657,
              17.460686186654016
            ],
            [
              78.35515776885207,
              17.460736718170367
            ]
          ]
        ]
      },
      "id": "MS-123301331-33064"
    },
    {
      "type": "Feature",
      "properties": {
        "height": -1.0,
        "confidence": -1.0,
        "source": "Microsoft GlobalMLBuildingFootprints",
        "synthetic": false,
        "source_quadkey": "123301331",
        "source_line": 33068,
        "crosses_aoi_boundary": false
      },
      "geometry": {
        "type": "Polygon",
        "coordinates": [
          [
            [
              78.35561716522673,
              17.46017485297213
            ],
            [
              78.35553127014353,
              17.460203721497848
            ],
            [
              78.355505723958,
              17.46013456824599
            ],
            [
              78.35528621911669,
              17.460208356410945
            ],
            [
              78.35522568268671,
              17.460044484901857
            ],
            [
              78.35532951619142,
              17.46000958047877
            ],
            [
              78.35531270348731,
              17.459964059581566
            ],
            [
              78.3555142650518,
              17.459896303091185
            ],
            [
              78.35561716522673,
              17.46017485297213
            ]
          ]
        ]
      },
      "id": "MS-123301331-33068"
    },
    {
      "type": "Feature",
      "properties": {
        "height": -1.0,
        "confidence": -1.0,
        "source": "Microsoft GlobalMLBuildingFootprints",
        "synthetic": false,
        "source_quadkey": "123301331",
        "source_line": 35949,
        "crosses_aoi_boundary": false
      },
      "geometry": {
        "type": "Polygon",
        "coordinates": [
          [
            [
              78.3608507601666,
              17.46174864232711
            ],
            [
              78.36089176060057,
              17.461913339692416
            ],
            [
              78.36081558982508,
              17.46193059454268
            ],
            [
              78.36077458939111,
              17.461765897192976
            ],
            [
              78.3608507601666,
              17.46174864232711
            ]
          ]
        ]
      },
      "id": "MS-123301331-35949"
    },
    {
      "type": "Feature",
      "properties": {
        "height": -1.0,
        "confidence": -1.0,
        "source": "Microsoft GlobalMLBuildingFootprints",
        "synthetic": false,
        "source_quadkey": "123301331",
        "source_line": 35959,
        "crosses_aoi_boundary": true
      },
      "geometry": {
        "type": "Polygon",
        "coordinates": [
          [
            [
              78.36222707123068,
              17.449888178413758
            ],
            [
              78.3624355964757,
              17.449839030957477
            ],
            [
              78.36246808154989,
              17.449964430697904
            ],
            [
              78.36243774714427,
              17.44997158023041
            ],
            [
              78.36256108596778,
              17.450447695206066
            ],
            [
              78.3623828564414,
              17.450489714004405
            ],
            [
              78.36222707123068,
              17.449888178413758
            ]
          ]
        ]
      },
      "id": "MS-123301331-35959"
    },
    {
      "type": "Feature",
      "properties": {
        "height": -1.0,
        "confidence": -1.0,
        "source": "Microsoft GlobalMLBuildingFootprints",
        "synthetic": false,
        "source_quadkey": "123301331",
        "source_line": 35991,
        "crosses_aoi_boundary": true
      },
      "geometry": {
        "type": "Polygon",
        "coordinates": [
          [
            [
              78.36416060674337,
              17.451394929060825
            ],
            [
              78.36405145640305,
              17.451409285784905
            ],
            [
              78.36402712876722,
              17.451241049224222
            ],
            [
              78.36398362532569,
              17.451246771308547
            ],
            [
              78.3639611243937,
              17.45109108810736
            ],
            [
              78.36395849222313,
              17.451091434321683
            ],
            [
              78.36392415914767,
              17.45085388465715
            ],
            [
              78.36407945574206,
              17.450833447808904
            ],
            [
              78.36416060674337,
              17.451394929060825
            ]
          ]
        ]
      },
      "id": "MS-123301331-35991"
    },
    {
      "type": "Feature",
      "properties": {
        "height": -1.0,
        "confidence": -1.0,
        "source": "Microsoft GlobalMLBuildingFootprints",
        "synthetic": false,
        "source_quadkey": "123301331",
        "source_line": 39568,
        "crosses_aoi_boundary": false
      },
      "geometry": {
        "type": "Polygon",
        "coordinates": [
          [
            [
              78.35125120927236,
              17.459556213018217
            ],
            [
              78.35137326400981,
              17.459504353381263
            ],
            [
              78.35157517770438,
              17.45993685819154
            ],
            [
              78.35145314627181,
              17.459988699656094
            ],
            [
              78.35125120927236,
              17.459556213018217
            ]
          ]
        ]
      },
      "id": "MS-123301331-39568"
    },
    {
      "type": "Feature",
      "properties": {
        "height": -1.0,
        "confidence": -1.0,
        "source": "Microsoft GlobalMLBuildingFootprints",
        "synthetic": false,
        "source_quadkey": "123301331",
        "source_line": 39592,
        "crosses_aoi_boundary": false
      },
      "geometry": {
        "type": "Polygon",
        "coordinates": [
          [
            [
              78.35374260454238,
              17.46133660856836
            ],
            [
              78.35384963284764,
              17.461295149763714
            ],
            [
              78.35379949325184,
              17.461177365687433
            ],
            [
              78.3539192218412,
              17.46113097922799
            ],
            [
              78.35397964935312,
              17.46127293091108
            ],
            [
              78.35394399630752,
              17.461286741584246
            ],
            [
              78.3540197424761,
              17.46146464784971
            ],
            [
              78.35390111487028,
              17.461510599750824
            ],
            [
              78.35389456987346,
              17.46149522477093
            ],
            [
              78.35382209126246,
              17.461523300272788
            ],
            [
              78.35374260454238,
              17.46133660856836
            ]
          ]
        ]
      },
      "id": "MS-123301331-39592"
    },
    {
      "type": "Feature",
      "properties": {
        "height": -1.0,
        "confidence": -1.0,
        "source": "Microsoft GlobalMLBuildingFootprints",
        "synthetic": false,
        "source_quadkey": "123301331",
        "source_line": 41937,
        "crosses_aoi_boundary": true
      },
      "geometry": {
        "type": "Polygon",
        "coordinates": [
          [
            [
              78.3499721919167,
              17.45859676590898
            ],
            [
              78.3500648833097,
              17.458561677037906
            ],
            [
              78.35013661080038,
              17.4587340988583
            ],
            [
              78.35004391940737,
              17.45876918769615
            ],
            [
              78.3499721919167,
              17.45859676590898
            ]
          ]
        ]
      },
      "id": "MS-123301331-41937"
    },
    {
      "type": "Feature",
      "properties": {
        "height": -1.0,
        "confidence": -1.0,
        "source": "Microsoft GlobalMLBuildingFootprints",
        "synthetic": false,
        "source_quadkey": "123301331",
        "source_line": 41963,
        "crosses_aoi_boundary": false
      },
      "geometry": {
        "type": "Polygon",
        "coordinates": [
          [
            [
              78.35265120316154,
              17.458250066337214
            ],
            [
              78.35273937445422,
              17.458224123468256
            ],
            [
              78.35275372769325,
              17.458268514728147
            ],
            [
              78.35273413407265,
              17.45827427980906
            ],
            [
              78.3527832372588,
              17.458426144558914
            ],
            [
              78.3527146595867,
              17.458446322323823
            ],
            [
              78.35265120316154,
              17.458250066337214
            ]
          ]
        ]
      },
      "id": "MS-123301331-41963"
    },
    {
      "type": "Feature",
      "properties": {
        "height": -1.0,
        "confidence": -1.0,
        "source": "Microsoft GlobalMLBuildingFootprints",
        "synthetic": false,
        "source_quadkey": "123301331",
        "source_line": 41977,
        "crosses_aoi_boundary": false
      },
      "geometry": {
        "type": "Polygon",
        "coordinates": [
          [
            [
              78.35435980282658,
              17.45978757592725
            ],
            [
              78.35428954698139,
              17.459607885936236
            ],
            [
              78.3544578262749,
              17.459548003089765
            ],
            [
              78.3544724443765,
              17.45958538411635
            ],
            [
              78.3545266003084,
              17.459566116131086
            ],
            [
              78.35453920959019,
              17.45959836025351
            ],
            [
              78.35460403302089,
              17.459575292582613
            ],
            [
              78.35462686617058,
              17.459633691859594
            ],
            [
              78.35454210036416,
              17.459663856092476
            ],
            [
              78.35459742684225,
              17.459805361931743
            ],
            [
              78.35450200905653,
              17.459839316679407
            ],
            [
              78.3544668753473,
              17.459749473790737
            ],
            [
              78.35435980282658,
              17.45978757592725
            ]
          ]
        ]
      },
      "id": "MS-123301331-41977"
    },
    {
      "type": "Feature",
      "properties": {
        "height": -1.0,
        "confidence": -1.0,
        "source": "Microsoft GlobalMLBuildingFootprints",
        "synthetic": false,
        "source_quadkey": "123301331",
        "source_line": 41983,
        "crosses_aoi_boundary": false
      },
      "geometry": {
        "type": "Polygon",
        "coordinates": [
          [
            [
              78.35481548060353,
              17.450575125419803
            ],
            [
              78.3542253832089,
              17.45082109576076
            ],
            [
              78.35422502540963,
              17.450820314449686
            ],
            [
              78.35398519380065,
              17.450920267369725
            ],
            [
              78.35390781499578,
              17.45075132563518
            ],
            [
              78.35381206111515,
              17.450791238716363
            ],
            [
              78.35371956945342,
              17.450589268453456
            ],
            [
              78.3536126108851,
              17.450633852022648
            ],
            [
              78.35358328084327,
              17.450569815436552
            ],
            [
              78.3535807225908,
              17.45058179826374
            ],
            [
              78.3535029796128,
              17.450412061111635
            ],
            [
              78.35352506426514,
              17.450308581153408
            ],
            [
              78.35396532099566,
              17.45012509781803
            ],
            [
              78.35396522525991,
              17.45012507921713
            ],
            [
              78.35397388987974,
              17.45008449412562
            ],
            [
              78.35399439838783,
              17.450129277860185
            ],
            [
              78.35409349871365,
              17.45008796973039
            ],
            [
              78.35412203337525,
              17.450150279900356
            ],
            [
              78.35408532438008,
              17.45016558135889
            ],
            [
              78.35407619774864,
              17.450208330494434
            ],
            [
              78.35413650958144,
              17.450340031280263
            ],
            [
              78.35410311017097,
              17.450333541972654
            ],
            [
              78.35409405896773,
              17.45037593776351
            ],
            [
              78.35426262885959,
              17.45030568388023
            ],
            [
              78.35416286575584,
              17.450286300495748
            ],
            [
              78.35413809348765,
              17.450232206177873
            ],
            [
              78.35421917765423,
              17.450198413182946
            ],
            [
              78.35424279315295,
              17.450249981514446
            ],
            [
              78.35447200059474,
              17.450154456003148
            ],
            [
              78.35448931279764,
              17.450157819664952
            ],
            [
              78.35449958707687,
              17.450109694933957
            ],
            [
              78.3545858708223,
              17.45007373491525
            ],
            [
              78.35481548060353,
              17.450575125419803
            ]
          ]
        ]
      },
      "id": "MS-123301331-41983"
    },
    {
      "type": "Feature",
      "properties": {
        "height": -1.0,
        "confidence": -1.0,
        "source": "Microsoft GlobalMLBuildingFootprints",
        "synthetic": false,
        "source_quadkey": "123301331",
        "source_line": 42001,
        "crosses_aoi_boundary": true
      },
      "geometry": {
        "type": "Polygon",
        "coordinates": [
          [
            [
              78.35662202875731,
              17.461872366111564
            ],
            [
              78.35671593084898,
              17.46205983409139
            ],
            [
              78.35662757767321,
              17.46210011082647
            ],
            [
              78.35653366438419,
              17.46191264799252
            ],
            [
              78.35662202875731,
              17.461872366111564
            ]
          ]
        ]
      },
      "id": "MS-123301331-42001"
    },
    {
      "type": "Feature",
      "properties": {
        "height": -1.0,
        "confidence": -1.0,
        "source": "Microsoft GlobalMLBuildingFootprints",
        "synthetic": false,
        "source_quadkey": "123301331",
        "source_line": 42029,
        "crosses_aoi_boundary": false
      },
      "geometry": {
        "type": "Polygon",
        "coordinates": [
          [
            [
              78.3585644242327,
              17.450024357362423
            ],
            [
              78.3586928179074,
              17.450017945081342
            ],
            [
              78.35870270817428,
              17.450197930032175
            ],
            [
              78.35857431496937,
              17.450204350855998
            ],
            [
              78.3585644242327,
              17.450024357362423
            ]
          ]
        ]
      },
      "id": "MS-123301331-42029"
    },
    {
      "type": "Feature",
      "properties": {
        "height": -1.0,
        "confidence": -1.0,
        "source": "Microsoft GlobalMLBuildingFootprints",
        "synthetic": false,
        "source_quadkey": "123301331",
        "source_line": 45742,
        "crosses_aoi_boundary": false
      },
      "geometry": {
        "type": "Polygon",
        "coordinates": [
          [
            [
              78.35223607918395,
              17.458887631063547
            ],
            [
              78.35233428385659,
              17.4590885177592
            ],
            [
              78.35223514156057,
              17.45913261478124
            ],
            [
              78.35213693954577,
              17.458931733571077
            ],
            [
              78.35223607918395,
              17.458887631063547
            ]
          ]
        ]
      },
      "id": "MS-123301331-45742"
    },
    {
      "type": "Feature",
      "properties": {
        "height": -1.0,
        "confidence": -1.0,
        "source": "Microsoft GlobalMLBuildingFootprints",
        "synthetic": false,
        "source_quadkey": "123301331",
        "source_line": 47637,
        "crosses_aoi_boundary": false
      },
      "geometry": {
        "type": "Polygon",
        "coordinates": [
          [
            [
              78.3514307567196,
              17.458652483522215
            ],
            [
              78.3515227556876,
              17.45861369501108
            ],
            [
              78.35158721925995,
              17.458752828148008
            ],
            [
              78.35149522029195,
              17.45879161662951
            ],
            [
              78.3514307567196,
              17.458652483522215
            ]
          ]
        ]
      },
      "id": "MS-123301331-47637"
    },
    {
      "type": "Feature",
      "properties": {
        "height": -1.0,
        "confidence": -1.0,
        "source": "Microsoft GlobalMLBuildingFootprints",
        "synthetic": false,
        "source_quadkey": "123301331",
        "source_line": 47653,
        "crosses_aoi_boundary": false
      },
      "geometry": {
        "type": "Polygon",
        "coordinates": [
          [
            [
              78.35413774317016,
              17.459069884447672
            ],
            [
              78.35419371649178,
              17.459234197037688
            ],
            [
              78.3540373327005,
              17.459282674037027
            ],
            [
              78.35398137028311,
              17.4591183581106
            ],
            [
              78.35413774317016,
              17.459069884447672
            ]
          ]
        ]
      },
      "id": "MS-123301331-47653"
    },
    {
      "type": "Feature",
      "properties": {
        "height": -1.0,
        "confidence": -1.0,
        "source": "Microsoft GlobalMLBuildingFootprints",
        "synthetic": false,
        "source_quadkey": "123301331",
        "source_line": 51303,
        "crosses_aoi_boundary": false
      },
      "geometry": {
        "type": "Polygon",
        "coordinates": [
          [
            [
              78.35793559975002,
              17.461536208063663
            ],
            [
              78.35797113830444,
              17.461509420475707
            ],
            [
              78.35802652370766,
              17.461576283208856
            ],
            [
              78.35799098092306,
              17.461603071602582
            ],
            [
              78.35793559975002,
              17.461536208063663
            ]
          ]
        ]
      },
      "id": "MS-123301331-51303"
    },
    {
      "type": "Feature",
      "properties": {
        "height": -1.0,
        "confidence": -1.0,
        "source": "Microsoft GlobalMLBuildingFootprints",
        "synthetic": false,
        "source_quadkey": "123301331",
        "source_line": 52082,
        "crosses_aoi_boundary": false
      },
      "geometry": {
        "type": "Polygon",
        "coordinates": [
          [
            [
              78.35097688141957,
              17.460347634425005
            ],
            [
              78.35111295572432,
              17.46029523287301
            ],
            [
              78.3512516837453,
              17.46062304443582
            ],
            [
              78.35111560944057,
              17.460675445893543
            ],
            [
              78.35097688141957,
              17.460347634425005
            ]
          ]
        ]
      },
      "id": "MS-123301331-52082"
    },
    {
      "type": "Feature",
      "properties": {
        "height": -1.0,
        "confidence": -1.0,
        "source": "Microsoft GlobalMLBuildingFootprints",
        "synthetic": false,
        "source_quadkey": "123301331",
        "source_line": 52146,
        "crosses_aoi_boundary": true
      },
      "geometry": {
        "type": "Polygon",
        "coordinates": [
          [
            [
              78.35658382172006,
              17.46218865868572
            ],
            [
              78.3564340129065,
              17.462243238188577
            ],
            [
              78.35630974622441,
              17.461932866431752
            ],
            [
              78.35634017613964,
              17.461921779952675
            ],
            [
              78.35635179820342,
              17.461950807551233
            ],
            [
              78.35645011023733,
              17.461914989696822
            ],
            [
              78.35652431264464,
              17.462100319676594
            ],
            [
              78.35654537950904,
              17.462092644428978
            ],
            [
              78.35658382172006,
              17.46218865868572
            ]
          ]
        ]
      },
      "id": "MS-123301331-52146"
    },
    {
      "type": "Feature",
      "properties": {
        "height": -1.0,
        "confidence": -1.0,
        "source": "Microsoft GlobalMLBuildingFootprints",
        "synthetic": false,
        "source_quadkey": "123301331",
        "source_line": 52148,
        "crosses_aoi_boundary": false
      },
      "geometry": {
        "type": "Polygon",
        "coordinates": [
          [
            [
              78.3568150370938,
              17.450270863996906
            ],
            [
              78.35699742696728,
              17.450270632619436
            ],
            [
              78.35699768227225,
              17.4504446283877
            ],
            [
              78.3568836730131,
              17.450444773018262
            ],
            [
              78.35688361088347,
              17.450400201802992
            ],
            [
              78.35681522700584,
              17.45040029311967
            ],
            [
              78.3568150370938,
              17.450270863996906
            ]
          ]
        ]
      },
      "id": "MS-123301331-52148"
    },
    {
      "type": "Feature",
      "properties": {
        "height": -1.0,
        "confidence": -1.0,
        "source": "Microsoft GlobalMLBuildingFootprints",
        "synthetic": false,
        "source_quadkey": "123301331",
        "source_line": 52172,
        "crosses_aoi_boundary": false
      },
      "geometry": {
        "type": "Polygon",
        "coordinates": [
          [
            [
              78.35905375972598,
              17.450746863845552
            ],
            [
              78.35915146160741,
              17.450743080321317
            ],
            [
              78.35915499674984,
              17.450826158565206
            ],
            [
              78.35905730123099,
              17.450829948364202
            ],
            [
              78.35905375972598,
              17.450746863845552
            ]
          ]
        ]
      },
      "id": "MS-123301331-52172"
    },
    {
      "type": "Feature",
      "properties": {
        "height": -1.0,
        "confidence": -1.0,
        "source": "Microsoft GlobalMLBuildingFootprints",
        "synthetic": false,
        "source_quadkey": "123301331",
        "source_line": 57919,
        "crosses_aoi_boundary": false
      },
      "geometry": {
        "type": "Polygon",
        "coordinates": [
          [
            [
              78.35242148746516,
              17.458587447625334
            ],
            [
              78.35249706488516,
              17.45874670943725
            ],
            [
              78.35239689325465,
              17.458789966918772
            ],
            [
              78.35224170761892,
              17.45846294925873
            ],
            [
              78.35233965321319,
              17.458420652978745
            ],
            [
              78.35239507665455,
              17.458537445094706
            ],
            [
              78.35247521395894,
              17.458502839062334
            ],
            [
              78.35249939873331,
              17.458553802880957
            ],
            [
              78.35242148746516,
              17.458587447625334
            ]
          ]
        ]
      },
      "id": "MS-123301331-57919"
    },
    {
      "type": "Feature",
      "properties": {
        "height": -1.0,
        "confidence": -1.0,
        "source": "Microsoft GlobalMLBuildingFootprints",
        "synthetic": false,
        "source_quadkey": "123301331",
        "source_line": 58174,
        "crosses_aoi_boundary": false
      },
      "geometry": {
        "type": "Polygon",
        "coordinates": [
          [
            [
              78.3506588936487,
              17.460088773024864
            ],
            [
              78.35048191510668,
              17.46015775378099
            ],
            [
              78.35049925509077,
              17.46019822965343
            ],
            [
              78.3504016044753,
              17.46023629733982
            ],
            [
              78.35026499308273,
              17.459917357282336
            ],
            [
              78.35043847398606,
              17.459849739708517
            ],
            [
              78.35042720257813,
              17.459823429365784
            ],
            [
              78.35052833317359,
              17.45978401172171
            ],
            [
              78.3506588936487,
              17.460088773024864
            ]
          ]
        ]
      },
      "id": "MS-123301331-58174"
    },
    {
      "type": "Feature",
      "properties": {
        "height": -1.0,
        "confidence": -1.0,
        "source": "Microsoft GlobalMLBuildingFootprints",
        "synthetic": false,
        "source_quadkey": "123301331",
        "source_line": 58204,
        "crosses_aoi_boundary": false
      },
      "geometry": {
        "type": "Polygon",
        "coordinates": [
          [
            [
              78.35470379267974,
              17.4597688249781
            ],
            [
              78.35479622027995,
              17.459722432438653
            ],
            [
              78.35490896080479,
              17.459926824758412
            ],
            [
              78.35481653320457,
              17.459973217245803
            ],
            [
              78.35470379267974,
              17.4597688249781
            ]
          ]
        ]
      },
      "id": "MS-123301331-58204"
    },
    {
      "type": "Feature",
      "properties": {
        "height": -1.0,
        "confidence": -1.0,
        "source": "Microsoft GlobalMLBuildingFootprints",
        "synthetic": false,
        "source_quadkey": "123301331",
        "source_line": 58214,
        "crosses_aoi_boundary": false
      },
      "geometry": {
        "type": "Polygon",
        "coordinates": [
          [
            [
              78.35598099674621,
              17.450296808867094
            ],
            [
              78.35607121449355,
              17.450262438002696
            ],
            [
              78.35611001496372,
              17.450355124131292
            ],
            [
              78.35601979721636,
              17.45038949497821
            ],
            [
              78.35598099674621,
              17.450296808867094
            ]
          ]
        ]
      },
      "id": "MS-123301331-58214"
    },
    {
      "type": "Feature",
      "properties": {
        "height": -1.0,
        "confidence": -1.0,
        "source": "Microsoft GlobalMLBuildingFootprints",
        "synthetic": false,
        "source_quadkey": "123301331",
        "source_line": 58246,
        "crosses_aoi_boundary": false
      },
      "geometry": {
        "type": "Polygon",
        "coordinates": [
          [
            [
              78.3588710236438,
              17.450853848477692
            ],
            [
              78.35870220749442,
              17.450858852996134
            ],
            [
              78.35869579575753,
              17.45066201851951
            ],
            [
              78.3588646119069,
              17.450657013995666
            ],
            [
              78.3588710236438,
              17.450853848477692
            ]
          ]
        ]
      },
      "id": "MS-123301331-58246"
    },
    {
      "type": "Feature",
      "properties": {
        "height": -1.0,
        "confidence": -1.0,
        "source": "Microsoft GlobalMLBuildingFootprints",
        "synthetic": false,
        "source_quadkey": "123301331",
        "source_line": 64178,
        "crosses_aoi_boundary": false
      },
      "geometry": {
        "type": "Polygon",
        "coordinates": [
          [
            [
              78.35961641425143,
              17.450213342310036
            ],
            [
              78.35967836535968,
              17.450124893496422
            ],
            [
              78.35984154511095,
              17.450228909494868
            ],
            [
              78.3597795940027,
              17.45031735825802
            ],
            [
              78.35961641425143,
              17.450213342310036
            ]
          ]
        ]
      },
      "id": "MS-123301331-64178"
    },
    {
      "type": "Feature",
      "properties": {
        "height": -1.0,
        "confidence": -1.0,
        "source": "Microsoft GlobalMLBuildingFootprints",
        "synthetic": false,
        "source_quadkey": "123301331",
        "source_line": 64206,
        "crosses_aoi_boundary": false
      },
      "geometry": {
        "type": "Polygon",
        "coordinates": [
          [
            [
              78.36244786121809,
              17.451672980276044
            ],
            [
              78.36238326044324,
              17.451773291216554
            ],
            [
              78.36233847388709,
              17.451747042599607
            ],
            [
              78.36235282961486,
              17.451724751281063
            ],
            [
              78.36227493995206,
              17.451679101497845
            ],
            [
              78.36232518499915,
              17.4516010818419
            ],
            [
              78.36244786121809,
              17.451672980276044
            ]
          ]
        ]
      },
      "id": "MS-123301331-64206"
    },
    {
      "type": "Feature",
      "properties": {
        "height": -1.0,
        "confidence": -1.0,
        "source": "Microsoft GlobalMLBuildingFootprints",
        "synthetic": false,
        "source_quadkey": "123301331",
        "source_line": 64389,
        "crosses_aoi_boundary": false
      },
      "geometry": {
        "type": "Polygon",
        "coordinates": [
          [
            [
              78.35571348838786,
              17.461692505182867
            ],
            [
              78.35571632332194,
              17.461699066390622
            ],
            [
              78.35557875993942,
              17.461753152261323
            ],
            [
              78.35549938178545,
              17.46156943840944
            ],
            [
              78.35576533765834,
              17.461464872272785
            ],
            [
              78.35584188087822,
              17.461642025020566
            ],
            [
              78.35571348838786,
              17.461692505182867
            ]
          ]
        ]
      },
      "id": "MS-123301331-64389"
    },
    {
      "type": "Feature",
      "properties": {
        "height": -1.0,
        "confidence": -1.0,
        "source": "Microsoft GlobalMLBuildingFootprints",
        "synthetic": false,
        "source_quadkey": "123301331",
        "source_line": 64415,
        "crosses_aoi_boundary": false
      },
      "geometry": {
        "type": "Polygon",
        "coordinates": [
          [
            [
              78.35683599147315,
              17.46161497934314
            ],
            [
              78.35696447470025,
              17.461864327431954
            ],
            [
              78.35687590326222,
              17.461905856808386
            ],
            [
              78.35674742003512,
              17.461656508776443
            ],
            [
              78.35683599147315,
              17.46161497934314
            ]
          ]
        ]
      },
      "id": "MS-123301331-64415"
    },
    {
      "type": "Feature",
      "properties": {
        "height": -1.0,
        "confidence": -1.0,
        "source": "Microsoft GlobalMLBuildingFootprints",
        "synthetic": false,
        "source_quadkey": "123301331",
        "source_line": 64475,
        "crosses_aoi_boundary": false
      },
      "geometry": {
        "type": "Polygon",
        "coordinates": [
          [
            [
              78.36165572837054,
              17.460894748999962
            ],
            [
              78.3618169930411,
              17.460850939491237
            ],
            [
              78.36184030914947,
              17.460929039786777
            ],
            [
              78.36160957662084,
              17.46099172105376
            ],
            [
              78.36158202122003,
              17.46089942073266
            ],
            [
              78.3616514890781,
              17.460880548946037
            ],
            [
              78.36165572837054,
              17.460894748999962
            ]
          ]
        ]
      },
      "id": "MS-123301331-64475"
    },
    {
      "type": "Feature",
      "properties": {
        "height": -1.0,
        "confidence": -1.0,
        "source": "Microsoft GlobalMLBuildingFootprints",
        "synthetic": false,
        "source_quadkey": "123301331",
        "source_line": 70694,
        "crosses_aoi_boundary": false
      },
      "geometry": {
        "type": "Polygon",
        "coordinates": [
          [
            [
              78.35121776849542,
              17.45929505749909
            ],
            [
              78.35111971773283,
              17.45934001096596
            ],
            [
              78.35100976061011,
              17.459121765828243
            ],
            [
              78.35110781137273,
              17.4590768123075
            ],
            [
              78.35121776849542,
              17.45929505749909
            ]
          ]
        ]
      },
      "id": "MS-123301331-70694"
    },
    {
      "type": "Feature",
      "properties": {
        "height": -1.0,
        "confidence": -1.0,
        "source": "Microsoft GlobalMLBuildingFootprints",
        "synthetic": false,
        "source_quadkey": "123301331",
        "source_line": 70919,
        "crosses_aoi_boundary": false
      },
      "geometry": {
        "type": "Polygon",
        "coordinates": [
          [
            [
              78.3526659484385,
              17.460453526303226
            ],
            [
              78.3527401641604,
              17.46058542556456
            ],
            [
              78.35265895651519,
              17.460627010341526
            ],
            [
              78.352584738425,
              17.460495106901178
            ],
            [
              78.3526659484385,
              17.460453526303226
            ]
          ]
        ]
      },
      "id": "MS-123301331-70919"
    },
    {
      "type": "Feature",
      "properties": {
        "height": -1.0,
        "confidence": -1.0,
        "source": "Microsoft GlobalMLBuildingFootprints",
        "synthetic": false,
        "source_quadkey": "123301331",
        "source_line": 77134,
        "crosses_aoi_boundary": false
      },
      "geometry": {
        "type": "Polygon",
        "coordinates": [
          [
            [
              78.35419812993675,
              17.458999182400845
            ],
            [
              78.35412638132573,
              17.459034817169268
            ],
            [
              78.35405896562523,
              17.45891128110823
            ],
            [
              78.35413071629296,
              17.45887565008455
            ],
            [
              78.35419812993675,
              17.458999182400845
            ]
          ]
        ]
      },
      "id": "MS-123301331-77134"
    },
    {
      "type": "Feature",
      "properties": {
        "height": -1.0,
        "confidence": -1.0,
        "source": "Microsoft GlobalMLBuildingFootprints",
        "synthetic": false,
        "source_quadkey": "123301331",
        "source_line": 77190,
        "crosses_aoi_boundary": true
      },
      "geometry": {
        "type": "Polygon",
        "coordinates": [
          [
            [
              78.35836889073279,
              17.450395799994183
            ],
            [
              78.35834442722884,
              17.450205584326184
            ],
            [
              78.3582889361428,
              17.450212079219455
            ],
            [
              78.35826379599844,
              17.450016602142654
            ],
            [
              78.35838799138457,
              17.450002074106365
            ],
            [
              78.35837422635338,
              17.44989504407232
            ],
            [
              78.35845748806263,
              17.44988529877992
            ],
            [
              78.35847401302354,
              17.450013861992517
            ],
            [
              78.35853214703407,
              17.450007057753666
            ],
            [
              78.35855256022104,
              17.45016587101466
            ],
            [
              78.3584574318402,
              17.45017700521386
            ],
            [
              78.35846438538573,
              17.450231103308866
            ],
            [
              78.35865464375604,
              17.450208847431256
            ],
            [
              78.35867732526667,
              17.450385307898202
            ],
            [
              78.35850292176055,
              17.450405709099698
            ],
            [
              78.35849968154477,
              17.450380500474836
            ],
            [
              78.35836889073279,
              17.450395799994183
            ]
          ]
        ]
      },
      "id": "MS-123301331-77190"
    },
    {
      "type": "Feature",
      "properties": {
        "height": -1.0,
        "confidence": -1.0,
        "source": "Microsoft GlobalMLBuildingFootprints",
        "synthetic": false,
        "source_quadkey": "123301331",
        "source_line": 77232,
        "crosses_aoi_boundary": false
      },
      "geometry": {
        "type": "Polygon",
        "coordinates": [
          [
            [
              78.36172316996392,
              17.451656493580344
            ],
            [
              78.36161921241643,
              17.451818322595102
            ],
            [
              78.36152261298545,
              17.451761842811138
            ],
            [
              78.36162657916364,
              17.45160001879242
            ],
            [
              78.36172316996392,
              17.451656493580344
            ]
          ]
        ]
      },
      "id": "MS-123301331-77232"
    },
    {
      "type": "Feature",
      "properties": {
        "height": -1.0,
        "confidence": -1.0,
        "source": "Microsoft GlobalMLBuildingFootprints",
        "synthetic": false,
        "source_quadkey": "123301331",
        "source_line": 77259,
        "crosses_aoi_boundary": false
      },
      "geometry": {
        "type": "Polygon",
        "coordinates": [
          [
            [
              78.35020595174292,
              17.458305040154244
            ],
            [
              78.35007127951894,
              17.458352289769607
            ],
            [
              78.35000872563215,
              17.458190013589345
            ],
            [
              78.35014339785613,
              17.458142763931903
            ],
            [
              78.35020595174292,
              17.458305040154244
            ]
          ]
        ]
      },
      "id": "MS-123301331-77259"
    },
    {
      "type": "Feature",
      "properties": {
        "height": -1.0,
        "confidence": -1.0,
        "source": "Microsoft GlobalMLBuildingFootprints",
        "synthetic": false,
        "source_quadkey": "123301331",
        "source_line": 77377,
        "crosses_aoi_boundary": false
      },
      "geometry": {
        "type": "Polygon",
        "coordinates": [
          [
            [
              78.36184837017755,
              17.46171716141197
            ],
            [
              78.36184076697425,
              17.461688279460503
            ],
            [
              78.36190132136052,
              17.461673773797855
            ],
            [
              78.36188928295529,
              17.461628044028387
            ],
            [
              78.36193722184439,
              17.461616560375063
            ],
            [
              78.36188019781952,
              17.461399945507992
            ],
            [
              78.36198364489607,
              17.461375164960984
            ],
            [
              78.3620222945129,
              17.46152198175234
            ],
            [
              78.36199958661805,
              17.461527421380524
            ],
            [
              78.3620160602252,
              17.46158999899147
            ],
            [
              78.36196692114692,
              17.4616017701491
            ],
            [
              78.36197832894187,
              17.461645092378888
            ],
            [
              78.36201737263247,
              17.46163573955134
            ],
            [
              78.3620275102369,
              17.461674248830022
            ],
            [
              78.36184837017755,
              17.46171716141197
            ]
          ]
        ]
      },
      "id": "MS-123301331-77377"
    },
    {
      "type": "Feature",
      "properties": {
        "height": -1.0,
        "confidence": -1.0,
        "source": "Microsoft GlobalMLBuildingFootprints",
        "synthetic": false,
        "source_quadkey": "123301331",
        "source_line": 83600,
        "crosses_aoi_boundary": false
      },
      "geometry": {
        "type": "Polygon",
        "coordinates": [
          [
            [
              78.35078020475439,
              17.457702736458373
            ],
            [
              78.35090590804975,
              17.457651021350387
            ],
            [
              78.35096584196906,
              17.45778359061596
            ],
            [
              78.35084015007385,
              17.457835309388045
            ],
            [
              78.35078020475439,
              17.457702736458373
            ]
          ]
        ]
      },
      "id": "MS-123301331-83600"
    },
    {
      "type": "Feature",
      "properties": {
        "height": -1.0,
        "confidence": -1.0,
        "source": "Microsoft GlobalMLBuildingFootprints",
        "synthetic": false,
        "source_quadkey": "123301331",
        "source_line": 83604,
        "crosses_aoi_boundary": false
      },
      "geometry": {
        "type": "Polygon",
        "coordinates": [
          [
            [
              78.35111694281298,
              17.458107469549105
            ],
            [
              78.35100623143279,
              17.458141537576267
            ],
            [
              78.35094745574436,
              17.45796772464739
            ],
            [
              78.35105817867526,
              17.45793365303335
            ],
            [
              78.35111694281298,
              17.458107469549105
            ]
          ]
        ]
      },
      "id": "MS-123301331-83604"
    },
    {
      "type": "Feature",
      "properties": {
        "height": -1.0,
        "confidence": -1.0,
        "source": "Microsoft GlobalMLBuildingFootprints",
        "synthetic": false,
        "source_quadkey": "123301331",
        "source_line": 83672,
        "crosses_aoi_boundary": false
      },
      "geometry": {
        "type": "Polygon",
        "coordinates": [
          [
            [
              78.35614647670506,
              17.450242468553455
            ],
            [
              78.35617172649728,
              17.450318225883677
            ],
            [
              78.35610108422837,
              17.45033965350521
            ],
            [
              78.35607583300845,
              17.45026389190022
            ],
            [
              78.35614647670506,
              17.450242468553455
            ]
          ]
        ]
      },
      "id": "MS-123301331-83672"
    },
    {
      "type": "Feature",
      "properties": {
        "height": -1.0,
        "confidence": -1.0,
        "source": "Microsoft GlobalMLBuildingFootprints",
        "synthetic": false,
        "source_quadkey": "123301331",
        "source_line": 83682,
        "crosses_aoi_boundary": false
      },
      "geometry": {
        "type": "Polygon",
        "coordinates": [
          [
            [
              78.35785969071416,
              17.450368705464243
            ],
            [
              78.35786089323345,
              17.450430094398342
            ],
            [
              78.35777241123424,
              17.450431671764576
            ],
            [
              78.35777120871495,
              17.45037028283099
            ],
            [
              78.35785969071416,
              17.450368705464243
            ]
          ]
        ]
      },
      "id": "MS-123301331-83682"
    },
    {
      "type": "Feature",
      "properties": {
        "height": -1.0,
        "confidence": -1.0,
        "source": "Microsoft GlobalMLBuildingFootprints",
        "synthetic": false,
        "source_quadkey": "123301331",
        "source_line": 83695,
        "crosses_aoi_boundary": false
      },
      "geometry": {
        "type": "Polygon",
        "coordinates": [
          [
            [
              78.35101680256504,
              17.459529324988665
            ],
            [
              78.35091136670616,
              17.459560143291867
            ],
            [
              78.3509211338493,
              17.459590550687963
            ],
            [
              78.3507802165408,
              17.459631740002493
            ],
            [
              78.35067505388633,
              17.45930426912379
            ],
            [
              78.35092138508972,
              17.459232267801724
            ],
            [
              78.35101680256504,
              17.459529324988665
            ]
          ]
        ]
      },
      "id": "MS-123301331-83695"
    },
    {
      "type": "Feature",
      "properties": {
        "height": -1.0,
        "confidence": -1.0,
        "source": "Microsoft GlobalMLBuildingFootprints",
        "synthetic": false,
        "source_quadkey": "123301331",
        "source_line": 83712,
        "crosses_aoi_boundary": false
      },
      "geometry": {
        "type": "Polygon",
        "coordinates": [
          [
            [
              78.35995537481658,
              17.450820705884468
            ],
            [
              78.36004550691791,
              17.450851806385344
            ],
            [
              78.35999060001633,
              17.450996621031507
            ],
            [
              78.35990046791498,
              17.450965520555357
            ],
            [
              78.35995537481658,
              17.450820705884468
            ]
          ]
        ]
      },
      "id": "MS-123301331-83712"
    },
    {
      "type": "Feature",
      "properties": {
        "height": -1.0,
        "confidence": -1.0,
        "source": "Microsoft GlobalMLBuildingFootprints",
        "synthetic": false,
        "source_quadkey": "123301331",
        "source_line": 90092,
        "crosses_aoi_boundary": false
      },
      "geometry": {
        "type": "Polygon",
        "coordinates": [
          [
            [
              78.35276828286968,
              17.457271803783698
            ],
            [
              78.3526606128088,
              17.4573110392201
            ],
            [
              78.35259176502869,
              17.45713911009652
            ],
            [
              78.35242791928391,
              17.457198816235532
            ],
            [
              78.35235817737679,
              17.457024654157877
            ],
            [
              78.3526296931824,
              17.456925712450882
            ],
            [
              78.35276828286968,
              17.457271803783698
            ]
          ]
        ]
      },
      "id": "MS-123301331-90092"
    },
    {
      "type": "Feature",
      "properties": {
        "height": -1.0,
        "confidence": -1.0,
        "source": "Microsoft GlobalMLBuildingFootprints",
        "synthetic": false,
        "source_quadkey": "123301331",
        "source_line": 90118,
        "crosses_aoi_boundary": true
      },
      "geometry": {
        "type": "Polygon",
        "coordinates": [
          [
            [
              78.35555782980252,
              17.46187506527565
            ],
            [
              78.35568242294309,
              17.46212701616119
            ],
            [
              78.3556100211779,
              17.462159595891237
            ],
            [
              78.35562721571765,
              17.462194366467784
            ],
            [
              78.35552190690319,
              17.462241760897626
            ],
            [
              78.3553801211781,
              17.46195504350905
            ],
            [
              78.35555782980252,
              17.46187506527565
            ]
          ]
        ]
      },
      "id": "MS-123301331-90118"
    },
    {
      "type": "Feature",
      "properties": {
        "height": -1.0,
        "confidence": -1.0,
        "source": "Microsoft GlobalMLBuildingFootprints",
        "synthetic": false,
        "source_quadkey": "123301331",
        "source_line": 90325,
        "crosses_aoi_boundary": true
      },
      "geometry": {
        "type": "Polygon",
        "coordinates": [
          [
            [
              78.34971212760466,
              17.45758763277648
            ],
            [
              78.34986609731357,
              17.457530795764555
            ],
            [
              78.3499224973058,
              17.45766983091103
            ],
            [
              78.35000181316623,
              17.457640546647823
            ],
            [
              78.35006277227332,
              17.45779082065809
            ],
            [
              78.3499531271776,
              17.457831295443967
            ],
            [
              78.34996980514651,
              17.457872409290957
            ],
            [
              78.34984616571703,
              17.45791805822934
            ],
            [
              78.34971212760466,
              17.45758763277648
            ]
          ]
        ]
      },
      "id": "MS-123301331-90325"
    },
    {
      "type": "Feature",
      "properties": {
        "height": -1.0,
        "confidence": -1.0,
        "source": "Microsoft GlobalMLBuildingFootprints",
        "synthetic": false,
        "source_quadkey": "123301331",
        "source_line": 90375,
        "crosses_aoi_boundary": true
      },
      "geometry": {
        "type": "Polygon",
        "coordinates": [
          [
            [
              78.35449692315075,
              17.45004188351446
            ],
            [
              78.35442938923893,
              17.45007541763512
            ],
            [
              78.35439423738406,
              17.45001099171654
            ],
            [
              78.35446177129589,
              17.449977457583998
            ],
            [
              78.35449692315075,
              17.45004188351446
            ]
          ]
        ]
      },
      "id": "MS-123301331-90375"
    },
    {
      "type": "Feature",
      "properties": {
        "height": -1.0,
        "confidence": -1.0,
        "source": "Microsoft GlobalMLBuildingFootprints",
        "synthetic": false,
        "source_quadkey": "123301331",
        "source_line": 90403,
        "crosses_aoi_boundary": false
      },
      "geometry": {
        "type": "Polygon",
        "coordinates": [
          [
            [
              78.35598232973429,
              17.450711945978725
            ],
            [
              78.3560695420375,
              17.450507905619276
            ],
            [
              78.35622133082936,
              17.450566949688195
            ],
            [
              78.35614537172656,
              17.45074466221459
            ],
            [
              78.35608557614191,
              17.450721402454832
            ],
            [
              78.3560743229415,
              17.45074773022513
            ],
            [
              78.35598232973429,
              17.450711945978725
            ]
          ]
        ]
      },
      "id": "MS-123301331-90403"
    },
    {
      "type": "Feature",
      "properties": {
        "height": -1.0,
        "confidence": -1.0,
        "source": "Microsoft GlobalMLBuildingFootprints",
        "synthetic": false,
        "source_quadkey": "123301331",
        "source_line": 90473,
        "crosses_aoi_boundary": false
      },
      "geometry": {
        "type": "Polygon",
        "coordinates": [
          [
            [
              78.36289916280727,
              17.450212478500035
            ],
            [
              78.36294841792014,
              17.45043274367835
            ],
            [
              78.36277909754429,
              17.45046720171186
            ],
            [
              78.36272984243139,
              17.45024693657517
            ],
            [
              78.36289916280727,
              17.450212478500035
            ]
          ]
        ]
      },
      "id": "MS-123301331-90473"
    },
    {
      "type": "Feature",
      "properties": {
        "height": -1.0,
        "confidence": -1.0,
        "source": "Microsoft GlobalMLBuildingFootprints",
        "synthetic": false,
        "source_quadkey": "123301331",
        "source_line": 96508,
        "crosses_aoi_boundary": false
      },
      "geometry": {
        "type": "Polygon",
        "coordinates": [
          [
            [
              78.36099424150848,
              17.45038798088696
            ],
            [
              78.36103397834607,
              17.450287081100456
            ],
            [
              78.36113151371441,
              17.450322045186553
            ],
            [
              78.36107234032062,
              17.450472270246323
            ],
            [
              78.3610147712209,
              17.450451633125084
            ],
            [
              78.36103419811927,
              17.450402304364786
            ],
            [
              78.36099424150848,
              17.45038798088696
            ]
          ]
        ]
      },
      "id": "MS-123301331-96508"
    },
    {
      "type": "Feature",
      "properties": {
        "height": -1.0,
        "confidence": -1.0,
        "source": "Microsoft GlobalMLBuildingFootprints",
        "synthetic": false,
        "source_quadkey": "123301331",
        "source_line": 96973,
        "crosses_aoi_boundary": false
      },
      "geometry": {
        "type": "Polygon",
        "coordinates": [
          [
            [
              78.35618414111853,
              17.45046484528605
            ],
            [
              78.3562414072026,
              17.450363919395784
            ],
            [
              78.35631193714046,
              17.45040033974729
            ],
            [
              78.356359097445,
              17.450317224282898
            ],
            [
              78.35641198852998,
              17.45034453626569
            ],
            [
              78.35642949886433,
              17.45031367998378
            ],
            [
              78.35651351462276,
              17.450357069783493
            ],
            [
              78.3564102141252,
              17.450539126805864
            ],
            [
              78.35639463955386,
              17.450531083353
            ],
            [
              78.35637600522138,
              17.450563920277574
            ],
            [
              78.35618414111853,
              17.45046484528605
            ]
          ]
        ]
      },
      "id": "MS-123301331-96973"
    },
    {
      "type": "Feature",
      "properties": {
        "height": -1.0,
        "confidence": -1.0,
        "source": "Microsoft GlobalMLBuildingFootprints",
        "synthetic": false,
        "source_quadkey": "123301331",
        "source_line": 96983,
        "crosses_aoi_boundary": false
      },
      "geometry": {
        "type": "Polygon",
        "coordinates": [
          [
            [
              78.35696708970366,
              17.45010332705634
            ],
            [
              78.35684104300614,
              17.45009088841205
            ],
            [
              78.35685076599259,
              17.45000122084312
            ],
            [
              78.35697680708351,
              17.45001365052478
            ],
            [
              78.35696708970366,
              17.45010332705634
            ]
          ]
        ]
      },
      "id": "MS-123301331-96983"
    },
    {
      "type": "Feature",
      "properties": {
        "height": -1.0,
        "confidence": -1.0,
        "source": "Microsoft GlobalMLBuildingFootprints",
        "synthetic": false,
        "source_quadkey": "123301331",
        "source_line": 102890,
        "crosses_aoi_boundary": false
      },
      "geometry": {
        "type": "Polygon",
        "coordinates": [
          [
            [
              78.35318410643033,
              17.45821110667248
            ],
            [
              78.35331303465388,
              17.45815938196185
            ],
            [
              78.35344528945666,
              17.45845941700523
            ],
            [
              78.35335968280194,
              17.45849376148189
            ],
            [
              78.35340664948217,
              17.458600292860496
            ],
            [
              78.35325167081064,
              17.458662468597396
            ],
            [
              78.35307818164496,
              17.458268954553844
            ],
            [
              78.35318985745239,
              17.45822415135467
            ],
            [
              78.35318410643033,
              17.45821110667248
            ]
          ]
        ]
      },
      "id": "MS-123301331-102890"
    },
    {
      "type": "Feature",
      "properties": {
        "height": -1.0,
        "confidence": -1.0,
        "source": "Microsoft GlobalMLBuildingFootprints",
        "synthetic": false,
        "source_quadkey": "123301331",
        "source_line": 102902,
        "crosses_aoi_boundary": false
      },
      "geometry": {
        "type": "Polygon",
        "coordinates": [
          [
            [
              78.35482524914119,
              17.461612183846924
            ],
            [
              78.35491164115398,
              17.46179305735761
            ],
            [
              78.35482279423078,
              17.461831667009292
            ],
            [
              78.35473640456416,
              17.461650798448943
            ],
            [
              78.35482524914119,
              17.461612183846924
            ]
          ]
        ]
      },
      "id": "MS-123301331-102902"
    },
    {
      "type": "Feature",
      "properties": {
        "height": -1.0,
        "confidence": -1.0,
        "source": "Microsoft GlobalMLBuildingFootprints",
        "synthetic": false,
        "source_quadkey": "123301331",
        "source_line": 102972,
        "crosses_aoi_boundary": false
      },
      "geometry": {
        "type": "Polygon",
        "coordinates": [
          [
            [
              78.36204133708225,
              17.451651292850144
            ],
            [
              78.36198050288709,
              17.451790934100814
            ],
            [
              78.36192332355874,
              17.451768264578078
            ],
            [
              78.36194043317614,
              17.451728990482252
            ],
            [
              78.36184665907766,
              17.451691812450875
            ],
            [
              78.36189038365542,
              17.45159144525816
            ],
            [
              78.36204133708225,
              17.451651292850144
            ]
          ]
        ]
      },
      "id": "MS-123301331-102972"
    },
    {
      "type": "Feature",
      "properties": {
        "height": -1.0,
        "confidence": -1.0,
        "source": "Microsoft GlobalMLBuildingFootprints",
        "synthetic": false,
        "source_quadkey": "123301331",
        "source_line": 103223,
        "crosses_aoi_boundary": false
      },
      "geometry": {
        "type": "Polygon",
        "coordinates": [
          [
            [
              78.35349164696117,
              17.46130925021626
            ],
            [
              78.35359920802983,
              17.461263714378077
            ],
            [
              78.35375136491652,
              17.46159076643221
            ],
            [
              78.35364380384787,
              17.461636302188623
            ],
            [
              78.35349164696117,
              17.46130925021626
            ]
          ]
        ]
      },
      "id": "MS-123301331-103223"
    },
    {
      "type": "Feature",
      "properties": {
        "height": -1.0,
        "confidence": -1.0,
        "source": "Microsoft GlobalMLBuildingFootprints",
        "synthetic": false,
        "source_quadkey": "123301331",
        "source_line": 103247,
        "crosses_aoi_boundary": false
      },
      "geometry": {
        "type": "Polygon",
        "coordinates": [
          [
            [
              78.35578722739217,
              17.46074797934888
            ],
            [
              78.35570040696635,
              17.460567510776286
            ],
            [
              78.35589203695847,
              17.46048360783577
            ],
            [
              78.35596321816205,
              17.4606315455857
            ],
            [
              78.35589896931863,
              17.460659676168362
            ],
            [
              78.35591462285802,
              17.460692209305947
            ],
            [
              78.35578722739217,
              17.46074797934888
            ]
          ]
        ]
      },
      "id": "MS-123301331-103247"
    },
    {
      "type": "Feature",
      "properties": {
        "height": -1.0,
        "confidence": -1.0,
        "source": "Microsoft GlobalMLBuildingFootprints",
        "synthetic": false,
        "source_quadkey": "123301331",
        "source_line": 103273,
        "crosses_aoi_boundary": true
      },
      "geometry": {
        "type": "Polygon",
        "coordinates": [
          [
            [
              78.35875677473966,
              17.449960050634942
            ],
            [
              78.35891890581743,
              17.450031940411506
            ],
            [
              78.35886558881734,
              17.45014135541669
            ],
            [
              78.35870346434076,
              17.45006946861028
            ],
            [
              78.35875677473966,
              17.449960050634942
            ]
          ]
        ]
      },
      "id": "MS-123301331-103273"
    },
    {
      "type": "Feature",
      "properties": {
        "height": -1.0,
        "confidence": -1.0,
        "source": "Microsoft GlobalMLBuildingFootprints",
        "synthetic": false,
        "source_quadkey": "123301331",
        "source_line": 103287,
        "crosses_aoi_boundary": false
      },
      "geometry": {
        "type": "Polygon",
        "coordinates": [
          [
            [
              78.36033810318345,
              17.450176186625512
            ],
            [
              78.36047945805862,
              17.450243932229526
            ],
            [
              78.36043374842798,
              17.450330743145486
            ],
            [
              78.36029238958459,
              17.450263005110145
            ],
            [
              78.36033810318345,
              17.450176186625512
            ]
          ]
        ]
      },
      "id": "MS-123301331-103287"
    },
    {
      "type": "Feature",
      "properties": {
        "height": -1.0,
        "confidence": -1.0,
        "source": "Microsoft GlobalMLBuildingFootprints",
        "synthetic": false,
        "source_quadkey": "123301331",
        "source_line": 109171,
        "crosses_aoi_boundary": false
      },
      "geometry": {
        "type": "Polygon",
        "coordinates": [
          [
            [
              78.35009220045225,
              17.458771344219173
            ],
            [
              78.35023594511387,
              17.458713896210995
            ],
            [
              78.35050695290383,
              17.459330862266953
            ],
            [
              78.35039515428939,
              17.45937555025087
            ],
            [
              78.35038176966486,
              17.459345079378792
            ],
            [
              78.35025065949773,
              17.459397486543978
            ],
            [
              78.35017182627763,
              17.459217988124763
            ],
            [
              78.35027098525454,
              17.459178359025444
            ],
            [
              78.35009220045225,
              17.458771344219173
            ]
          ]
        ]
      },
      "id": "MS-123301331-109171"
    },
    {
      "type": "Feature",
      "properties": {
        "height": -1.0,
        "confidence": -1.0,
        "source": "Microsoft GlobalMLBuildingFootprints",
        "synthetic": false,
        "source_quadkey": "123301331",
        "source_line": 109197,
        "crosses_aoi_boundary": false
      },
      "geometry": {
        "type": "Polygon",
        "coordinates": [
          [
            [
              78.35311363651132,
              17.461488469428176
            ],
            [
              78.35293176236414,
              17.461555739307144
            ],
            [
              78.35289614892798,
              17.46146810678073
            ],
            [
              78.35282741137368,
              17.461493526189827
            ],
            [
              78.35276231644032,
              17.461333378574622
            ],
            [
              78.35289988791062,
              17.461282504073182
            ],
            [
              78.35289717562175,
              17.46127583125096
            ],
            [
              78.3530102307833,
              17.461234022970217
            ],
            [
              78.35311363651132,
              17.461488469428176
            ]
          ]
        ]
      },
      "id": "MS-123301331-109197"
    },
    {
      "type": "Feature",
      "properties": {
        "height": -1.0,
        "confidence": -1.0,
        "source": "Microsoft GlobalMLBuildingFootprints",
        "synthetic": false,
        "source_quadkey": "123301331",
        "source_line": 109228,
        "crosses_aoi_boundary": false
      },
      "geometry": {
        "type": "Polygon",
        "coordinates": [
          [
            [
              78.35129543993574,
              17.46141913288632
            ],
            [
              78.35117053903464,
              17.461480698544065
            ],
            [
              78.35108302756569,
              17.46131914548296
            ],
            [
              78.35120792846679,
              17.461257579770603
            ],
            [
              78.35129543993574,
              17.46141913288632
            ]
          ]
        ]
      },
      "id": "MS-123301331-109228"
    },
    {
      "type": "Feature",
      "properties": {
        "height": -1.0,
        "confidence": -1.0,
        "source": "Microsoft GlobalMLBuildingFootprints",
        "synthetic": false,
        "source_quadkey": "123301331",
        "source_line": 109239,
        "crosses_aoi_boundary": false
      },
      "geometry": {
        "type": "Polygon",
        "coordinates": [
          [
            [
              78.35793192553861,
              17.45035840141658
            ],
            [
              78.35798151350865,
              17.450359434409734
            ],
            [
              78.35797993287035,
              17.45042848815251
            ],
            [
              78.35793034996405,
              17.450427455265242
            ],
            [
              78.35793192553861,
              17.45035840141658
            ]
          ]
        ]
      },
      "id": "MS-123301331-109239"
    },
    {
      "type": "Feature",
      "properties": {
        "height": -1.0,
        "confidence": -1.0,
        "source": "Microsoft GlobalMLBuildingFootprints",
        "synthetic": false,
        "source_quadkey": "123301331",
        "source_line": 109245,
        "crosses_aoi_boundary": false
      },
      "geometry": {
        "type": "Polygon",
        "coordinates": [
          [
            [
              78.35820336996422,
              17.450539292471376
            ],
            [
              78.35821552683197,
              17.45073446682153
            ],
            [
              78.35813801676505,
              17.450738865706995
            ],
            [
              78.35814650584193,
              17.450875154802887
            ],
            [
              78.35807701376979,
              17.450879094004748
            ],
            [
              78.3580758305524,
              17.450860097878618
            ],
            [
              78.3579849566808,
              17.450865255189072
            ],
            [
              78.35797295767497,
              17.450672615397522
            ],
            [
              78.35800503093901,
              17.45067079730231
            ],
            [
              78.35799765416586,
              17.450552365717712
            ],
            [
              78.35804309110164,
              17.450549787058065
            ],
            [
              78.35804300364391,
              17.45054838295384
            ],
            [
              78.35820336996422,
              17.450539292471376
            ]
          ]
        ]
      },
      "id": "MS-123301331-109245"
    },
    {
      "type": "Feature",
      "properties": {
        "height": -1.0,
        "confidence": -1.0,
        "source": "Microsoft GlobalMLBuildingFootprints",
        "synthetic": false,
        "source_quadkey": "123301331",
        "source_line": 109274,
        "crosses_aoi_boundary": false
      },
      "geometry": {
        "type": "Polygon",
        "coordinates": [
          [
            [
              78.35465189383048,
              17.461312848925033
            ],
            [
              78.35472092797457,
              17.461436376278073
            ],
            [
              78.35477732075465,
              17.461407698360574
            ],
            [
              78.35478845529401,
              17.461427622122457
            ],
            [
              78.3546443404116,
              17.461500910116854
            ],
            [
              78.35456417172814,
              17.4613574590402
            ],
            [
              78.35465189383048,
              17.461312848925033
            ]
          ]
        ]
      },
      "id": "MS-123301331-109274"
    },
    {
      "type": "Feature",
      "properties": {
        "height": -1.0,
        "confidence": -1.0,
        "source": "Microsoft GlobalMLBuildingFootprints",
        "synthetic": false,
        "source_quadkey": "123301331",
        "source_line": 109334,
        "crosses_aoi_boundary": false
      },
      "geometry": {
        "type": "Polygon",
        "coordinates": [
          [
            [
              78.36060396445913,
              17.45046019154958
            ],
            [
              78.3605611198318,
              17.45053870593999
            ],
            [
              78.36041550818254,
              17.450466392591537
            ],
            [
              78.36045835280987,
              17.450387878169977
            ],
            [
              78.36060396445913,
              17.45046019154958
            ]
          ]
        ]
      },
      "id": "MS-123301331-109334"
    },
    {
      "type": "Feature",
      "properties": {
        "height": -1.0,
        "confidence": -1.0,
        "source": "Microsoft GlobalMLBuildingFootprints",
        "synthetic": false,
        "source_quadkey": "123301331",
        "source_line": 109356,
        "crosses_aoi_boundary": true
      },
      "geometry": {
        "type": "Polygon",
        "coordinates": [
          [
            [
              78.36408416045899,
              17.459226464526182
            ],
            [
              78.36396655460098,
              17.45923309937514
            ],
            [
              78.36396544808014,
              17.459215251309672
            ],
            [
              78.36382913219924,
              17.459222941703246
            ],
            [
              78.36378977167332,
              17.458588059407006
            ],
            [
              78.36404369341227,
              17.458573734113898
            ],
            [
              78.36408416045899,
              17.459226464526182
            ]
          ]
        ]
      },
      "id": "MS-123301331-109356"
    },
    {
      "type": "Feature",
      "properties": {
        "height": -1.0,
        "confidence": -1.0,
        "source": "Microsoft GlobalMLBuildingFootprints",
        "synthetic": false,
        "source_quadkey": "123301331",
        "source_line": 115341,
        "crosses_aoi_boundary": false
      },
      "geometry": {
        "type": "Polygon",
        "coordinates": [
          [
            [
              78.35219310842416,
              17.457161326139286
            ],
            [
              78.35229631609342,
              17.457117797688852
            ],
            [
              78.35252645050306,
              17.457614348144773
            ],
            [
              78.35242324283377,
              17.45765787647659
            ],
            [
              78.35219310842416,
              17.457161326139286
            ]
          ]
        ]
      },
      "id": "MS-123301331-115341"
    },
    {
      "type": "Feature",
      "properties": {
        "height": -1.0,
        "confidence": -1.0,
        "source": "Microsoft GlobalMLBuildingFootprints",
        "synthetic": false,
        "source_quadkey": "123301331",
        "source_line": 115588,
        "crosses_aoi_boundary": false
      },
      "geometry": {
        "type": "Polygon",
        "coordinates": [
          [
            [
              78.3539337821255,
              17.45929551334669
            ],
            [
              78.35389406588304,
              17.459299835508006
            ],
            [
              78.35388409790676,
              17.45921648512794
            ],
            [
              78.35392381414917,
              17.459212162964647
            ],
            [
              78.3539337821255,
              17.45929551334669
            ]
          ]
        ]
      },
      "id": "MS-123301331-115588"
    },
    {
      "type": "Feature",
      "properties": {
        "height": -1.0,
        "confidence": -1.0,
        "source": "Microsoft GlobalMLBuildingFootprints",
        "synthetic": false,
        "source_quadkey": "123301331",
        "source_line": 121520,
        "crosses_aoi_boundary": false
      },
      "geometry": {
        "type": "Polygon",
        "coordinates": [
          [
            [
              78.35432426364909,
              17.460905779088165
            ],
            [
              78.35432858845849,
              17.460935731107426
            ],
            [
              78.35434635020208,
              17.460975639784877
            ],
            [
              78.35438721935047,
              17.46097026720939
            ],
            [
              78.35438609690478,
              17.460962493570406
            ],
            [
              78.35434424401097,
              17.46086845471673
            ],
            [
              78.35440759290475,
              17.46086012699452
            ],
            [
              78.35443727093943,
              17.460926810285585
            ],
            [
              78.3544346947621,
              17.460908968640553
            ],
            [
              78.35448960607212,
              17.46103234828327
            ],
            [
              78.35446915278307,
              17.46104063164509
            ],
            [
              78.35448599053686,
              17.46107846419784
            ],
            [
              78.35449630390306,
              17.461149890655463
            ],
            [
              78.35425315229546,
              17.461248364350183
            ],
            [
              78.35414779173153,
              17.46101163101862
            ],
            [
              78.35413940436322,
              17.460953572749844
            ],
            [
              78.3541270719227,
              17.46092586768205
            ],
            [
              78.35418843024509,
              17.460901018205433
            ],
            [
              78.35421097572474,
              17.460951667068244
            ],
            [
              78.35432426364909,
              17.460905779088165
            ]
          ]
        ]
      },
      "id": "MS-123301331-121520"
    },
    {
      "type": "Feature",
      "properties": {
        "height": -1.0,
        "confidence": -1.0,
        "source": "Microsoft GlobalMLBuildingFootprints",
        "synthetic": false,
        "source_quadkey": "123301331",
        "source_line": 121801,
        "crosses_aoi_boundary": true
      },
      "geometry": {
        "type": "Polygon",
        "coordinates": [
          [
            [
              78.35013887607721,
              17.452765196353255
            ],
            [
              78.35006588671406,
              17.452727774518905
            ],
            [
              78.34996626714751,
              17.452774180524727
            ],
            [
              78.3499508104527,
              17.452534500583482
            ],
            [
              78.34993228729901,
              17.452498313759506
            ],
            [
              78.35002043608156,
              17.452457251153163
            ],
            [
              78.35015987710078,
              17.452449058307934
            ],
            [
              78.35014857318644,
              17.45227377336451
            ],
            [
              78.35007772718994,
              17.452237450341926
            ],
            [
              78.34974084782789,
              17.45239435749187
            ],
            [
              78.34971923134621,
              17.4523956275668
            ],
            [
              78.34970776732632,
              17.45221785988194
            ],
            [
              78.34975868493629,
              17.45219414414636
            ],
            [
              78.34975577994712,
              17.45214914886961
            ],
            [
              78.34968150215116,
              17.452111066323653
            ],
            [
              78.35012079879446,
              17.451906426950984
            ],
            [
              78.3503275196987,
              17.45201241374835
            ],
            [
              78.35034270775387,
              17.452247928694362
            ],
            [
              78.35035935130433,
              17.45225646190866
            ],
            [
              78.35036315927411,
              17.452315510484453
            ],
            [
              78.3503891991012,
              17.45230338026407
            ],
            [
              78.350385354363,
              17.45224376153186
            ],
            [
              78.35057578460358,
              17.452155052717927
            ],
            [
              78.35075726798402,
              17.45224809999236
            ],
            [
              78.35079617406433,
              17.452850713676384
            ],
            [
              78.3506615689412,
              17.45291341703725
            ],
            [
              78.35062969935532,
              17.45291528952734
            ],
            [
              78.35061978973047,
              17.452932879122187
            ],
            [
              78.3503221430893,
              17.453071532332544
            ],
            [
              78.35015305688414,
              17.452984841533976
            ],
            [
              78.35013887607721,
              17.452765196353255
            ]
          ]
        ]
      },
      "id": "MS-123301331-121801"
    },
    {
      "type": "Feature",
      "properties": {
        "height": -1.0,
        "confidence": -1.0,
        "source": "Microsoft GlobalMLBuildingFootprints",
        "synthetic": false,
        "source_quadkey": "123301331",
        "source_line": 121837,
        "crosses_aoi_boundary": false
      },
      "geometry": {
        "type": "Polygon",
        "coordinates": [
          [
            [
              78.35372208317114,
              17.459232467006686
            ],
            [
              78.35362528157616,
              17.459276938261993
            ],
            [
              78.35351939126672,
              17.459067162080004
            ],
            [
              78.35361618036829,
              17.45902269651303
            ],
            [
              78.35372208317114,
              17.459232467006686
            ]
          ]
        ]
      },
      "id": "MS-123301331-121837"
    },
    {
      "type": "Feature",
      "properties": {
        "height": -1.0,
        "confidence": -1.0,
        "source": "Microsoft GlobalMLBuildingFootprints",
        "synthetic": false,
        "source_quadkey": "123301331",
        "source_line": 121859,
        "crosses_aoi_boundary": false
      },
      "geometry": {
        "type": "Polygon",
        "coordinates": [
          [
            [
              78.35495718214571,
              17.46112602306934
            ],
            [
              78.35491663500659,
              17.46114682156295
            ],
            [
              78.35484726286839,
              17.46102377157925
            ],
            [
              78.3548878170107,
              17.46100296947931
            ],
            [
              78.35495718214571,
              17.46112602306934
            ]
          ]
        ]
      },
      "id": "MS-123301331-121859"
    },
    {
      "type": "Feature",
      "properties": {
        "height": -1.0,
        "confidence": -1.0,
        "source": "Microsoft GlobalMLBuildingFootprints",
        "synthetic": false,
        "source_quadkey": "123301331",
        "source_line": 121877,
        "crosses_aoi_boundary": true
      },
      "geometry": {
        "type": "Polygon",
        "coordinates": [
          [
            [
              78.35584135443597,
              17.449799818834038
            ],
            [
              78.35592549420325,
              17.450037856104487
            ],
            [
              78.35578581231378,
              17.45008279933205
            ],
            [
              78.35570166958652,
              17.449844753746234
            ],
            [
              78.35584135443597,
              17.449799818834038
            ]
          ]
        ]
      },
      "id": "MS-123301331-121877"
    },
    {
      "type": "Feature",
      "properties": {
        "height": -1.0,
        "confidence": -1.0,
        "source": "Microsoft GlobalMLBuildingFootprints",
        "synthetic": false,
        "source_quadkey": "123301331",
        "source_line": 121883,
        "crosses_aoi_boundary": false
      },
      "geometry": {
        "type": "Polygon",
        "coordinates": [
          [
            [
              78.3563884022367,
              17.461190415075833
            ],
            [
              78.3563293242978,
              17.46121847457178
            ],
            [
              78.356264675507,
              17.461094632226462
            ],
            [
              78.3563237590772,
              17.46106656609217
            ],
            [
              78.3563884022367,
              17.461190415075833
            ]
          ]
        ]
      },
      "id": "MS-123301331-121883"
    },
    {
      "type": "Feature",
      "properties": {
        "height": -1.0,
        "confidence": -1.0,
        "source": "Microsoft GlobalMLBuildingFootprints",
        "synthetic": false,
        "source_quadkey": "123301331",
        "source_line": 121885,
        "crosses_aoi_boundary": false
      },
      "geometry": {
        "type": "Polygon",
        "coordinates": [
          [
            [
              78.35639304377227,
              17.4614422648759
            ],
            [
              78.35653171288746,
              17.461748437310447
            ],
            [
              78.35644130078761,
              17.461785698967176
            ],
            [
              78.35630263167242,
              17.46147952659524
            ],
            [
              78.35639304377227,
              17.4614422648759
            ]
          ]
        ]
      },
      "id": "MS-123301331-121885"
    },
    {
      "type": "Feature",
      "properties": {
        "height": -1.0,
        "confidence": -1.0,
        "source": "Microsoft GlobalMLBuildingFootprints",
        "synthetic": false,
        "source_quadkey": "123301331",
        "source_line": 121971,
        "crosses_aoi_boundary": false
      },
      "geometry": {
        "type": "Polygon",
        "coordinates": [
          [
            [
              78.36347382885761,
              17.450686757180947
            ],
            [
              78.36342569752765,
              17.450694926185477
            ],
            [
              78.36340858952272,
              17.45060315561902
            ],
            [
              78.36351651237526,
              17.450584838594736
            ],
            [
              78.36354657844345,
              17.450746055197072
            ],
            [
              78.3634867803947,
              17.450756204311375
            ],
            [
              78.36347382885761,
              17.450686757180947
            ]
          ]
        ]
      },
      "id": "MS-123301331-121971"
    },
    {
      "type": "Feature",
      "properties": {
        "height": -1.0,
        "confidence": -1.0,
        "source": "Microsoft GlobalMLBuildingFootprints",
        "synthetic": false,
        "source_quadkey": "123301331",
        "source_line": 127390,
        "crosses_aoi_boundary": false
      },
      "geometry": {
        "type": "Polygon",
        "coordinates": [
          [
            [
              78.35432540711219,
              17.461788921418886
            ],
            [
              78.35425227164853,
              17.461830600837388
            ],
            [
              78.3542101845658,
              17.46176340758211
            ],
            [
              78.35428331777568,
              17.46172172455003
            ],
            [
              78.35432540711219,
              17.461788921418886
            ]
          ]
        ]
      },
      "id": "MS-123301331-127390"
    },
    {
      "type": "Feature",
      "properties": {
        "height": -1.0,
        "confidence": -1.0,
        "source": "Microsoft GlobalMLBuildingFootprints",
        "synthetic": false,
        "source_quadkey": "123301331",
        "source_line": 127394,
        "crosses_aoi_boundary": false
      },
      "geometry": {
        "type": "Polygon",
        "coordinates": [
          [
            [
              78.35448570423375,
              17.46099031170209
            ],
            [
              78.35457033383749,
              17.4609567664874
            ],
            [
              78.35461025153482,
              17.4610484059356
            ],
            [
              78.3545256219311,
              17.461081951133423
            ],
            [
              78.35448570423375,
              17.46099031170209
            ]
          ]
        ]
      },
      "id": "MS-123301331-127394"
    },
    {
      "type": "Feature",
      "properties": {
        "height": -1.0,
        "confidence": -1.0,
        "source": "Microsoft GlobalMLBuildingFootprints",
        "synthetic": false,
        "source_quadkey": "123301331",
        "source_line": 127398,
        "crosses_aoi_boundary": false
      },
      "geometry": {
        "type": "Polygon",
        "coordinates": [
          [
            [
              78.35472080792076,
              17.461271807232052
            ],
            [
              78.35469809289997,
              17.46127723340932
            ],
            [
              78.35471682998774,
              17.461348588290434
            ],
            [
              78.35464868604944,
              17.461364871095867
            ],
            [
              78.35459391190686,
              17.46115627925934
            ],
            [
              78.35468477199015,
              17.46113457453491
            ],
            [
              78.35472080792076,
              17.461271807232052
            ]
          ]
        ]
      },
      "id": "MS-123301331-127398"
    },
    {
      "type": "Feature",
      "properties": {
        "height": -1.0,
        "confidence": -1.0,
        "source": "Microsoft GlobalMLBuildingFootprints",
        "synthetic": false,
        "source_quadkey": "123301331",
        "source_line": 127470,
        "crosses_aoi_boundary": false
      },
      "geometry": {
        "type": "Polygon",
        "coordinates": [
          [
            [
              78.36141291032806,
              17.45127397263994
            ],
            [
              78.36157194130185,
              17.451339847206086
            ],
            [
              78.36152339058236,
              17.451446497196883
            ],
            [
              78.36150759429265,
              17.451439952932873
            ],
            [
              78.36146153415274,
              17.45154113188397
            ],
            [
              78.36129800632858,
              17.451473383767265
            ],
            [
              78.3613489595736,
              17.451361438190375
            ],
            [
              78.3613692696083,
              17.45136985246286
            ],
            [
              78.36141291032806,
              17.45127397263994
            ]
          ]
        ]
      },
      "id": "MS-123301331-127470"
    },
    {
      "type": "Feature",
      "properties": {
        "height": -1.0,
        "confidence": -1.0,
        "source": "Microsoft GlobalMLBuildingFootprints",
        "synthetic": false,
        "source_quadkey": "123301331",
        "source_line": 127474,
        "crosses_aoi_boundary": false
      },
      "geometry": {
        "type": "Polygon",
        "coordinates": [
          [
            [
              78.36174666786535,
              17.45167602070525
            ],
            [
              78.36184234145247,
              17.451730675233378
            ],
            [
              78.36174421603884,
              17.45188699599848
            ],
            [
              78.36164855089352,
              17.4518323463397
            ],
            [
              78.36174666786535,
              17.45167602070525
            ]
          ]
        ]
      },
      "id": "MS-123301331-127474"
    },
    {
      "type": "Feature",
      "properties": {
        "height": -1.0,
        "confidence": -1.0,
        "source": "Microsoft GlobalMLBuildingFootprints",
        "synthetic": false,
        "source_quadkey": "123301331",
        "source_line": 128425,
        "crosses_aoi_boundary": false
      },
      "geometry": {
        "type": "Polygon",
        "coordinates": [
          [
            [
              78.3517141265585,
              17.459128191375626
            ],
            [
              78.35176604512836,
              17.459265277361467
            ],
            [
              78.35153353675895,
              17.45934540858744
            ],
            [
              78.35148162338936,
              17.45920833639265
            ],
            [
              78.3517141265585,
              17.459128191375626
            ]
          ]
        ]
      },
      "id": "MS-123301331-128425"
    },
    {
      "type": "Feature",
      "properties": {
        "height": -1.0,
        "confidence": -1.0,
        "source": "Microsoft GlobalMLBuildingFootprints",
        "synthetic": false,
        "source_quadkey": "123301331",
        "source_line": 128437,
        "crosses_aoi_boundary": false
      },
      "geometry": {
        "type": "Polygon",
        "coordinates": [
          [
            [
              78.35245263286834,
              17.458808522099346
            ],
            [
              78.35267134301756,
              17.45870778218365
            ],
            [
              78.3526686168285,
              17.45870239627061
            ],
            [
              78.35276649333495,
              17.458657306893258
            ],
            [
              78.35283580791315,
              17.458794246129486
            ],
            [
              78.35288028073997,
              17.458773758568228
            ],
            [
              78.35280150491583,
              17.458618150039243
            ],
            [
              78.3529646279557,
              17.458543003095656
            ],
            [
              78.35302239689342,
              17.458657116076964
            ],
            [
              78.35310843301492,
              17.458617481273933
            ],
            [
              78.35318930002282,
              17.45877724374111
            ],
            [
              78.35303584921635,
              17.458847934824476
            ],
            [
              78.35298228165597,
              17.458742121082324
            ],
            [
              78.35295400699572,
              17.45875514654051
            ],
            [
              78.35300862490043,
              17.45886303505361
            ],
            [
              78.35275197798435,
              17.45898126602316
            ],
            [
              78.35270261180125,
              17.45888375147163
            ],
            [
              78.35253078886589,
              17.45896290610328
            ],
            [
              78.35245263286834,
              17.458808522099346
            ]
          ]
        ]
      },
      "id": "MS-123301331-128437"
    },
    {
      "type": "Feature",
      "properties": {
        "height": -1.0,
        "confidence": -1.0,
        "source": "Microsoft GlobalMLBuildingFootprints",
        "synthetic": false,
        "source_quadkey": "123301331",
        "source_line": 128469,
        "crosses_aoi_boundary": false
      },
      "geometry": {
        "type": "Polygon",
        "coordinates": [
          [
            [
              78.35596670753047,
              17.450306122302365
            ],
            [
              78.35598589593727,
              17.45036034000131
            ],
            [
              78.35593173236447,
              17.450377789024387
            ],
            [
              78.3559125392379,
              17.450323569234428
            ],
            [
              78.35596670753047,
              17.450306122302365
            ]
          ]
        ]
      },
      "id": "MS-123301331-128469"
    },
    {
      "type": "Feature",
      "properties": {
        "height": -1.0,
        "confidence": -1.0,
        "source": "Microsoft GlobalMLBuildingFootprints",
        "synthetic": false,
        "source_quadkey": "123301331",
        "source_line": 128483,
        "crosses_aoi_boundary": false
      },
      "geometry": {
        "type": "Polygon",
        "coordinates": [
          [
            [
              78.35718274155047,
              17.459312176521777
            ],
            [
              78.35717479722868,
              17.45929506269715
            ],
            [
              78.35706387552318,
              17.459341910679527
            ],
            [
              78.35700430098335,
              17.459213553651097
            ],
            [
              78.35718595153399,
              17.45913683315308
            ],
            [
              78.35725346934578,
              17.459282304506416
            ],
            [
              78.35718274155047,
              17.459312176521777
            ]
          ]
        ]
      },
      "id": "MS-123301331-128483"
    },
    {
      "type": "Feature",
      "properties": {
        "height": -1.0,
        "confidence": -1.0,
        "source": "Microsoft GlobalMLBuildingFootprints",
        "synthetic": false,
        "source_quadkey": "123301331",
        "source_line": 134000,
        "crosses_aoi_boundary": false
      },
      "geometry": {
        "type": "Polygon",
        "coordinates": [
          [
            [
              78.35410583027351,
              17.46157853317952
            ],
            [
              78.35404548710888,
              17.46145751307695
            ],
            [
              78.35413298108466,
              17.46141781480206
            ],
            [
              78.35412191781532,
              17.46139562705605
            ],
            [
              78.35443363903867,
              17.461254170192746
            ],
            [
              78.35451754879543,
              17.46142242923979
            ],
            [
              78.35439173374053,
              17.461479514773103
            ],
            [
              78.35444895570697,
              17.46159427520331
            ],
            [
              78.35435708703238,
              17.461635958351337
            ],
            [
              78.3543144306574,
              17.461550409693444
            ],
            [
              78.35421599993467,
              17.461595070219587
            ],
            [
              78.35418894955053,
              17.46154081984365
            ],
            [
              78.35410583027351,
              17.46157853317952
            ]
          ]
        ]
      },
      "id": "MS-123301331-134000"
    },
    {
      "type": "Feature",
      "properties": {
        "height": -1.0,
        "confidence": -1.0,
        "source": "Microsoft GlobalMLBuildingFootprints",
        "synthetic": false,
        "source_quadkey": "123301331",
        "source_line": 134014,
        "crosses_aoi_boundary": false
      },
      "geometry": {
        "type": "Polygon",
        "coordinates": [
          [
            [
              78.35490379562667,
              17.45844661359817
            ],
            [
              78.35506497822394,
              17.458385758344733
            ],
            [
              78.35509187405081,
              17.4584505833389
            ],
            [
              78.35511949274563,
              17.458462404935858
            ],
            [
              78.35515324277333,
              17.458449662455763
            ],
            [
              78.35528363007828,
              17.458505480676976
            ],
            [
              78.35532304504964,
              17.4586004795557
            ],
            [
              78.3551703111145,
              17.458658144909236
            ],
            [
              78.35510996430148,
              17.4586323147617
            ],
            [
              78.35505796622803,
              17.458651946856406
            ],
            [
              78.35484923564137,
              17.458562590290825
            ],
            [
              78.35490379562667,
              17.45844661359817
            ]
          ]
        ]
      },
      "id": "MS-123301331-134014"
    },
    {
      "type": "Feature",
      "properties": {
        "height": -1.0,
        "confidence": -1.0,
        "source": "Microsoft GlobalMLBuildingFootprints",
        "synthetic": false,
        "source_quadkey": "123301331",
        "source_line": 134076,
        "crosses_aoi_boundary": false
      },
      "geometry": {
        "type": "Polygon",
        "coordinates": [
          [
            [
              78.36111499092367,
              17.461622205181612
            ],
            [
              78.36096946529776,
              17.46166737399082
            ],
            [
              78.36092053610851,
              17.461523927115365
            ],
            [
              78.36106606173442,
              17.4614787582706
            ],
            [
              78.36111499092367,
              17.461622205181612
            ]
          ]
        ]
      },
      "id": "MS-123301331-134076"
    },
    {
      "type": "Feature",
      "properties": {
        "height": -1.0,
        "confidence": -1.0,
        "source": "Microsoft GlobalMLBuildingFootprints",
        "synthetic": false,
        "source_quadkey": "123301331",
        "source_line": 134929,
        "crosses_aoi_boundary": false
      },
      "geometry": {
        "type": "Polygon",
        "coordinates": [
          [
            [
              78.35202987462141,
              17.459228296694448
            ],
            [
              78.35189687105805,
              17.4592755289397
            ],
            [
              78.35184425275321,
              17.45914069625742
            ],
            [
              78.35197724762833,
              17.459093467062587
            ],
            [
              78.35202987462141,
              17.459228296694448
            ]
          ]
        ]
      },
      "id": "MS-123301331-134929"
    },
    {
      "type": "Feature",
      "properties": {
        "height": -1.0,
        "confidence": -1.0,
        "source": "Microsoft GlobalMLBuildingFootprints",
        "synthetic": false,
        "source_quadkey": "123301331",
        "source_line": 134939,
        "crosses_aoi_boundary": true
      },
      "geometry": {
        "type": "Polygon",
        "coordinates": [
          [
            [
              78.35291783893257,
              17.46174615587759
            ],
            [
              78.35303494246192,
              17.46169733092134
            ],
            [
              78.35320227352237,
              17.46206252696345
            ],
            [
              78.35308516999302,
              17.46211135182179
            ],
            [
              78.35291783893257,
              17.46174615587759
            ]
          ]
        ]
      },
      "id": "MS-123301331-134939"
    },
    {
      "type": "Feature",
      "properties": {
        "height": -1.0,
        "confidence": -1.0,
        "source": "Microsoft GlobalMLBuildingFootprints",
        "synthetic": false,
        "source_quadkey": "123301331",
        "source_line": 135087,
        "crosses_aoi_boundary": false
      },
      "geometry": {
        "type": "Polygon",
        "coordinates": [
          [
            [
              78.36373503481492,
              17.45578388924622
            ],
            [
              78.36376285236865,
              17.455827691666713
            ],
            [
              78.36373145905011,
              17.455845834618202
            ],
            [
              78.36370364052259,
              17.455802030668778
            ],
            [
              78.36373503481492,
              17.45578388924622
            ]
          ]
        ]
      },
      "id": "MS-123301331-135087"
    },
    {
      "type": "Feature",
      "properties": {
        "height": -1.0,
        "confidence": -1.0,
        "source": "Microsoft GlobalMLBuildingFootprints",
        "synthetic": false,
        "source_quadkey": "123301331",
        "source_line": 140600,
        "crosses_aoi_boundary": true
      },
      "geometry": {
        "type": "Polygon",
        "coordinates": [
          [
            [
              78.35487173766994,
              17.461921474820116
            ],
            [
              78.3547876294886,
              17.46195688524402
            ],
            [
              78.3548451032282,
              17.462081087142693
            ],
            [
              78.35474632920364,
              17.462122672002835
            ],
            [
              78.35465777903269,
              17.461931313324015
            ],
            [
              78.35484066063442,
              17.461854306027746
            ],
            [
              78.35487173766994,
              17.461921474820116
            ]
          ]
        ]
      },
      "id": "MS-123301331-140600"
    },
    {
      "type": "Feature",
      "properties": {
        "height": -1.0,
        "confidence": -1.0,
        "source": "Microsoft GlobalMLBuildingFootprints",
        "synthetic": false,
        "source_quadkey": "123301331",
        "source_line": 140618,
        "crosses_aoi_boundary": true
      },
      "geometry": {
        "type": "Polygon",
        "coordinates": [
          [
            [
              78.35637182469125,
              17.46263475276072
            ],
            [
              78.35624532431835,
              17.462688289233213
            ],
            [
              78.3559655022022,
              17.462086736769294
            ],
            [
              78.35587586332643,
              17.462124679115192
            ],
            [
              78.3559017173163,
              17.462180259251525
            ],
            [
              78.3558512041772,
              17.462201640444505
            ],
            [
              78.35582872564213,
              17.462153309143602
            ],
            [
              78.35579631901757,
              17.46216702405289
            ],
            [
              78.35563323577315,
              17.4618164322482
            ],
            [
              78.35588753162041,
              17.461708810669606
            ],
            [
              78.35592193966802,
              17.461782791898244
            ],
            [
              78.35596676026884,
              17.461763820198414
            ],
            [
              78.35637182469125,
              17.46263475276072
            ]
          ]
        ]
      },
      "id": "MS-123301331-140618"
    },
    {
      "type": "Feature",
      "properties": {
        "height": -1.0,
        "confidence": -1.0,
        "source": "Microsoft GlobalMLBuildingFootprints",
        "synthetic": false,
        "source_quadkey": "123301331",
        "source_line": 141465,
        "crosses_aoi_boundary": false
      },
      "geometry": {
        "type": "Polygon",
        "coordinates": [
          [
            [
              78.35488998520782,
              17.459667877659626
            ],
            [
              78.35507938939143,
              17.45958083908438
            ],
            [
              78.35518674050415,
              17.459793446814942
            ],
            [
              78.35499733113788,
              17.459880475024462
            ],
            [
              78.35488998520782,
              17.459667877659626
            ]
          ]
        ]
      },
      "id": "MS-123301331-141465"
    },
    {
      "type": "Feature",
      "properties": {
        "height": -1.0,
        "confidence": -1.0,
        "source": "Microsoft GlobalMLBuildingFootprints",
        "synthetic": false,
        "source_quadkey": "123301331",
        "source_line": 141495,
        "crosses_aoi_boundary": true
      },
      "geometry": {
        "type": "Polygon",
        "coordinates": [
          [
            [
              78.35793317573582,
              17.449771582396465
            ],
            [
              78.35794833404435,
              17.450029206722192
            ],
            [
              78.35786812050199,
              17.45003350198128
            ],
            [
              78.35786235064899,
              17.44993543999749
            ],
            [
              78.35766181757849,
              17.449946191497617
            ],
            [
              78.3576659357413,
              17.450016182053602
            ],
            [
              78.35764051908008,
              17.4500175430601
            ],
            [
              78.35764622929482,
              17.4501144705566
            ],
            [
              78.35757671116373,
              17.45011819309815
            ],
            [
              78.35755672541211,
              17.44977894664187
            ],
            [
              78.35772387011443,
              17.44976999639742
            ],
            [
              78.35772785613523,
              17.449837741189413
            ],
            [
              78.35775590179938,
              17.449836237531514
            ],
            [
              78.35775266227813,
              17.449781248509282
            ],
            [
              78.35793317573582,
              17.449771582396465
            ]
          ]
        ]
      },
      "id": "MS-123301331-141495"
    },
    {
      "type": "Feature",
      "properties": {
        "height": -1.0,
        "confidence": -1.0,
        "source": "Microsoft GlobalMLBuildingFootprints",
        "synthetic": false,
        "source_quadkey": "123301331",
        "source_line": 147156,
        "crosses_aoi_boundary": false
      },
      "geometry": {
        "type": "Polygon",
        "coordinates": [
          [
            [
              78.35240081690374,
              17.459857495735832
            ],
            [
              78.35246272608808,
              17.459958610688844
            ],
            [
              78.35236472737034,
              17.460013210395374
            ],
            [
              78.35230281818596,
              17.459912095472717
            ],
            [
              78.35240081690374,
              17.459857495735832
            ]
          ]
        ]
      },
      "id": "MS-123301331-147156"
    },
    {
      "type": "Feature",
      "properties": {
        "height": -1.0,
        "confidence": -1.0,
        "source": "Microsoft GlobalMLBuildingFootprints",
        "synthetic": false,
        "source_quadkey": "123301331",
        "source_line": 147164,
        "crosses_aoi_boundary": false
      },
      "geometry": {
        "type": "Polygon",
        "coordinates": [
          [
            [
              78.35329628915905,
              17.4594716089981
            ],
            [
              78.35353228551958,
              17.459364246560597
            ],
            [
              78.35364732880515,
              17.45959432879245
            ],
            [
              78.35354681457042,
              17.459640062655197
            ],
            [
              78.35354850164374,
              17.459643436735178
            ],
            [
              78.3534130222516,
              17.459705070640368
            ],
            [
              78.35329628915905,
              17.4594716089981
            ]
          ]
        ]
      },
      "id": "MS-123301331-147164"
    },
    {
      "type": "Feature",
      "properties": {
        "height": -1.0,
        "confidence": -1.0,
        "source": "Microsoft GlobalMLBuildingFootprints",
        "synthetic": false,
        "source_quadkey": "123301331",
        "source_line": 147200,
        "crosses_aoi_boundary": false
      },
      "geometry": {
        "type": "Polygon",
        "coordinates": [
          [
            [
              78.35630772424095,
              17.450808021108188
            ],
            [
              78.35636290105039,
              17.450681514501085
            ],
            [
              78.35669789194465,
              17.45081448351661
            ],
            [
              78.35662750404066,
              17.45097589237163
            ],
            [
              78.35645940870013,
              17.450909169817464
            ],
            [
              78.35647462988892,
              17.45087427147122
            ],
            [
              78.35630772424095,
              17.450808021108188
            ]
          ]
        ]
      },
      "id": "MS-123301331-147200"
    },
    {
      "type": "Feature",
      "properties": {
        "height": -1.0,
        "confidence": -1.0,
        "source": "Microsoft GlobalMLBuildingFootprints",
        "synthetic": false,
        "source_quadkey": "123301331",
        "source_line": 147216,
        "crosses_aoi_boundary": false
      },
      "geometry": {
        "type": "Polygon",
        "coordinates": [
          [
            [
              78.35774469670585,
              17.450529310841787
            ],
            [
              78.3575866004193,
              17.450534018691982
            ],
            [
              78.35758066171881,
              17.450352523231942
            ],
            [
              78.35773875800535,
              17.450347815377057
            ],
            [
              78.35774469670585,
              17.450529310841787
            ]
          ]
        ]
      },
      "id": "MS-123301331-147216"
    },
    {
      "type": "Feature",
      "properties": {
        "height": -1.0,
        "confidence": -1.0,
        "source": "Microsoft GlobalMLBuildingFootprints",
        "synthetic": false,
        "source_quadkey": "123301331",
        "source_line": 147867,
        "crosses_aoi_boundary": false
      },
      "geometry": {
        "type": "Polygon",
        "coordinates": [
          [
            [
              78.35742080494623,
              17.450183438183146
            ],
            [
              78.35741088937272,
              17.45023013949465
            ],
            [
              78.35736579912937,
              17.450221429901873
            ],
            [
              78.35737571141156,
              17.450174727952387
            ],
            [
              78.35742080494623,
              17.450183438183146
            ]
          ]
        ]
      },
      "id": "MS-123301331-147867"
    },
    {
      "type": "Feature",
      "properties": {
        "height": -1.0,
        "confidence": -1.0,
        "source": "Microsoft GlobalMLBuildingFootprints",
        "synthetic": false,
        "source_quadkey": "123301331",
        "source_line": 147889,
        "crosses_aoi_boundary": false
      },
      "geometry": {
        "type": "Polygon",
        "coordinates": [
          [
            [
              78.36042024032854,
              17.450340237865447
            ],
            [
              78.36036801618509,
              17.4504409790421
            ],
            [
              78.36040249823186,
              17.450457246997544
            ],
            [
              78.36037265586421,
              17.450514813354076
            ],
            [
              78.36032955330573,
              17.450494478416005
            ],
            [
              78.36030610573113,
              17.45053970911698
            ],
            [
              78.36016602241614,
              17.4504736205689
            ],
            [
              78.36022464135264,
              17.450360543754385
            ],
            [
              78.36022464135264,
              17.450360543754385
            ],
            [
              78.36027153650184,
              17.45027008225223
            ],
            [
              78.36042024032854,
              17.450340237865447
            ]
          ]
        ]
      },
      "id": "MS-123301331-147889"
    },
    {
      "type": "Feature",
      "properties": {
        "height": -1.0,
        "confidence": -1.0,
        "source": "Microsoft GlobalMLBuildingFootprints",
        "synthetic": false,
        "source_quadkey": "123301331",
        "source_line": 153472,
        "crosses_aoi_boundary": false
      },
      "geometry": {
        "type": "Polygon",
        "coordinates": [
          [
            [
              78.35148459321321,
              17.45999980495708
            ],
            [
              78.35161993645976,
              17.459953323348785
            ],
            [
              78.35164814659657,
              17.460028069817284
            ],
            [
              78.35151280335005,
              17.460074551406493
            ],
            [
              78.35148459321321,
              17.45999980495708
            ]
          ]
        ]
      },
      "id": "MS-123301331-153472"
    },
    {
      "type": "Feature",
      "properties": {
        "height": -1.0,
        "confidence": -1.0,
        "source": "Microsoft GlobalMLBuildingFootprints",
        "synthetic": false,
        "source_quadkey": "123301331",
        "source_line": 153484,
        "crosses_aoi_boundary": false
      },
      "geometry": {
        "type": "Polygon",
        "coordinates": [
          [
            [
              78.3531523768281,
              17.45815313613531
            ],
            [
              78.35318994227507,
              17.458139612719435
            ],
            [
              78.35320500473627,
              17.45817768745283
            ],
            [
              78.35316743928931,
              17.458191210865877
            ],
            [
              78.3531523768281,
              17.45815313613531
            ]
          ]
        ]
      },
      "id": "MS-123301331-153484"
    },
    {
      "type": "Feature",
      "properties": {
        "height": -1.0,
        "confidence": -1.0,
        "source": "Microsoft GlobalMLBuildingFootprints",
        "synthetic": false,
        "source_quadkey": "123301331",
        "source_line": 153502,
        "crosses_aoi_boundary": false
      },
      "geometry": {
        "type": "Polygon",
        "coordinates": [
          [
            [
              78.3544090393848,
              17.45912717641309
            ],
            [
              78.35430553287065,
              17.459169088960678
            ],
            [
              78.35429395621478,
              17.459143072946944
            ],
            [
              78.35420077542872,
              17.459180804329037
            ],
            [
              78.35413096232011,
              17.459023914519733
            ],
            [
              78.35432766594235,
              17.458944277039095
            ],
            [
              78.3544090393848,
              17.45912717641309
            ]
          ]
        ]
      },
      "id": "MS-123301331-153502"
    },
    {
      "type": "Feature",
      "properties": {
        "height": -1.0,
        "confidence": -1.0,
        "source": "Microsoft GlobalMLBuildingFootprints",
        "synthetic": false,
        "source_quadkey": "123301331",
        "source_line": 153506,
        "crosses_aoi_boundary": false
      },
      "geometry": {
        "type": "Polygon",
        "coordinates": [
          [
            [
              78.3546676393369,
              17.46111200015264
            ],
            [
              78.35485082116901,
              17.461033728707008
            ],
            [
              78.35490849943484,
              17.461156542792793
            ],
            [
              78.35496211222953,
              17.46113363110493
            ],
            [
              78.35490043218557,
              17.461002296030415
            ],
            [
              78.3549495785308,
              17.46098129636492
            ],
            [
              78.35507567864408,
              17.461249800769053
            ],
            [
              78.35498740349026,
              17.461287519665063
            ],
            [
              78.35501642275577,
              17.461349319842554
            ],
            [
              78.35491705200434,
              17.461391779728274
            ],
            [
              78.35485500274226,
              17.46125965866598
            ],
            [
              78.35475671005182,
              17.461301657930363
            ],
            [
              78.3546676393369,
              17.46111200015264
            ]
          ]
        ]
      },
      "id": "MS-123301331-153506"
    },
    {
      "type": "Feature",
      "properties": {
        "height": -1.0,
        "confidence": -1.0,
        "source": "Microsoft GlobalMLBuildingFootprints",
        "synthetic": false,
        "source_quadkey": "123301331",
        "source_line": 154059,
        "crosses_aoi_boundary": false
      },
      "geometry": {
        "type": "Polygon",
        "coordinates": [
          [
            [
              78.35090104948196,
              17.461037166582756
            ],
            [
              78.35079529769955,
              17.461084209963133
            ],
            [
              78.35071825332948,
              17.460926586702513
            ],
            [
              78.35068740905957,
              17.460940307698024
            ],
            [
              78.35059187404063,
              17.460744854680158
            ],
            [
              78.35072847009295,
              17.46068409019837
            ],
            [
              78.35090104948196,
              17.461037166582756
            ]
          ]
        ]
      },
      "id": "MS-123301331-154059"
    },
    {
      "type": "Feature",
      "properties": {
        "height": -1.0,
        "confidence": -1.0,
        "source": "Microsoft GlobalMLBuildingFootprints",
        "synthetic": false,
        "source_quadkey": "123301331",
        "source_line": 154079,
        "crosses_aoi_boundary": false
      },
      "geometry": {
        "type": "Polygon",
        "coordinates": [
          [
            [
              78.35270461444362,
              17.458461246567907
            ],
            [
              78.3527485641475,
              17.45854033639938
            ],
            [
              78.35265643525342,
              17.45858692376183
            ],
            [
              78.35258872929731,
              17.458465083306734
            ],
            [
              78.35264617945992,
              17.458436032125363
            ],
            [
              78.35266993916501,
              17.458478783345114
            ],
            [
              78.35270461444362,
              17.458461246567907
            ]
          ]
        ]
      },
      "id": "MS-123301331-154079"
    },
    {
      "type": "Feature",
      "properties": {
        "height": -1.0,
        "confidence": -1.0,
        "source": "Microsoft GlobalMLBuildingFootprints",
        "synthetic": false,
        "source_quadkey": "123301331",
        "source_line": 154083,
        "crosses_aoi_boundary": false
      },
      "geometry": {
        "type": "Polygon",
        "coordinates": [
          [
            [
              78.35305365928669,
              17.459491229887973
            ],
            [
              78.35317290438068,
              17.459431941901883
            ],
            [
              78.35322743734052,
              17.459531763311205
            ],
            [
              78.35316514528745,
              17.45956273039411
            ],
            [
              78.35320405241524,
              17.459633939445254
            ],
            [
              78.35314710334661,
              17.459662254170965
            ],
            [
              78.35305365928669,
              17.459491229887973
            ]
          ]
        ]
      },
      "id": "MS-123301331-154083"
    },
    {
      "type": "Feature",
      "properties": {
        "height": -1.0,
        "confidence": -1.0,
        "source": "Microsoft GlobalMLBuildingFootprints",
        "synthetic": false,
        "source_quadkey": "123301331",
        "source_line": 154169,
        "crosses_aoi_boundary": false
      },
      "geometry": {
        "type": "Polygon",
        "coordinates": [
          [
            [
              78.36039695388709,
              17.450487240373434
            ],
            [
              78.36054576398769,
              17.450542870368963
            ],
            [
              78.36050293978163,
              17.45064712316045
            ],
            [
              78.36048666367688,
              17.45064103863399
            ],
            [
              78.36044292831747,
              17.450747509512
            ],
            [
              78.36028714274339,
              17.4506892719254
            ],
            [
              78.36032723348951,
              17.45059167359176
            ],
            [
              78.36035048506773,
              17.450600365774704
            ],
            [
              78.36039695388709,
              17.450487240373434
            ]
          ]
        ]
      },
      "id": "MS-123301331-154169"
    },
    {
      "type": "Feature",
      "properties": {
        "height": -1.0,
        "confidence": -1.0,
        "source": "Microsoft GlobalMLBuildingFootprints",
        "synthetic": false,
        "source_quadkey": "123301331",
        "source_line": 159930,
        "crosses_aoi_boundary": false
      },
      "geometry": {
        "type": "Polygon",
        "coordinates": [
          [
            [
              78.35361698253394,
              17.46050938512171
            ],
            [
              78.35367611755058,
              17.460638199287146
            ],
            [
              78.35353658020762,
              17.460696489890907
            ],
            [
              78.3533246797313,
              17.460234905524203
            ],
            [
              78.35359025080344,
              17.46012396504571
            ],
            [
              78.35374301626311,
              17.46045673549085
            ],
            [
              78.35361698253394,
              17.46050938512171
            ]
          ]
        ]
      },
      "id": "MS-123301331-159930"
    },
    {
      "type": "Feature",
      "properties": {
        "height": -1.0,
        "confidence": -1.0,
        "source": "Microsoft GlobalMLBuildingFootprints",
        "synthetic": false,
        "source_quadkey": "123301331",
        "source_line": 160703,
        "crosses_aoi_boundary": false
      },
      "geometry": {
        "type": "Polygon",
        "coordinates": [
          [
            [
              78.36066269961634,
              17.454580049206697
            ],
            [
              78.36068014039213,
              17.45451931345748
            ],
            [
              78.36075998127,
              17.4545401723733
            ],
            [
              78.36074253907036,
              17.454600913074145
            ],
            [
              78.36066269961634,
              17.454580049206697
            ]
          ]
        ]
      },
      "id": "MS-123301331-160703"
    },
    {
      "type": "Feature",
      "properties": {
        "height": -1.0,
        "confidence": -1.0,
        "source": "Microsoft GlobalMLBuildingFootprints",
        "synthetic": false,
        "source_quadkey": "123301331",
        "source_line": 166628,
        "crosses_aoi_boundary": false
      },
      "geometry": {
        "type": "Polygon",
        "coordinates": [
          [
            [
              78.35792758170535,
              17.450221073459673
            ],
            [
              78.35797041482803,
              17.450219283179862
            ],
            [
              78.35797358167015,
              17.450288237539567
            ],
            [
              78.35793074854746,
              17.45029002781874
            ],
            [
              78.35792758170535,
              17.450221073459673
            ]
          ]
        ]
      },
      "id": "MS-123301331-166628"
    },
    {
      "type": "Feature",
      "properties": {
        "height": -1.0,
        "confidence": -1.0,
        "source": "Microsoft GlobalMLBuildingFootprints",
        "synthetic": false,
        "source_quadkey": "123301331",
        "source_line": 172942,
        "crosses_aoi_boundary": false
      },
      "geometry": {
        "type": "Polygon",
        "coordinates": [
          [
            [
              78.35186150058193,
              17.456895785328854
            ],
            [
              78.35199119423004,
              17.45684787486512
            ],
            [
              78.35208513022874,
              17.457079275767924
            ],
            [
              78.35195545134374,
              17.45712718071718
            ],
            [
              78.35186150058193,
              17.456895785328854
            ]
          ]
        ]
      },
      "id": "MS-123301331-172942"
    },
    {
      "type": "Feature",
      "properties": {
        "height": -1.0,
        "confidence": -1.0,
        "source": "Microsoft GlobalMLBuildingFootprints",
        "synthetic": false,
        "source_quadkey": "123301331",
        "source_line": 172954,
        "crosses_aoi_boundary": false
      },
      "geometry": {
        "type": "Polygon",
        "coordinates": [
          [
            [
              78.35231966373159,
              17.460254576725163
            ],
            [
              78.35238927071293,
              17.460225289773703
            ],
            [
              78.3525170286156,
              17.460501598710692
            ],
            [
              78.35238006003947,
              17.460559227781346
            ],
            [
              78.35225329250812,
              17.460285060862432
            ],
            [
              78.35232065410294,
              17.460256718656183
            ],
            [
              78.35231966373159,
              17.460254576725163
            ]
          ]
        ]
      },
      "id": "MS-123301331-172954"
    },
    {
      "type": "Feature",
      "properties": {
        "height": -1.0,
        "confidence": -1.0,
        "source": "Microsoft GlobalMLBuildingFootprints",
        "synthetic": false,
        "source_quadkey": "123301331",
        "source_line": 172994,
        "crosses_aoi_boundary": true
      },
      "geometry": {
        "type": "Polygon",
        "coordinates": [
          [
            [
              78.35689677044891,
              17.461967876922756
            ],
            [
              78.35679978304549,
              17.46200946074758
            ],
            [
              78.3566533333978,
              17.461698695524362
            ],
            [
              78.35675033976997,
              17.461657103495597
            ],
            [
              78.35689677044891,
              17.461967876922756
            ]
          ]
        ]
      },
      "id": "MS-123301331-172994"
    },
    {
      "type": "Feature",
      "properties": {
        "height": -1.0,
        "confidence": -1.0,
        "source": "Microsoft GlobalMLBuildingFootprints",
        "synthetic": false,
        "source_quadkey": "123301331",
        "source_line": 173045,
        "crosses_aoi_boundary": false
      },
      "geometry": {
        "type": "Polygon",
        "coordinates": [
          [
            [
              78.36099462269608,
              17.461288810579177
            ],
            [
              78.36118683235992,
              17.461222619859413
            ],
            [
              78.3613530211884,
              17.461661760340988
            ],
            [
              78.36126522171232,
              17.461691995538132
            ],
            [
              78.3612763580771,
              17.46172142243489
            ],
            [
              78.3610366892371,
              17.461803956312522
            ],
            [
              78.36099728363855,
              17.461699830396014
            ],
            [
              78.36113254229087,
              17.461653251848986
            ],
            [
              78.36099462269608,
              17.461288810579177
            ]
          ]
        ]
      },
      "id": "MS-123301331-173045"
    },
    {
      "type": "Feature",
      "properties": {
        "height": -1.0,
        "confidence": -1.0,
        "source": "Microsoft GlobalMLBuildingFootprints",
        "synthetic": false,
        "source_quadkey": "123301331",
        "source_line": 173054,
        "crosses_aoi_boundary": false
      },
      "geometry": {
        "type": "Polygon",
        "coordinates": [
          [
            [
              78.36349428640227,
              17.455891279192414
            ],
            [
              78.36353636159832,
              17.45588560745901
            ],
            [
              78.36355642778291,
              17.45602107166441
            ],
            [
              78.36351435258686,
              17.456026743393593
            ],
            [
              78.36349428640227,
              17.455891279192414
            ]
          ]
        ]
      },
      "id": "MS-123301331-173054"
    },
    {
      "type": "Feature",
      "properties": {
        "height": -1.0,
        "confidence": -1.0,
        "source": "Microsoft GlobalMLBuildingFootprints",
        "synthetic": false,
        "source_quadkey": "123301331",
        "source_line": 179404,
        "crosses_aoi_boundary": false
      },
      "geometry": {
        "type": "Polygon",
        "coordinates": [
          [
            [
              78.35043960596069,
              17.453330894221892
            ],
            [
              78.35053970908332,
              17.45343620646925
            ],
            [
              78.35049641767903,
              17.453473654738858
            ],
            [
              78.3503963103165,
              17.45336834618078
            ],
            [
              78.35043960596069,
              17.453330894221892
            ]
          ]
        ]
      },
      "id": "MS-123301331-179404"
    },
    {
      "type": "Feature",
      "properties": {
        "height": -1.0,
        "confidence": -1.0,
        "source": "Microsoft GlobalMLBuildingFootprints",
        "synthetic": false,
        "source_quadkey": "123301331",
        "source_line": 179817,
        "crosses_aoi_boundary": true
      },
      "geometry": {
        "type": "Polygon",
        "coordinates": [
          [
            [
              78.3498836207796,
              17.457953219994366
            ],
            [
              78.3499983911028,
              17.45790126733536
            ],
            [
              78.35003578975218,
              17.457976449973685
            ],
            [
              78.34992101492662,
              17.458028404649326
            ],
            [
              78.3498836207796,
              17.457953219994366
            ]
          ]
        ]
      },
      "id": "MS-123301331-179817"
    },
    {
      "type": "Feature",
      "properties": {
        "height": -1.0,
        "confidence": -1.0,
        "source": "Microsoft GlobalMLBuildingFootprints",
        "synthetic": false,
        "source_quadkey": "123301331",
        "source_line": 179887,
        "crosses_aoi_boundary": false
      },
      "geometry": {
        "type": "Polygon",
        "coordinates": [
          [
            [
              78.35729698563898,
              17.45006578814143
            ],
            [
              78.3574429714454,
              17.45006086582832
            ],
            [
              78.35744689450343,
              17.450166752998044
            ],
            [
              78.35730090057824,
              17.450171665834333
            ],
            [
              78.35729698563898,
              17.45006578814143
            ]
          ]
        ]
      },
      "id": "MS-123301331-179887"
    },
    {
      "type": "Feature",
      "properties": {
        "height": -1.0,
        "confidence": -1.0,
        "source": "Microsoft GlobalMLBuildingFootprints",
        "synthetic": false,
        "source_quadkey": "123301331",
        "source_line": 179909,
        "crosses_aoi_boundary": false
      },
      "geometry": {
        "type": "Polygon",
        "coordinates": [
          [
            [
              78.35992354218193,
              17.456263014895242
            ],
            [
              78.35988172059885,
              17.456292311086628
            ],
            [
              78.35984845085825,
              17.456249090919016
            ],
            [
              78.35989027244132,
              17.45621979472068
            ],
            [
              78.35992354218193,
              17.456263014895242
            ]
          ]
        ]
      },
      "id": "MS-123301331-179909"
    },
    {
      "type": "Feature",
      "properties": {
        "height": -1.0,
        "confidence": -1.0,
        "source": "Microsoft GlobalMLBuildingFootprints",
        "synthetic": false,
        "source_quadkey": "123301331",
        "source_line": 185546,
        "crosses_aoi_boundary": false
      },
      "geometry": {
        "type": "Polygon",
        "coordinates": [
          [
            [
              78.35398371220693,
              17.45949476995098
            ],
            [
              78.3540747537386,
              17.45946282832213
            ],
            [
              78.3541373076254,
              17.45962510336861
            ],
            [
              78.35404627658104,
              17.459657041289574
            ],
            [
              78.35398371220693,
              17.45949476995098
            ]
          ]
        ]
      },
      "id": "MS-123301331-185546"
    },
    {
      "type": "Feature",
      "properties": {
        "height": -1.0,
        "confidence": -1.0,
        "source": "Microsoft GlobalMLBuildingFootprints",
        "synthetic": false,
        "source_quadkey": "123301331",
        "source_line": 185634,
        "crosses_aoi_boundary": false
      },
      "geometry": {
        "type": "Polygon",
        "coordinates": [
          [
            [
              78.36134583856132,
              17.451229424336944
            ],
            [
              78.36127975257628,
              17.45134275794166
            ],
            [
              78.361200832905,
              17.451300872607035
            ],
            [
              78.36126692523952,
              17.45118754234616
            ],
            [
              78.36134583856132,
              17.451229424336944
            ]
          ]
        ]
      },
      "id": "MS-123301331-185634"
    },
    {
      "type": "Feature",
      "properties": {
        "height": -1.0,
        "confidence": -1.0,
        "source": "Microsoft GlobalMLBuildingFootprints",
        "synthetic": false,
        "source_quadkey": "123301331",
        "source_line": 185662,
        "crosses_aoi_boundary": true
      },
      "geometry": {
        "type": "Polygon",
        "coordinates": [
          [
            [
              78.36405010831592,
              17.453139795871095
            ],
            [
              78.36406444108061,
              17.453269861533897
            ],
            [
              78.36395567249988,
              17.45328076922837
            ],
            [
              78.36394133894366,
              17.453150696390537
            ],
            [
              78.36405010831592,
              17.453139795871095
            ]
          ]
        ]
      },
      "id": "MS-123301331-185662"
    },
    {
      "type": "Feature",
      "properties": {
        "height": -1.0,
        "confidence": -1.0,
        "source": "Microsoft GlobalMLBuildingFootprints",
        "synthetic": false,
        "source_quadkey": "123301331",
        "source_line": 186013,
        "crosses_aoi_boundary": false
      },
      "geometry": {
        "type": "Polygon",
        "coordinates": [
          [
            [
              78.36091563505278,
              17.450974200042722
            ],
            [
              78.36097215476126,
              17.450883395558108
            ],
            [
              78.36109906873183,
              17.45095528668236
            ],
            [
              78.36104254902335,
              17.451046091131133
            ],
            [
              78.36091563505278,
              17.450974200042722
            ]
          ]
        ]
      },
      "id": "MS-123301331-186013"
    },
    {
      "type": "Feature",
      "properties": {
        "height": -1.0,
        "confidence": -1.0,
        "source": "Microsoft GlobalMLBuildingFootprints",
        "synthetic": false,
        "source_quadkey": "123301331",
        "source_line": 186025,
        "crosses_aoi_boundary": true
      },
      "geometry": {
        "type": "Polygon",
        "coordinates": [
          [
            [
              78.36285920192043,
              17.44804569486378
            ],
            [
              78.36291958460676,
              17.447997359223223
            ],
            [
              78.36319378015466,
              17.447935204748973
            ],
            [
              78.36321920885784,
              17.448037298577304
            ],
            [
              78.36323620011169,
              17.448040903959964
            ],
            [
              78.36342075936177,
              17.448781890093116
            ],
            [
              78.36354262493097,
              17.44875426580407
            ],
            [
              78.36355393458038,
              17.448799672775394
            ],
            [
              78.36352709860715,
              17.44882115456798
            ],
            [
              78.36353387607825,
              17.44884836534412
            ],
            [
              78.36350087081992,
              17.44885584691893
            ],
            [
              78.3635301255857,
              17.448973301427017
            ],
            [
              78.36360168718873,
              17.44891601270524
            ],
            [
              78.3636393029088,
              17.449067035416135
            ],
            [
              78.36363073229609,
              17.449103794985504
            ],
            [
              78.36351549218125,
              17.449129925071716
            ],
            [
              78.36351281413614,
              17.44911917304222
            ],
            [
              78.3634669035076,
              17.449155923743263
            ],
            [
              78.36349631238805,
              17.44927396204112
            ],
            [
              78.36358784838824,
              17.44925321286587
            ],
            [
              78.36354981210634,
              17.44941635119379
            ],
            [
              78.36357723386985,
              17.44944752745502
            ],
            [
              78.3636165203609,
              17.449438622090085
            ],
            [
              78.36371028565699,
              17.449815077460727
            ],
            [
              78.36368599913392,
              17.449919275297674
            ],
            [
              78.36360153273536,
              17.449938421881612
            ],
            [
              78.36365205282488,
              17.45014125295802
            ],
            [
              78.36361077932082,
              17.450174291532477
            ],
            [
              78.36349007122163,
              17.45020165323494
            ],
            [
              78.3629871607502,
              17.448182528810705
            ],
            [
              78.36288804510279,
              17.448161497427137
            ],
            [
              78.36285920192043,
              17.44804569486378
            ]
          ]
        ]
      },
      "id": "MS-123301331-186025"
    },
    {
      "type": "Feature",
      "properties": {
        "height": -1.0,
        "confidence": -1.0,
        "source": "Microsoft GlobalMLBuildingFootprints",
        "synthetic": false,
        "source_quadkey": "123301331",
        "source_line": 191424,
        "crosses_aoi_boundary": false
      },
      "geometry": {
        "type": "Polygon",
        "coordinates": [
          [
            [
              78.35208151223428,
              17.45923231705487
            ],
            [
              78.35220932111315,
              17.459193585348984
            ],
            [
              78.35228130056319,
              17.459409725987427
            ],
            [
              78.35215347727971,
              17.459448462012546
            ],
            [
              78.35208151223428,
              17.45923231705487
            ]
          ]
        ]
      },
      "id": "MS-123301331-191424"
    },
    {
      "type": "Feature",
      "properties": {
        "height": -1.0,
        "confidence": -1.0,
        "source": "Microsoft GlobalMLBuildingFootprints",
        "synthetic": false,
        "source_quadkey": "123301331",
        "source_line": 191536,
        "crosses_aoi_boundary": true
      },
      "geometry": {
        "type": "Polygon",
        "coordinates": [
          [
            [
              78.36282164117232,
              17.44980386562267
            ],
            [
              78.36300990464784,
              17.449759292537223
            ],
            [
              78.36321050711365,
              17.450530604273524
            ],
            [
              78.36302229694236,
              17.450575164550145
            ],
            [
              78.36282164117232,
              17.44980386562267
            ]
          ]
        ]
      },
      "id": "MS-123301331-191536"
    },
    {
      "type": "Feature",
      "properties": {
        "height": -1.0,
        "confidence": -1.0,
        "source": "Microsoft GlobalMLBuildingFootprints",
        "synthetic": false,
        "source_quadkey": "123301331",
        "source_line": 197808,
        "crosses_aoi_boundary": false
      },
      "geometry": {
        "type": "Polygon",
        "coordinates": [
          [
            [
              78.35025771136826,
              17.459919275951208
            ],
            [
              78.35033788396414,
              17.4601278119452
            ],
            [
              78.35023973532813,
              17.460162155213553
            ],
            [
              78.35015954702533,
              17.459953618201027
            ],
            [
              78.35025771136826,
              17.459919275951208
            ]
          ]
        ]
      },
      "id": "MS-123301331-197808"
    },
    {
      "type": "Feature",
      "properties": {
        "height": -1.0,
        "confidence": -1.0,
        "source": "Microsoft GlobalMLBuildingFootprints",
        "synthetic": false,
        "source_quadkey": "123301331",
        "source_line": 197822,
        "crosses_aoi_boundary": false
      },
      "geometry": {
        "type": "Polygon",
        "coordinates": [
          [
            [
              78.35123302426915,
              17.46005479097289
            ],
            [
              78.3510680236049,
              17.46013626626157
            ],
            [
              78.35097385307763,
              17.459962724338652
            ],
            [
              78.35113885374189,
              17.459881248972366
            ],
            [
              78.35123302426915,
              17.46005479097289
            ]
          ]
        ]
      },
      "id": "MS-123301331-197822"
    },
    {
      "type": "Feature",
      "properties": {
        "height": -1.0,
        "confidence": -1.0,
        "source": "Microsoft GlobalMLBuildingFootprints",
        "synthetic": false,
        "source_quadkey": "123301331",
        "source_line": 197856,
        "crosses_aoi_boundary": false
      },
      "geometry": {
        "type": "Polygon",
        "coordinates": [
          [
            [
              78.35370241445447,
              17.458438805458343
            ],
            [
              78.35390820919768,
              17.458370545941804
            ],
            [
              78.35408925269884,
              17.458867342405625
            ],
            [
              78.35405443395562,
              17.458878888988508
            ],
            [
              78.35406275438949,
              17.45890171623107
            ],
            [
              78.3539478922072,
              17.458939806789232
            ],
            [
              78.3539037939079,
              17.458818822396395
            ],
            [
              78.35379850357414,
              17.458853738757583
            ],
            [
              78.35373391741216,
              17.45867654547324
            ],
            [
              78.35387403897803,
              17.458630068983382
            ],
            [
              78.3538648883431,
              17.458604958978995
            ],
            [
              78.35377395578215,
              17.45863512012508
            ],
            [
              78.35370241445447,
              17.458438805458343
            ]
          ]
        ]
      },
      "id": "MS-123301331-197856"
    },
    {
      "type": "Feature",
      "properties": {
        "height": -1.0,
        "confidence": -1.0,
        "source": "Microsoft GlobalMLBuildingFootprints",
        "synthetic": false,
        "source_quadkey": "123301331",
        "source_line": 197936,
        "crosses_aoi_boundary": false
      },
      "geometry": {
        "type": "Polygon",
        "coordinates": [
          [
            [
              78.36213086198663,
              17.456461352471564
            ],
            [
              78.36204085518513,
              17.456492595065583
            ],
            [
              78.36202745032567,
              17.4564574521917
            ],
            [
              78.36211745510302,
              17.456426204285066
            ],
            [
              78.36213086198663,
              17.456461352471564
            ]
          ]
        ]
      },
      "id": "MS-123301331-197936"
    },
    {
      "type": "Feature",
      "properties": {
        "height": -1.0,
        "confidence": -1.0,
        "source": "Microsoft GlobalMLBuildingFootprints",
        "synthetic": false,
        "source_quadkey": "123301331",
        "source_line": 197938,
        "crosses_aoi_boundary": false
      },
      "geometry": {
        "type": "Polygon",
        "coordinates": [
          [
            [
              78.36244084959944,
              17.45248546723569
            ],
            [
              78.36245597431052,
              17.452411177549564
            ],
            [
              78.36243514454233,
              17.452400724744564
            ],
            [
              78.36246067583693,
              17.45227536501082
            ],
            [
              78.36242480474911,
              17.45225736414922
            ],
            [
              78.36241734504698,
              17.452198386267256
            ],
            [
              78.36249676578876,
              17.451808426357672
            ],
            [
              78.36292835989741,
              17.452024980901186
            ],
            [
              78.36280371417922,
              17.452039328431738
            ],
            [
              78.36281214878323,
              17.45210597547988
            ],
            [
              78.36277513733218,
              17.452110238207283
            ],
            [
              78.36276984214784,
              17.452068397668924
            ],
            [
              78.36270957006876,
              17.452364442962534
            ],
            [
              78.36313094033396,
              17.452575895132057
            ],
            [
              78.36318296160977,
              17.45248154201633
            ],
            [
              78.36317896842958,
              17.45248080216689
            ],
            [
              78.36310190138471,
              17.45248967820703
            ],
            [
              78.36304002687328,
              17.452458628319377
            ],
            [
              78.3630859745041,
              17.452375291170895
            ],
            [
              78.3631679377612,
              17.452416416544764
            ],
            [
              78.36317236937431,
              17.452451433404292
            ],
            [
              78.36318705353557,
              17.45245415406046
            ],
            [
              78.36336025794206,
              17.452541059977108
            ],
            [
              78.36331053530868,
              17.452785287747957
            ],
            [
              78.36325154090297,
              17.452892288132603
            ],
            [
              78.36244084959944,
              17.45248546723569
            ]
          ]
        ]
      },
      "id": "MS-123301331-197938"
    },
    {
      "type": "Feature",
      "properties": {
        "height": -1.0,
        "confidence": -1.0,
        "source": "Microsoft GlobalMLBuildingFootprints",
        "synthetic": false,
        "source_quadkey": "123301331",
        "source_line": 197944,
        "crosses_aoi_boundary": false
      },
      "geometry": {
        "type": "Polygon",
        "coordinates": [
          [
            [
              78.36269871840882,
              17.45801999655353
            ],
            [
              78.36274598108436,
              17.458013382650066
            ],
            [
              78.36274444035762,
              17.45800336362369
            ],
            [
              78.3628164519051,
              17.4579932863806
            ],
            [
              78.36288967060676,
              17.45846918476819
            ],
            [
              78.36285438473766,
              17.45847412263396
            ],
            [
              78.36286725935875,
              17.458557843389684
            ],
            [
              78.36278323766889,
              17.45856960689646
            ],
            [
              78.36269871840882,
              17.45801999655353
            ]
          ]
        ]
      },
      "id": "MS-123301331-197944"
    },
    {
      "type": "Feature",
      "properties": {
        "height": -1.0,
        "confidence": -1.0,
        "source": "Microsoft GlobalMLBuildingFootprints",
        "synthetic": false,
        "source_quadkey": "123301331",
        "source_line": 197952,
        "crosses_aoi_boundary": true
      },
      "geometry": {
        "type": "Polygon",
        "coordinates": [
          [
            [
              78.36395348238375,
              17.454398795782524
            ],
            [
              78.36391681052704,
              17.454229472560854
            ],
            [
              78.36403256863258,
              17.454206657318494
            ],
            [
              78.36402140763269,
              17.454155124126373
            ],
            [
              78.36407542808193,
              17.45414447700928
            ],
            [
              78.36412326093853,
              17.45436533345716
            ],
            [
              78.36395348238375,
              17.454398795782524
            ]
          ]
        ]
      },
      "id": "MS-123301331-197952"
    },
    {
      "type": "Feature",
      "properties": {
        "height": -1.0,
        "confidence": -1.0,
        "source": "Microsoft GlobalMLBuildingFootprints",
        "synthetic": false,
        "source_quadkey": "123301331",
        "source_line": 198547,
        "crosses_aoi_boundary": false
      },
      "geometry": {
        "type": "Polygon",
        "coordinates": [
          [
            [
              78.35264343070799,
              17.45842304174724
            ],
            [
              78.35269737010717,
              17.458395193270306
            ],
            [
              78.35272273932797,
              17.458439913649713
            ],
            [
              78.35266879834862,
              17.458467759334283
            ],
            [
              78.35264343070799,
              17.45842304174724
            ]
          ]
        ]
      },
      "id": "MS-123301331-198547"
    },
    {
      "type": "Feature",
      "properties": {
        "height": -1.0,
        "confidence": -1.0,
        "source": "Microsoft GlobalMLBuildingFootprints",
        "synthetic": false,
        "source_quadkey": "123301331",
        "source_line": 198575,
        "crosses_aoi_boundary": false
      },
      "geometry": {
        "type": "Polygon",
        "coordinates": [
          [
            [
              78.35492368957779,
              17.459743341651503
            ],
            [
              78.3548421845222,
              17.459781024908608
            ],
            [
              78.35480389865322,
              17.459705681882838
            ],
            [
              78.35488540594616,
              17.45966799213393
            ],
            [
              78.35492368957779,
              17.459743341651503
            ]
          ]
        ]
      },
      "id": "MS-123301331-198575"
    },
    {
      "type": "Feature",
      "properties": {
        "height": -1.0,
        "confidence": -1.0,
        "source": "Microsoft GlobalMLBuildingFootprints",
        "synthetic": false,
        "source_quadkey": "123301331",
        "source_line": 198653,
        "crosses_aoi_boundary": true
      },
      "geometry": {
        "type": "Polygon",
        "coordinates": [
          [
            [
              78.3641600386715,
              17.45220721966973
            ],
            [
              78.36406712095302,
              17.452216227646517
            ],
            [
              78.36407089801145,
              17.452251683832927
            ],
            [
              78.36395408716534,
              17.45226300814376
            ],
            [
              78.36387325772364,
              17.451504240624303
            ],
            [
              78.36401661548014,
              17.45149033307473
            ],
            [
              78.36402875593961,
              17.45160429901523
            ],
            [
              78.36411513509024,
              17.451595919129332
            ],
            [
              78.36412528820024,
              17.451691163610107
            ],
            [
              78.3641052713242,
              17.451693104166438
            ],
            [
              78.3641600386715,
              17.45220721966973
            ]
          ]
        ]
      },
      "id": "MS-123301331-198653"
    },
    {
      "type": "Feature",
      "properties": {
        "height": -1.0,
        "confidence": -1.0,
        "source": "Microsoft GlobalMLBuildingFootprints",
        "synthetic": false,
        "source_quadkey": "123301331",
        "source_line": 204280,
        "crosses_aoi_boundary": true
      },
      "geometry": {
        "type": "Polygon",
        "coordinates": [
          [
            [
              78.35013901700736,
              17.460605304882094
            ],
            [
              78.34996046165838,
              17.460692459748685
            ],
            [
              78.34987453537792,
              17.460532270194605
            ],
            [
              78.35005309072692,
              17.460445115251375
            ],
            [
              78.35013901700736,
              17.460605304882094
            ]
          ]
        ]
      },
      "id": "MS-123301331-204280"
    },
    {
      "type": "Feature",
      "properties": {
        "height": -1.0,
        "confidence": -1.0,
        "source": "Microsoft GlobalMLBuildingFootprints",
        "synthetic": false,
        "source_quadkey": "123301331",
        "source_line": 204288,
        "crosses_aoi_boundary": false
      },
      "geometry": {
        "type": "Polygon",
        "coordinates": [
          [
            [
              78.35085861353596,
              17.461393198080174
            ],
            [
              78.35076615764827,
              17.461434419330203
            ],
            [
              78.35072911834943,
              17.461358823222398
            ],
            [
              78.35069169572819,
              17.461375508018364
            ],
            [
              78.3506639162541,
              17.46131881092211
            ],
            [
              78.35079379476306,
              17.461260904841012
            ],
            [
              78.35085861353596,
              17.461393198080174
            ]
          ]
        ]
      },
      "id": "MS-123301331-204288"
    },
    {
      "type": "Feature",
      "properties": {
        "height": -1.0,
        "confidence": -1.0,
        "source": "Microsoft GlobalMLBuildingFootprints",
        "synthetic": false,
        "source_quadkey": "123301331",
        "source_line": 204302,
        "crosses_aoi_boundary": false
      },
      "geometry": {
        "type": "Polygon",
        "coordinates": [
          [
            [
              78.35194304869329,
              17.459056855703295
            ],
            [
              78.35181400860431,
              17.45911418190549
            ],
            [
              78.35166104237986,
              17.458800899217337
            ],
            [
              78.35177687636154,
              17.458749439755238
            ],
            [
              78.35185327357841,
              17.458905928807212
            ],
            [
              78.35186649822003,
              17.458900052856734
            ],
            [
              78.35194304869329,
              17.459056855703295
            ]
          ]
        ]
      },
      "id": "MS-123301331-204302"
    },
    {
      "type": "Feature",
      "properties": {
        "height": -1.0,
        "confidence": -1.0,
        "source": "Microsoft GlobalMLBuildingFootprints",
        "synthetic": false,
        "source_quadkey": "123301331",
        "source_line": 204310,
        "crosses_aoi_boundary": false
      },
      "geometry": {
        "type": "Polygon",
        "coordinates": [
          [
            [
              78.35307598566767,
              17.458856910416202
            ],
            [
              78.35324227662744,
              17.45881184597286
            ],
            [
              78.35329839615298,
              17.459000337129595
            ],
            [
              78.35325123814772,
              17.459013113673095
            ],
            [
              78.35326745140458,
              17.459067569822835
            ],
            [
              78.35321645964396,
              17.459081385042566
            ],
            [
              78.35320333822014,
              17.459037324425125
            ],
            [
              78.35313519821223,
              17.459055790179093
            ],
            [
              78.35307598566767,
              17.458856910416202
            ]
          ]
        ]
      },
      "id": "MS-123301331-204310"
    },
    {
      "type": "Feature",
      "properties": {
        "height": -1.0,
        "confidence": -1.0,
        "source": "Microsoft GlobalMLBuildingFootprints",
        "synthetic": false,
        "source_quadkey": "123301331",
        "source_line": 204314,
        "crosses_aoi_boundary": false
      },
      "geometry": {
        "type": "Polygon",
        "coordinates": [
          [
            [
              78.35315901918541,
              17.459912812363413
            ],
            [
              78.35324990390157,
              17.459877448949115
            ],
            [
              78.35337653346951,
              17.460173592271858
            ],
            [
              78.3532856673813,
              17.460208948380497
            ],
            [
              78.35315901918541,
              17.459912812363413
            ]
          ]
        ]
      },
      "id": "MS-123301331-204314"
    },
    {
      "type": "Feature",
      "properties": {
        "height": -1.0,
        "confidence": -1.0,
        "source": "Microsoft GlobalMLBuildingFootprints",
        "synthetic": false,
        "source_quadkey": "123301331",
        "source_line": 204343,
        "crosses_aoi_boundary": false
      },
      "geometry": {
        "type": "Polygon",
        "coordinates": [
          [
            [
              78.35388362335405,
              17.458987546990585
            ],
            [
              78.35395767671437,
              17.458959375280998
            ],
            [
              78.3540213555166,
              17.45911169676566
            ],
            [
              78.35394730215631,
              17.4591398684517
            ],
            [
              78.35388362335405,
              17.458987546990585
            ]
          ]
        ]
      },
      "id": "MS-123301331-204343"
    },
    {
      "type": "Feature",
      "properties": {
        "height": -1.0,
        "confidence": -1.0,
        "source": "Microsoft GlobalMLBuildingFootprints",
        "synthetic": false,
        "source_quadkey": "123301331",
        "source_line": 204352,
        "crosses_aoi_boundary": false
      },
      "geometry": {
        "type": "Polygon",
        "coordinates": [
          [
            [
              78.35630465581255,
              17.46170891011461
            ],
            [
              78.35617486425869,
              17.461761136146222
            ],
            [
              78.3562109779349,
              17.461842804280792
            ],
            [
              78.35606752770757,
              17.461900535876623
            ],
            [
              78.3559574512622,
              17.461651606933998
            ],
            [
              78.3560292348552,
              17.46162272235641
            ],
            [
              78.35604460515987,
              17.461657475312023
            ],
            [
              78.35610261095607,
              17.46163413470211
            ],
            [
              78.35608820332479,
              17.46160155298564
            ],
            [
              78.35623165714745,
              17.461543829425594
            ],
            [
              78.35630465581255,
              17.46170891011461
            ]
          ]
        ]
      },
      "id": "MS-123301331-204352"
    },
    {
      "type": "Feature",
      "properties": {
        "height": -1.0,
        "confidence": -1.0,
        "source": "Microsoft GlobalMLBuildingFootprints",
        "synthetic": false,
        "source_quadkey": "123301331",
        "source_line": 204370,
        "crosses_aoi_boundary": false
      },
      "geometry": {
        "type": "Polygon",
        "coordinates": [
          [
            [
              78.35813093785251,
              17.45048587048852
            ],
            [
              78.35801582610122,
              17.450498751793944
            ],
            [
              78.35799380379065,
              17.45031954381011
            ],
            [
              78.3581089025728,
              17.450306663943323
            ],
            [
              78.35813093785251,
              17.45048587048852
            ]
          ]
        ]
      },
      "id": "MS-123301331-204370"
    },
    {
      "type": "Feature",
      "properties": {
        "height": -1.0,
        "confidence": -1.0,
        "source": "Microsoft GlobalMLBuildingFootprints",
        "synthetic": false,
        "source_quadkey": "123301331",
        "source_line": 204432,
        "crosses_aoi_boundary": true
      },
      "geometry": {
        "type": "Polygon",
        "coordinates": [
          [
            [
              78.36403690421672,
              17.45258661929222
            ],
            [
              78.3640424003238,
              17.452716903350975
            ],
            [
              78.36388440631521,
              17.45272297943815
            ],
            [
              78.36387891020811,
              17.45259269538373
            ],
            [
              78.36403690421672,
              17.45258661929222
            ]
          ]
        ]
      },
      "id": "MS-123301331-204432"
    },
    {
      "type": "Feature",
      "properties": {
        "height": -1.0,
        "confidence": -1.0,
        "source": "Microsoft GlobalMLBuildingFootprints",
        "synthetic": false,
        "source_quadkey": "123301331",
        "source_line": 210710,
        "crosses_aoi_boundary": false
      },
      "geometry": {
        "type": "Polygon",
        "coordinates": [
          [
            [
              78.35025344337734,
              17.46056336673233
            ],
            [
              78.35017654572654,
              17.46041217091424
            ],
            [
              78.35025798642728,
              17.460374484917736
            ],
            [
              78.35025482661887,
              17.46036827121621
            ],
            [
              78.35034384893567,
              17.460327076880603
            ],
            [
              78.35045654876816,
              17.460548698820276
            ],
            [
              78.35038272538353,
              17.46058285993574
            ],
            [
              78.35035007403019,
              17.460518651750007
            ],
            [
              78.35025344337734,
              17.46056336673233
            ]
          ]
        ]
      },
      "id": "MS-123301331-210710"
    },
    {
      "type": "Feature",
      "properties": {
        "height": -1.0,
        "confidence": -1.0,
        "source": "Microsoft GlobalMLBuildingFootprints",
        "synthetic": false,
        "source_quadkey": "123301331",
        "source_line": 210732,
        "crosses_aoi_boundary": false
      },
      "geometry": {
        "type": "Polygon",
        "coordinates": [
          [
            [
              78.3517212244017,
              17.459954991522537
            ],
            [
              78.35162156137847,
              17.45999097592913
            ],
            [
              78.35153366376144,
              17.4597694077233
            ],
            [
              78.3516333125655,
              17.45973342840695
            ],
            [
              78.3517212244017,
              17.459954991522537
            ]
          ]
        ]
      },
      "id": "MS-123301331-210732"
    },
    {
      "type": "Feature",
      "properties": {
        "height": -1.0,
        "confidence": -1.0,
        "source": "Microsoft GlobalMLBuildingFootprints",
        "synthetic": false,
        "source_quadkey": "123301331",
        "source_line": 215429,
        "crosses_aoi_boundary": true
      },
      "geometry": {
        "type": "Polygon",
        "coordinates": [
          [
            [
              78.3500998328257,
              17.45931505408207
            ],
            [
              78.34996395923493,
              17.459370716941294
            ],
            [
              78.34989782800128,
              17.459223821143368
            ],
            [
              78.35003370159205,
              17.45916815823925
            ],
            [
              78.3500998328257,
              17.45931505408207
            ]
          ]
        ]
      },
      "id": "MS-123301331-215429"
    },
    {
      "type": "Feature",
      "properties": {
        "height": -1.0,
        "confidence": -1.0,
        "source": "Microsoft GlobalMLBuildingFootprints",
        "synthetic": false,
        "source_quadkey": "123301331",
        "source_line": 215469,
        "crosses_aoi_boundary": false
      },
      "geometry": {
        "type": "Polygon",
        "coordinates": [
          [
            [
              78.35392227591048,
              17.45978295213655
            ],
            [
              78.35400381247662,
              17.459749565745184
            ],
            [
              78.35405853547043,
              17.459871179797517
            ],
            [
              78.3540572695099,
              17.459838562252912
            ],
            [
              78.35415999340657,
              17.460066851290392
            ],
            [
              78.35423985982345,
              17.460034148818153
            ],
            [
              78.35427134768217,
              17.460033038824463
            ],
            [
              78.35427031098776,
              17.460006328359327
            ],
            [
              78.35431507078266,
              17.45998800080143
            ],
            [
              78.35434927579297,
              17.459986795023823
            ],
            [
              78.35435889549632,
              17.4600081734212
            ],
            [
              78.35435685270363,
              17.459955540789196
            ],
            [
              78.35448760360318,
              17.459902002885684
            ],
            [
              78.35449330410452,
              17.460049154696634
            ],
            [
              78.35461116005173,
              17.46004499223153
            ],
            [
              78.35461330269044,
              17.460100301927213
            ],
            [
              78.35457489046,
              17.460101656014785
            ],
            [
              78.35434984928843,
              17.460193802363975
            ],
            [
              78.35433623674537,
              17.46016355542072
            ],
            [
              78.35429210512793,
              17.46018162574468
            ],
            [
              78.35431870542078,
              17.460240740973262
            ],
            [
              78.35415790127234,
              17.460306595238436
            ],
            [
              78.35392227591048,
              17.45978295213655
            ]
          ]
        ]
      },
      "id": "MS-123301331-215469"
    },
    {
      "type": "Feature",
      "properties": {
        "height": -1.0,
        "confidence": -1.0,
        "source": "Microsoft GlobalMLBuildingFootprints",
        "synthetic": false,
        "source_quadkey": "123301331",
        "source_line": 215485,
        "crosses_aoi_boundary": false
      },
      "geometry": {
        "type": "Polygon",
        "coordinates": [
          [
            [
              78.35521158815249,
              17.461698118489664
            ],
            [
              78.3552430764947,
              17.461749714152276
            ],
            [
              78.35516695239755,
              17.461791988838172
            ],
            [
              78.35513546405534,
              17.461740393187526
            ],
            [
              78.35521158815249,
              17.461698118489664
            ]
          ]
        ]
      },
      "id": "MS-123301331-215485"
    },
    {
      "type": "Feature",
      "properties": {
        "height": -1.0,
        "confidence": -1.0,
        "source": "Microsoft GlobalMLBuildingFootprints",
        "synthetic": false,
        "source_quadkey": "123301331",
        "source_line": 215557,
        "crosses_aoi_boundary": false
      },
      "geometry": {
        "type": "Polygon",
        "coordinates": [
          [
            [
              78.36134069480082,
              17.45895926045803
            ],
            [
              78.36129901670736,
              17.458960228809715
            ],
            [
              78.36129446382405,
              17.45878242125667
            ],
            [
              78.36133615488426,
              17.458781449819284
            ],
            [
              78.36134069480082,
              17.45895926045803
            ]
          ]
        ]
      },
      "id": "MS-123301331-215557"
    },
    {
      "type": "Feature",
      "properties": {
        "height": -1.0,
        "confidence": -1.0,
        "source": "Microsoft GlobalMLBuildingFootprints",
        "synthetic": false,
        "source_quadkey": "123301331",
        "source_line": 217074,
        "crosses_aoi_boundary": false
      },
      "geometry": {
        "type": "Polygon",
        "coordinates": [
          [
            [
              78.35141117092606,
              17.457586138171408
            ],
            [
              78.35150914818944,
              17.457538542512097
            ],
            [
              78.35161976705523,
              17.45774578950993
            ],
            [
              78.35152178979183,
              17.45779338511508
            ],
            [
              78.35141117092606,
              17.457586138171408
            ]
          ]
        ]
      },
      "id": "MS-123301331-217074"
    },
    {
      "type": "Feature",
      "properties": {
        "height": -1.0,
        "confidence": -1.0,
        "source": "Microsoft GlobalMLBuildingFootprints",
        "synthetic": false,
        "source_quadkey": "123301331",
        "source_line": 217092,
        "crosses_aoi_boundary": false
      },
      "geometry": {
        "type": "Polygon",
        "coordinates": [
          [
            [
              78.35364098112225,
              17.459311324520826
            ],
            [
              78.35371054301547,
              17.459285051937044
            ],
            [
              78.35374359270445,
              17.459364680564704
            ],
            [
              78.35367403081125,
              17.45939095313703
            ],
            [
              78.35364098112225,
              17.459311324520826
            ]
          ]
        ]
      },
      "id": "MS-123301331-217092"
    },
    {
      "type": "Feature",
      "properties": {
        "height": -1.0,
        "confidence": -1.0,
        "source": "Microsoft GlobalMLBuildingFootprints",
        "synthetic": false,
        "source_quadkey": "123301331",
        "source_line": 217128,
        "crosses_aoi_boundary": false
      },
      "geometry": {
        "type": "Polygon",
        "coordinates": [
          [
            [
              78.3578053518593,
              17.4508779184588
            ],
            [
              78.3576350991184,
              17.450879680398685
            ],
            [
              78.35763287371917,
              17.450685237661915
            ],
            [
              78.35780314072379,
              17.450683475572504
            ],
            [
              78.3578053518593,
              17.4508779184588
            ]
          ]
        ]
      },
      "id": "MS-123301331-217128"
    },
    {
      "type": "Feature",
      "properties": {
        "height": -1.0,
        "confidence": -1.0,
        "source": "Microsoft GlobalMLBuildingFootprints",
        "synthetic": false,
        "source_quadkey": "123301331",
        "source_line": 217154,
        "crosses_aoi_boundary": false
      },
      "geometry": {
        "type": "Polygon",
        "coordinates": [
          [
            [
              78.36084110125401,
              17.45641678841814
            ],
            [
              78.36079474439354,
              17.456425794980817
            ],
            [
              78.36077953327833,
              17.45635454855281
            ],
            [
              78.3608258901388,
              17.456345541986593
            ],
            [
              78.36084110125401,
              17.45641678841814
            ]
          ]
        ]
      },
      "id": "MS-123301331-217154"
    },
    {
      "type": "Feature",
      "properties": {
        "height": -1.0,
        "confidence": -1.0,
        "source": "Microsoft GlobalMLBuildingFootprints",
        "synthetic": false,
        "source_quadkey": "123301331",
        "source_line": 217162,
        "crosses_aoi_boundary": false
      },
      "geometry": {
        "type": "Polygon",
        "coordinates": [
          [
            [
              78.36134282062434,
              17.45151895902464
            ],
            [
              78.3612720216276,
              17.45166733139419
            ],
            [
              78.36120433981245,
              17.451637944804588
            ],
            [
              78.36122604970916,
              17.451592440716837
            ],
            [
              78.36119494343409,
              17.45157893268309
            ],
            [
              78.36124402269581,
              17.451476062174933
            ],
            [
              78.36134282062434,
              17.45151895902464
            ]
          ]
        ]
      },
      "id": "MS-123301331-217162"
    },
    {
      "type": "Feature",
      "properties": {
        "height": -1.0,
        "confidence": -1.0,
        "source": "Microsoft GlobalMLBuildingFootprints",
        "synthetic": false,
        "source_quadkey": "123301331",
        "source_line": 221935,
        "crosses_aoi_boundary": true
      },
      "geometry": {
        "type": "Polygon",
        "coordinates": [
          [
            [
              78.35933148685928,
              17.450097348083688
            ],
            [
              78.35935122115887,
              17.450062778323385
            ],
            [
              78.35927881683098,
              17.450025162791107
            ],
            [
              78.35935429741616,
              17.449892938819374
            ],
            [
              78.35953634258343,
              17.4499875150686
            ],
            [
              78.35954422861474,
              17.449973700625407
            ],
            [
              78.35959076098945,
              17.449997875155475
            ],
            [
              78.35948767488411,
              17.45017848049349
            ],
            [
              78.35933148685928,
              17.450097348083688
            ]
          ]
        ]
      },
      "id": "MS-123301331-221935"
    },
    {
      "type": "Feature",
      "properties": {
        "height": -1.0,
        "confidence": -1.0,
        "source": "Microsoft GlobalMLBuildingFootprints",
        "synthetic": false,
        "source_quadkey": "123301331",
        "source_line": 221953,
        "crosses_aoi_boundary": false
      },
      "geometry": {
        "type": "Polygon",
        "coordinates": [
          [
            [
              78.36145285931163,
              17.450578788244627
            ],
            [
              78.36137786893987,
              17.450743332506576
            ],
            [
              78.36131580436523,
              17.450717590590855
            ],
            [
              78.36133391631365,
              17.45067785566428
            ],
            [
              78.36130349121969,
              17.450665234510566
            ],
            [
              78.36134324562057,
              17.450578005179466
            ],
            [
              78.36132971079196,
              17.450572391466395
            ],
            [
              78.36134683920076,
              17.450534808201027
            ],
            [
              78.36145285931163,
              17.450578788244627
            ]
          ]
        ]
      },
      "id": "MS-123301331-221953"
    },
    {
      "type": "Feature",
      "properties": {
        "height": -1.0,
        "confidence": -1.0,
        "source": "Microsoft GlobalMLBuildingFootprints",
        "synthetic": false,
        "source_quadkey": "123301331",
        "source_line": 221975,
        "crosses_aoi_boundary": false
      },
      "geometry": {
        "type": "Polygon",
        "coordinates": [
          [
            [
              78.36372824528802,
              17.4592033043009
            ],
            [
              78.36327632827245,
              17.459255954437467
            ],
            [
              78.36325373471522,
              17.45907948171339
            ],
            [
              78.36313745197438,
              17.4590930291276
            ],
            [
              78.36312421860518,
              17.458989666460354
            ],
            [
              78.36308193397215,
              17.45899459279535
            ],
            [
              78.36307031442843,
              17.458903835285525
            ],
            [
              78.36300953026844,
              17.458910916895377
            ],
            [
              78.36295982444258,
              17.45852267594138
            ],
            [
              78.36310105417564,
              17.45850622204904
            ],
            [
              78.3631011893925,
              17.458507277593426
            ],
            [
              78.36329823498785,
              17.458484307746687
            ],
            [
              78.3633000380975,
              17.458498391445346
            ],
            [
              78.36338841072889,
              17.458488095639325
            ],
            [
              78.36339293199177,
              17.458523390015145
            ],
            [
              78.3636375482941,
              17.458494891126577
            ],
            [
              78.36372824528802,
              17.4592033043009
            ]
          ]
        ]
      },
      "id": "MS-123301331-221975"
    },
    {
      "type": "Feature",
      "properties": {
        "height": -1.0,
        "confidence": -1.0,
        "source": "Microsoft GlobalMLBuildingFootprints",
        "synthetic": false,
        "source_quadkey": "123301331",
        "source_line": 223508,
        "crosses_aoi_boundary": false
      },
      "geometry": {
        "type": "Polygon",
        "coordinates": [
          [
            [
              78.3538334301389,
              17.458382649912494
            ],
            [
              78.35376873195673,
              17.45840397125764
            ],
            [
              78.35372154663952,
              17.45827367794915
            ],
            [
              78.35378624482165,
              17.458252356588773
            ],
            [
              78.3538334301389,
              17.458382649912494
            ]
          ]
        ]
      },
      "id": "MS-123301331-223508"
    },
    {
      "type": "Feature",
      "properties": {
        "height": -1.0,
        "confidence": -1.0,
        "source": "Microsoft GlobalMLBuildingFootprints",
        "synthetic": false,
        "source_quadkey": "123301331",
        "source_line": 223574,
        "crosses_aoi_boundary": false
      },
      "geometry": {
        "type": "Polygon",
        "coordinates": [
          [
            [
              78.36095485723101,
              17.451004180701972
            ],
            [
              78.36104020198091,
              17.451047914794927
            ],
            [
              78.36102454788713,
              17.45107571559376
            ],
            [
              78.36093920313722,
              17.45103198150744
            ],
            [
              78.36095485723101,
              17.451004180701972
            ]
          ]
        ]
      },
      "id": "MS-123301331-223574"
    },
    {
      "type": "Feature",
      "properties": {
        "height": -1.0,
        "confidence": -1.0,
        "source": "Microsoft GlobalMLBuildingFootprints",
        "synthetic": false,
        "source_quadkey": "123301331",
        "source_line": 223576,
        "crosses_aoi_boundary": false
      },
      "geometry": {
        "type": "Polygon",
        "coordinates": [
          [
            [
              78.3609732234892,
              17.451166166059437
            ],
            [
              78.36105319692707,
              17.45120613845131
            ],
            [
              78.36102290775142,
              17.45126129574723
            ],
            [
              78.36094293201279,
              17.451221327557235
            ],
            [
              78.3609732234892,
              17.451166166059437
            ]
          ]
        ]
      },
      "id": "MS-123301331-223576"
    },
    {
      "type": "Feature",
      "properties": {
        "height": -1.0,
        "confidence": -1.0,
        "source": "Microsoft GlobalMLBuildingFootprints",
        "synthetic": false,
        "source_quadkey": "123301331",
        "source_line": 228405,
        "crosses_aoi_boundary": false
      },
      "geometry": {
        "type": "Polygon",
        "coordinates": [
          [
            [
              78.35109753632048,
              17.454596951412796
            ],
            [
              78.35071014649499,
              17.454269247493542
            ],
            [
              78.35088383876247,
              17.45408239272882
            ],
            [
              78.3512712151293,
              17.454410111462693
            ],
            [
              78.35109753632048,
              17.454596951412796
            ]
          ]
        ]
      },
      "id": "MS-123301331-228405"
    },
    {
      "type": "Feature",
      "properties": {
        "height": -1.0,
        "confidence": -1.0,
        "source": "Microsoft GlobalMLBuildingFootprints",
        "synthetic": false,
        "source_quadkey": "123301331",
        "source_line": 228441,
        "crosses_aoi_boundary": false
      },
      "geometry": {
        "type": "Polygon",
        "coordinates": [
          [
            [
              78.35484490399465,
              17.45967832250828
            ],
            [
              78.35467974377019,
              17.45972507616385
            ],
            [
              78.3546289935379,
              17.459561975009237
            ],
            [
              78.35479415060912,
              17.45951521117786
            ],
            [
              78.35484490399465,
              17.45967832250828
            ]
          ]
        ]
      },
      "id": "MS-123301331-228441"
    },
    {
      "type": "Feature",
      "properties": {
        "height": -1.0,
        "confidence": -1.0,
        "source": "Microsoft GlobalMLBuildingFootprints",
        "synthetic": false,
        "source_quadkey": "123301331",
        "source_line": 228445,
        "crosses_aoi_boundary": false
      },
      "geometry": {
        "type": "Polygon",
        "coordinates": [
          [
            [
              78.3549413607735,
              17.46049328268346
            ],
            [
              78.3549388263724,
              17.460483655302127
            ],
            [
              78.35485051789244,
              17.460504809531344
            ],
            [
              78.35477362162436,
              17.46021270493067
            ],
            [
              78.35485940558662,
              17.46019214968753
            ],
            [
              78.3548492681498,
              17.460153640732173
            ],
            [
              78.35492495988122,
              17.460135503747168
            ],
            [
              78.35492392581742,
              17.460131575661023
            ],
            [
              78.35501980359561,
              17.460108608164973
            ],
            [
              78.3550214696641,
              17.460114937040743
            ],
            [
              78.3551463177004,
              17.46008502138848
            ],
            [
              78.35517570781275,
              17.46019663415565
            ],
            [
              78.35515804640873,
              17.460200864938415
            ],
            [
              78.35521041110036,
              17.460399726479068
            ],
            [
              78.35516880224898,
              17.460409696630663
            ],
            [
              78.35517600902021,
              17.46043707286539
            ],
            [
              78.3549413607735,
              17.46049328268346
            ]
          ]
        ]
      },
      "id": "MS-123301331-228445"
    },
    {
      "type": "Feature",
      "properties": {
        "height": -1.0,
        "confidence": -1.0,
        "source": "Microsoft GlobalMLBuildingFootprints",
        "synthetic": false,
        "source_quadkey": "123301331",
        "source_line": 228449,
        "crosses_aoi_boundary": false
      },
      "geometry": {
        "type": "Polygon",
        "coordinates": [
          [
            [
              78.35515916459707,
              17.459040633059857
            ],
            [
              78.35510897527398,
              17.45908325943158
            ],
            [
              78.35504636353079,
              17.45901618004332
            ],
            [
              78.3550965555992,
              17.458973551324263
            ],
            [
              78.35515916459707,
              17.459040633059857
            ]
          ]
        ]
      },
      "id": "MS-123301331-228449"
    },
    {
      "type": "Feature",
      "properties": {
        "height": -1.0,
        "confidence": -1.0,
        "source": "Microsoft GlobalMLBuildingFootprints",
        "synthetic": false,
        "source_quadkey": "123301331",
        "source_line": 230032,
        "crosses_aoi_boundary": false
      },
      "geometry": {
        "type": "Polygon",
        "coordinates": [
          [
            [
              78.36139547997817,
              17.461097259788573
            ],
            [
              78.36148914508165,
              17.46133188929082
            ],
            [
              78.36131814193817,
              17.461394008098452
            ],
            [
              78.36127532360517,
              17.461286748971517
            ],
            [
              78.36129874869332,
              17.461278239542054
            ],
            [
              78.36124790192284,
              17.46115086924081
            ],
            [
              78.36139547997817,
              17.461097259788573
            ]
          ]
        ]
      },
      "id": "MS-123301331-230032"
    },
    {
      "type": "Feature",
      "properties": {
        "height": -1.0,
        "confidence": -1.0,
        "source": "Microsoft GlobalMLBuildingFootprints",
        "synthetic": false,
        "source_quadkey": "123301331",
        "source_line": 236366,
        "crosses_aoi_boundary": false
      },
      "geometry": {
        "type": "Polygon",
        "coordinates": [
          [
            [
              78.35552869741973,
              17.450360648315083
            ],
            [
              78.35546739418577,
              17.45037631661266
            ],
            [
              78.35543360620711,
              17.450256038570814
            ],
            [
              78.35549491660167,
              17.450240364339194
            ],
            [
              78.35552869741973,
              17.450360648315083
            ]
          ]
        ]
      },
      "id": "MS-123301331-236366"
    },
    {
      "type": "Feature",
      "properties": {
        "height": -1.0,
        "confidence": -1.0,
        "source": "Microsoft GlobalMLBuildingFootprints",
        "synthetic": false,
        "source_quadkey": "123301331",
        "source_line": 236368,
        "crosses_aoi_boundary": false
      },
      "geometry": {
        "type": "Polygon",
        "coordinates": [
          [
            [
              78.35579251868042,
              17.45014088992393
            ],
            [
              78.35592454528306,
              17.45048171931704
            ],
            [
              78.35575582985668,
              17.450541197113722
            ],
            [
              78.35561191061463,
              17.450169737069487
            ],
            [
              78.35570277215768,
              17.450137705291993
            ],
            [
              78.3557146425914,
              17.450168349087647
            ],
            [
              78.35579251868042,
              17.45014088992393
            ]
          ]
        ]
      },
      "id": "MS-123301331-236368"
    },
    {
      "type": "Feature",
      "properties": {
        "height": -1.0,
        "confidence": -1.0,
        "source": "Microsoft GlobalMLBuildingFootprints",
        "synthetic": false,
        "source_quadkey": "123301331",
        "source_line": 241461,
        "crosses_aoi_boundary": false
      },
      "geometry": {
        "type": "Polygon",
        "coordinates": [
          [
            [
              78.35042623057706,
              17.4593775231463
            ],
            [
              78.35055432300827,
              17.459337029347097
            ],
            [
              78.35060040038523,
              17.459469691591465
            ],
            [
              78.35047230527742,
              17.45951017765512
            ],
            [
              78.35042623057706,
              17.4593775231463
            ]
          ]
        ]
      },
      "id": "MS-123301331-241461"
    },
    {
      "type": "Feature",
      "properties": {
        "height": -1.0,
        "confidence": -1.0,
        "source": "Microsoft GlobalMLBuildingFootprints",
        "synthetic": false,
        "source_quadkey": "123301331",
        "source_line": 241463,
        "crosses_aoi_boundary": false
      },
      "geometry": {
        "type": "Polygon",
        "coordinates": [
          [
            [
              78.3505706968185,
              17.457893910774573
            ],
            [
              78.35046346952274,
              17.457930164076558
            ],
            [
              78.35038108112263,
              17.457708457670478
            ],
            [
              78.35048830605504,
              17.45767219796454
            ],
            [
              78.3505706968185,
              17.457893910774573
            ]
          ]
        ]
      },
      "id": "MS-123301331-241463"
    },
    {
      "type": "Feature",
      "properties": {
        "height": -1.0,
        "confidence": -1.0,
        "source": "Microsoft GlobalMLBuildingFootprints",
        "synthetic": false,
        "source_quadkey": "123301331",
        "source_line": 241517,
        "crosses_aoi_boundary": true
      },
      "geometry": {
        "type": "Polygon",
        "coordinates": [
          [
            [
              78.3563036729144,
              17.461955749110828
            ],
            [
              78.35635984111673,
              17.462096552394968
            ],
            [
              78.35622863619979,
              17.462144178814015
            ],
            [
              78.35617246799742,
              17.46200337556671
            ],
            [
              78.3563036729144,
              17.461955749110828
            ]
          ]
        ]
      },
      "id": "MS-123301331-241517"
    },
    {
      "type": "Feature",
      "properties": {
        "height": -1.0,
        "confidence": -1.0,
        "source": "Microsoft GlobalMLBuildingFootprints",
        "synthetic": false,
        "source_quadkey": "123301331",
        "source_line": 242546,
        "crosses_aoi_boundary": false
      },
      "geometry": {
        "type": "Polygon",
        "coordinates": [
          [
            [
              78.35113995173982,
              17.459385785107926
            ],
            [
              78.35126358153794,
              17.459336937513157
            ],
            [
              78.35130530550518,
              17.459433032011788
            ],
            [
              78.35118167570707,
              17.45948187958078
            ],
            [
              78.35113995173982,
              17.459385785107926
            ]
          ]
        ]
      },
      "id": "MS-123301331-242546"
    },
    {
      "type": "Feature",
      "properties": {
        "height": -1.0,
        "confidence": -1.0,
        "source": "Microsoft GlobalMLBuildingFootprints",
        "synthetic": false,
        "source_quadkey": "123301331",
        "source_line": 242654,
        "crosses_aoi_boundary": true
      },
      "geometry": {
        "type": "Polygon",
        "coordinates": [
          [
            [
              78.36402842573212,
              17.453281434065076
            ],
            [
              78.3640441687128,
              17.453407583391808
            ],
            [
              78.36396062880152,
              17.453417065440348
            ],
            [
              78.36395225728585,
              17.45334994460275
            ],
            [
              78.36392052032527,
              17.45335354897
            ],
            [
              78.36391315772558,
              17.45329451736336
            ],
            [
              78.36402842573212,
              17.453281434065076
            ]
          ]
        ]
      },
      "id": "MS-123301331-242654"
    },
    {
      "type": "Feature",
      "properties": {
        "height": -1.0,
        "confidence": -1.0,
        "source": "Microsoft GlobalMLBuildingFootprints",
        "synthetic": false,
        "source_quadkey": "123301331",
        "source_line": 248037,
        "crosses_aoi_boundary": false
      },
      "geometry": {
        "type": "Polygon",
        "coordinates": [
          [
            [
              78.35128252588795,
              17.458371445529053
            ],
            [
              78.35132392541595,
              17.458455164850463
            ],
            [
              78.3512220347291,
              17.458501008281644
            ],
            [
              78.35118064022568,
              17.45841728672059
            ],
            [
              78.35128252588795,
              17.458371445529053
            ]
          ]
        ]
      },
      "id": "MS-123301331-248037"
    },
    {
      "type": "Feature",
      "properties": {
        "height": -1.0,
        "confidence": -1.0,
        "source": "Microsoft GlobalMLBuildingFootprints",
        "synthetic": false,
        "source_quadkey": "123301331",
        "source_line": 248045,
        "crosses_aoi_boundary": false
      },
      "geometry": {
        "type": "Polygon",
        "coordinates": [
          [
            [
              78.35195806507602,
              17.459092533619796
            ],
            [
              78.35190649159941,
              17.45896578732234
            ],
            [
              78.35204402087034,
              17.458914863490776
            ],
            [
              78.35209559434695,
              17.459041609823657
            ],
            [
              78.35195806507602,
              17.459092533619796
            ]
          ]
        ]
      },
      "id": "MS-123301331-248045"
    },
    {
      "type": "Feature",
      "properties": {
        "height": -1.0,
        "confidence": -1.0,
        "source": "Microsoft GlobalMLBuildingFootprints",
        "synthetic": false,
        "source_quadkey": "123301331",
        "source_line": 248099,
        "crosses_aoi_boundary": true
      },
      "geometry": {
        "type": "Polygon",
        "coordinates": [
          [
            [
              78.35728702913696,
              17.45024478710269
            ],
            [
              78.3571167083897,
              17.450244525548214
            ],
            [
              78.35711718516735,
              17.449961973737203
            ],
            [
              78.35728748520359,
              17.44996222388974
            ],
            [
              78.35728702913696,
              17.45024478710269
            ]
          ]
        ]
      },
      "id": "MS-123301331-248099"
    },
    {
      "type": "Feature",
      "properties": {
        "height": -1.0,
        "confidence": -1.0,
        "source": "Microsoft GlobalMLBuildingFootprints",
        "synthetic": false,
        "source_quadkey": "123301331",
        "source_line": 248135,
        "crosses_aoi_boundary": false
      },
      "geometry": {
        "type": "Polygon",
        "coordinates": [
          [
            [
              78.36100898032682,
              17.461897871627386
            ],
            [
              78.36102279011136,
              17.46196167545162
            ],
            [
              78.36098162939129,
              17.46196978214661
            ],
            [
              78.36096781960674,
              17.46190597832522
            ],
            [
              78.36100898032682,
              17.461897871627386
            ]
          ]
        ]
      },
      "id": "MS-123301331-248135"
    },
    {
      "type": "Feature",
      "properties": {
        "height": -1.0,
        "confidence": -1.0,
        "source": "Microsoft GlobalMLBuildingFootprints",
        "synthetic": false,
        "source_quadkey": "123301331",
        "source_line": 248161,
        "crosses_aoi_boundary": false
      },
      "geometry": {
        "type": "Polygon",
        "coordinates": [
          [
            [
              78.36351926201888,
              17.456710792729723
            ],
            [
              78.36358667541435,
              17.456690606274847
            ],
            [
              78.36360475514982,
              17.45674556298364
            ],
            [
              78.36353734407662,
              17.45676574423632
            ],
            [
              78.36351926201888,
              17.456710792729723
            ]
          ]
        ]
      },
      "id": "MS-123301331-248161"
    },
    {
      "type": "Feature",
      "properties": {
        "height": -1.0,
        "confidence": -1.0,
        "source": "Microsoft GlobalMLBuildingFootprints",
        "synthetic": false,
        "source_quadkey": "123301331",
        "source_line": 248500,
        "crosses_aoi_boundary": false
      },
      "geometry": {
        "type": "Polygon",
        "coordinates": [
          [
            [
              78.35611253289075,
              17.461522242453256
            ],
            [
              78.35605705677983,
              17.461422345920255
            ],
            [
              78.35600679010226,
              17.461447747387666
            ],
            [
              78.35603341863548,
              17.46149569772365
            ],
            [
              78.35589727971694,
              17.461564493328623
            ],
            [
              78.3557707941841,
              17.46133672920628
            ],
            [
              78.35611111558211,
              17.461164753017414
            ],
            [
              78.35615327307657,
              17.461240676692952
            ],
            [
              78.35617320055124,
              17.46123060664901
            ],
            [
              78.35628637181748,
              17.46143439573271
            ],
            [
              78.35611253289075,
              17.461522242453256
            ]
          ]
        ]
      },
      "id": "MS-123301331-248500"
    },
    {
      "type": "Feature",
      "properties": {
        "height": -1.0,
        "confidence": -1.0,
        "source": "Microsoft GlobalMLBuildingFootprints",
        "synthetic": false,
        "source_quadkey": "123301331",
        "source_line": 248576,
        "crosses_aoi_boundary": false
      },
      "geometry": {
        "type": "Polygon",
        "coordinates": [
          [
            [
              78.36339248000424,
              17.450965109487655
            ],
            [
              78.36339183384823,
              17.45100242877193
            ],
            [
              78.36342272736002,
              17.45100291556487
            ],
            [
              78.3634180524104,
              17.45127406994162
            ],
            [
              78.36325842809319,
              17.451271554724997
            ],
            [
              78.3632586495478,
              17.451258764447843
            ],
            [
              78.36316747931464,
              17.4512573278691
            ],
            [
              78.36317100412457,
              17.451053749700776
            ],
            [
              78.36310128563039,
              17.451052655792964
            ],
            [
              78.36310288010537,
              17.450960565560635
            ],
            [
              78.36339248000424,
              17.450965109487655
            ]
          ]
        ]
      },
      "id": "MS-123301331-248576"
    },
    {
      "type": "Feature",
      "properties": {
        "height": -1.0,
        "confidence": -1.0,
        "source": "Microsoft GlobalMLBuildingFootprints",
        "synthetic": false,
        "source_quadkey": "123301331",
        "source_line": 254456,
        "crosses_aoi_boundary": false
      },
      "geometry": {
        "type": "Polygon",
        "coordinates": [
          [
            [
              78.35194227927515,
              17.460830559117724
            ],
            [
              78.35211894502378,
              17.460739726642274
            ],
            [
              78.35227353744548,
              17.461013332512593
            ],
            [
              78.3520968716969,
              17.461104164851605
            ],
            [
              78.35194227927515,
              17.460830559117724
            ]
          ]
        ]
      },
      "id": "MS-123301331-254456"
    },
    {
      "type": "Feature",
      "properties": {
        "height": -1.0,
        "confidence": -1.0,
        "source": "Microsoft GlobalMLBuildingFootprints",
        "synthetic": false,
        "source_quadkey": "123301331",
        "source_line": 254564,
        "crosses_aoi_boundary": false
      },
      "geometry": {
        "type": "Polygon",
        "coordinates": [
          [
            [
              78.3624876005348,
              17.451547026096165
            ],
            [
              78.36251225109233,
              17.451560028316166
            ],
            [
              78.36245773278198,
              17.45165409194395
            ],
            [
              78.3623221547156,
              17.45158257975936
            ],
            [
              78.36244141351943,
              17.451376815429782
            ],
            [
              78.36255234102829,
              17.451435325467145
            ],
            [
              78.3624876005348,
              17.451547026096165
            ]
          ]
        ]
      },
      "id": "MS-123301331-254564"
    },
    {
      "type": "Feature",
      "properties": {
        "height": -1.0,
        "confidence": -1.0,
        "source": "Microsoft GlobalMLBuildingFootprints",
        "synthetic": false,
        "source_quadkey": "123301331",
        "source_line": 260854,
        "crosses_aoi_boundary": false
      },
      "geometry": {
        "type": "Polygon",
        "coordinates": [
          [
            [
              78.36169895883354,
              17.454401456968384
            ],
            [
              78.3617534407231,
              17.454526937635805
            ],
            [
              78.36162894130848,
              17.45457613843729
            ],
            [
              78.36157444848003,
              17.45445065381358
            ],
            [
              78.36169895883354,
              17.454401456968384
            ]
          ]
        ]
      },
      "id": "MS-123301331-260854"
    },
    {
      "type": "Feature",
      "properties": {
        "height": -1.0,
        "confidence": -1.0,
        "source": "Microsoft GlobalMLBuildingFootprints",
        "synthetic": false,
        "source_quadkey": "123301331",
        "source_line": 261199,
        "crosses_aoi_boundary": false
      },
      "geometry": {
        "type": "Polygon",
        "coordinates": [
          [
            [
              78.3571982140657,
              17.450884433673394
            ],
            [
              78.35711921219027,
              17.45088794138846
            ],
            [
              78.35710919389408,
              17.4506825980545
            ],
            [
              78.35724170835863,
              17.450676705504577
            ],
            [
              78.35724707276019,
              17.450786493679487
            ],
            [
              78.35719354488147,
              17.45078887391405
            ],
            [
              78.3571982140657,
              17.450884433673394
            ]
          ]
        ]
      },
      "id": "MS-123301331-261199"
    },
    {
      "type": "Feature",
      "properties": {
        "height": -1.0,
        "confidence": -1.0,
        "source": "Microsoft GlobalMLBuildingFootprints",
        "synthetic": false,
        "source_quadkey": "123301331",
        "source_line": 261229,
        "crosses_aoi_boundary": false
      },
      "geometry": {
        "type": "Polygon",
        "coordinates": [
          [
            [
              78.36015493486342,
              17.450898849739914
            ],
            [
              78.36019172163745,
              17.450818145089045
            ],
            [
              78.36020860272909,
              17.45082514781771
            ],
            [
              78.36026942458416,
              17.450691735212928
            ],
            [
              78.36041945626972,
              17.450753972405508
            ],
            [
              78.36037237475463,
              17.45085726220023
            ],
            [
              78.3603610963081,
              17.4508525835996
            ],
            [
              78.360310573442,
              17.450963423140877
            ],
            [
              78.36015493486342,
              17.450898849739914
            ]
          ]
        ]
      },
      "id": "MS-123301331-261229"
    },
    {
      "type": "Feature",
      "properties": {
        "height": -1.0,
        "confidence": -1.0,
        "source": "Microsoft GlobalMLBuildingFootprints",
        "synthetic": false,
        "source_quadkey": "123301331",
        "source_line": 261231,
        "crosses_aoi_boundary": false
      },
      "geometry": {
        "type": "Polygon",
        "coordinates": [
          [
            [
              78.36017108241356,
              17.451102252841665
            ],
            [
              78.36018578579403,
              17.451074885297714
            ],
            [
              78.36013166430003,
              17.451048426850917
            ],
            [
              78.3601877230318,
              17.450944069888948
            ],
            [
              78.36030345116524,
              17.451000653810127
            ],
            [
              78.36023268452713,
              17.45113237245272
            ],
            [
              78.36017108241356,
              17.451102252841665
            ]
          ]
        ]
      },
      "id": "MS-123301331-261231"
    },
    {
      "type": "Feature",
      "properties": {
        "height": -1.0,
        "confidence": -1.0,
        "source": "Microsoft GlobalMLBuildingFootprints",
        "synthetic": false,
        "source_quadkey": "123301331",
        "source_line": 267225,
        "crosses_aoi_boundary": false
      },
      "geometry": {
        "type": "Polygon",
        "coordinates": [
          [
            [
              78.35090951373738,
              17.46128739081479
            ],
            [
              78.35099943055741,
              17.461252722443376
            ],
            [
              78.35102272739051,
              17.461307705422954
            ],
            [
              78.35093281057048,
              17.46134237378388
            ],
            [
              78.35090951373738,
              17.46128739081479
            ]
          ]
        ]
      },
      "id": "MS-123301331-267225"
    },
    {
      "type": "Feature",
      "properties": {
        "height": -1.0,
        "confidence": -1.0,
        "source": "Microsoft GlobalMLBuildingFootprints",
        "synthetic": false,
        "source_quadkey": "123301331",
        "source_line": 267311,
        "crosses_aoi_boundary": false
      },
      "geometry": {
        "type": "Polygon",
        "coordinates": [
          [
            [
              78.36007565885063,
              17.450718601928912
            ],
            [
              78.36009568159169,
              17.450672841035285
            ],
            [
              78.3600545656209,
              17.45065646857391
            ],
            [
              78.36008221607291,
              17.450593274934334
            ],
            [
              78.36022612197071,
              17.450650578562573
            ],
            [
              78.3601784487776,
              17.450759533065636
            ],
            [
              78.36007565885063,
              17.450718601928912
            ]
          ]
        ]
      },
      "id": "MS-123301331-267311"
    },
    {
      "type": "Feature",
      "properties": {
        "height": -1.0,
        "confidence": -1.0,
        "source": "Microsoft GlobalMLBuildingFootprints",
        "synthetic": false,
        "source_quadkey": "123301331",
        "source_line": 273321,
        "crosses_aoi_boundary": false
      },
      "geometry": {
        "type": "Polygon",
        "coordinates": [
          [
            [
              78.3535260911269,
              17.46008212902926
            ],
            [
              78.3533946031211,
              17.4601387164263
            ],
            [
              78.35324982081868,
              17.45983258237733
            ],
            [
              78.35338130882447,
              17.45977599488519
            ],
            [
              78.3535260911269,
              17.46008212902926
            ]
          ]
        ]
      },
      "id": "MS-123301331-273321"
    },
    {
      "type": "Feature",
      "properties": {
        "height": -1.0,
        "confidence": -1.0,
        "source": "Microsoft GlobalMLBuildingFootprints",
        "synthetic": false,
        "source_quadkey": "123301331",
        "source_line": 273327,
        "crosses_aoi_boundary": false
      },
      "geometry": {
        "type": "Polygon",
        "coordinates": [
          [
            [
              78.35408337558479,
              17.461600104660917
            ],
            [
              78.35408730053572,
              17.461683430887433
            ],
            [
              78.3540417947137,
              17.461685378329364
            ],
            [
              78.35403786990557,
              17.46160205513577
            ],
            [
              78.35408337558479,
              17.461600104660917
            ]
          ]
        ]
      },
      "id": "MS-123301331-273327"
    },
    {
      "type": "Feature",
      "properties": {
        "height": -1.0,
        "confidence": -1.0,
        "source": "Microsoft GlobalMLBuildingFootprints",
        "synthetic": false,
        "source_quadkey": "123301331",
        "source_line": 273393,
        "crosses_aoi_boundary": false
      },
      "geometry": {
        "type": "Polygon",
        "coordinates": [
          [
            [
              78.36001708862752,
              17.450701091711935
            ],
            [
              78.36015971553611,
              17.450761009505953
            ],
            [
              78.36011222862068,
              17.45086388064965
            ],
            [
              78.3600133805659,
              17.450822354448192
            ],
            [
              78.36003019884846,
              17.45078592091646
            ],
            [
              78.35998642407726,
              17.45076753106916
            ],
            [
              78.36001708862752,
              17.450701091711935
            ]
          ]
        ]
      },
      "id": "MS-123301331-273393"
    },
    {
      "type": "Feature",
      "properties": {
        "height": -1.0,
        "confidence": -1.0,
        "source": "Microsoft GlobalMLBuildingFootprints",
        "synthetic": false,
        "source_quadkey": "123301331",
        "source_line": 273744,
        "crosses_aoi_boundary": false
      },
      "geometry": {
        "type": "Polygon",
        "coordinates": [
          [
            [
              78.36114726402047,
              17.454558637324936
            ],
            [
              78.36108195869664,
              17.454560965664683
            ],
            [
              78.361079451389,
              17.454497087370726
            ],
            [
              78.36114476139284,
              17.454494758863305
            ],
            [
              78.36114726402047,
              17.454558637324936
            ]
          ]
        ]
      },
      "id": "MS-123301331-273744"
    },
    {
      "type": "Feature",
      "properties": {
        "height": -1.0,
        "confidence": -1.0,
        "source": "Microsoft GlobalMLBuildingFootprints",
        "synthetic": false,
        "source_quadkey": "123301331",
        "source_line": 279683,
        "crosses_aoi_boundary": false
      },
      "geometry": {
        "type": "Polygon",
        "coordinates": [
          [
            [
              78.35144770763127,
              17.458107229655937
            ],
            [
              78.35154733920298,
              17.458061963541425
            ],
            [
              78.35167853897535,
              17.458324745583226
            ],
            [
              78.35157892311838,
              17.458370004492707
            ],
            [
              78.35144770763127,
              17.458107229655937
            ]
          ]
        ]
      },
      "id": "MS-123301331-279683"
    },
    {
      "type": "Feature",
      "properties": {
        "height": -1.0,
        "confidence": -1.0,
        "source": "Microsoft GlobalMLBuildingFootprints",
        "synthetic": false,
        "source_quadkey": "123301331",
        "source_line": 279729,
        "crosses_aoi_boundary": false
      },
      "geometry": {
        "type": "Polygon",
        "coordinates": [
          [
            [
              78.35658827597655,
              17.450628564902573
            ],
            [
              78.35654307791278,
              17.450611436056178
            ],
            [
              78.3565334962898,
              17.45063444141209
            ],
            [
              78.3564686341176,
              17.450609856068894
            ],
            [
              78.35651925661884,
              17.45048831203256
            ],
            [
              78.35662930952567,
              17.450530026487527
            ],
            [
              78.35658827597655,
              17.450628564902573
            ]
          ]
        ]
      },
      "id": "MS-123301331-279729"
    },
    {
      "type": "Feature",
      "properties": {
        "height": -1.0,
        "confidence": -1.0,
        "source": "Microsoft GlobalMLBuildingFootprints",
        "synthetic": false,
        "source_quadkey": "123301331",
        "source_line": 279781,
        "crosses_aoi_boundary": false
      },
      "geometry": {
        "type": "Polygon",
        "coordinates": [
          [
            [
              78.36184886248662,
              17.46110739449422
            ],
            [
              78.36186290384246,
              17.46130863345779
            ],
            [
              78.36183352967517,
              17.46131049849069
            ],
            [
              78.36183637349411,
              17.461351255721652
            ],
            [
              78.36177495478067,
              17.461355155334985
            ],
            [
              78.36176944488157,
              17.46127618819341
            ],
            [
              78.36171069654702,
              17.461279918259876
            ],
            [
              78.36169932127137,
              17.461116889217507
            ],
            [
              78.36184886248662,
              17.46110739449422
            ]
          ]
        ]
      },
      "id": "MS-123301331-279781"
    },
    {
      "type": "Feature",
      "properties": {
        "height": -1.0,
        "confidence": -1.0,
        "source": "Microsoft GlobalMLBuildingFootprints",
        "synthetic": false,
        "source_quadkey": "123301331",
        "source_line": 279968,
        "crosses_aoi_boundary": false
      },
      "geometry": {
        "type": "Polygon",
        "coordinates": [
          [
            [
              78.35083999965445,
              17.460622386162115
            ],
            [
              78.35071623425756,
              17.46068470620584
            ],
            [
              78.35063318732858,
              17.46053462648294
            ],
            [
              78.35075695272548,
              17.460472306387857
            ],
            [
              78.35083999965445,
              17.460622386162115
            ]
          ]
        ]
      },
      "id": "MS-123301331-279968"
    },
    {
      "type": "Feature",
      "properties": {
        "height": -1.0,
        "confidence": -1.0,
        "source": "Microsoft GlobalMLBuildingFootprints",
        "synthetic": false,
        "source_quadkey": "123301331",
        "source_line": 279998,
        "crosses_aoi_boundary": false
      },
      "geometry": {
        "type": "Polygon",
        "coordinates": [
          [
            [
              78.35419147845994,
              17.45926282606061
            ],
            [
              78.35436749282394,
              17.45918856829924
            ],
            [
              78.35443695391525,
              17.459338368606367
            ],
            [
              78.35434946308604,
              17.45937527961918
            ],
            [
              78.35440439584805,
              17.45949374791185
            ],
            [
              78.35424063520281,
              17.45956284683581
            ],
            [
              78.35418470589926,
              17.459442229441294
            ],
            [
              78.3541298202535,
              17.459465384824682
            ],
            [
              78.35405838401486,
              17.459311300625345
            ],
            [
              78.35418850195,
              17.459256405881106
            ],
            [
              78.35419147845994,
              17.45926282606061
            ]
          ]
        ]
      },
      "id": "MS-123301331-279998"
    },
    {
      "type": "Feature",
      "properties": {
        "height": -1.0,
        "confidence": -1.0,
        "source": "Microsoft GlobalMLBuildingFootprints",
        "synthetic": false,
        "source_quadkey": "123301331",
        "source_line": 285357,
        "crosses_aoi_boundary": true
      },
      "geometry": {
        "type": "Polygon",
        "coordinates": [
          [
            [
              78.35664325983157,
              17.46210791650735
            ],
            [
              78.35673068467071,
              17.46207419742366
            ],
            [
              78.35672218859726,
              17.462081094335957
            ],
            [
              78.35678823237394,
              17.462055626168677
            ],
            [
              78.35682075847768,
              17.462029222238684
            ],
            [
              78.35691847697201,
              17.461991532955167
            ],
            [
              78.35694165562361,
              17.462046217853597
            ],
            [
              78.35689575740088,
              17.462083476952287
            ],
            [
              78.35693722637569,
              17.462181313759416
            ],
            [
              78.35701560777326,
              17.462151082673586
            ],
            [
              78.35707099715981,
              17.462281761530477
            ],
            [
              78.35702839156181,
              17.46229819131736
            ],
            [
              78.35695634380545,
              17.4623566779087
            ],
            [
              78.35690760934114,
              17.462375471132262
            ],
            [
              78.35686804922231,
              17.462331126552712
            ],
            [
              78.35680874863675,
              17.462379265297898
            ],
            [
              78.35678611365255,
              17.462387995422063
            ],
            [
              78.35674857166782,
              17.46229942357597
            ],
            [
              78.35670258031486,
              17.46224786993649
            ],
            [
              78.35664325983157,
              17.46210791650735
            ]
          ]
        ]
      },
      "id": "MS-123301331-285357"
    },
    {
      "type": "Feature",
      "properties": {
        "height": -1.0,
        "confidence": -1.0,
        "source": "Microsoft GlobalMLBuildingFootprints",
        "synthetic": false,
        "source_quadkey": "123301331",
        "source_line": 285369,
        "crosses_aoi_boundary": false
      },
      "geometry": {
        "type": "Polygon",
        "coordinates": [
          [
            [
              78.35966684918559,
              17.45070102739338
            ],
            [
              78.35977399634486,
              17.45074692002595
            ],
            [
              78.35970684736088,
              17.450889596081097
            ],
            [
              78.35964880931627,
              17.450864737592653
            ],
            [
              78.35966384267087,
              17.4508327951976
            ],
            [
              78.35961473355621,
              17.45081176108566
            ],
            [
              78.35966684918559,
              17.45070102739338
            ]
          ]
        ]
      },
      "id": "MS-123301331-285369"
    },
    {
      "type": "Feature",
      "properties": {
        "height": -1.0,
        "confidence": -1.0,
        "source": "Microsoft GlobalMLBuildingFootprints",
        "synthetic": false,
        "source_quadkey": "123301331",
        "source_line": 285381,
        "crosses_aoi_boundary": false
      },
      "geometry": {
        "type": "Polygon",
        "coordinates": [
          [
            [
              78.36237090760473,
              17.460688183830342
            ],
            [
              78.36267080655296,
              17.460595680167785
            ],
            [
              78.36303670627241,
              17.461675133366498
            ],
            [
              78.36297970588711,
              17.461692715002826
            ],
            [
              78.36299619816143,
              17.461741358737513
            ],
            [
              78.36289049798457,
              17.46177396169813
            ],
            [
              78.36282532700447,
              17.461581699147303
            ],
            [
              78.36287632169031,
              17.461565969945497
            ],
            [
              78.36285702563676,
              17.46150904412768
            ],
            [
              78.36279874718984,
              17.461527023886404
            ],
            [
              78.36272494060412,
              17.461309284907273
            ],
            [
              78.36262178092817,
              17.46134111121951
            ],
            [
              78.36252484467562,
              17.46105519827063
            ],
            [
              78.3624981337208,
              17.461063437230806
            ],
            [
              78.36237090760473,
              17.460688183830342
            ]
          ]
        ]
      },
      "id": "MS-123301331-285381"
    },
    {
      "type": "Feature",
      "properties": {
        "height": -1.0,
        "confidence": -1.0,
        "source": "Microsoft GlobalMLBuildingFootprints",
        "synthetic": false,
        "source_quadkey": "123301331",
        "source_line": 288596,
        "crosses_aoi_boundary": false
      },
      "geometry": {
        "type": "Polygon",
        "coordinates": [
          [
            [
              78.36291929129702,
              17.457984541795852
            ],
            [
              78.36296214164466,
              17.458347301692726
            ],
            [
              78.3628906294439,
              17.4583549838582
            ],
            [
              78.36284777965318,
              17.457992228691296
            ],
            [
              78.36291929129702,
              17.457984541795852
            ]
          ]
        ]
      },
      "id": "MS-123301331-288596"
    },
    {
      "type": "Feature",
      "properties": {
        "height": -1.0,
        "confidence": -1.0,
        "source": "Microsoft GlobalMLBuildingFootprints",
        "synthetic": false,
        "source_quadkey": "123301331",
        "source_line": 291837,
        "crosses_aoi_boundary": false
      },
      "geometry": {
        "type": "Polygon",
        "coordinates": [
          [
            [
              78.36185694812012,
              17.450612735828372
            ],
            [
              78.36202072062156,
              17.450581429777827
            ],
            [
              78.36202669029775,
              17.45060985070667
            ],
            [
              78.3620498986581,
              17.45060541584563
            ],
            [
              78.36206201348288,
              17.45066309309435
            ],
            [
              78.36209295754611,
              17.450657177961688
            ],
            [
              78.362112075778,
              17.45074819756944
            ],
            [
              78.36213012648156,
              17.450744747077024
            ],
            [
              78.36217197990806,
              17.450944006063423
            ],
            [
              78.3619359780448,
              17.45098911907823
            ],
            [
              78.36185694812012,
              17.450612735828372
            ]
          ]
        ]
      },
      "id": "MS-123301331-291837"
    },
    {
      "type": "Feature",
      "properties": {
        "height": -1.0,
        "confidence": -1.0,
        "source": "Microsoft GlobalMLBuildingFootprints",
        "synthetic": false,
        "source_quadkey": "123301331",
        "source_line": 291848,
        "crosses_aoi_boundary": false
      },
      "geometry": {
        "type": "Polygon",
        "coordinates": [
          [
            [
              78.36355429554985,
              17.451351982447193
            ],
            [
              78.36355937964935,
              17.451492546408787
            ],
            [
              78.36349240416223,
              17.45149475099261
            ],
            [
              78.36348732006276,
              17.451354187032706
            ],
            [
              78.36355429554985,
              17.451351982447193
            ]
          ]
        ]
      },
      "id": "MS-123301331-291848"
    },
    {
      "type": "Feature",
      "properties": {
        "height": -1.0,
        "confidence": -1.0,
        "source": "Microsoft GlobalMLBuildingFootprints",
        "synthetic": false,
        "source_quadkey": "123301331",
        "source_line": 294969,
        "crosses_aoi_boundary": true
      },
      "geometry": {
        "type": "Polygon",
        "coordinates": [
          [
            [
              78.36175716659375,
              17.462346637368867
            ],
            [
              78.3616708934281,
              17.46203580904107
            ],
            [
              78.36191151730233,
              17.461975035601654
            ],
            [
              78.36205818168396,
              17.462503443619624
            ],
            [
              78.36185014229265,
              17.4625559871712
            ],
            [
              78.3617897510767,
              17.462338407647522
            ],
            [
              78.36175716659375,
              17.462346637368867
            ]
          ]
        ]
      },
      "id": "MS-123301331-294969"
    },
    {
      "type": "Feature",
      "properties": {
        "height": -1.0,
        "confidence": -1.0,
        "source": "Microsoft GlobalMLBuildingFootprints",
        "synthetic": false,
        "source_quadkey": "123301331",
        "source_line": 298186,
        "crosses_aoi_boundary": true
      },
      "geometry": {
        "type": "Polygon",
        "coordinates": [
          [
            [
              78.3628884795404,
              17.462278622918788
            ],
            [
              78.36252363892316,
              17.462377491937332
            ],
            [
              78.36234525571183,
              17.46177850631787
            ],
            [
              78.36236014716559,
              17.461774470835508
            ],
            [
              78.36232684266366,
              17.461662638803077
            ],
            [
              78.36229009317509,
              17.461656323423966
            ],
            [
              78.3622393543464,
              17.461485949132054
            ],
            [
              78.36229861797744,
              17.461469885109437
            ],
            [
              78.36223676818355,
              17.461459252116157
            ],
            [
              78.36205629715279,
              17.46085325282732
            ],
            [
              78.36207295086848,
              17.460765069374887
            ],
            [
              78.3620492432355,
              17.46068546190186
            ],
            [
              78.362086471185,
              17.46067537083536
            ],
            [
              78.36207707426442,
              17.46064381705807
            ],
            [
              78.36209487187625,
              17.460549576426203
            ],
            [
              78.3623191855347,
              17.460588139810156
            ],
            [
              78.36227042704134,
              17.460601353114882
            ],
            [
              78.36234165907202,
              17.460613594370315
            ],
            [
              78.36236461206376,
              17.460690667876833
            ],
            [
              78.36234587218016,
              17.460789859344132
            ],
            [
              78.36252378605198,
              17.461387272233054
            ],
            [
              78.36259456495156,
              17.461368091592234
            ],
            [
              78.36266276211153,
              17.461597032365063
            ],
            [
              78.36266013416571,
              17.461610942193545
            ],
            [
              78.36269559895425,
              17.46173002820909
            ],
            [
              78.36272669532701,
              17.46173537417735
            ],
            [
              78.3628884795404,
              17.462278622918788
            ]
          ]
        ]
      },
      "id": "MS-123301331-298186"
    },
    {
      "type": "Feature",
      "properties": {
        "height": -1.0,
        "confidence": -1.0,
        "source": "Microsoft GlobalMLBuildingFootprints",
        "synthetic": false,
        "source_quadkey": "123301331",
        "source_line": 298189,
        "crosses_aoi_boundary": false
      },
      "geometry": {
        "type": "Polygon",
        "coordinates": [
          [
            [
              78.36302792458511,
              17.450660195789723
            ],
            [
              78.36303521437344,
              17.450808277324484
            ],
            [
              78.36284519661284,
              17.450816790315088
            ],
            [
              78.36283790682447,
              17.450668708787234
            ],
            [
              78.36302792458511,
              17.450660195789723
            ]
          ]
        ]
      },
      "id": "MS-123301331-298189"
    },
    {
      "type": "Feature",
      "properties": {
        "height": -1.0,
        "confidence": -1.0,
        "source": "Microsoft GlobalMLBuildingFootprints",
        "synthetic": false,
        "source_quadkey": "123301331",
        "source_line": 298198,
        "crosses_aoi_boundary": true
      },
      "geometry": {
        "type": "Polygon",
        "coordinates": [
          [
            [
              78.36397905121484,
              17.450482648462597
            ],
            [
              78.36409437315112,
              17.45048381882873
            ],
            [
              78.36409339189309,
              17.450571811932704
            ],
            [
              78.36397806987095,
              17.45057064926607
            ],
            [
              78.36397905121484,
              17.450482648462597
            ]
          ]
        ]
      },
      "id": "MS-123301331-298198"
    },
    {
      "type": "Feature",
      "properties": {
        "height": -1.0,
        "confidence": -1.0,
        "source": "Microsoft GlobalMLBuildingFootprints",
        "synthetic": false,
        "source_quadkey": "123301331",
        "source_line": 301251,
        "crosses_aoi_boundary": false
      },
      "geometry": {
        "type": "Polygon",
        "coordinates": [
          [
            [
              78.35077371883087,
              17.459856980583282
            ],
            [
              78.35073591504069,
              17.459873355912777
            ],
            [
              78.35066175161536,
              17.45971753247072
            ],
            [
              78.35069955640147,
              17.459701159219804
            ],
            [
              78.35077371883087,
              17.459856980583282
            ]
          ]
        ]
      },
      "id": "MS-123301331-301251"
    },
    {
      "type": "Feature",
      "properties": {
        "height": -1.0,
        "confidence": -1.0,
        "source": "Microsoft GlobalMLBuildingFootprints",
        "synthetic": false,
        "source_quadkey": "123301331",
        "source_line": 301266,
        "crosses_aoi_boundary": false
      },
      "geometry": {
        "type": "Polygon",
        "coordinates": [
          [
            [
              78.35370618714788,
              17.458912416031524
            ],
            [
              78.35348297622876,
              17.4590162273999
            ],
            [
              78.35342909215576,
              17.458910797003256
            ],
            [
              78.35341392248165,
              17.45891785214674
            ],
            [
              78.3533987237969,
              17.458888114159137
            ],
            [
              78.35363711096231,
              17.45877726042835
            ],
            [
              78.35370618714788,
              17.458912416031524
            ]
          ]
        ]
      },
      "id": "MS-123301331-301266"
    },
    {
      "type": "Feature",
      "properties": {
        "height": -1.0,
        "confidence": -1.0,
        "source": "Microsoft GlobalMLBuildingFootprints",
        "synthetic": false,
        "source_quadkey": "123301331",
        "source_line": 301314,
        "crosses_aoi_boundary": false
      },
      "geometry": {
        "type": "Polygon",
        "coordinates": [
          [
            [
              78.36053844094675,
              17.451059079930147
            ],
            [
              78.36046217561571,
              17.45123030780124
            ],
            [
              78.36036794662337,
              17.451192112559028
            ],
            [
              78.3604442013131,
              17.45102088033866
            ],
            [
              78.36053844094675,
              17.451059079930147
            ]
          ]
        ]
      },
      "id": "MS-123301331-301314"
    },
    {
      "type": "Feature",
      "properties": {
        "height": -1.0,
        "confidence": -1.0,
        "source": "Microsoft GlobalMLBuildingFootprints",
        "synthetic": false,
        "source_quadkey": "123301331",
        "source_line": 304401,
        "crosses_aoi_boundary": false
      },
      "geometry": {
        "type": "Polygon",
        "coordinates": [
          [
            [
              78.35130483649259,
              17.459972595654435
            ],
            [
              78.35136355199818,
              17.46007860636415
            ],
            [
              78.35129435728852,
              17.46011348529423
            ],
            [
              78.35123564178295,
              17.460007474604808
            ],
            [
              78.35130483649259,
              17.459972595654435
            ]
          ]
        ]
      },
      "id": "MS-123301331-304401"
    },
    {
      "type": "Feature",
      "properties": {
        "height": -1.0,
        "confidence": -1.0,
        "source": "Microsoft GlobalMLBuildingFootprints",
        "synthetic": false,
        "source_quadkey": "123301331",
        "source_line": 304403,
        "crosses_aoi_boundary": false
      },
      "geometry": {
        "type": "Polygon",
        "coordinates": [
          [
            [
              78.35233401421064,
              17.45668583054257
            ],
            [
              78.35244602209485,
              17.456638366077613
            ],
            [
              78.35257638287221,
              17.4569183109693
            ],
            [
              78.35246437498802,
              17.456965775361326
            ],
            [
              78.35233401421064,
              17.45668583054257
            ]
          ]
        ]
      },
      "id": "MS-123301331-304403"
    },
    {
      "type": "Feature",
      "properties": {
        "height": -1.0,
        "confidence": -1.0,
        "source": "Microsoft GlobalMLBuildingFootprints",
        "synthetic": false,
        "source_quadkey": "123301331",
        "source_line": 307395,
        "crosses_aoi_boundary": false
      },
      "geometry": {
        "type": "Polygon",
        "coordinates": [
          [
            [
              78.35162542579654,
              17.458383139463763
            ],
            [
              78.35172606571953,
              17.458337502638756
            ],
            [
              78.35188518768358,
              17.458656819947194
            ],
            [
              78.35178454776059,
              17.458702456692222
            ],
            [
              78.35162542579654,
              17.458383139463763
            ]
          ]
        ]
      },
      "id": "MS-123301331-307395"
    },
    {
      "type": "Feature",
      "properties": {
        "height": -1.0,
        "confidence": -1.0,
        "source": "Microsoft GlobalMLBuildingFootprints",
        "synthetic": false,
        "source_quadkey": "123301331",
        "source_line": 307414,
        "crosses_aoi_boundary": false
      },
      "geometry": {
        "type": "Polygon",
        "coordinates": [
          [
            [
              78.3548532023479,
              17.461446558834538
            ],
            [
              78.35487154470026,
              17.461488874139008
            ],
            [
              78.35464248736983,
              17.46157922339168
            ],
            [
              78.35470594561274,
              17.461725619671284
            ],
            [
              78.35466013414663,
              17.46174368950193
            ],
            [
              78.35457834034442,
              17.461554993628894
            ],
            [
              78.3548532023479,
              17.461446558834538
            ]
          ]
        ]
      },
      "id": "MS-123301331-307414"
    },
    {
      "type": "Feature",
      "properties": {
        "height": -1.0,
        "confidence": -1.0,
        "source": "Microsoft GlobalMLBuildingFootprints",
        "synthetic": false,
        "source_quadkey": "123301331",
        "source_line": 307441,
        "crosses_aoi_boundary": false
      },
      "geometry": {
        "type": "Polygon",
        "coordinates": [
          [
            [
              78.36202987555014,
              17.45203957211622
            ],
            [
              78.36210744561966,
              17.451916228248436
            ],
            [
              78.3622139536453,
              17.45197717864913
            ],
            [
              78.36213638028724,
              17.452100527704772
            ],
            [
              78.36202987555014,
              17.45203957211622
            ]
          ]
        ]
      },
      "id": "MS-123301331-307441"
    },
    {
      "type": "Feature",
      "properties": {
        "height": -1.0,
        "confidence": -1.0,
        "source": "Microsoft GlobalMLBuildingFootprints",
        "synthetic": false,
        "source_quadkey": "123301331",
        "source_line": 310292,
        "crosses_aoi_boundary": false
      },
      "geometry": {
        "type": "Polygon",
        "coordinates": [
          [
            [
              78.3525069981905,
              17.458290805059576
            ],
            [
              78.352392179085,
              17.458341560815683
            ],
            [
              78.35225199990053,
              17.458052991159207
            ],
            [
              78.35236681900604,
              17.45800223532271
            ],
            [
              78.3525069981905,
              17.458290805059576
            ]
          ]
        ]
      },
      "id": "MS-123301331-310292"
    },
    {
      "type": "Feature",
      "properties": {
        "height": -1.0,
        "confidence": -1.0,
        "source": "Microsoft GlobalMLBuildingFootprints",
        "synthetic": false,
        "source_quadkey": "123301331",
        "source_line": 310328,
        "crosses_aoi_boundary": true
      },
      "geometry": {
        "type": "Polygon",
        "coordinates": [
          [
            [
              78.36045929809264,
              17.450042092855966
            ],
            [
              78.36048035568999,
              17.44999423150172
            ],
            [
              78.36044730461379,
              17.4499809976258
            ],
            [
              78.36049276365156,
              17.44987769194516
            ],
            [
              78.3605896589013,
              17.44991649595154
            ],
            [
              78.36052315113002,
              17.450067660037405
            ],
            [
              78.36045929809264,
              17.450042092855966
            ]
          ]
        ]
      },
      "id": "MS-123301331-310328"
    },
    {
      "type": "Feature",
      "properties": {
        "height": -1.0,
        "confidence": -1.0,
        "source": "Microsoft GlobalMLBuildingFootprints",
        "synthetic": false,
        "source_quadkey": "123301331",
        "source_line": 310330,
        "crosses_aoi_boundary": false
      },
      "geometry": {
        "type": "Polygon",
        "coordinates": [
          [
            [
              78.36069817159526,
              17.456616947908586
            ],
            [
              78.36072555671652,
              17.45667878653748
            ],
            [
              78.3606572761993,
              17.45670630330774
            ],
            [
              78.36062988936494,
              17.456644460819703
            ],
            [
              78.36069817159526,
              17.456616947908586
            ]
          ]
        ]
      },
      "id": "MS-123301331-310330"
    },
    {
      "type": "Feature",
      "properties": {
        "height": -1.0,
        "confidence": -1.0,
        "source": "Microsoft GlobalMLBuildingFootprints",
        "synthetic": false,
        "source_quadkey": "123301331",
        "source_line": 310353,
        "crosses_aoi_boundary": true
      },
      "geometry": {
        "type": "Polygon",
        "coordinates": [
          [
            [
              78.36441050713088,
              17.450733922160296
            ],
            [
              78.36410094714982,
              17.450742685633912
            ],
            [
              78.36410332728389,
              17.45081938105713
            ],
            [
              78.36399881295273,
              17.450822339799316
            ],
            [
              78.36399195852738,
              17.450601468521782
            ],
            [
              78.36440602313063,
              17.450589774216454
            ],
            [
              78.36441050713088,
              17.450733922160296
            ]
          ]
        ]
      },
      "id": "MS-123301331-310353"
    },
    {
      "type": "Feature",
      "properties": {
        "height": -1.0,
        "confidence": -1.0,
        "source": "Microsoft GlobalMLBuildingFootprints",
        "synthetic": false,
        "source_quadkey": "123301331",
        "source_line": 313586,
        "crosses_aoi_boundary": false
      },
      "geometry": {
        "type": "Polygon",
        "coordinates": [
          [
            [
              78.35203911411054,
              17.459942423345495
            ],
            [
              78.35216506481545,
              17.459891111628792
            ],
            [
              78.3522115606013,
              17.459994983780206
            ],
            [
              78.35208561634181,
              17.46004629284181
            ],
            [
              78.35203911411054,
              17.459942423345495
            ]
          ]
        ]
      },
      "id": "MS-123301331-313586"
    },
    {
      "type": "Feature",
      "properties": {
        "height": -1.0,
        "confidence": -1.0,
        "source": "Microsoft GlobalMLBuildingFootprints",
        "synthetic": false,
        "source_quadkey": "123301331",
        "source_line": 316794,
        "crosses_aoi_boundary": false
      },
      "geometry": {
        "type": "Polygon",
        "coordinates": [
          [
            [
              78.35861029222518,
              17.450654673544477
            ],
            [
              78.35861661582155,
              17.450860385044635
            ],
            [
              78.35852956514829,
              17.450862820339097
            ],
            [
              78.35852322665176,
              17.450657115071692
            ],
            [
              78.35861029222518,
              17.450654673544477
            ]
          ]
        ]
      },
      "id": "MS-123301331-316794"
    },
    {
      "type": "Feature",
      "properties": {
        "height": -1.0,
        "confidence": -1.0,
        "source": "Microsoft GlobalMLBuildingFootprints",
        "synthetic": false,
        "source_quadkey": "123301331",
        "source_line": 316817,
        "crosses_aoi_boundary": true
      },
      "geometry": {
        "type": "Polygon",
        "coordinates": [
          [
            [
              78.36383698030201,
              17.45232107844275
            ],
            [
              78.36396701676317,
              17.452299121299177
            ],
            [
              78.36400706577251,
              17.452514969021678
            ],
            [
              78.36387849360268,
              17.452536678888464
            ],
            [
              78.36386744136432,
              17.452477135437007
            ],
            [
              78.3638659813088,
              17.452477381972614
            ],
            [
              78.36383698030201,
              17.45232107844275
            ]
          ]
        ]
      },
      "id": "MS-123301331-316817"
    },
    {
      "type": "Feature",
      "properties": {
        "height": -1.0,
        "confidence": -1.0,
        "source": "Microsoft GlobalMLBuildingFootprints",
        "synthetic": false,
        "source_quadkey": "123301331",
        "source_line": 316818,
        "crosses_aoi_boundary": true
      },
      "geometry": {
        "type": "Polygon",
        "coordinates": [
          [
            [
              78.36411928034072,
              17.456137562697663
            ],
            [
              78.3641278057853,
              17.456182135668627
            ],
            [
              78.36398763138693,
              17.45620652476586
            ],
            [
              78.36397910594235,
              17.456161951800837
            ],
            [
              78.36411928034072,
              17.456137562697663
            ]
          ]
        ]
      },
      "id": "MS-123301331-316818"
    },
    {
      "type": "Feature",
      "properties": {
        "height": -1.0,
        "confidence": -1.0,
        "source": "Microsoft GlobalMLBuildingFootprints",
        "synthetic": false,
        "source_quadkey": "123301331",
        "source_line": 323199,
        "crosses_aoi_boundary": false
      },
      "geometry": {
        "type": "Polygon",
        "coordinates": [
          [
            [
              78.35344925935543,
              17.45101289415979
            ],
            [
              78.35348357518752,
              17.451002842746234
            ],
            [
              78.35349636934266,
              17.451042594088605
            ],
            [
              78.35346205351057,
              17.451052645499956
            ],
            [
              78.35344925935543,
              17.45101289415979
            ]
          ]
        ]
      },
      "id": "MS-123301331-323199"
    },
    {
      "type": "Feature",
      "properties": {
        "height": -1.0,
        "confidence": -1.0,
        "source": "Microsoft GlobalMLBuildingFootprints",
        "synthetic": false,
        "source_quadkey": "123301331",
        "source_line": 329449,
        "crosses_aoi_boundary": false
      },
      "geometry": {
        "type": "Polygon",
        "coordinates": [
          [
            [
              78.35191978687645,
              17.460583772345856
            ],
            [
              78.35201727653859,
              17.460543984066604
            ],
            [
              78.35209099676432,
              17.460708352036534
            ],
            [
              78.35189828464145,
              17.46078700320686
            ],
            [
              78.35177024424945,
              17.460501522024288
            ],
            [
              78.35186546671012,
              17.460462659036395
            ],
            [
              78.35191978687645,
              17.460583772345856
            ]
          ]
        ]
      },
      "id": "MS-123301331-329449"
    },
    {
      "type": "Feature",
      "properties": {
        "height": -1.0,
        "confidence": -1.0,
        "source": "Microsoft GlobalMLBuildingFootprints",
        "synthetic": false,
        "source_quadkey": "123301331",
        "source_line": 329476,
        "crosses_aoi_boundary": false
      },
      "geometry": {
        "type": "Polygon",
        "coordinates": [
          [
            [
              78.35728493842652,
              17.450504648925772
            ],
            [
              78.35710531308044,
              17.45050097901739
            ],
            [
              78.35710882698193,
              17.450344966135845
            ],
            [
              78.357288452328,
              17.450348636047366
            ],
            [
              78.35728493842652,
              17.450504648925772
            ]
          ]
        ]
      },
      "id": "MS-123301331-329476"
    },
    {
      "type": "Feature",
      "properties": {
        "height": -1.0,
        "confidence": -1.0,
        "source": "Microsoft GlobalMLBuildingFootprints",
        "synthetic": false,
        "source_quadkey": "123301331",
        "source_line": 332725,
        "crosses_aoi_boundary": false
      },
      "geometry": {
        "type": "Polygon",
        "coordinates": [
          [
            [
              78.35850484729656,
              17.450580150454755
            ],
            [
              78.35858113880087,
              17.45057719095503
            ],
            [
              78.3585834215184,
              17.450630836418526
            ],
            [
              78.3585071339433,
              17.450633795764986
            ],
            [
              78.35850484729656,
              17.450580150454755
            ]
          ]
        ]
      },
      "id": "MS-123301331-332725"
    },
    {
      "type": "Feature",
      "properties": {
        "height": -1.0,
        "confidence": -1.0,
        "source": "Microsoft GlobalMLBuildingFootprints",
        "synthetic": false,
        "source_quadkey": "123301331",
        "source_line": 332730,
        "crosses_aoi_boundary": true
      },
      "geometry": {
        "type": "Polygon",
        "coordinates": [
          [
            [
              78.35981096434516,
              17.449920024734382
            ],
            [
              78.3599690468211,
              17.450016379763426
            ],
            [
              78.3599100227569,
              17.4501044985374
            ],
            [
              78.35975194530106,
              17.45000813606032
            ],
            [
              78.35981096434516,
              17.449920024734382
            ]
          ]
        ]
      },
      "id": "MS-123301331-332730"
    },
    {
      "type": "Feature",
      "properties": {
        "height": -1.0,
        "confidence": -1.0,
        "source": "Microsoft GlobalMLBuildingFootprints",
        "synthetic": false,
        "source_quadkey": "123301331",
        "source_line": 338879,
        "crosses_aoi_boundary": false
      },
      "geometry": {
        "type": "Polygon",
        "coordinates": [
          [
            [
              78.35284828077928,
              17.458156168867163
            ],
            [
              78.35287784966052,
              17.45820322855012
            ],
            [
              78.35281470456205,
              17.458239333278698
            ],
            [
              78.35278513568086,
              17.45819227360508
            ],
            [
              78.35284828077928,
              17.458156168867163
            ]
          ]
        ]
      },
      "id": "MS-123301331-338879"
    },
    {
      "type": "Feature",
      "properties": {
        "height": -1.0,
        "confidence": -1.0,
        "source": "Microsoft GlobalMLBuildingFootprints",
        "synthetic": false,
        "source_quadkey": "123301331",
        "source_line": 341845,
        "crosses_aoi_boundary": false
      },
      "geometry": {
        "type": "Polygon",
        "coordinates": [
          [
            [
              78.36190443525354,
              17.451121168228383
            ],
            [
              78.36201560636846,
              17.450981624642097
            ],
            [
              78.36217381502311,
              17.451016388111583
            ],
            [
              78.36215784729913,
              17.451082521822272
            ],
            [
              78.36212063200117,
              17.45112923498688
            ],
            [
              78.36228650996593,
              17.451249501043662
            ],
            [
              78.36226681313971,
              17.45133107951331
            ],
            [
              78.36219320085537,
              17.45131490458367
            ],
            [
              78.36222721350394,
              17.45133956466458
            ],
            [
              78.36220651363573,
              17.451425297396256
            ],
            [
              78.36210711498846,
              17.451403456404208
            ],
            [
              78.36215510619826,
              17.4514382512984
            ],
            [
              78.36213367911391,
              17.45152699589542
            ],
            [
              78.36194876724642,
              17.45148636499458
            ],
            [
              78.36204765161024,
              17.45136224416936
            ],
            [
              78.36205504824267,
              17.451363869441337
            ],
            [
              78.36206465967423,
              17.45132406172617
            ],
            [
              78.36209929695875,
              17.451280584567087
            ],
            [
              78.36212379089999,
              17.451179137822237
            ],
            [
              78.36209300220264,
              17.45121778420787
            ],
            [
              78.36208250479925,
              17.451261261381944
            ],
            [
              78.36203833883029,
              17.45131669907076
            ],
            [
              78.3620089860275,
              17.45131024933822
            ],
            [
              78.36199393773593,
              17.451372574925102
            ],
            [
              78.36194000712915,
              17.451333473796737
            ],
            [
              78.36190729375141,
              17.45132628564103
            ],
            [
              78.36193305528992,
              17.451219556473347
            ],
            [
              78.36188848187052,
              17.451187242504957
            ],
            [
              78.36190443525354,
              17.451121168228383
            ]
          ]
        ]
      },
      "id": "MS-123301331-341845"
    },
    {
      "type": "Feature",
      "properties": {
        "height": -1.0,
        "confidence": -1.0,
        "source": "Microsoft GlobalMLBuildingFootprints",
        "synthetic": false,
        "source_quadkey": "123301331",
        "source_line": 348185,
        "crosses_aoi_boundary": false
      },
      "geometry": {
        "type": "Polygon",
        "coordinates": [
          [
            [
              78.35165971969445,
              17.46003670492614
            ],
            [
              78.35187437113572,
              17.46042867061027
            ],
            [
              78.35174583393332,
              17.460492724117785
            ],
            [
              78.3515311824921,
              17.460100758571457
            ],
            [
              78.35165971969445,
              17.46003670492614
            ]
          ]
        ]
      },
      "id": "MS-123301331-348185"
    },
    {
      "type": "Feature",
      "properties": {
        "height": -1.0,
        "confidence": -1.0,
        "source": "Microsoft GlobalMLBuildingFootprints",
        "synthetic": false,
        "source_quadkey": "123301331",
        "source_line": 348201,
        "crosses_aoi_boundary": false
      },
      "geometry": {
        "type": "Polygon",
        "coordinates": [
          [
            [
              78.35382645798828,
              17.4607327507606
            ],
            [
              78.35416915903315,
              17.460657704137432
            ],
            [
              78.35415140299307,
              17.46058389848163
            ],
            [
              78.3542347175,
              17.46056565934758
            ],
            [
              78.35430300069717,
              17.460496979763093
            ],
            [
              78.35442704861036,
              17.460469823296137
            ],
            [
              78.35442230341097,
              17.460450099142534
            ],
            [
              78.35448757736117,
              17.460413941217794
            ],
            [
              78.35453359011042,
              17.460455569839525
            ],
            [
              78.35456566568365,
              17.460588896864493
            ],
            [
              78.35455236508379,
              17.46060227467028
            ],
            [
              78.3545904768941,
              17.46066488174344
            ],
            [
              78.35454783956216,
              17.460688503129546
            ],
            [
              78.35450696752837,
              17.460651525459994
            ],
            [
              78.35452269403997,
              17.460716875122515
            ],
            [
              78.35452020194909,
              17.460718255592
            ],
            [
              78.35446357823356,
              17.460775207943612
            ],
            [
              78.35438730107697,
              17.46081746091228
            ],
            [
              78.3543902120669,
              17.460829560867083
            ],
            [
              78.35429200827905,
              17.460883966412425
            ],
            [
              78.35423654058911,
              17.460792848572865
            ],
            [
              78.35424971717626,
              17.460847618982612
            ],
            [
              78.35409630748383,
              17.460932598704957
            ],
            [
              78.35405114906011,
              17.46085841611827
            ],
            [
              78.3540704433612,
              17.46093861566544
            ],
            [
              78.35402940291016,
              17.460979894261357
            ],
            [
              78.35392044223886,
              17.46104025186554
            ],
            [
              78.35384706126185,
              17.460919707618984
            ],
            [
              78.35374431142829,
              17.46097662481506
            ],
            [
              78.3537135182845,
              17.46084862867835
            ],
            [
              78.3538472963687,
              17.46081934214675
            ],
            [
              78.35382645798828,
              17.4607327507606
            ]
          ]
        ]
      },
      "id": "MS-123301331-348201"
    },
    {
      "type": "Feature",
      "properties": {
        "height": -1.0,
        "confidence": -1.0,
        "source": "Microsoft GlobalMLBuildingFootprints",
        "synthetic": false,
        "source_quadkey": "123301331",
        "source_line": 348217,
        "crosses_aoi_boundary": false
      },
      "geometry": {
        "type": "Polygon",
        "coordinates": [
          [
            [
              78.35761419454181,
              17.450295514494755
            ],
            [
              78.35761236375684,
              17.450203431866
            ],
            [
              78.35771425118111,
              17.450201595110983
            ],
            [
              78.35771608196606,
              17.450293677740675
            ],
            [
              78.35761419454181,
              17.450295514494755
            ]
          ]
        ]
      },
      "id": "MS-123301331-348217"
    },
    {
      "type": "Feature",
      "properties": {
        "height": -1.0,
        "confidence": -1.0,
        "source": "Microsoft GlobalMLBuildingFootprints",
        "synthetic": false,
        "source_quadkey": "123301331",
        "source_line": 351416,
        "crosses_aoi_boundary": false
      },
      "geometry": {
        "type": "Polygon",
        "coordinates": [
          [
            [
              78.35219061028566,
              17.46039826811871
            ],
            [
              78.3522809115041,
              17.460367364108393
            ],
            [
              78.35235423035084,
              17.46056231370406
            ],
            [
              78.35226392913242,
              17.46059321768128
            ],
            [
              78.35219061028566,
              17.46039826811871
            ]
          ]
        ]
      },
      "id": "MS-123301331-351416"
    },
    {
      "type": "Feature",
      "properties": {
        "height": -1.0,
        "confidence": -1.0,
        "source": "Microsoft GlobalMLBuildingFootprints",
        "synthetic": false,
        "source_quadkey": "123301331",
        "source_line": 351419,
        "crosses_aoi_boundary": true
      },
      "geometry": {
        "type": "Polygon",
        "coordinates": [
          [
            [
              78.35281804402707,
              17.462052762119527
            ],
            [
              78.35266217330498,
              17.462110903025604
            ],
            [
              78.35259339351855,
              17.461943143953093
            ],
            [
              78.35263402771872,
              17.46192798437764
            ],
            [
              78.35257361769025,
              17.461780613261794
            ],
            [
              78.35272141387067,
              17.461725484118617
            ],
            [
              78.35279056325102,
              17.4618941448596
            ],
            [
              78.35287075176052,
              17.4618642339326
            ],
            [
              78.35299538326876,
              17.462168273982968
            ],
            [
              78.35288264410607,
              17.462210326480815
            ],
            [
              78.35281804402707,
              17.462052762119527
            ]
          ]
        ]
      },
      "id": "MS-123301331-351419"
    },
    {
      "type": "Feature",
      "properties": {
        "height": -1.0,
        "confidence": -1.0,
        "source": "Microsoft GlobalMLBuildingFootprints",
        "synthetic": false,
        "source_quadkey": "123301331",
        "source_line": 351421,
        "crosses_aoi_boundary": false
      },
      "geometry": {
        "type": "Polygon",
        "coordinates": [
          [
            [
              78.35288214079152,
              17.461628303417896
            ],
            [
              78.35298192797488,
              17.461583287263124
            ],
            [
              78.35302691733212,
              17.461674022116412
            ],
            [
              78.35292712740751,
              17.461719046147707
            ],
            [
              78.35288214079152,
              17.461628303417896
            ]
          ]
        ]
      },
      "id": "MS-123301331-351421"
    },
    {
      "type": "Feature",
      "properties": {
        "height": -1.0,
        "confidence": -1.0,
        "source": "Microsoft GlobalMLBuildingFootprints",
        "synthetic": false,
        "source_quadkey": "123301331",
        "source_line": 351423,
        "crosses_aoi_boundary": false
      },
      "geometry": {
        "type": "Polygon",
        "coordinates": [
          [
            [
              78.35305911297495,
              17.461215490904053
            ],
            [
              78.35299961348485,
              17.46122638324742
            ],
            [
              78.35299097720521,
              17.46118345503551
            ],
            [
              78.35305047746604,
              17.46117256652093
            ],
            [
              78.35305911297495,
              17.461215490904053
            ]
          ]
        ]
      },
      "id": "MS-123301331-351423"
    },
    {
      "type": "Feature",
      "properties": {
        "height": -1.0,
        "confidence": -1.0,
        "source": "Microsoft GlobalMLBuildingFootprints",
        "synthetic": false,
        "source_quadkey": "123301331",
        "source_line": 351430,
        "crosses_aoi_boundary": false
      },
      "geometry": {
        "type": "Polygon",
        "coordinates": [
          [
            [
              78.35421665673228,
              17.461821201300452
            ],
            [
              78.35414041073864,
              17.461850374670476
            ],
            [
              78.35412036179254,
              17.461802693906122
            ],
            [
              78.3541966059424,
              17.461773516143595
            ],
            [
              78.35421665673228,
              17.461821201300452
            ]
          ]
        ]
      },
      "id": "MS-123301331-351430"
    },
    {
      "type": "Feature",
      "properties": {
        "height": -1.0,
        "confidence": -1.0,
        "source": "Microsoft GlobalMLBuildingFootprints",
        "synthetic": false,
        "source_quadkey": "123301331",
        "source_line": 351462,
        "crosses_aoi_boundary": false
      },
      "geometry": {
        "type": "Polygon",
        "coordinates": [
          [
            [
              78.35952276131184,
              17.45079374049422
            ],
            [
              78.35953863780423,
              17.450766267745593
            ],
            [
              78.35949544052296,
              17.450743549079135
            ],
            [
              78.35955214228142,
              17.450645432073657
            ],
            [
              78.35965087892436,
              17.450697360477918
            ],
            [
              78.35957830067346,
              17.450822950199665
            ],
            [
              78.35952276131184,
              17.45079374049422
            ]
          ]
        ]
      },
      "id": "MS-123301331-351462"
    },
    {
      "type": "Feature",
      "properties": {
        "height": -1.0,
        "confidence": -1.0,
        "source": "Microsoft GlobalMLBuildingFootprints",
        "synthetic": false,
        "source_quadkey": "123301331",
        "source_line": 351465,
        "crosses_aoi_boundary": false
      },
      "geometry": {
        "type": "Polygon",
        "coordinates": [
          [
            [
              78.36102320554245,
              17.45649582115557
            ],
            [
              78.36104453934334,
              17.456558273675824
            ],
            [
              78.3609790717,
              17.45657862494039
            ],
            [
              78.36095773789911,
              17.45651617242713
            ],
            [
              78.36102320554245,
              17.45649582115557
            ]
          ]
        ]
      },
      "id": "MS-123301331-351465"
    },
    {
      "type": "Feature",
      "properties": {
        "height": -1.0,
        "confidence": -1.0,
        "source": "Microsoft GlobalMLBuildingFootprints",
        "synthetic": false,
        "source_quadkey": "123301331",
        "source_line": 351470,
        "crosses_aoi_boundary": false
      },
      "geometry": {
        "type": "Polygon",
        "coordinates": [
          [
            [
              78.36178534171403,
              17.45191587655647
            ],
            [
              78.36185641028175,
              17.45173984766572
            ],
            [
              78.36195918234536,
              17.45177760816894
            ],
            [
              78.36188811377761,
              17.451953637023237
            ],
            [
              78.36178534171403,
              17.45191587655647
            ]
          ]
        ]
      },
      "id": "MS-123301331-351470"
    },
    {
      "type": "Feature",
      "properties": {
        "height": -1.0,
        "confidence": -1.0,
        "source": "Microsoft GlobalMLBuildingFootprints",
        "synthetic": false,
        "source_quadkey": "123301331",
        "source_line": 354640,
        "crosses_aoi_boundary": false
      },
      "geometry": {
        "type": "Polygon",
        "coordinates": [
          [
            [
              78.35119599565373,
              17.458630454923025
            ],
            [
              78.35135456378579,
              17.458559851864123
            ],
            [
              78.3514824963326,
              17.45882127544384
            ],
            [
              78.35132393245436,
              17.458891887093856
            ],
            [
              78.35119599565373,
              17.458630454923025
            ]
          ]
        ]
      },
      "id": "MS-123301331-354640"
    },
    {
      "type": "Feature",
      "properties": {
        "height": -1.0,
        "confidence": -1.0,
        "source": "Microsoft GlobalMLBuildingFootprints",
        "synthetic": false,
        "source_quadkey": "123301331",
        "source_line": 354663,
        "crosses_aoi_boundary": false
      },
      "geometry": {
        "type": "Polygon",
        "coordinates": [
          [
            [
              78.35502951589774,
              17.4615156295163
            ],
            [
              78.35509324655173,
              17.461496963314403
            ],
            [
              78.35511384302077,
              17.46156096728616
            ],
            [
              78.35505011111547,
              17.461579629593018
            ],
            [
              78.35502951589774,
              17.4615156295163
            ]
          ]
        ]
      },
      "id": "MS-123301331-354663"
    },
    {
      "type": "Feature",
      "properties": {
        "height": -1.0,
        "confidence": -1.0,
        "source": "Microsoft GlobalMLBuildingFootprints",
        "synthetic": false,
        "source_quadkey": "123301331",
        "source_line": 357927,
        "crosses_aoi_boundary": false
      },
      "geometry": {
        "type": "Polygon",
        "coordinates": [
          [
            [
              78.35166586264485,
              17.457005414077642
            ],
            [
              78.35177709126816,
              17.456957292228807
            ],
            [
              78.35185017307172,
              17.457110987579156
            ],
            [
              78.35173894737699,
              17.457159115546375
            ],
            [
              78.35166586264485,
              17.457005414077642
            ]
          ]
        ]
      },
      "id": "MS-123301331-357927"
    },
    {
      "type": "Feature",
      "properties": {
        "height": -1.0,
        "confidence": -1.0,
        "source": "Microsoft GlobalMLBuildingFootprints",
        "synthetic": false,
        "source_quadkey": "123301331",
        "source_line": 357944,
        "crosses_aoi_boundary": false
      },
      "geometry": {
        "type": "Polygon",
        "coordinates": [
          [
            [
              78.35502271779721,
              17.461339354966725
            ],
            [
              78.35509918939131,
              17.46129727011119
            ],
            [
              78.35525940672191,
              17.461562185512037
            ],
            [
              78.35518293512781,
              17.46160427030638
            ],
            [
              78.35502271779721,
              17.461339354966725
            ]
          ]
        ]
      },
      "id": "MS-123301331-357944"
    },
    {
      "type": "Feature",
      "properties": {
        "height": -1.0,
        "confidence": -1.0,
        "source": "Microsoft GlobalMLBuildingFootprints",
        "synthetic": false,
        "source_quadkey": "123301331",
        "source_line": 361154,
        "crosses_aoi_boundary": false
      },
      "geometry": {
        "type": "Polygon",
        "coordinates": [
          [
            [
              78.35053093310034,
              17.45795917249636
            ],
            [
              78.35063601621427,
              17.457920529097535
            ],
            [
              78.35080165450223,
              17.45833041000965
            ],
            [
              78.35069657138834,
              17.458369053321547
            ],
            [
              78.35053093310034,
              17.45795917249636
            ]
          ]
        ]
      },
      "id": "MS-123301331-361154"
    },
    {
      "type": "Feature",
      "properties": {
        "height": -1.0,
        "confidence": -1.0,
        "source": "Microsoft GlobalMLBuildingFootprints",
        "synthetic": false,
        "source_quadkey": "123301331",
        "source_line": 361187,
        "crosses_aoi_boundary": false
      },
      "geometry": {
        "type": "Polygon",
        "coordinates": [
          [
            [
              78.35800899486236,
              17.450096030265726
            ],
            [
              78.35788158521925,
              17.45009681289713
            ],
            [
              78.3578812052804,
              17.450040522288376
            ],
            [
              78.35800861905314,
              17.450039739631364
            ],
            [
              78.35800899486236,
              17.450096030265726
            ]
          ]
        ]
      },
      "id": "MS-123301331-361187"
    },
    {
      "type": "Feature",
      "properties": {
        "height": -1.0,
        "confidence": -1.0,
        "source": "Microsoft GlobalMLBuildingFootprints",
        "synthetic": false,
        "source_quadkey": "123301331",
        "source_line": 364367,
        "crosses_aoi_boundary": false
      },
      "geometry": {
        "type": "Polygon",
        "coordinates": [
          [
            [
              78.35193359406487,
              17.459313305200666
            ],
            [
              78.35205199823015,
              17.45925611906759
            ],
            [
              78.35211686047653,
              17.459378310709795
            ],
            [
              78.3519984491754,
              17.459435500250976
            ],
            [
              78.35193359406487,
              17.459313305200666
            ]
          ]
        ]
      },
      "id": "MS-123301331-364367"
    },
    {
      "type": "Feature",
      "properties": {
        "height": -1.0,
        "confidence": -1.0,
        "source": "Microsoft GlobalMLBuildingFootprints",
        "synthetic": false,
        "source_quadkey": "123301331",
        "source_line": 364380,
        "crosses_aoi_boundary": false
      },
      "geometry": {
        "type": "Polygon",
        "coordinates": [
          [
            [
              78.35529570585857,
              17.461225525975294
            ],
            [
              78.35542695972354,
              17.461167383473338
            ],
            [
              78.35538802965594,
              17.461087401258425
            ],
            [
              78.35552703710873,
              17.46102582404471
            ],
            [
              78.35571286519169,
              17.461407609520236
            ],
            [
              78.35558824171906,
              17.46146280651523
            ],
            [
              78.35555403509514,
              17.461392539370678
            ],
            [
              78.35540841213329,
              17.46145704697757
            ],
            [
              78.35529570585857,
              17.461225525975294
            ]
          ]
        ]
      },
      "id": "MS-123301331-364380"
    },
    {
      "type": "Feature",
      "properties": {
        "height": -1.0,
        "confidence": -1.0,
        "source": "Microsoft GlobalMLBuildingFootprints",
        "synthetic": false,
        "source_quadkey": "123301331",
        "source_line": 367522,
        "crosses_aoi_boundary": false
      },
      "geometry": {
        "type": "Polygon",
        "coordinates": [
          [
            [
              78.35128051869022,
              17.46096231977583
            ],
            [
              78.351137240933,
              17.461017102943316
            ],
            [
              78.35099274107337,
              17.460673208901994
            ],
            [
              78.35095576616827,
              17.46068734651763
            ],
            [
              78.35084553871123,
              17.460425016672502
            ],
            [
              78.35098419460535,
              17.460372000531905
            ],
            [
              78.35113332587073,
              17.460726917394283
            ],
            [
              78.35117492263896,
              17.460711012580077
            ],
            [
              78.35128051869022,
              17.46096231977583
            ]
          ]
        ]
      },
      "id": "MS-123301331-367522"
    },
    {
      "type": "Feature",
      "properties": {
        "height": -1.0,
        "confidence": -1.0,
        "source": "Microsoft GlobalMLBuildingFootprints",
        "synthetic": false,
        "source_quadkey": "123301331",
        "source_line": 367530,
        "crosses_aoi_boundary": false
      },
      "geometry": {
        "type": "Polygon",
        "coordinates": [
          [
            [
              78.35225316311414,
              17.459890929615852
            ],
            [
              78.35209245394289,
              17.45957684564233
            ],
            [
              78.35221809007734,
              17.459518347627565
            ],
            [
              78.35218531386477,
              17.459454290940656
            ],
            [
              78.35231311613948,
              17.45939478429922
            ],
            [
              78.35241461666867,
              17.45959315338584
            ],
            [
              78.35242544736992,
              17.45958811045473
            ],
            [
              78.35257241167781,
              17.459875331986538
            ],
            [
              78.35244894168362,
              17.459932821302345
            ],
            [
              78.35239396223031,
              17.459825371607593
            ],
            [
              78.35225316311414,
              17.459890929615852
            ]
          ]
        ]
      },
      "id": "MS-123301331-367530"
    },
    {
      "type": "Feature",
      "properties": {
        "height": -1.0,
        "confidence": -1.0,
        "source": "Microsoft GlobalMLBuildingFootprints",
        "synthetic": false,
        "source_quadkey": "123301331",
        "source_line": 367548,
        "crosses_aoi_boundary": false
      },
      "geometry": {
        "type": "Polygon",
        "coordinates": [
          [
            [
              78.35526554518734,
              17.461773297128005
            ],
            [
              78.35520557977381,
              17.461642171959852
            ],
            [
              78.35529002851321,
              17.461607035315467
            ],
            [
              78.35534998584383,
              17.461738163871985
            ],
            [
              78.35526554518734,
              17.461773297128005
            ]
          ]
        ]
      },
      "id": "MS-123301331-367548"
    },
    {
      "type": "Feature",
      "properties": {
        "height": -1.0,
        "confidence": -1.0,
        "source": "Microsoft GlobalMLBuildingFootprints",
        "synthetic": false,
        "source_quadkey": "123301331",
        "source_line": 370516,
        "crosses_aoi_boundary": true
      },
      "geometry": {
        "type": "Polygon",
        "coordinates": [
          [
            [
              78.35386495322716,
              17.46220936346316
            ],
            [
              78.35373346598199,
              17.462261393815226
            ],
            [
              78.35362333237815,
              17.462008176739275
            ],
            [
              78.3534504755226,
              17.462076577385815
            ],
            [
              78.35318657263205,
              17.46146971332901
            ],
            [
              78.35322547578376,
              17.46145431903527
            ],
            [
              78.35322394719371,
              17.46145080392411
            ],
            [
              78.3534344766822,
              17.4613674816123
            ],
            [
              78.35347777929,
              17.461467059330175
            ],
            [
              78.35336106983483,
              17.461513242204248
            ],
            [
              78.35342941878493,
              17.461670415785505
            ],
            [
              78.35353010929522,
              17.461630571772346
            ],
            [
              78.3535671316432,
              17.46171570742419
            ],
            [
              78.35363807268456,
              17.461687635513726
            ],
            [
              78.35386495322716,
              17.46220936346316
            ]
          ]
        ]
      },
      "id": "MS-123301331-370516"
    },
    {
      "type": "Feature",
      "properties": {
        "height": -1.0,
        "confidence": -1.0,
        "source": "Microsoft GlobalMLBuildingFootprints",
        "synthetic": false,
        "source_quadkey": "123301331",
        "source_line": 370532,
        "crosses_aoi_boundary": false
      },
      "geometry": {
        "type": "Polygon",
        "coordinates": [
          [
            [
              78.35753917694092,
              17.450575173379576
            ],
            [
              78.35761964321136,
              17.450575173379576
            ],
            [
              78.35761964321136,
              17.45072358157357
            ],
            [
              78.35757404565811,
              17.45072358157357
            ],
            [
              78.35757404565811,
              17.450801462768055
            ],
            [
              78.35753917694092,
              17.450801460439948
            ],
            [
              78.35753917694092,
              17.450575173379576
            ]
          ]
        ]
      },
      "id": "MS-123301331-370532"
    },
    {
      "type": "Feature",
      "properties": {
        "height": -1.0,
        "confidence": -1.0,
        "source": "Microsoft GlobalMLBuildingFootprints",
        "synthetic": false,
        "source_quadkey": "123301331",
        "source_line": 373598,
        "crosses_aoi_boundary": false
      },
      "geometry": {
        "type": "Polygon",
        "coordinates": [
          [
            [
              78.35210191367177,
              17.4567981200331
            ],
            [
              78.3521377539364,
              17.456873692539546
            ],
            [
              78.35202063172193,
              17.456924239093894
            ],
            [
              78.35198478993371,
              17.45684867508575
            ],
            [
              78.35210191367177,
              17.4567981200331
            ]
          ]
        ]
      },
      "id": "MS-123301331-373598"
    },
    {
      "type": "Feature",
      "properties": {
        "height": -1.0,
        "confidence": -1.0,
        "source": "Microsoft GlobalMLBuildingFootprints",
        "synthetic": false,
        "source_quadkey": "123301331",
        "source_line": 373615,
        "crosses_aoi_boundary": false
      },
      "geometry": {
        "type": "Polygon",
        "coordinates": [
          [
            [
              78.3552933926483,
              17.461598572485926
            ],
            [
              78.35539102615442,
              17.461556020600156
            ],
            [
              78.35550965964202,
              17.461803673289182
            ],
            [
              78.35542090190914,
              17.46184235676951
            ],
            [
              78.35544320906067,
              17.46188892389428
            ],
            [
              78.35535445132781,
              17.461927607356515
            ],
            [
              78.35528207752475,
              17.461776523962044
            ],
            [
              78.35536195737085,
              17.46174170440561
            ],
            [
              78.3552933926483,
              17.461598572485926
            ]
          ]
        ]
      },
      "id": "MS-123301331-373615"
    },
    {
      "type": "Feature",
      "properties": {
        "height": -1.0,
        "confidence": -1.0,
        "source": "Microsoft GlobalMLBuildingFootprints",
        "synthetic": false,
        "source_quadkey": "123301331",
        "source_line": 376878,
        "crosses_aoi_boundary": false
      },
      "geometry": {
        "type": "Polygon",
        "coordinates": [
          [
            [
              78.35144855964185,
              17.457109076928305
            ],
            [
              78.35148954520524,
              17.457189967434672
            ],
            [
              78.35136343821422,
              17.457248112907635
            ],
            [
              78.35132245265089,
              17.457167222427074
            ],
            [
              78.35144855964185,
              17.457109076928305
            ]
          ]
        ]
      },
      "id": "MS-123301331-376878"
    },
    {
      "type": "Feature",
      "properties": {
        "height": -1.0,
        "confidence": -1.0,
        "source": "Microsoft GlobalMLBuildingFootprints",
        "synthetic": false,
        "source_quadkey": "123301331",
        "source_line": 376888,
        "crosses_aoi_boundary": false
      },
      "geometry": {
        "type": "Polygon",
        "coordinates": [
          [
            [
              78.35292279852874,
              17.457476471142968
            ],
            [
              78.35314595419369,
              17.457959338861173
            ],
            [
              78.35304714187029,
              17.45800089460647
            ],
            [
              78.35282398365254,
              17.4575180214746
            ],
            [
              78.35292279852874,
              17.457476471142968
            ]
          ]
        ]
      },
      "id": "MS-123301331-376888"
    },
    {
      "type": "Feature",
      "properties": {
        "height": -1.0,
        "confidence": -1.0,
        "source": "Microsoft GlobalMLBuildingFootprints",
        "synthetic": false,
        "source_quadkey": "123301331",
        "source_line": 376901,
        "crosses_aoi_boundary": false
      },
      "geometry": {
        "type": "Polygon",
        "coordinates": [
          [
            [
              78.35552760453871,
              17.460257298078105
            ],
            [
              78.35558421545106,
              17.46038551154048
            ],
            [
              78.35554093208758,
              17.46040290218933
            ],
            [
              78.35548432117521,
              17.460274688739204
            ],
            [
              78.35552760453871,
              17.460257298078105
            ]
          ]
        ]
      },
      "id": "MS-123301331-376901"
    },
    {
      "type": "Feature",
      "properties": {
        "height": -1.0,
        "confidence": -1.0,
        "source": "Microsoft GlobalMLBuildingFootprints",
        "synthetic": false,
        "source_quadkey": "123301331",
        "source_line": 376923,
        "crosses_aoi_boundary": false
      },
      "geometry": {
        "type": "Polygon",
        "coordinates": [
          [
            [
              78.35874851338374,
              17.450389171203966
            ],
            [
              78.35874924829831,
              17.45050431135145
            ],
            [
              78.35867282816358,
              17.4505047552597
            ],
            [
              78.3586709119428,
              17.450207949525463
            ],
            [
              78.35881172448165,
              17.450207131574118
            ],
            [
              78.35881288401349,
              17.450388797288454
            ],
            [
              78.35874851338374,
              17.450389171203966
            ]
          ]
        ]
      },
      "id": "MS-123301331-376923"
    },
    {
      "type": "Feature",
      "properties": {
        "height": -1.0,
        "confidence": -1.0,
        "source": "Microsoft GlobalMLBuildingFootprints",
        "synthetic": false,
        "source_quadkey": "123301331",
        "source_line": 380093,
        "crosses_aoi_boundary": false
      },
      "geometry": {
        "type": "Polygon",
        "coordinates": [
          [
            [
              78.36278004600305,
              17.45123092257714
            ],
            [
              78.36277997356738,
              17.45122945987511
            ],
            [
              78.36266221956916,
              17.451234774673523
            ],
            [
              78.36264901626419,
              17.450968158485907
            ],
            [
              78.36290593492618,
              17.45095657966047
            ],
            [
              78.36291921027826,
              17.451224650722494
            ],
            [
              78.36278004600305,
              17.45123092257714
            ]
          ]
        ]
      },
      "id": "MS-123301331-380093"
    },
    {
      "type": "Feature",
      "properties": {
        "height": -1.0,
        "confidence": -1.0,
        "source": "Microsoft GlobalMLBuildingFootprints",
        "synthetic": false,
        "source_quadkey": "123301331",
        "source_line": 386224,
        "crosses_aoi_boundary": false
      },
      "geometry": {
        "type": "Polygon",
        "coordinates": [
          [
            [
              78.35070344658732,
              17.46001392405853
            ],
            [
              78.35065801229027,
              17.46003384732029
            ],
            [
              78.35059591354137,
              17.459905001574043
            ],
            [
              78.35064135564261,
              17.459885074876
            ],
            [
              78.35070344658732,
              17.46001392405853
            ]
          ]
        ]
      },
      "id": "MS-123301331-386224"
    },
    {
      "type": "Feature",
      "properties": {
        "height": -1.0,
        "confidence": -1.0,
        "source": "Microsoft GlobalMLBuildingFootprints",
        "synthetic": false,
        "source_quadkey": "123301331",
        "source_line": 386255,
        "crosses_aoi_boundary": false
      },
      "geometry": {
        "type": "Polygon",
        "coordinates": [
          [
            [
              78.35691817814082,
              17.45076721051167
            ],
            [
              78.35685299023075,
              17.450742958724945
            ],
            [
              78.35688295166727,
              17.450669666129855
            ],
            [
              78.35694813957734,
              17.450693917926344
            ],
            [
              78.35691817814082,
              17.45076721051167
            ]
          ]
        ]
      },
      "id": "MS-123301331-386255"
    },
    {
      "type": "Feature",
      "properties": {
        "height": -1.0,
        "confidence": -1.0,
        "source": "Microsoft GlobalMLBuildingFootprints",
        "synthetic": false,
        "source_quadkey": "123301331",
        "source_line": 389432,
        "crosses_aoi_boundary": false
      },
      "geometry": {
        "type": "Polygon",
        "coordinates": [
          [
            [
              78.35113891451792,
              17.451783415405842
            ],
            [
              78.35117331927064,
              17.451839570078263
            ],
            [
              78.3510984401429,
              17.45188132562781
            ],
            [
              78.35106403003614,
              17.45182516895403
            ],
            [
              78.35113891451792,
              17.451783415405842
            ]
          ]
        ]
      },
      "id": "MS-123301331-389432"
    },
    {
      "type": "Feature",
      "properties": {
        "height": -1.0,
        "confidence": -1.0,
        "source": "Microsoft GlobalMLBuildingFootprints",
        "synthetic": false,
        "source_quadkey": "123301331",
        "source_line": 389485,
        "crosses_aoi_boundary": false
      },
      "geometry": {
        "type": "Polygon",
        "coordinates": [
          [
            [
              78.35955242508963,
              17.450327624189697
            ],
            [
              78.3596034060974,
              17.450242984349103
            ],
            [
              78.3597707701242,
              17.45033472714256
            ],
            [
              78.35971978911643,
              17.450419366940537
            ],
            [
              78.35955242508963,
              17.450327624189697
            ]
          ]
        ]
      },
      "id": "MS-123301331-389485"
    },
    {
      "type": "Feature",
      "properties": {
        "height": -1.0,
        "confidence": -1.0,
        "source": "Microsoft GlobalMLBuildingFootprints",
        "synthetic": false,
        "source_quadkey": "123301331",
        "source_line": 392668,
        "crosses_aoi_boundary": false
      },
      "geometry": {
        "type": "Polygon",
        "coordinates": [
          [
            [
              78.35489401680435,
              17.460923498374086
            ],
            [
              78.35477399517076,
              17.4609809122675
            ],
            [
              78.35478474288867,
              17.461001357126776
            ],
            [
              78.35482332127089,
              17.460982902665094
            ],
            [
              78.35484374193496,
              17.461021747895316
            ],
            [
              78.35474729597938,
              17.461067884036225
            ],
            [
              78.35458285589515,
              17.46075507755245
            ],
            [
              78.3548550478142,
              17.460624870856734
            ],
            [
              78.35493243138323,
              17.460772074080054
            ],
            [
              78.35483812867115,
              17.460817185035324
            ],
            [
              78.35489401680435,
              17.460923498374086
            ]
          ]
        ]
      },
      "id": "MS-123301331-392668"
    },
    {
      "type": "Feature",
      "properties": {
        "height": -1.0,
        "confidence": -1.0,
        "source": "Microsoft GlobalMLBuildingFootprints",
        "synthetic": false,
        "source_quadkey": "123301331",
        "source_line": 392693,
        "crosses_aoi_boundary": true
      },
      "geometry": {
        "type": "Polygon",
        "coordinates": [
          [
            [
              78.36007307292867,
              17.44992470230285
            ],
            [
              78.3602195518579,
              17.449996429445534
            ],
            [
              78.36016288894801,
              17.450101739080793
            ],
            [
              78.36015015164983,
              17.450095501942656
            ],
            [
              78.36003573615872,
              17.45030814622025
            ],
            [
              78.36001875309448,
              17.450299830045466
            ],
            [
              78.35984549535081,
              17.450621833779692
            ],
            [
              78.35983488093562,
              17.450616636179447
            ],
            [
              78.3597793076971,
              17.450719920278544
            ],
            [
              78.35963919741695,
              17.450651311980195
            ],
            [
              78.3596904119701,
              17.450556128561047
            ],
            [
              78.35969465773617,
              17.45055820760186
            ],
            [
              78.35975458966007,
              17.450446822687795
            ],
            [
              78.35976944984132,
              17.450454099334905
            ],
            [
              78.35988168598973,
              17.45024550559384
            ],
            [
              78.35989654617097,
              17.450252782248995
            ],
            [
              78.36007307292867,
              17.44992470230285
            ]
          ]
        ]
      },
      "id": "MS-123301331-392693"
    },
    {
      "type": "Feature",
      "properties": {
        "height": -1.0,
        "confidence": -1.0,
        "source": "Microsoft GlobalMLBuildingFootprints",
        "synthetic": false,
        "source_quadkey": "123301331",
        "source_line": 395940,
        "crosses_aoi_boundary": false
      },
      "geometry": {
        "type": "Polygon",
        "coordinates": [
          [
            [
              78.35407998844295,
              17.45851514478163
            ],
            [
              78.35413175769496,
              17.45849667744922
            ],
            [
              78.35418631521625,
              17.45863585183031
            ],
            [
              78.3541345459643,
              17.458654319148607
            ],
            [
              78.35407998844295,
              17.45851514478163
            ]
          ]
        ]
      },
      "id": "MS-123301331-395940"
    },
    {
      "type": "Feature",
      "properties": {
        "height": -1.0,
        "confidence": -1.0,
        "source": "Microsoft GlobalMLBuildingFootprints",
        "synthetic": false,
        "source_quadkey": "123301331",
        "source_line": 395986,
        "crosses_aoi_boundary": true
      },
      "geometry": {
        "type": "Polygon",
        "coordinates": [
          [
            [
              78.36341180289689,
              17.450184481529405
            ],
            [
              78.36328424088613,
              17.450217220998397
            ],
            [
              78.3631823762239,
              17.449855924847014
            ],
            [
              78.36330994047398,
              17.449823193255597
            ],
            [
              78.36341180289689,
              17.450184481529405
            ]
          ]
        ]
      },
      "id": "MS-123301331-395986"
    },
    {
      "type": "Feature",
      "properties": {
        "height": -1.0,
        "confidence": -1.0,
        "source": "Microsoft GlobalMLBuildingFootprints",
        "synthetic": false,
        "source_quadkey": "123301331",
        "source_line": 399203,
        "crosses_aoi_boundary": false
      },
      "geometry": {
        "type": "Polygon",
        "coordinates": [
          [
            [
              78.35211363217427,
              17.458111344799548
            ],
            [
              78.35223759681826,
              17.458056943461997
            ],
            [
              78.35228487050789,
              17.458154955797767
            ],
            [
              78.35216090915839,
              17.45820936393652
            ],
            [
              78.35211363217427,
              17.458111344799548
            ]
          ]
        ]
      },
      "id": "MS-123301331-399203"
    },
    {
      "type": "Feature",
      "properties": {
        "height": -1.0,
        "confidence": -1.0,
        "source": "Microsoft GlobalMLBuildingFootprints",
        "synthetic": false,
        "source_quadkey": "123301331",
        "source_line": 399226,
        "crosses_aoi_boundary": false
      },
      "geometry": {
        "type": "Polygon",
        "coordinates": [
          [
            [
              78.35641906779037,
              17.46143857672692
            ],
            [
              78.35658396744046,
              17.461398447811177
            ],
            [
              78.3566257263888,
              17.461554595270883
            ],
            [
              78.35646083749494,
              17.461594721534638
            ],
            [
              78.35641906779037,
              17.46143857672692
            ]
          ]
        ]
      },
      "id": "MS-123301331-399226"
    },
    {
      "type": "Feature",
      "properties": {
        "height": -1.0,
        "confidence": -1.0,
        "source": "Microsoft GlobalMLBuildingFootprints",
        "synthetic": false,
        "source_quadkey": "123301331",
        "source_line": 402392,
        "crosses_aoi_boundary": true
      },
      "geometry": {
        "type": "Polygon",
        "coordinates": [
          [
            [
              78.35189347243187,
              17.461933008115025
            ],
            [
              78.35194234616425,
              17.462000669599277
            ],
            [
              78.35190779042233,
              17.46202338260892
            ],
            [
              78.35185891668996,
              17.461955721133123
            ],
            [
              78.35189347243187,
              17.461933008115025
            ]
          ]
        ]
      },
      "id": "MS-123301331-402392"
    },
    {
      "type": "Feature",
      "properties": {
        "height": -1.0,
        "confidence": -1.0,
        "source": "Microsoft GlobalMLBuildingFootprints",
        "synthetic": false,
        "source_quadkey": "123301331",
        "source_line": 402394,
        "crosses_aoi_boundary": false
      },
      "geometry": {
        "type": "Polygon",
        "coordinates": [
          [
            [
              78.352202517896,
              17.45888703073922
            ],
            [
              78.35212861479157,
              17.458919645207047
            ],
            [
              78.35198143157639,
              17.458616153948014
            ],
            [
              78.35205531634001,
              17.458583547519908
            ],
            [
              78.352202517896,
              17.45888703073922
            ]
          ]
        ]
      },
      "id": "MS-123301331-402394"
    },
    {
      "type": "Feature",
      "properties": {
        "height": -1.0,
        "confidence": -1.0,
        "source": "Microsoft GlobalMLBuildingFootprints",
        "synthetic": false,
        "source_quadkey": "123301331",
        "source_line": 402401,
        "crosses_aoi_boundary": false
      },
      "geometry": {
        "type": "Polygon",
        "coordinates": [
          [
            [
              78.35316183443345,
              17.460129478756087
            ],
            [
              78.35321164444252,
              17.460311536910368
            ],
            [
              78.35307603939769,
              17.460345288521452
            ],
            [
              78.35302622938862,
              17.460163230400894
            ],
            [
              78.35316183443345,
              17.460129478756087
            ]
          ]
        ]
      },
      "id": "MS-123301331-402401"
    },
    {
      "type": "Feature",
      "properties": {
        "height": -1.0,
        "confidence": -1.0,
        "source": "Microsoft GlobalMLBuildingFootprints",
        "synthetic": false,
        "source_quadkey": "123301331",
        "source_line": 405609,
        "crosses_aoi_boundary": false
      },
      "geometry": {
        "type": "Polygon",
        "coordinates": [
          [
            [
              78.35262439701852,
              17.459475912587664
            ],
            [
              78.35275458919716,
              17.459419552357502
            ],
            [
              78.35301759481908,
              17.459972490002855
            ],
            [
              78.35290967506315,
              17.460019201149336
            ],
            [
              78.35270820846578,
              17.459595707474563
            ],
            [
              78.35268596684132,
              17.45960533587187
            ],
            [
              78.35262439701852,
              17.459475912587664
            ]
          ]
        ]
      },
      "id": "MS-123301331-405609"
    },
    {
      "type": "Feature",
      "properties": {
        "height": -1.0,
        "confidence": -1.0,
        "source": "Microsoft GlobalMLBuildingFootprints",
        "synthetic": false,
        "source_quadkey": "123301331",
        "source_line": 405632,
        "crosses_aoi_boundary": false
      },
      "geometry": {
        "type": "Polygon",
        "coordinates": [
          [
            [
              78.35594549929318,
              17.46123248424226
            ],
            [
              78.35583859250477,
              17.46127406728992
            ],
            [
              78.35582321893858,
              17.461238107840657
            ],
            [
              78.35572084594799,
              17.46127793423136
            ],
            [
              78.3556064412099,
              17.46101029040706
            ],
            [
              78.35589277477368,
              17.46089889724263
            ],
            [
              78.3559415446252,
              17.461012972264285
            ],
            [
              78.35586448331043,
              17.461042951635662
            ],
            [
              78.35594549929318,
              17.46123248424226
            ]
          ]
        ]
      },
      "id": "MS-123301331-405632"
    },
    {
      "type": "Feature",
      "properties": {
        "height": -1.0,
        "confidence": -1.0,
        "source": "Microsoft GlobalMLBuildingFootprints",
        "synthetic": false,
        "source_quadkey": "123301331",
        "source_line": 408912,
        "crosses_aoi_boundary": false
      },
      "geometry": {
        "type": "Polygon",
        "coordinates": [
          [
            [
              78.36270834286226,
              17.456958522383545
            ],
            [
              78.36281290322427,
              17.456960609703643
            ],
            [
              78.36281228606835,
              17.456988742788127
            ],
            [
              78.36270772570633,
              17.456986655468356
            ],
            [
              78.36270834286226,
              17.456958522383545
            ]
          ]
        ]
      },
      "id": "MS-123301331-408912"
    },
    {
      "type": "Feature",
      "properties": {
        "height": -1.0,
        "confidence": -1.0,
        "source": "Microsoft GlobalMLBuildingFootprints",
        "synthetic": false,
        "source_quadkey": "123301331",
        "source_line": 412089,
        "crosses_aoi_boundary": false
      },
      "geometry": {
        "type": "Polygon",
        "coordinates": [
          [
            [
              78.35545238564323,
              17.46068296208726
            ],
            [
              78.3556901593381,
              17.460594936815568
            ],
            [
              78.35576162885307,
              17.460770609436324
            ],
            [
              78.35570101987204,
              17.460793047233068
            ],
            [
              78.35575530051634,
              17.460926469347044
            ],
            [
              78.35557813580256,
              17.46099205668905
            ],
            [
              78.35545238564323,
              17.46068296208726
            ]
          ]
        ]
      },
      "id": "MS-123301331-412089"
    },
    {
      "type": "Feature",
      "properties": {
        "height": -1.0,
        "confidence": -1.0,
        "source": "Microsoft GlobalMLBuildingFootprints",
        "synthetic": false,
        "source_quadkey": "123301331",
        "source_line": 412109,
        "crosses_aoi_boundary": false
      },
      "geometry": {
        "type": "Polygon",
        "coordinates": [
          [
            [
              78.36082557709757,
              17.461677322032756
            ],
            [
              78.36092103001222,
              17.46164912886421
            ],
            [
              78.36099491457021,
              17.46187670285478
            ],
            [
              78.36089946354349,
              17.461904901803123
            ],
            [
              78.36082557709757,
              17.461677322032756
            ]
          ]
        ]
      },
      "id": "MS-123301331-412109"
    },
    {
      "type": "Feature",
      "properties": {
        "height": -1.0,
        "confidence": -1.0,
        "source": "Microsoft GlobalMLBuildingFootprints",
        "synthetic": false,
        "source_quadkey": "123301331",
        "source_line": 415236,
        "crosses_aoi_boundary": true
      },
      "geometry": {
        "type": "Polygon",
        "coordinates": [
          [
            [
              78.35401141644499,
              17.462013988333624
            ],
            [
              78.35423984987061,
              17.461923046583195
            ],
            [
              78.35430563111898,
              17.462073401959245
            ],
            [
              78.35426679743662,
              17.462088862047253
            ],
            [
              78.35426393738236,
              17.462082324860134
            ],
            [
              78.35407433763909,
              17.46215780645018
            ],
            [
              78.35401141644499,
              17.462013988333624
            ]
          ]
        ]
      },
      "id": "MS-123301331-415236"
    },
    {
      "type": "Feature",
      "properties": {
        "height": -1.0,
        "confidence": -1.0,
        "source": "Microsoft GlobalMLBuildingFootprints",
        "synthetic": false,
        "source_quadkey": "123301331",
        "source_line": 415258,
        "crosses_aoi_boundary": false
      },
      "geometry": {
        "type": "Polygon",
        "coordinates": [
          [
            [
              78.35911774495446,
              17.450295771199336
            ],
            [
              78.35927701381277,
              17.450387457710193
            ],
            [
              78.35920877162818,
              17.450495353495867
            ],
            [
              78.35904949783914,
              17.450403674835158
            ],
            [
              78.35911774495446,
              17.450295771199336
            ]
          ]
        ]
      },
      "id": "MS-123301331-415258"
    },
    {
      "type": "Feature",
      "properties": {
        "height": -1.0,
        "confidence": -1.0,
        "source": "Microsoft GlobalMLBuildingFootprints",
        "synthetic": false,
        "source_quadkey": "123301331",
        "source_line": 418262,
        "crosses_aoi_boundary": false
      },
      "geometry": {
        "type": "Polygon",
        "coordinates": [
          [
            [
              78.35044288619929,
              17.460961442835497
            ],
            [
              78.35032070880365,
              17.46102115229249
            ],
            [
              78.350199311759,
              17.46079511437796
            ],
            [
              78.35045318858448,
              17.460671024813877
            ],
            [
              78.35061320453,
              17.460968929492566
            ],
            [
              78.35048148849417,
              17.461033309379843
            ],
            [
              78.35044288619929,
              17.460961442835497
            ]
          ]
        ]
      },
      "id": "MS-123301331-418262"
    },
    {
      "type": "Feature",
      "properties": {
        "height": -1.0,
        "confidence": -1.0,
        "source": "Microsoft GlobalMLBuildingFootprints",
        "synthetic": false,
        "source_quadkey": "123301331",
        "source_line": 418287,
        "crosses_aoi_boundary": false
      },
      "geometry": {
        "type": "Polygon",
        "coordinates": [
          [
            [
              78.35481163984117,
              17.459318381236216
            ],
            [
              78.35493063609894,
              17.459268297729025
            ],
            [
              78.35507028978796,
              17.459570287973264
            ],
            [
              78.35487720152067,
              17.459651555409295
            ],
            [
              78.35480525989557,
              17.459495987370445
            ],
            [
              78.35487935382001,
              17.459464807472827
            ],
            [
              78.35481163984117,
              17.459318381236216
            ]
          ]
        ]
      },
      "id": "MS-123301331-418287"
    },
    {
      "type": "Feature",
      "properties": {
        "height": -1.0,
        "confidence": -1.0,
        "source": "Microsoft GlobalMLBuildingFootprints",
        "synthetic": false,
        "source_quadkey": "123301331",
        "source_line": 418306,
        "crosses_aoi_boundary": false
      },
      "geometry": {
        "type": "Polygon",
        "coordinates": [
          [
            [
              78.35782702409111,
              17.45641622338202
            ],
            [
              78.35787571466138,
              17.456406191258324
            ],
            [
              78.35790062205324,
              17.456516199998646
            ],
            [
              78.35785193148298,
              17.456526232116317
            ],
            [
              78.35782702409111,
              17.45641622338202
            ]
          ]
        ]
      },
      "id": "MS-123301331-418306"
    },
    {
      "type": "Feature",
      "properties": {
        "height": -1.0,
        "confidence": -1.0,
        "source": "Microsoft GlobalMLBuildingFootprints",
        "synthetic": false,
        "source_quadkey": "123301331",
        "source_line": 418312,
        "crosses_aoi_boundary": false
      },
      "geometry": {
        "type": "Polygon",
        "coordinates": [
          [
            [
              78.35935479129314,
              17.45023289127829
            ],
            [
              78.35932810754453,
              17.450298448420398
            ],
            [
              78.35938171558658,
              17.45031830630751
            ],
            [
              78.35935365938882,
              17.45038723527594
            ],
            [
              78.35912291172951,
              17.450301760039594
            ],
            [
              78.35917764749252,
              17.450167284151007
            ],
            [
              78.35935479129314,
              17.45023289127829
            ]
          ]
        ]
      },
      "id": "MS-123301331-418312"
    },
    {
      "type": "Feature",
      "properties": {
        "height": -1.0,
        "confidence": -1.0,
        "source": "Microsoft GlobalMLBuildingFootprints",
        "synthetic": false,
        "source_quadkey": "123301331",
        "source_line": 418316,
        "crosses_aoi_boundary": false
      },
      "geometry": {
        "type": "Polygon",
        "coordinates": [
          [
            [
              78.35977058471572,
              17.45595228380256
            ],
            [
              78.35964652958019,
              17.456027630815882
            ],
            [
              78.35956997543816,
              17.455912929994327
            ],
            [
              78.35969403057369,
              17.455837582933583
            ],
            [
              78.35977058471572,
              17.45595228380256
            ]
          ]
        ]
      },
      "id": "MS-123301331-418316"
    },
    {
      "type": "Feature",
      "properties": {
        "height": -1.0,
        "confidence": -1.0,
        "source": "Microsoft GlobalMLBuildingFootprints",
        "synthetic": false,
        "source_quadkey": "123301331",
        "source_line": 421280,
        "crosses_aoi_boundary": false
      },
      "geometry": {
        "type": "Polygon",
        "coordinates": [
          [
            [
              78.35506121756099,
              17.450262605388403
            ],
            [
              78.35512094008939,
              17.45024263978
            ],
            [
              78.35513715540853,
              17.450286791159954
            ],
            [
              78.35507743157576,
              17.45030675321196
            ],
            [
              78.35506121756099,
              17.450262605388403
            ]
          ]
        ]
      },
      "id": "MS-123301331-421280"
    },
    {
      "type": "Feature",
      "properties": {
        "height": -1.0,
        "confidence": -1.0,
        "source": "Microsoft GlobalMLBuildingFootprints",
        "synthetic": false,
        "source_quadkey": "123301331",
        "source_line": 424453,
        "crosses_aoi_boundary": false
      },
      "geometry": {
        "type": "Polygon",
        "coordinates": [
          [
            [
              78.35061757373673,
              17.461314951337854
            ],
            [
              78.35050554766958,
              17.46134897455613
            ],
            [
              78.35043152936973,
              17.461127202593218
            ],
            [
              78.35054355770342,
              17.46109318612457
            ],
            [
              78.35061757373673,
              17.461314951337854
            ]
          ]
        ]
      },
      "id": "MS-123301331-424453"
    },
    {
      "type": "Feature",
      "properties": {
        "height": -1.0,
        "confidence": -1.0,
        "source": "Microsoft GlobalMLBuildingFootprints",
        "synthetic": false,
        "source_quadkey": "123301331",
        "source_line": 424515,
        "crosses_aoi_boundary": false
      },
      "geometry": {
        "type": "Polygon",
        "coordinates": [
          [
            [
              78.36252869698357,
              17.450460089567514
            ],
            [
              78.36259398830144,
              17.45044383355163
            ],
            [
              78.36260578224523,
              17.450486954896675
            ],
            [
              78.36254049092734,
              17.450503210908735
            ],
            [
              78.36252869698357,
              17.450460089567514
            ]
          ]
        ]
      },
      "id": "MS-123301331-424515"
    },
    {
      "type": "Feature",
      "properties": {
        "height": -1.0,
        "confidence": -1.0,
        "source": "Microsoft GlobalMLBuildingFootprints",
        "synthetic": false,
        "source_quadkey": "123301331",
        "source_line": 427622,
        "crosses_aoi_boundary": false
      },
      "geometry": {
        "type": "Polygon",
        "coordinates": [
          [
            [
              78.35178450240258,
              17.46158387888066
            ],
            [
              78.3516697871425,
              17.461628874348904
            ],
            [
              78.35154148718051,
              17.461331227320144
            ],
            [
              78.35165620244061,
              17.46128623177836
            ],
            [
              78.35178450240258,
              17.46158387888066
            ]
          ]
        ]
      },
      "id": "MS-123301331-427622"
    },
    {
      "type": "Feature",
      "properties": {
        "height": -1.0,
        "confidence": -1.0,
        "source": "Microsoft GlobalMLBuildingFootprints",
        "synthetic": false,
        "source_quadkey": "123301331",
        "source_line": 427646,
        "crosses_aoi_boundary": false
      },
      "geometry": {
        "type": "Polygon",
        "coordinates": [
          [
            [
              78.35649166545984,
              17.461212567133856
            ],
            [
              78.35642922018496,
              17.46123938265457
            ],
            [
              78.3563615373384,
              17.46109598280225
            ],
            [
              78.35642398097714,
              17.461069163794036
            ],
            [
              78.35649166545984,
              17.461212567133856
            ]
          ]
        ]
      },
      "id": "MS-123301331-427646"
    },
    {
      "type": "Feature",
      "properties": {
        "height": -1.0,
        "confidence": -1.0,
        "source": "Microsoft GlobalMLBuildingFootprints",
        "synthetic": false,
        "source_quadkey": "123301331",
        "source_line": 427668,
        "crosses_aoi_boundary": false
      },
      "geometry": {
        "type": "Polygon",
        "coordinates": [
          [
            [
              78.36140176622742,
              17.461080962697253
            ],
            [
              78.36158320761761,
              17.461020139727367
            ],
            [
              78.36174261012675,
              17.461452841234248
            ],
            [
              78.3616041416974,
              17.461499258655465
            ],
            [
              78.36156219366868,
              17.461385389966523
            ],
            [
              78.36151922070783,
              17.461399795379705
            ],
            [
              78.36140176622742,
              17.461080962697253
            ]
          ]
        ]
      },
      "id": "MS-123301331-427668"
    },
    {
      "type": "Feature",
      "properties": {
        "height": -1.0,
        "confidence": -1.0,
        "source": "Microsoft GlobalMLBuildingFootprints",
        "synthetic": false,
        "source_quadkey": "123301331",
        "source_line": 430574,
        "crosses_aoi_boundary": false
      },
      "geometry": {
        "type": "Polygon",
        "coordinates": [
          [
            [
              78.35058896231757,
              17.45834785316937
            ],
            [
              78.35052527606865,
              17.45837222137375
            ],
            [
              78.35037697396578,
              17.45801958114697
            ],
            [
              78.35050173712007,
              17.457971843053173
            ],
            [
              78.35058237638849,
              17.45816359131142
            ],
            [
              78.35059854938999,
              17.45815740304559
            ],
            [
              78.35066107414137,
              17.458306077526515
            ],
            [
              78.35066800526009,
              17.45830342501604
            ],
            [
              78.35077324743023,
              17.458553674841497
            ],
            [
              78.35074783271361,
              17.458563399237946
            ],
            [
              78.3508127148836,
              17.45871767896064
            ],
            [
              78.35075392361271,
              17.458740174159033
            ],
            [
              78.35058896231757,
              17.45834785316937
            ]
          ]
        ]
      },
      "id": "MS-123301331-430574"
    },
    {
      "type": "Feature",
      "properties": {
        "height": -1.0,
        "confidence": -1.0,
        "source": "Microsoft GlobalMLBuildingFootprints",
        "synthetic": false,
        "source_quadkey": "123301331",
        "source_line": 433742,
        "crosses_aoi_boundary": false
      },
      "geometry": {
        "type": "Polygon",
        "coordinates": [
          [
            [
              78.3516577224901,
              17.461034309943827
            ],
            [
              78.35168261436002,
              17.461035021226735
            ],
            [
              78.35185534695377,
              17.46094254380968
            ],
            [
              78.35188181481871,
              17.460987530373203
            ],
            [
              78.35188134023073,
              17.46100264359329
            ],
            [
              78.35194699274345,
              17.461114217048973
            ],
            [
              78.35196469525958,
              17.461114722896525
            ],
            [
              78.35198916732115,
              17.46115631721952
            ],
            [
              78.35198738007996,
              17.46121323172879
            ],
            [
              78.35194590368988,
              17.461235440060733
            ],
            [
              78.35196880060413,
              17.46127435228179
            ],
            [
              78.35197756143815,
              17.461269661336942
            ],
            [
              78.3519787647209,
              17.461231342936472
            ],
            [
              78.35203641877423,
              17.461232986544772
            ],
            [
              78.35203502429961,
              17.461277497422998
            ],
            [
              78.35204817453084,
              17.461299845613866
            ],
            [
              78.35196863816003,
              17.461297578182794
            ],
            [
              78.35196722714308,
              17.461342511837756
            ],
            [
              78.35197035731241,
              17.461342601281913
            ],
            [
              78.35201701425092,
              17.461317619064914
            ],
            [
              78.3520312306216,
              17.461341782116378
            ],
            [
              78.35208521881025,
              17.461343324821286
            ],
            [
              78.35208389000249,
              17.461385640523005
            ],
            [
              78.35197106091974,
              17.461446046711828
            ],
            [
              78.35191842548272,
              17.46144454617658
            ],
            [
              78.35192061579701,
              17.46137479593277
            ],
            [
              78.35189901563109,
              17.461338087494482
            ],
            [
              78.35189997928217,
              17.461307328282686
            ],
            [
              78.35182972929694,
              17.46130532089883
            ],
            [
              78.35178715605429,
              17.46132811652359
            ],
            [
              78.3516555220485,
              17.46110438282193
            ],
            [
              78.3516577224901,
              17.461034309943827
            ]
          ]
        ]
      },
      "id": "MS-123301331-433742"
    },
    {
      "type": "Feature",
      "properties": {
        "height": -1.0,
        "confidence": -1.0,
        "source": "Microsoft GlobalMLBuildingFootprints",
        "synthetic": false,
        "source_quadkey": "123301331",
        "source_line": 433749,
        "crosses_aoi_boundary": false
      },
      "geometry": {
        "type": "Polygon",
        "coordinates": [
          [
            [
              78.3534254186065,
              17.460723274256196
            ],
            [
              78.35320148906999,
              17.46081535382814
            ],
            [
              78.35303183503336,
              17.46043991522906
            ],
            [
              78.35325576456984,
              17.460347835467317
            ],
            [
              78.3534254186065,
              17.460723274256196
            ]
          ]
        ]
      },
      "id": "MS-123301331-433749"
    },
    {
      "type": "Feature",
      "properties": {
        "height": -1.0,
        "confidence": -1.0,
        "source": "Microsoft GlobalMLBuildingFootprints",
        "synthetic": false,
        "source_quadkey": "123301331",
        "source_line": 436791,
        "crosses_aoi_boundary": false
      },
      "geometry": {
        "type": "Polygon",
        "coordinates": [
          [
            [
              78.35086662812292,
              17.460867886701422
            ],
            [
              78.35082983562592,
              17.46088368141261
            ],
            [
              78.35074696738708,
              17.460708053263033
            ],
            [
              78.35078376963573,
              17.460692251893263
            ],
            [
              78.35086662812292,
              17.460867886701422
            ]
          ]
        ]
      },
      "id": "MS-123301331-436791"
    },
    {
      "type": "Feature",
      "properties": {
        "height": -1.0,
        "confidence": -1.0,
        "source": "Microsoft GlobalMLBuildingFootprints",
        "synthetic": false,
        "source_quadkey": "123301331",
        "source_line": 436844,
        "crosses_aoi_boundary": false
      },
      "geometry": {
        "type": "Polygon",
        "coordinates": [
          [
            [
              78.36165172966285,
              17.451216771699706
            ],
            [
              78.3615915039623,
              17.451324219055508
            ],
            [
              78.36143605640967,
              17.45124491445125
            ],
            [
              78.36149628824008,
              17.45113747017598
            ],
            [
              78.36165172966285,
              17.451216771699706
            ]
          ]
        ]
      },
      "id": "MS-123301331-436844"
    },
    {
      "type": "Feature",
      "properties": {
        "height": -1.0,
        "confidence": -1.0,
        "source": "Microsoft GlobalMLBuildingFootprints",
        "synthetic": false,
        "source_quadkey": "123301331",
        "source_line": 440046,
        "crosses_aoi_boundary": false
      },
      "geometry": {
        "type": "Polygon",
        "coordinates": [
          [
            [
              78.35256461054891,
              17.461732821074833
            ],
            [
              78.35237134920067,
              17.46180788962731
            ],
            [
              78.35228328571975,
              17.46160158712763
            ],
            [
              78.35236381128153,
              17.461570308532416
            ],
            [
              78.35235163228947,
              17.461541777312362
            ],
            [
              78.35242875704733,
              17.46151181968385
            ],
            [
              78.35242688308003,
              17.46150743037157
            ],
            [
              78.35273747408279,
              17.46138678721877
            ],
            [
              78.35279125792553,
              17.46151276281958
            ],
            [
              78.35274984680427,
              17.461528850938265
            ],
            [
              78.35281224792311,
              17.461675010295195
            ],
            [
              78.35266839171513,
              17.461730888417705
            ],
            [
              78.35260412966588,
              17.461580344459747
            ],
            [
              78.3525144033762,
              17.461615202887728
            ],
            [
              78.35256461054891,
              17.461732821074833
            ]
          ]
        ]
      },
      "id": "MS-123301331-440046"
    },
    {
      "type": "Feature",
      "properties": {
        "height": -1.0,
        "confidence": -1.0,
        "source": "Microsoft GlobalMLBuildingFootprints",
        "synthetic": false,
        "source_quadkey": "123301331",
        "source_line": 440049,
        "crosses_aoi_boundary": false
      },
      "geometry": {
        "type": "Polygon",
        "coordinates": [
          [
            [
              78.35284689924501,
              17.460352495508005
            ],
            [
              78.35290465253088,
              17.46045269388513
            ],
            [
              78.35280785275604,
              17.460503465178007
            ],
            [
              78.35275009947017,
              17.46040326682879
            ],
            [
              78.35284689924501,
              17.460352495508005
            ]
          ]
        ]
      },
      "id": "MS-123301331-440049"
    },
    {
      "type": "Feature",
      "properties": {
        "height": -1.0,
        "confidence": -1.0,
        "source": "Microsoft GlobalMLBuildingFootprints",
        "synthetic": false,
        "source_quadkey": "123301331",
        "source_line": 440050,
        "crosses_aoi_boundary": false
      },
      "geometry": {
        "type": "Polygon",
        "coordinates": [
          [
            [
              78.35298957402979,
              17.460613655602202
            ],
            [
              78.3528765187905,
              17.460665789736353
            ],
            [
              78.3527987443162,
              17.46051231650138
            ],
            [
              78.35291179955553,
              17.460460182323303
            ],
            [
              78.35298957402979,
              17.460613655602202
            ]
          ]
        ]
      },
      "id": "MS-123301331-440050"
    },
    {
      "type": "Feature",
      "properties": {
        "height": -1.0,
        "confidence": -1.0,
        "source": "Microsoft GlobalMLBuildingFootprints",
        "synthetic": false,
        "source_quadkey": "123301331",
        "source_line": 440057,
        "crosses_aoi_boundary": false
      },
      "geometry": {
        "type": "Polygon",
        "coordinates": [
          [
            [
              78.35397095696322,
              17.46040506556804
            ],
            [
              78.3538525677586,
              17.460458450128414
            ],
            [
              78.3537931158741,
              17.460338457559985
            ],
            [
              78.35391150827985,
              17.46028507942536
            ],
            [
              78.35397095696322,
              17.46040506556804
            ]
          ]
        ]
      },
      "id": "MS-123301331-440057"
    },
    {
      "type": "Feature",
      "properties": {
        "height": -1.0,
        "confidence": -1.0,
        "source": "Microsoft GlobalMLBuildingFootprints",
        "synthetic": false,
        "source_quadkey": "123301331",
        "source_line": 440069,
        "crosses_aoi_boundary": false
      },
      "geometry": {
        "type": "Polygon",
        "coordinates": [
          [
            [
              78.35590307255143,
              17.460447160524723
            ],
            [
              78.35568583901791,
              17.460553934405283
            ],
            [
              78.3555941035169,
              17.460384099509355
            ],
            [
              78.35581132720424,
              17.460277330368868
            ],
            [
              78.35590307255143,
              17.460447160524723
            ]
          ]
        ]
      },
      "id": "MS-123301331-440069"
    },
    {
      "type": "Feature",
      "properties": {
        "height": -1.0,
        "confidence": -1.0,
        "source": "Microsoft GlobalMLBuildingFootprints",
        "synthetic": false,
        "source_quadkey": "123301331",
        "source_line": 440090,
        "crosses_aoi_boundary": false
      },
      "geometry": {
        "type": "Polygon",
        "coordinates": [
          [
            [
              78.3598945027348,
              17.450173977250827
            ],
            [
              78.35991351179136,
              17.45013509059119
            ],
            [
              78.35993554282204,
              17.450144891620084
            ],
            [
              78.35991653435613,
              17.450183777069384
            ],
            [
              78.3598945027348,
              17.450173977250827
            ]
          ]
        ]
      },
      "id": "MS-123301331-440090"
    },
    {
      "type": "Feature",
      "properties": {
        "height": -1.0,
        "confidence": -1.0,
        "source": "Microsoft GlobalMLBuildingFootprints",
        "synthetic": false,
        "source_quadkey": "123301331",
        "source_line": 440101,
        "crosses_aoi_boundary": false
      },
      "geometry": {
        "type": "Polygon",
        "coordinates": [
          [
            [
              78.361912952357,
              17.451594238536217
            ],
            [
              78.36194942692896,
              17.451489506980195
            ],
            [
              78.36209677389962,
              17.451536217606602
            ],
            [
              78.36206030241331,
              17.45164094027581
            ],
            [
              78.361912952357,
              17.451594238536217
            ]
          ]
        ]
      },
      "id": "MS-123301331-440101"
    },
    {
      "type": "Feature",
      "properties": {
        "height": -1.0,
        "confidence": -1.0,
        "source": "Microsoft GlobalMLBuildingFootprints",
        "synthetic": false,
        "source_quadkey": "123301331",
        "source_line": 440106,
        "crosses_aoi_boundary": false
      },
      "geometry": {
        "type": "Polygon",
        "coordinates": [
          [
            [
              78.36254841532973,
              17.45175088508759
            ],
            [
              78.3626048119975,
              17.451668361752922
            ],
            [
              78.36260070179141,
              17.45146086736092
            ],
            [
              78.36264753371478,
              17.45146002624051
            ],
            [
              78.36264811072766,
              17.45148926372123
            ],
            [
              78.36291829118476,
              17.451484393131736
            ],
            [
              78.36295370051273,
              17.451432579789483
            ],
            [
              78.36298357283296,
              17.45143204127588
            ],
            [
              78.36301012982896,
              17.45139318125939
            ],
            [
              78.36318402048447,
              17.45139004650106
            ],
            [
              78.36318592474898,
              17.4514861790247
            ],
            [
              78.36327440616716,
              17.451484589862616
            ],
            [
              78.36328141279793,
              17.45183830346754
            ],
            [
              78.3633219065241,
              17.451863487980987
            ],
            [
              78.36336358454653,
              17.451862736645666
            ],
            [
              78.36336987375928,
              17.45218141270942
            ],
            [
              78.36330632125203,
              17.4521825541338
            ],
            [
              78.36328728385433,
              17.452210413829775
            ],
            [
              78.36254841532973,
              17.45175088508759
            ]
          ]
        ]
      },
      "id": "MS-123301331-440106"
    },
    {
      "type": "Feature",
      "properties": {
        "height": -1.0,
        "confidence": -1.0,
        "source": "Microsoft GlobalMLBuildingFootprints",
        "synthetic": false,
        "source_quadkey": "123301331",
        "source_line": 443044,
        "crosses_aoi_boundary": false
      },
      "geometry": {
        "type": "Polygon",
        "coordinates": [
          [
            [
              78.35049602951872,
              17.45902331406967
            ],
            [
              78.35073136276553,
              17.458929686736624
            ],
            [
              78.35075804400722,
              17.458990713671042
            ],
            [
              78.35079003105048,
              17.458977987626326
            ],
            [
              78.3508495413809,
              17.459114103154988
            ],
            [
              78.35077871468907,
              17.45914228625982
            ],
            [
              78.35082021015545,
              17.45923719705671
            ],
            [
              78.35062371831833,
              17.459315371206145
            ],
            [
              78.35049602951872,
              17.45902331406967
            ]
          ]
        ]
      },
      "id": "MS-123301331-443044"
    },
    {
      "type": "Feature",
      "properties": {
        "height": -1.0,
        "confidence": -1.0,
        "source": "Microsoft GlobalMLBuildingFootprints",
        "synthetic": false,
        "source_quadkey": "123301331",
        "source_line": 443057,
        "crosses_aoi_boundary": false
      },
      "geometry": {
        "type": "Polygon",
        "coordinates": [
          [
            [
              78.3524905968537,
              17.46014163027479
            ],
            [
              78.35260327867364,
              17.460442475992267
            ],
            [
              78.35253309496012,
              17.460466396728776
            ],
            [
              78.35242039512363,
              17.460165561878355
            ],
            [
              78.3524905968537,
              17.46014163027479
            ]
          ]
        ]
      },
      "id": "MS-123301331-443057"
    },
    {
      "type": "Feature",
      "properties": {
        "height": -1.0,
        "confidence": -1.0,
        "source": "Microsoft GlobalMLBuildingFootprints",
        "synthetic": false,
        "source_quadkey": "123301331",
        "source_line": 443100,
        "crosses_aoi_boundary": false
      },
      "geometry": {
        "type": "Polygon",
        "coordinates": [
          [
            [
              78.36052620622448,
              17.45027184114595
            ],
            [
              78.3606683569147,
              17.45033637099715
            ],
            [
              78.3606215202888,
              17.450430253796895
            ],
            [
              78.36047936959858,
              17.45036572397892
            ],
            [
              78.36052620622448,
              17.45027184114595
            ]
          ]
        ]
      },
      "id": "MS-123301331-443100"
    },
    {
      "type": "Feature",
      "properties": {
        "height": -1.0,
        "confidence": -1.0,
        "source": "Microsoft GlobalMLBuildingFootprints",
        "synthetic": false,
        "source_quadkey": "123301331",
        "source_line": 443105,
        "crosses_aoi_boundary": true
      },
      "geometry": {
        "type": "Polygon",
        "coordinates": [
          [
            [
              78.36135718047157,
              17.449907137208044
            ],
            [
              78.36098525743616,
              17.449865567576367
            ],
            [
              78.36104043667706,
              17.449416272788085
            ],
            [
              78.36110741765738,
              17.44942375923432
            ],
            [
              78.36091587924273,
              17.449178754995046
            ],
            [
              78.36103228850816,
              17.449095931950623
            ],
            [
              78.36084637121031,
              17.449124606808425
            ],
            [
              78.3608408774398,
              17.44909218995052
            ],
            [
              78.36093759121783,
              17.44907727334912
            ],
            [
              78.36091265795157,
              17.448930150601768
            ],
            [
              78.3610224411591,
              17.448913218228327
            ],
            [
              78.3610592071619,
              17.4491301619191
            ],
            [
              78.36125786248977,
              17.44909952241865
            ],
            [
              78.36128185818691,
              17.449241112759168
            ],
            [
              78.36109868044026,
              17.449220639010264
            ],
            [
              78.36111231397625,
              17.449301085768425
            ],
            [
              78.3612284442283,
              17.44928317449721
            ],
            [
              78.36120171371758,
              17.449500826921636
            ],
            [
              78.36109852402606,
              17.449489293442213
            ],
            [
              78.36109161811974,
              17.449545524549862
            ],
            [
              78.36148542022399,
              17.44972368843507
            ],
            [
              78.36152242227341,
              17.44964925580132
            ],
            [
              78.3626841428065,
              17.45113524884546
            ],
            [
              78.36236121058465,
              17.45109915513362
            ],
            [
              78.36234354689239,
              17.451242893977124
            ],
            [
              78.36220891762669,
              17.451181985553475
            ],
            [
              78.36210446002949,
              17.450565623026023
            ],
            [
              78.36176726874926,
              17.45061762912519
            ],
            [
              78.36170687520242,
              17.450261270096448
            ],
            [
              78.36176010117913,
              17.450223401025667
            ],
            [
              78.36140403421697,
              17.45018360368779
            ],
            [
              78.36135718047157,
              17.449907137208044
            ]
          ]
        ]
      },
      "id": "MS-123301331-443105"
    },
    {
      "type": "Feature",
      "properties": {
        "height": -1.0,
        "confidence": -1.0,
        "source": "Microsoft GlobalMLBuildingFootprints",
        "synthetic": false,
        "source_quadkey": "123301331",
        "source_line": 446341,
        "crosses_aoi_boundary": false
      },
      "geometry": {
        "type": "Polygon",
        "coordinates": [
          [
            [
              78.35146779158677,
              17.458380233368047
            ],
            [
              78.35141996552223,
              17.458401106638874
            ],
            [
              78.35139199307518,
              17.45834279223378
            ],
            [
              78.35143982141116,
              17.458321914771673
            ],
            [
              78.35146779158677,
              17.458380233368047
            ]
          ]
        ]
      },
      "id": "MS-123301331-446341"
    },
    {
      "type": "Feature",
      "properties": {
        "height": -1.0,
        "confidence": -1.0,
        "source": "Microsoft GlobalMLBuildingFootprints",
        "synthetic": false,
        "source_quadkey": "123301331",
        "source_line": 446355,
        "crosses_aoi_boundary": false
      },
      "geometry": {
        "type": "Polygon",
        "coordinates": [
          [
            [
              78.35453645175794,
              17.459867057612996
            ],
            [
              78.3547103756553,
              17.459788247661663
            ],
            [
              78.35479042902763,
              17.459948987873062
            ],
            [
              78.35461649550808,
              17.46002780211495
            ],
            [
              78.35453645175794,
              17.459867057612996
            ]
          ]
        ]
      },
      "id": "MS-123301331-446355"
    },
    {
      "type": "Feature",
      "properties": {
        "height": -1.0,
        "confidence": -1.0,
        "source": "Microsoft GlobalMLBuildingFootprints",
        "synthetic": false,
        "source_quadkey": "123301331",
        "source_line": 446364,
        "crosses_aoi_boundary": true
      },
      "geometry": {
        "type": "Polygon",
        "coordinates": [
          [
            [
              78.35663948037167,
              17.461881860638968
            ],
            [
              78.35672049768533,
              17.46185107261465
            ],
            [
              78.35678744252657,
              17.462011344649696
            ],
            [
              78.35670642716266,
              17.46204213731484
            ],
            [
              78.35663948037167,
              17.461881860638968
            ]
          ]
        ]
      },
      "id": "MS-123301331-446364"
    },
    {
      "type": "Feature",
      "properties": {
        "height": -1.0,
        "confidence": -1.0,
        "source": "Microsoft GlobalMLBuildingFootprints",
        "synthetic": false,
        "source_quadkey": "123301331",
        "source_line": 449545,
        "crosses_aoi_boundary": false
      },
      "geometry": {
        "type": "Polygon",
        "coordinates": [
          [
            [
              78.35656029286537,
              17.46175130642291
            ],
            [
              78.3566124859009,
              17.461857370024802
            ],
            [
              78.3565113851851,
              17.46190264793175
            ],
            [
              78.35645918942774,
              17.461796578825158
            ],
            [
              78.35656029286537,
              17.46175130642291
            ]
          ]
        ]
      },
      "id": "MS-123301331-449545"
    },
    {
      "type": "Feature",
      "properties": {
        "height": -1.0,
        "confidence": -1.0,
        "source": "Microsoft GlobalMLBuildingFootprints",
        "synthetic": false,
        "source_quadkey": "123301331",
        "source_line": 452830,
        "crosses_aoi_boundary": false
      },
      "geometry": {
        "type": "Polygon",
        "coordinates": [
          [
            [
              78.35508270596304,
              17.459594034124578
            ],
            [
              78.3551286142306,
              17.459568355261027
            ],
            [
              78.3552339370925,
              17.459739719968752
            ],
            [
              78.35518802882493,
              17.45976539880813
            ],
            [
              78.35508270596304,
              17.459594034124578
            ]
          ]
        ]
      },
      "id": "MS-123301331-452830"
    },
    {
      "type": "Feature",
      "properties": {
        "height": -1.0,
        "confidence": -1.0,
        "source": "Microsoft GlobalMLBuildingFootprints",
        "synthetic": false,
        "source_quadkey": "123301331",
        "source_line": 456037,
        "crosses_aoi_boundary": false
      },
      "geometry": {
        "type": "Polygon",
        "coordinates": [
          [
            [
              78.35301232302835,
              17.460687671571293
            ],
            [
              78.35310908660622,
              17.460901043707082
            ],
            [
              78.35295318933545,
              17.460965377413302
            ],
            [
              78.35285642575758,
              17.46075200535286
            ],
            [
              78.35301232302835,
              17.460687671571293
            ]
          ]
        ]
      },
      "id": "MS-123301331-456037"
    },
    {
      "type": "Feature",
      "properties": {
        "height": -1.0,
        "confidence": -1.0,
        "source": "Microsoft GlobalMLBuildingFootprints",
        "synthetic": false,
        "source_quadkey": "123301331",
        "source_line": 459218,
        "crosses_aoi_boundary": false
      },
      "geometry": {
        "type": "Polygon",
        "coordinates": [
          [
            [
              78.35379071256367,
              17.45902250409125
            ],
            [
              78.35385649918841,
              17.459160218220305
            ],
            [
              78.35373212334986,
              17.459214284837202
            ],
            [
              78.35366633672511,
              17.45907657074902
            ],
            [
              78.35379071256367,
              17.45902250409125
            ]
          ]
        ]
      },
      "id": "MS-123301331-459218"
    },
    {
      "type": "Feature",
      "properties": {
        "height": -1.0,
        "confidence": -1.0,
        "source": "Microsoft GlobalMLBuildingFootprints",
        "synthetic": false,
        "source_quadkey": "123301331",
        "source_line": 462326,
        "crosses_aoi_boundary": false
      },
      "geometry": {
        "type": "Polygon",
        "coordinates": [
          [
            [
              78.35246780956676,
              17.46069598203603
            ],
            [
              78.35255219943788,
              17.460662210642326
            ],
            [
              78.3526230047133,
              17.46082321348007
            ],
            [
              78.35253861484216,
              17.460856984843915
            ],
            [
              78.35246780956676,
              17.46069598203603
            ]
          ]
        ]
      },
      "id": "MS-123301331-462326"
    },
    {
      "type": "Feature",
      "properties": {
        "height": -1.0,
        "confidence": -1.0,
        "source": "Microsoft GlobalMLBuildingFootprints",
        "synthetic": false,
        "source_quadkey": "123301331",
        "source_line": 462333,
        "crosses_aoi_boundary": false
      },
      "geometry": {
        "type": "Polygon",
        "coordinates": [
          [
            [
              78.35409426739433,
              17.45969596070445
            ],
            [
              78.35417965820359,
              17.459660118154588
            ],
            [
              78.3542528279031,
              17.459818744331017
            ],
            [
              78.35434046583896,
              17.459781958580862
            ],
            [
              78.3543978150629,
              17.459906287134174
            ],
            [
              78.35422478631776,
              17.459978915353403
            ],
            [
              78.35409426739433,
              17.45969596070445
            ]
          ]
        ]
      },
      "id": "MS-123301331-462333"
    },
    {
      "type": "Feature",
      "properties": {
        "height": -1.0,
        "confidence": -1.0,
        "source": "Microsoft GlobalMLBuildingFootprints",
        "synthetic": false,
        "source_quadkey": "123301331",
        "source_line": 462334,
        "crosses_aoi_boundary": false
      },
      "geometry": {
        "type": "Polygon",
        "coordinates": [
          [
            [
              78.35410068978459,
              17.459051178450494
            ],
            [
              78.35404072408163,
              17.45908236234827
            ],
            [
              78.35396817277955,
              17.458955390327574
            ],
            [
              78.35402814024614,
              17.45892420949461
            ],
            [
              78.35410068978459,
              17.459051178450494
            ]
          ]
        ]
      },
      "id": "MS-123301331-462334"
    },
    {
      "type": "Feature",
      "properties": {
        "height": -1.0,
        "confidence": -1.0,
        "source": "Microsoft GlobalMLBuildingFootprints",
        "synthetic": false,
        "source_quadkey": "123301331",
        "source_line": 465310,
        "crosses_aoi_boundary": false
      },
      "geometry": {
        "type": "Polygon",
        "coordinates": [
          [
            [
              78.3512795805867,
              17.46097687992348
            ],
            [
              78.35131459267329,
              17.461030133103606
            ],
            [
              78.35121735944955,
              17.461088304860098
            ],
            [
              78.35118235016724,
              17.461035050019277
            ],
            [
              78.3512795805867,
              17.46097687992348
            ]
          ]
        ]
      },
      "id": "MS-123301331-465310"
    },
    {
      "type": "Feature",
      "properties": {
        "height": -1.0,
        "confidence": -1.0,
        "source": "Microsoft GlobalMLBuildingFootprints",
        "synthetic": false,
        "source_quadkey": "123301331",
        "source_line": 465345,
        "crosses_aoi_boundary": false
      },
      "geometry": {
        "type": "Polygon",
        "coordinates": [
          [
            [
              78.35902082395891,
              17.450425235914665
            ],
            [
              78.359202475264,
              17.450499013189983
            ],
            [
              78.3591802410006,
              17.450548834361896
            ],
            [
              78.35921541539436,
              17.450563120356676
            ],
            [
              78.35918350962038,
              17.45063460107521
            ],
            [
              78.35896668836106,
              17.45054653966291
            ],
            [
              78.35902082395891,
              17.450425235914665
            ]
          ]
        ]
      },
      "id": "MS-123301331-465345"
    },
    {
      "type": "Feature",
      "properties": {
        "height": -1.0,
        "confidence": -1.0,
        "source": "Microsoft GlobalMLBuildingFootprints",
        "synthetic": false,
        "source_quadkey": "123301331",
        "source_line": 467984,
        "crosses_aoi_boundary": false
      },
      "geometry": {
        "type": "Polygon",
        "coordinates": [
          [
            [
              78.35133184670438,
              17.461301350833054
            ],
            [
              78.3514487061607,
              17.46123605613093
            ],
            [
              78.35154462511899,
              17.461392268053018
            ],
            [
              78.35142775712895,
              17.46145756746732
            ],
            [
              78.35133184670438,
              17.461301350833054
            ]
          ]
        ]
      },
      "id": "MS-123301331-467984"
    },
    {
      "type": "Feature",
      "properties": {
        "height": -1.0,
        "confidence": -1.0,
        "source": "Microsoft GlobalMLBuildingFootprints",
        "synthetic": false,
        "source_quadkey": "123301331",
        "source_line": 468034,
        "crosses_aoi_boundary": false
      },
      "geometry": {
        "type": "Polygon",
        "coordinates": [
          [
            [
              78.36053422375716,
              17.450909529379715
            ],
            [
              78.36057762983077,
              17.450808858695098
            ],
            [
              78.36075656801432,
              17.450879072753892
            ],
            [
              78.36067258669797,
              17.451073848518377
            ],
            [
              78.36047529588026,
              17.450996433098865
            ],
            [
              78.36051587112298,
              17.45090232794024
            ],
            [
              78.36053422375716,
              17.450909529379715
            ]
          ]
        ]
      },
      "id": "MS-123301331-468034"
    },
    {
      "type": "Feature",
      "properties": {
        "height": -1.0,
        "confidence": -1.0,
        "source": "Microsoft GlobalMLBuildingFootprints",
        "synthetic": false,
        "source_quadkey": "123301331",
        "source_line": 471195,
        "crosses_aoi_boundary": false
      },
      "geometry": {
        "type": "Polygon",
        "coordinates": [
          [
            [
              78.35184188819274,
              17.458347694928833
            ],
            [
              78.35207262443414,
              17.458249919009404
            ],
            [
              78.35218150748452,
              17.458483739247228
            ],
            [
              78.3519507772343,
              17.458581527907
            ],
            [
              78.35184188819274,
              17.458347694928833
            ]
          ]
        ]
      },
      "id": "MS-123301331-471195"
    },
    {
      "type": "Feature",
      "properties": {
        "height": -1.0,
        "confidence": -1.0,
        "source": "Microsoft GlobalMLBuildingFootprints",
        "synthetic": false,
        "source_quadkey": "123301331",
        "source_line": 471237,
        "crosses_aoi_boundary": false
      },
      "geometry": {
        "type": "Polygon",
        "coordinates": [
          [
            [
              78.35888403021406,
              17.45071431517809
            ],
            [
              78.35891887336915,
              17.450715215492323
            ],
            [
              78.35891749404213,
              17.450763796305125
            ],
            [
              78.35888265088701,
              17.45076289599112
            ],
            [
              78.35888403021406,
              17.45071431517809
            ]
          ]
        ]
      },
      "id": "MS-123301331-471237"
    },
    {
      "type": "Feature",
      "properties": {
        "height": -1.0,
        "confidence": -1.0,
        "source": "Microsoft GlobalMLBuildingFootprints",
        "synthetic": false,
        "source_quadkey": "123301331",
        "source_line": 471259,
        "crosses_aoi_boundary": true
      },
      "geometry": {
        "type": "Polygon",
        "coordinates": [
          [
            [
              78.36401767191452,
              17.45410208444204
            ],
            [
              78.36398179753553,
              17.454112467638737
            ],
            [
              78.36396138644727,
              17.45404827609967
            ],
            [
              78.3639972572112,
              17.454037896340594
            ],
            [
              78.36401767191452,
              17.45410208444204
            ]
          ]
        ]
      },
      "id": "MS-123301331-471259"
    },
    {
      "type": "Feature",
      "properties": {
        "height": -1.0,
        "confidence": -1.0,
        "source": "Microsoft GlobalMLBuildingFootprints",
        "synthetic": false,
        "source_quadkey": "123301331",
        "source_line": 474396,
        "crosses_aoi_boundary": false
      },
      "geometry": {
        "type": "Polygon",
        "coordinates": [
          [
            [
              78.3509998231889,
              17.458713808941923
            ],
            [
              78.35105086768557,
              17.4588224821822
            ],
            [
              78.35099949144079,
              17.458844441778368
            ],
            [
              78.35097747224616,
              17.458797563139285
            ],
            [
              78.35090152475387,
              17.458830025154498
            ],
            [
              78.35094155965322,
              17.458915259019562
            ],
            [
              78.35088023976074,
              17.458941468785923
            ],
            [
              78.35081118854328,
              17.45879443652497
            ],
            [
              78.3509998231889,
              17.458713808941923
            ]
          ]
        ]
      },
      "id": "MS-123301331-474396"
    },
    {
      "type": "Feature",
      "properties": {
        "height": -1.0,
        "confidence": -1.0,
        "source": "Microsoft GlobalMLBuildingFootprints",
        "synthetic": false,
        "source_quadkey": "123301331",
        "source_line": 474400,
        "crosses_aoi_boundary": false
      },
      "geometry": {
        "type": "Polygon",
        "coordinates": [
          [
            [
              78.35154752247693,
              17.45784884237429
            ],
            [
              78.35168872507091,
              17.457786282222216
            ],
            [
              78.3516805274539,
              17.45776944490214
            ],
            [
              78.35178735206041,
              17.45772211598225
            ],
            [
              78.35186933839145,
              17.457890484654726
            ],
            [
              78.35183972379248,
              17.457903605469
            ],
            [
              78.351876613069,
              17.45797937334123
            ],
            [
              78.35179718660987,
              17.45801456339214
            ],
            [
              78.35175824792915,
              17.457934586208182
            ],
            [
              78.35161925162568,
              17.457996168807924
            ],
            [
              78.35154752247693,
              17.45784884237429
            ]
          ]
        ]
      },
      "id": "MS-123301331-474400"
    },
    {
      "type": "Feature",
      "properties": {
        "height": -1.0,
        "confidence": -1.0,
        "source": "Microsoft GlobalMLBuildingFootprints",
        "synthetic": false,
        "source_quadkey": "123301331",
        "source_line": 474401,
        "crosses_aoi_boundary": false
      },
      "geometry": {
        "type": "Polygon",
        "coordinates": [
          [
            [
              78.35160560109749,
              17.459393849487356
            ],
            [
              78.35182826168781,
              17.45930064088543
            ],
            [
              78.35209235601539,
              17.459874729506794
            ],
            [
              78.3518696896906,
              17.459967925349346
            ],
            [
              78.35160560109749,
              17.459393849487356
            ]
          ]
        ]
      },
      "id": "MS-123301331-474401"
    },
    {
      "type": "Feature",
      "properties": {
        "height": -1.0,
        "confidence": -1.0,
        "source": "Microsoft GlobalMLBuildingFootprints",
        "synthetic": false,
        "source_quadkey": "123301331",
        "source_line": 474406,
        "crosses_aoi_boundary": true
      },
      "geometry": {
        "type": "Polygon",
        "coordinates": [
          [
            [
              78.35322459972969,
              17.46201681757337
            ],
            [
              78.35330506439946,
              17.461981893557834
            ],
            [
              78.35336392408131,
              17.461977138650013
            ],
            [
              78.35366827960118,
              17.46261522868984
            ],
            [
              78.35375092575981,
              17.46260855224361
            ],
            [
              78.3537743647976,
              17.46265769276482
            ],
            [
              78.35377681837754,
              17.462685330019582
            ],
            [
              78.35380831039697,
              17.462751353784626
            ],
            [
              78.35382953227007,
              17.46299020043169
            ],
            [
              78.35383612495623,
              17.46300402425979
            ],
            [
              78.35384621776794,
              17.463117616104924
            ],
            [
              78.35384951399494,
              17.463124526707645
            ],
            [
              78.35386240837255,
              17.463269649304564
            ],
            [
              78.35387888950753,
              17.46330420228678
            ],
            [
              78.35391307245524,
              17.463688921126533
            ],
            [
              78.35383834910976,
              17.463694962493122
            ],
            [
              78.35380212661225,
              17.463710683967392
            ],
            [
              78.35369161493207,
              17.463719618812064
            ],
            [
              78.35359418684345,
              17.46262218667117
            ],
            [
              78.35351634978952,
              17.462628479817255
            ],
            [
              78.35322459972969,
              17.46201681757337
            ]
          ]
        ]
      },
      "id": "MS-123301331-474406"
    },
    {
      "type": "Feature",
      "properties": {
        "height": -1.0,
        "confidence": -1.0,
        "source": "Microsoft GlobalMLBuildingFootprints",
        "synthetic": false,
        "source_quadkey": "123301331",
        "source_line": 474409,
        "crosses_aoi_boundary": false
      },
      "geometry": {
        "type": "Polygon",
        "coordinates": [
          [
            [
              78.35371150207318,
              17.46100862378357
            ],
            [
              78.35363812036539,
              17.46103037152045
            ],
            [
              78.35360011472167,
              17.460913704198504
            ],
            [
              78.35364658980326,
              17.4608999306233
            ],
            [
              78.35366055943375,
              17.46094281372355
            ],
            [
              78.35368746552626,
              17.46093483791165
            ],
            [
              78.35371150207318,
              17.46100862378357
            ]
          ]
        ]
      },
      "id": "MS-123301331-474409"
    },
    {
      "type": "Feature",
      "properties": {
        "height": -1.0,
        "confidence": -1.0,
        "source": "Microsoft GlobalMLBuildingFootprints",
        "synthetic": false,
        "source_quadkey": "123301331",
        "source_line": 474449,
        "crosses_aoi_boundary": false
      },
      "geometry": {
        "type": "Polygon",
        "coordinates": [
          [
            [
              78.36145492625327,
              17.45063448615022
            ],
            [
              78.36155577112717,
              17.450696060995085
            ],
            [
              78.36145590824913,
              17.45084490412374
            ],
            [
              78.36135506337519,
              17.450783329329155
            ],
            [
              78.36145492625327,
              17.45063448615022
            ]
          ]
        ]
      },
      "id": "MS-123301331-474449"
    },
    {
      "type": "Feature",
      "properties": {
        "height": -1.0,
        "confidence": -1.0,
        "source": "Microsoft GlobalMLBuildingFootprints",
        "synthetic": false,
        "source_quadkey": "123301331",
        "source_line": 477608,
        "crosses_aoi_boundary": false
      },
      "geometry": {
        "type": "Polygon",
        "coordinates": [
          [
            [
              78.35075840873851,
              17.458351333272546
            ],
            [
              78.35080268137303,
              17.4584052396755
            ],
            [
              78.3507744266204,
              17.458426356282132
            ],
            [
              78.3507301539859,
              17.458372449885417
            ],
            [
              78.35075840873851,
              17.458351333272546
            ]
          ]
        ]
      },
      "id": "MS-123301331-477608"
    },
    {
      "type": "Feature",
      "properties": {
        "height": -1.0,
        "confidence": -1.0,
        "source": "Microsoft GlobalMLBuildingFootprints",
        "synthetic": false,
        "source_quadkey": "123301331",
        "source_line": 480769,
        "crosses_aoi_boundary": false
      },
      "geometry": {
        "type": "Polygon",
        "coordinates": [
          [
            [
              78.35181216038565,
              17.46083855061397
            ],
            [
              78.35168613640724,
              17.460896757613853
            ],
            [
              78.35162406575341,
              17.460774467825416
            ],
            [
              78.35175008973187,
              17.46071626078647
            ],
            [
              78.35181216038565,
              17.46083855061397
            ]
          ]
        ]
      },
      "id": "MS-123301331-480769"
    },
    {
      "type": "Feature",
      "properties": {
        "height": -1.0,
        "confidence": -1.0,
        "source": "Microsoft GlobalMLBuildingFootprints",
        "synthetic": false,
        "source_quadkey": "123301331",
        "source_line": 480779,
        "crosses_aoi_boundary": false
      },
      "geometry": {
        "type": "Polygon",
        "coordinates": [
          [
            [
              78.35481269202695,
              17.460598643914253
            ],
            [
              78.35472468011804,
              17.460620320565155
            ],
            [
              78.3547000153825,
              17.460529167641113
            ],
            [
              78.35464845379857,
              17.460541866864688
            ],
            [
              78.35466987861909,
              17.460621024638982
            ],
            [
              78.35457810107789,
              17.460643628733095
            ],
            [
              78.35456340512827,
              17.46058931724575
            ],
            [
              78.35457219783152,
              17.460587152257887
            ],
            [
              78.35452285498471,
              17.460404846331002
            ],
            [
              78.35474542432907,
              17.460350044016636
            ],
            [
              78.35481269202695,
              17.460598643914253
            ]
          ]
        ]
      },
      "id": "MS-123301331-480779"
    },
    {
      "type": "Feature",
      "properties": {
        "height": -1.0,
        "confidence": -1.0,
        "source": "Microsoft GlobalMLBuildingFootprints",
        "synthetic": false,
        "source_quadkey": "123301331",
        "source_line": 480791,
        "crosses_aoi_boundary": false
      },
      "geometry": {
        "type": "Polygon",
        "coordinates": [
          [
            [
              78.3559121864282,
              17.450222901886633
            ],
            [
              78.35583633387697,
              17.45023444895851
            ],
            [
              78.35581296038359,
              17.4500947160672
            ],
            [
              78.35588881293482,
              17.450083168986467
            ],
            [
              78.3559121864282,
              17.450222901886633
            ]
          ]
        ]
      },
      "id": "MS-123301331-480791"
    },
    {
      "type": "Feature",
      "properties": {
        "height": -1.0,
        "confidence": -1.0,
        "source": "Microsoft GlobalMLBuildingFootprints",
        "synthetic": false,
        "source_quadkey": "123301331",
        "source_line": 480827,
        "crosses_aoi_boundary": false
      },
      "geometry": {
        "type": "Polygon",
        "coordinates": [
          [
            [
              78.36309787068183,
              17.461462735034658
            ],
            [
              78.36312580881847,
              17.461546350622484
            ],
            [
              78.36306006769588,
              17.461566338651537
            ],
            [
              78.36303212955927,
              17.461482723072876
            ],
            [
              78.36309787068183,
              17.461462735034658
            ]
          ]
        ]
      },
      "id": "MS-123301331-480827"
    },
    {
      "type": "Feature",
      "properties": {
        "height": -1.0,
        "confidence": -1.0,
        "source": "Microsoft GlobalMLBuildingFootprints",
        "synthetic": false,
        "source_quadkey": "123301331",
        "source_line": 483987,
        "crosses_aoi_boundary": false
      },
      "geometry": {
        "type": "Polygon",
        "coordinates": [
          [
            [
              78.35254866606105,
              17.45829966251027
            ],
            [
              78.35261018041886,
              17.45842261749344
            ],
            [
              78.35254682653681,
              17.45845146054384
            ],
            [
              78.3525562100829,
              17.458470216378473
            ],
            [
              78.35249067158419,
              17.45850005400895
            ],
            [
              78.35241977368028,
              17.45835834323381
            ],
            [
              78.35254866606105,
              17.45829966251027
            ]
          ]
        ]
      },
      "id": "MS-123301331-483987"
    },
    {
      "type": "Feature",
      "properties": {
        "height": -1.0,
        "confidence": -1.0,
        "source": "Microsoft GlobalMLBuildingFootprints",
        "synthetic": false,
        "source_quadkey": "123301331",
        "source_line": 483999,
        "crosses_aoi_boundary": true
      },
      "geometry": {
        "type": "Polygon",
        "coordinates": [
          [
            [
              78.3543633199397,
              17.46204875896892
            ],
            [
              78.35430162201249,
              17.46189770537191
            ],
            [
              78.354366825363,
              17.46187347108868
            ],
            [
              78.35430059082351,
              17.461711310448564
            ],
            [
              78.35440538192252,
              17.461672362451964
            ],
            [
              78.35444802607807,
              17.461776767286565
            ],
            [
              78.35454583110379,
              17.461740415836402
            ],
            [
              78.35452768465461,
              17.46169598824568
            ],
            [
              78.35448331267804,
              17.46171248009938
            ],
            [
              78.35449823584702,
              17.46160714787652
            ],
            [
              78.35458311803119,
              17.4615755994638
            ],
            [
              78.35468472167153,
              17.4618243536613
            ],
            [
              78.35467170478132,
              17.46191623068806
            ],
            [
              78.35456655088049,
              17.461955313475855
            ],
            [
              78.35465819044883,
              17.462179672378824
            ],
            [
              78.3545557280409,
              17.462217754758385
            ],
            [
              78.35450058970397,
              17.4620827609845
            ],
            [
              78.3544750314501,
              17.462263158332448
            ],
            [
              78.35439698067394,
              17.462072068640424
            ],
            [
              78.35448812873851,
              17.46203819145562
            ],
            [
              78.35449348577353,
              17.462000379963072
            ],
            [
              78.3543633199397,
              17.46204875896892
            ]
          ]
        ]
      },
      "id": "MS-123301331-483999"
    },
    {
      "type": "Feature",
      "properties": {
        "height": -1.0,
        "confidence": -1.0,
        "source": "Microsoft GlobalMLBuildingFootprints",
        "synthetic": false,
        "source_quadkey": "123301331",
        "source_line": 487062,
        "crosses_aoi_boundary": false
      },
      "geometry": {
        "type": "Polygon",
        "coordinates": [
          [
            [
              78.35107912699841,
              17.461115049018773
            ],
            [
              78.35093844117554,
              17.46113810813648
            ],
            [
              78.35090531522496,
              17.4609542000681
            ],
            [
              78.35104600104779,
              17.4609311409271
            ],
            [
              78.35107912699841,
              17.461115049018773
            ]
          ]
        ]
      },
      "id": "MS-123301331-487062"
    },
    {
      "type": "Feature",
      "properties": {
        "height": -1.0,
        "confidence": -1.0,
        "source": "Microsoft GlobalMLBuildingFootprints",
        "synthetic": false,
        "source_quadkey": "123301331",
        "source_line": 487069,
        "crosses_aoi_boundary": false
      },
      "geometry": {
        "type": "Polygon",
        "coordinates": [
          [
            [
              78.35283292553126,
              17.459213445825313
            ],
            [
              78.35274477118287,
              17.459237064650253
            ],
            [
              78.35275664154665,
              17.459277381172612
            ],
            [
              78.35259619385572,
              17.4593203692323
            ],
            [
              78.35254200189492,
              17.45913635739558
            ],
            [
              78.3527906021453,
              17.45906973433054
            ],
            [
              78.35283292553126,
              17.459213445825313
            ]
          ]
        ]
      },
      "id": "MS-123301331-487069"
    },
    {
      "type": "Feature",
      "properties": {
        "height": -1.0,
        "confidence": -1.0,
        "source": "Microsoft GlobalMLBuildingFootprints",
        "synthetic": false,
        "source_quadkey": "123301331",
        "source_line": 490264,
        "crosses_aoi_boundary": false
      },
      "geometry": {
        "type": "Polygon",
        "coordinates": [
          [
            [
              78.35485339860035,
              17.46142988854993
            ],
            [
              78.35493707883593,
              17.461389970868638
            ],
            [
              78.35507120054902,
              17.461645817476565
            ],
            [
              78.35493602478381,
              17.4617102997899
            ],
            [
              78.35487057338786,
              17.461585446734333
            ],
            [
              78.35492206891746,
              17.46156088202939
            ],
            [
              78.35485339860035,
              17.46142988854993
            ]
          ]
        ]
      },
      "id": "MS-123301331-490264"
    },
    {
      "type": "Feature",
      "properties": {
        "height": -1.0,
        "confidence": -1.0,
        "source": "Microsoft GlobalMLBuildingFootprints",
        "synthetic": false,
        "source_quadkey": "123301331",
        "source_line": 493460,
        "crosses_aoi_boundary": false
      },
      "geometry": {
        "type": "Polygon",
        "coordinates": [
          [
            [
              78.35333227599516,
              17.461039072618206
            ],
            [
              78.35358557391028,
              17.4609158411579
            ],
            [
              78.35363768176806,
              17.461013303888237
            ],
            [
              78.35359085358209,
              17.461036086169116
            ],
            [
              78.35363319121653,
              17.46111527458922
            ],
            [
              78.35361190567744,
              17.461125630165952
            ],
            [
              78.35359453639151,
              17.461093142615013
            ],
            [
              78.35340935220145,
              17.46118323612413
            ],
            [
              78.35333227599516,
              17.461039072618206
            ]
          ]
        ]
      },
      "id": "MS-123301331-493460"
    },
    {
      "type": "Feature",
      "properties": {
        "height": -1.0,
        "confidence": -1.0,
        "source": "Microsoft GlobalMLBuildingFootprints",
        "synthetic": false,
        "source_quadkey": "123301331",
        "source_line": 493483,
        "crosses_aoi_boundary": false
      },
      "geometry": {
        "type": "Polygon",
        "coordinates": [
          [
            [
              78.3586525023318,
              17.450634333041023
            ],
            [
              78.35860518571569,
              17.450627894555424
            ],
            [
              78.35861514019133,
              17.45056135038689
            ],
            [
              78.35866245634429,
              17.450567791970997
            ],
            [
              78.3586525023318,
              17.450634333041023
            ]
          ]
        ]
      },
      "id": "MS-123301331-493483"
    },
    {
      "type": "Feature",
      "properties": {
        "height": -1.0,
        "confidence": -1.0,
        "source": "Microsoft GlobalMLBuildingFootprints",
        "synthetic": false,
        "source_quadkey": "123301331",
        "source_line": 496534,
        "crosses_aoi_boundary": false
      },
      "geometry": {
        "type": "Polygon",
        "coordinates": [
          [
            [
              78.35091902208777,
              17.4596034192337
            ],
            [
              78.3510689709071,
              17.459538366234938
            ],
            [
              78.35120285747136,
              17.45981915365701
            ],
            [
              78.35105289553685,
              17.459884222257415
            ],
            [
              78.35091902208777,
              17.4596034192337
            ]
          ]
        ]
      },
      "id": "MS-123301331-496534"
    },
    {
      "type": "Feature",
      "properties": {
        "height": -1.0,
        "confidence": -1.0,
        "source": "Microsoft GlobalMLBuildingFootprints",
        "synthetic": false,
        "source_quadkey": "123301331",
        "source_line": 496570,
        "crosses_aoi_boundary": false
      },
      "geometry": {
        "type": "Polygon",
        "coordinates": [
          [
            [
              78.35701864837063,
              17.450190977483956
            ],
            [
              78.3568538076211,
              17.45018676216658
            ],
            [
              78.3568561723826,
              17.45010238325969
            ],
            [
              78.35702101931818,
              17.450106598737207
            ],
            [
              78.35701864837063,
              17.450190977483956
            ]
          ]
        ]
      },
      "id": "MS-123301331-496570"
    },
    {
      "type": "Feature",
      "properties": {
        "height": -1.0,
        "confidence": -1.0,
        "source": "Microsoft GlobalMLBuildingFootprints",
        "synthetic": false,
        "source_quadkey": "123301331",
        "source_line": 496590,
        "crosses_aoi_boundary": true
      },
      "geometry": {
        "type": "Polygon",
        "coordinates": [
          [
            [
              78.36112273562163,
              17.46225609183753
            ],
            [
              78.36103672114825,
              17.46228826770617
            ],
            [
              78.36103033973262,
              17.462272744644054
            ],
            [
              78.36095827355223,
              17.462299702802213
            ],
            [
              78.36081970567007,
              17.461962630319817
            ],
            [
              78.36093594144486,
              17.46191914933715
            ],
            [
              78.36099610907794,
              17.462065509868708
            ],
            [
              78.36103795395687,
              17.462049856724988
            ],
            [
              78.36112273562163,
              17.46225609183753
            ]
          ]
        ]
      },
      "id": "MS-123301331-496590"
    },
    {
      "type": "Feature",
      "properties": {
        "height": -1.0,
        "confidence": -1.0,
        "source": "Microsoft GlobalMLBuildingFootprints",
        "synthetic": false,
        "source_quadkey": "123301331",
        "source_line": 499630,
        "crosses_aoi_boundary": false
      },
      "geometry": {
        "type": "Polygon",
        "coordinates": [
          [
            [
              78.35098734757443,
              17.457318510154735
            ],
            [
              78.3511270152037,
              17.45726520883305
            ],
            [
              78.35132314337864,
              17.45773279771987
            ],
            [
              78.35123893801295,
              17.457764932911473
            ],
            [
              78.35146093643013,
              17.458294290055917
            ],
            [
              78.3513476405969,
              17.45833752687281
            ],
            [
              78.3509993322995,
              17.457506982237774
            ],
            [
              78.35105713490087,
              17.457484919211296
            ],
            [
              78.35098734757443,
              17.457318510154735
            ]
          ]
        ]
      },
      "id": "MS-123301331-499630"
    },
    {
      "type": "Feature",
      "properties": {
        "height": -1.0,
        "confidence": -1.0,
        "source": "Microsoft GlobalMLBuildingFootprints",
        "synthetic": false,
        "source_quadkey": "123301331",
        "source_line": 499637,
        "crosses_aoi_boundary": false
      },
      "geometry": {
        "type": "Polygon",
        "coordinates": [
          [
            [
              78.35281560431875,
              17.460086976632354
            ],
            [
              78.35291714609039,
              17.460036836551268
            ],
            [
              78.35302948739916,
              17.460243892346284
            ],
            [
              78.35292794272645,
              17.46029402702338
            ],
            [
              78.35281560431875,
              17.460086976632354
            ]
          ]
        ]
      },
      "id": "MS-123301331-499637"
    },
    {
      "type": "Feature",
      "properties": {
        "height": -1.0,
        "confidence": -1.0,
        "source": "Microsoft GlobalMLBuildingFootprints",
        "synthetic": false,
        "source_quadkey": "123301331",
        "source_line": 499640,
        "crosses_aoi_boundary": false
      },
      "geometry": {
        "type": "Polygon",
        "coordinates": [
          [
            [
              78.35354555674641,
              17.458580149859912
            ],
            [
              78.35361546352866,
              17.458712983517685
            ],
            [
              78.35348692663005,
              17.458774540196927
            ],
            [
              78.35341701984785,
              17.458641706584032
            ],
            [
              78.35354555674641,
              17.458580149859912
            ]
          ]
        ]
      },
      "id": "MS-123301331-499640"
    },
    {
      "type": "Feature",
      "properties": {
        "height": -1.0,
        "confidence": -1.0,
        "source": "Microsoft GlobalMLBuildingFootprints",
        "synthetic": false,
        "source_quadkey": "123301331",
        "source_line": 499689,
        "crosses_aoi_boundary": false
      },
      "geometry": {
        "type": "Polygon",
        "coordinates": [
          [
            [
              78.36310574958163,
              17.461685671352953
            ],
            [
              78.36317016631651,
              17.461662180977783
            ],
            [
              78.3632439077849,
              17.461846157676746
            ],
            [
              78.36317948077675,
              17.461869656075848
            ],
            [
              78.36310574958163,
              17.461685671352953
            ]
          ]
        ]
      },
      "id": "MS-123301331-499689"
    },
    {
      "type": "Feature",
      "properties": {
        "height": -1.0,
        "confidence": -1.0,
        "source": "Microsoft GlobalMLBuildingFootprints",
        "synthetic": false,
        "source_quadkey": "123301331",
        "source_line": 502885,
        "crosses_aoi_boundary": false
      },
      "geometry": {
        "type": "Polygon",
        "coordinates": [
          [
            [
              78.35117549822198,
              17.45914202180353
            ],
            [
              78.35128239290545,
              17.459095918264453
            ],
            [
              78.3514344311659,
              17.459416699215524
            ],
            [
              78.35132753648244,
              17.4594628026734
            ],
            [
              78.35117549822198,
              17.45914202180353
            ]
          ]
        ]
      },
      "id": "MS-123301331-502885"
    },
    {
      "type": "Feature",
      "properties": {
        "height": -1.0,
        "confidence": -1.0,
        "source": "Microsoft GlobalMLBuildingFootprints",
        "synthetic": false,
        "source_quadkey": "123301331",
        "source_line": 502924,
        "crosses_aoi_boundary": false
      },
      "geometry": {
        "type": "Polygon",
        "coordinates": [
          [
            [
              78.35740322795469,
              17.450854496177826
            ],
            [
              78.35740059854676,
              17.450590967677513
            ],
            [
              78.35752128701789,
              17.45058987177819
            ],
            [
              78.35752391642579,
              17.45085340028008
            ],
            [
              78.35740322795469,
              17.450854496177826
            ]
          ]
        ]
      },
      "id": "MS-123301331-502924"
    },
    {
      "type": "Feature",
      "properties": {
        "height": -1.0,
        "confidence": -1.0,
        "source": "Microsoft GlobalMLBuildingFootprints",
        "synthetic": false,
        "source_quadkey": "123301331",
        "source_line": 502951,
        "crosses_aoi_boundary": false
      },
      "geometry": {
        "type": "Polygon",
        "coordinates": [
          [
            [
              78.3618717252159,
              17.461861385182672
            ],
            [
              78.36157308490294,
              17.461953559794694
            ],
            [
              78.36146972707877,
              17.46164890524929
            ],
            [
              78.36162626896777,
              17.461600578446664
            ],
            [
              78.36161334011003,
              17.461562461428727
            ],
            [
              78.36177971249298,
              17.461511110889674
            ],
            [
              78.36183471566612,
              17.461673236844433
            ],
            [
              78.36181043596586,
              17.461680730724808
            ],
            [
              78.3618717252159,
              17.461861385182672
            ]
          ]
        ]
      },
      "id": "MS-123301331-502951"
    },
    {
      "type": "Feature",
      "properties": {
        "height": -1.0,
        "confidence": -1.0,
        "source": "Microsoft GlobalMLBuildingFootprints",
        "synthetic": false,
        "source_quadkey": "123301331",
        "source_line": 506107,
        "crosses_aoi_boundary": false
      },
      "geometry": {
        "type": "Polygon",
        "coordinates": [
          [
            [
              78.35447896735022,
              17.460909873028186
            ],
            [
              78.35452653276023,
              17.460890399942016
            ],
            [
              78.35455604352883,
              17.46095599371266
            ],
            [
              78.35450847691226,
              17.46097546411002
            ],
            [
              78.35447896735022,
              17.460909873028186
            ]
          ]
        ]
      },
      "id": "MS-123301331-506107"
    },
    {
      "type": "Feature",
      "properties": {
        "height": -1.0,
        "confidence": -1.0,
        "source": "Microsoft GlobalMLBuildingFootprints",
        "synthetic": false,
        "source_quadkey": "123301331",
        "source_line": 506140,
        "crosses_aoi_boundary": false
      },
      "geometry": {
        "type": "Polygon",
        "coordinates": [
          [
            [
              78.36224134942974,
              17.451987307775397
            ],
            [
              78.36233549440728,
              17.452033904322903
            ],
            [
              78.36224668141922,
              17.452197204891974
            ],
            [
              78.36215252700228,
              17.452150603714202
            ],
            [
              78.36224134942974,
              17.451987307775397
            ]
          ]
        ]
      },
      "id": "MS-123301331-506140"
    },
    {
      "type": "Feature",
      "properties": {
        "height": -1.0,
        "confidence": -1.0,
        "source": "Microsoft GlobalMLBuildingFootprints",
        "synthetic": false,
        "source_quadkey": "123301331",
        "source_line": 509357,
        "crosses_aoi_boundary": true
      },
      "geometry": {
        "type": "Polygon",
        "coordinates": [
          [
            [
              78.34986275924462,
              17.459467511631757
            ],
            [
              78.35000491949371,
              17.4594017468133
            ],
            [
              78.35011078471285,
              17.45960998977958
            ],
            [
              78.34996860818755,
              17.459675752560116
            ],
            [
              78.34986275924462,
              17.459467511631757
            ]
          ]
        ]
      },
      "id": "MS-123301331-509357"
    },
    {
      "type": "Feature",
      "properties": {
        "height": -1.0,
        "confidence": -1.0,
        "source": "Microsoft GlobalMLBuildingFootprints",
        "synthetic": false,
        "source_quadkey": "123301331",
        "source_line": 509370,
        "crosses_aoi_boundary": false
      },
      "geometry": {
        "type": "Polygon",
        "coordinates": [
          [
            [
              78.3523197820185,
              17.457694240272744
            ],
            [
              78.35242890606193,
              17.457642890864378
            ],
            [
              78.35271619319767,
              17.45819854338467
            ],
            [
              78.35260710194311,
              17.458249877207294
            ],
            [
              78.3523197820185,
              17.457694240272744
            ]
          ]
        ]
      },
      "id": "MS-123301331-509370"
    },
    {
      "type": "Feature",
      "properties": {
        "height": -1.0,
        "confidence": -1.0,
        "source": "Microsoft GlobalMLBuildingFootprints",
        "synthetic": false,
        "source_quadkey": "123301331",
        "source_line": 509375,
        "crosses_aoi_boundary": false
      },
      "geometry": {
        "type": "Polygon",
        "coordinates": [
          [
            [
              78.35308310224777,
              17.457515894810243
            ],
            [
              78.35317518866141,
              17.457476005556572
            ],
            [
              78.35334585841994,
              17.457834490412168
            ],
            [
              78.3534271983152,
              17.457799256311148
            ],
            [
              78.35351504666983,
              17.457983806392434
            ],
            [
              78.35334159855572,
              17.45805893903791
            ],
            [
              78.35308310224777,
              17.457515894810243
            ]
          ]
        ]
      },
      "id": "MS-123301331-509375"
    },
    {
      "type": "Feature",
      "properties": {
        "height": -1.0,
        "confidence": -1.0,
        "source": "Microsoft GlobalMLBuildingFootprints",
        "synthetic": false,
        "source_quadkey": "123301331",
        "source_line": 509409,
        "crosses_aoi_boundary": true
      },
      "geometry": {
        "type": "Polygon",
        "coordinates": [
          [
            [
              78.3598488772036,
              17.449880749726063
            ],
            [
              78.35988388188109,
              17.44982747483131
            ],
            [
              78.36003215969147,
              17.449916131096998
            ],
            [
              78.3599760317953,
              17.450001554139334
            ],
            [
              78.35985566427583,
              17.449929577618178
            ],
            [
              78.35987678201032,
              17.449897434189637
            ],
            [
              78.3598488772036,
              17.449880749726063
            ]
          ]
        ]
      },
      "id": "MS-123301331-509409"
    },
    {
      "type": "Feature",
      "properties": {
        "height": -1.0,
        "confidence": -1.0,
        "source": "Microsoft GlobalMLBuildingFootprints",
        "synthetic": false,
        "source_quadkey": "123301331",
        "source_line": 512628,
        "crosses_aoi_boundary": true
      },
      "geometry": {
        "type": "Polygon",
        "coordinates": [
          [
            [
              78.35526415544173,
              17.461989324865144
            ],
            [
              78.35498438760119,
              17.462116523821607
            ],
            [
              78.35484413247757,
              17.461835816761663
            ],
            [
              78.35512390792321,
              17.461708632830167
            ],
            [
              78.35526415544173,
              17.461989324865144
            ]
          ]
        ]
      },
      "id": "MS-123301331-512628"
    },
    {
      "type": "Feature",
      "properties": {
        "height": -1.0,
        "confidence": -1.0,
        "source": "Microsoft GlobalMLBuildingFootprints",
        "synthetic": false,
        "source_quadkey": "123301331",
        "source_line": 522103,
        "crosses_aoi_boundary": true
      },
      "geometry": {
        "type": "Polygon",
        "coordinates": [
          [
            [
              78.35014231204313,
              17.46039175773224
            ],
            [
              78.35003640443449,
              17.46043867261548
            ],
            [
              78.34977205699015,
              17.45989564712808
            ],
            [
              78.34996401453077,
              17.459810613639817
            ],
            [
              78.35006852398554,
              17.460025298428548
            ],
            [
              78.3501457482835,
              17.459991089583085
            ],
            [
              78.35027587280067,
              17.460258392889116
            ],
            [
              78.3502140933623,
              17.46028575992584
            ],
            [
              78.35018335528737,
              17.46022261745749
            ],
            [
              78.35008186049576,
              17.4602675775959
            ],
            [
              78.35014231204313,
              17.46039175773224
            ]
          ]
        ]
      },
      "id": "MS-123301331-522103"
    },
    {
      "type": "Feature",
      "properties": {
        "height": -1.0,
        "confidence": -1.0,
        "source": "Microsoft GlobalMLBuildingFootprints",
        "synthetic": false,
        "source_quadkey": "123301331",
        "source_line": 522113,
        "crosses_aoi_boundary": true
      },
      "geometry": {
        "type": "Polygon",
        "coordinates": [
          [
            [
              78.35155751534215,
              17.462053817695192
            ],
            [
              78.35177214526492,
              17.46193494070573
            ],
            [
              78.35175517170786,
              17.461907058083398
            ],
            [
              78.35179127657881,
              17.461887058271785
            ],
            [
              78.35186299743553,
              17.462004874784157
            ],
            [
              78.35182287969297,
              17.462027094779558
            ],
            [
              78.3518478365808,
              17.462068091666396
            ],
            [
              78.3518057142314,
              17.462091424756522
            ],
            [
              78.35181270289588,
              17.462102905090532
            ],
            [
              78.35174450480635,
              17.46214068246583
            ],
            [
              78.35175848213528,
              17.462163643126942
            ],
            [
              78.35165819082715,
              17.46221919806935
            ],
            [
              78.35155751534215,
              17.462053817695192
            ]
          ]
        ]
      },
      "id": "MS-123301331-522113"
    },
    {
      "type": "Feature",
      "properties": {
        "height": -1.0,
        "confidence": -1.0,
        "source": "Microsoft GlobalMLBuildingFootprints",
        "synthetic": false,
        "source_quadkey": "123301331",
        "source_line": 522117,
        "crosses_aoi_boundary": false
      },
      "geometry": {
        "type": "Polygon",
        "coordinates": [
          [
            [
              78.35220127779186,
              17.458215470832158
            ],
            [
              78.35230640604372,
              17.458184222817437
            ],
            [
              78.35236474980638,
              17.458362842707473
            ],
            [
              78.35225961946472,
              17.458394084293715
            ],
            [
              78.35220127779186,
              17.458215470832158
            ]
          ]
        ]
      },
      "id": "MS-123301331-522117"
    },
    {
      "type": "Feature",
      "properties": {
        "height": -1.0,
        "confidence": -1.0,
        "source": "Microsoft GlobalMLBuildingFootprints",
        "synthetic": false,
        "source_quadkey": "123301331",
        "source_line": 522140,
        "crosses_aoi_boundary": false
      },
      "geometry": {
        "type": "Polygon",
        "coordinates": [
          [
            [
              78.35665059099601,
              17.450327934173913
            ],
            [
              78.35664729164154,
              17.45023080323662
            ],
            [
              78.35680403545516,
              17.45022594727527
            ],
            [
              78.35680934321447,
              17.450381867615405
            ],
            [
              78.35671556479883,
              17.45038477289097
            ],
            [
              78.35671356351253,
              17.450325983271128
            ],
            [
              78.35665059099601,
              17.450327934173913
            ]
          ]
        ]
      },
      "id": "MS-123301331-522140"
    },
    {
      "type": "Feature",
      "properties": {
        "height": -1.0,
        "confidence": -1.0,
        "source": "Microsoft GlobalMLBuildingFootprints",
        "synthetic": false,
        "source_quadkey": "123301331",
        "source_line": 528295,
        "crosses_aoi_boundary": false
      },
      "geometry": {
        "type": "Polygon",
        "coordinates": [
          [
            [
              78.35040760093007,
              17.458572801221067
            ],
            [
              78.35024446441014,
              17.458653062596426
            ],
            [
              78.3501652110222,
              17.45850647437024
            ],
            [
              78.35032834289085,
              17.45842620432724
            ],
            [
              78.35040760093007,
              17.458572801221067
            ]
          ]
        ]
      },
      "id": "MS-123301331-528295"
    },
    {
      "type": "Feature",
      "properties": {
        "height": -1.0,
        "confidence": -1.0,
        "source": "Microsoft GlobalMLBuildingFootprints",
        "synthetic": false,
        "source_quadkey": "123301331",
        "source_line": 531398,
        "crosses_aoi_boundary": false
      },
      "geometry": {
        "type": "Polygon",
        "coordinates": [
          [
            [
              78.35016373835785,
              17.460412636989687
            ],
            [
              78.35022839852151,
              17.46058794959552
            ],
            [
              78.35014247518531,
              17.460616787395224
            ],
            [
              78.35007781502165,
              17.460441474817145
            ],
            [
              78.35016373835785,
              17.460412636989687
            ]
          ]
        ]
      },
      "id": "MS-123301331-531398"
    },
    {
      "type": "Feature",
      "properties": {
        "height": -1.0,
        "confidence": -1.0,
        "source": "Microsoft GlobalMLBuildingFootprints",
        "synthetic": false,
        "source_quadkey": "123301331",
        "source_line": 531419,
        "crosses_aoi_boundary": false
      },
      "geometry": {
        "type": "Polygon",
        "coordinates": [
          [
            [
              78.35466435859998,
              17.46096117367823
            ],
            [
              78.35456528256556,
              17.460990549539076
            ],
            [
              78.35450218274255,
              17.460796893225293
            ],
            [
              78.35460124582045,
              17.460767521174787
            ],
            [
              78.35466435859998,
              17.46096117367823
            ]
          ]
        ]
      },
      "id": "MS-123301331-531419"
    },
    {
      "type": "Feature",
      "properties": {
        "height": -1.0,
        "confidence": -1.0,
        "source": "Microsoft GlobalMLBuildingFootprints",
        "synthetic": false,
        "source_quadkey": "123301331",
        "source_line": 534706,
        "crosses_aoi_boundary": false
      },
      "geometry": {
        "type": "Polygon",
        "coordinates": [
          [
            [
              78.3528808916817,
              17.45128058826235
            ],
            [
              78.352829486845,
              17.45129576186841
            ],
            [
              78.35281509596459,
              17.45125139343733
            ],
            [
              78.3528665008013,
              17.451236219827607
            ],
            [
              78.3528808916817,
              17.45128058826235
            ]
          ]
        ]
      },
      "id": "MS-123301331-534706"
    },
    {
      "type": "Feature",
      "properties": {
        "height": -1.0,
        "confidence": -1.0,
        "source": "Microsoft GlobalMLBuildingFootprints",
        "synthetic": false,
        "source_quadkey": "123301331",
        "source_line": 534717,
        "crosses_aoi_boundary": false
      },
      "geometry": {
        "type": "Polygon",
        "coordinates": [
          [
            [
              78.35511114748351,
              17.46129318669007
            ],
            [
              78.35520775844873,
              17.461242301793575
            ],
            [
              78.35533827840457,
              17.46146779743667
            ],
            [
              78.35524166743932,
              17.461518682270153
            ],
            [
              78.35511114748351,
              17.46129318669007
            ]
          ]
        ]
      },
      "id": "MS-123301331-534717"
    },
    {
      "type": "Feature",
      "properties": {
        "height": -1.0,
        "confidence": -1.0,
        "source": "Microsoft GlobalMLBuildingFootprints",
        "synthetic": false,
        "source_quadkey": "123301331",
        "source_line": 537827,
        "crosses_aoi_boundary": false
      },
      "geometry": {
        "type": "Polygon",
        "coordinates": [
          [
            [
              78.35039831075292,
              17.46101962346971
            ],
            [
              78.3504173692015,
              17.461067879000836
            ],
            [
              78.35036099628964,
              17.46108813506818
            ],
            [
              78.35034193914274,
              17.46103988283828
            ],
            [
              78.35039831075292,
              17.46101962346971
            ]
          ]
        ]
      },
      "id": "MS-123301331-537827"
    },
    {
      "type": "Feature",
      "properties": {
        "height": -1.0,
        "confidence": -1.0,
        "source": "Microsoft GlobalMLBuildingFootprints",
        "synthetic": false,
        "source_quadkey": "123301331",
        "source_line": 537840,
        "crosses_aoi_boundary": false
      },
      "geometry": {
        "type": "Polygon",
        "coordinates": [
          [
            [
              78.35250128662449,
              17.4591581991793
            ],
            [
              78.35259293740128,
              17.45935657587458
            ],
            [
              78.35251537023863,
              17.459389186312777
            ],
            [
              78.3525074504554,
              17.45937204679744
            ],
            [
              78.35240189274799,
              17.459416424889568
            ],
            [
              78.35231815429793,
              17.459235203150854
            ],
            [
              78.35250128662449,
              17.4591581991793
            ]
          ]
        ]
      },
      "id": "MS-123301331-537840"
    },
    {
      "type": "Feature",
      "properties": {
        "height": -1.0,
        "confidence": -1.0,
        "source": "Microsoft GlobalMLBuildingFootprints",
        "synthetic": false,
        "source_quadkey": "123301331",
        "source_line": 537841,
        "crosses_aoi_boundary": false
      },
      "geometry": {
        "type": "Polygon",
        "coordinates": [
          [
            [
              78.35270335211466,
              17.4512644291908
            ],
            [
              78.35277553055892,
              17.451235904545513
            ],
            [
              78.35280455048495,
              17.451302732042436
            ],
            [
              78.35273236606982,
              17.45133125421735
            ],
            [
              78.35270335211466,
              17.4512644291908
            ]
          ]
        ]
      },
      "id": "MS-123301331-537841"
    },
    {
      "type": "Feature",
      "properties": {
        "height": -1.0,
        "confidence": -1.0,
        "source": "Microsoft GlobalMLBuildingFootprints",
        "synthetic": false,
        "source_quadkey": "123301331",
        "source_line": 537888,
        "crosses_aoi_boundary": true
      },
      "geometry": {
        "type": "Polygon",
        "coordinates": [
          [
            [
              78.3618778168316,
              17.46171449831496
            ],
            [
              78.36207696653756,
              17.461666446773094
            ],
            [
              78.36228198333986,
              17.462439416851637
            ],
            [
              78.36207779526744,
              17.462488697491338
            ],
            [
              78.36201465340247,
              17.462250635601293
            ],
            [
              78.3620196950833,
              17.46224941879396
            ],
            [
              78.3618778168316,
              17.46171449831496
            ]
          ]
        ]
      },
      "id": "MS-123301331-537888"
    },
    {
      "type": "Feature",
      "properties": {
        "height": -1.0,
        "confidence": -1.0,
        "source": "Microsoft GlobalMLBuildingFootprints",
        "synthetic": false,
        "source_quadkey": "123301331",
        "source_line": 541033,
        "crosses_aoi_boundary": false
      },
      "geometry": {
        "type": "Polygon",
        "coordinates": [
          [
            [
              78.35036326745825,
              17.460299555633284
            ],
            [
              78.35050291277209,
              17.460234479057505
            ],
            [
              78.3506446655353,
              17.460511276227493
            ],
            [
              78.35050500382546,
              17.460576360345115
            ],
            [
              78.35036326745825,
              17.460299555633284
            ]
          ]
        ]
      },
      "id": "MS-123301331-541033"
    },
    {
      "type": "Feature",
      "properties": {
        "height": -1.0,
        "confidence": -1.0,
        "source": "Microsoft GlobalMLBuildingFootprints",
        "synthetic": false,
        "source_quadkey": "123301331",
        "source_line": 541059,
        "crosses_aoi_boundary": true
      },
      "geometry": {
        "type": "Polygon",
        "coordinates": [
          [
            [
              78.35596975453629,
              17.45002491061831
            ],
            [
              78.35606002359955,
              17.449993967637226
            ],
            [
              78.35615050214852,
              17.450234182430037
            ],
            [
              78.35606023308526,
              17.450265125370336
            ],
            [
              78.35596975453629,
              17.45002491061831
            ]
          ]
        ]
      },
      "id": "MS-123301331-541059"
    },
    {
      "type": "Feature",
      "properties": {
        "height": -1.0,
        "confidence": -1.0,
        "source": "Microsoft GlobalMLBuildingFootprints",
        "synthetic": false,
        "source_quadkey": "123301331",
        "source_line": 541088,
        "crosses_aoi_boundary": false
      },
      "geometry": {
        "type": "Polygon",
        "coordinates": [
          [
            [
              78.36144569653952,
              17.458797694419957
            ],
            [
              78.36150880411033,
              17.458795764704178
            ],
            [
              78.3615107795714,
              17.45885455318289
            ],
            [
              78.36144767630935,
              17.458856482766308
            ],
            [
              78.36144569653952,
              17.458797694419957
            ]
          ]
        ]
      },
      "id": "MS-123301331-541088"
    },
    {
      "type": "Feature",
      "properties": {
        "height": -1.0,
        "confidence": -1.0,
        "source": "Microsoft GlobalMLBuildingFootprints",
        "synthetic": false,
        "source_quadkey": "123301331",
        "source_line": 544173,
        "crosses_aoi_boundary": true
      },
      "geometry": {
        "type": "Polygon",
        "coordinates": [
          [
            [
              78.34993567298774,
              17.461049612279595
            ],
            [
              78.35003910872008,
              17.461004876745264
            ],
            [
              78.3500552483364,
              17.461038834287464
            ],
            [
              78.35015314240913,
              17.460996495496204
            ],
            [
              78.35017230820348,
              17.461036820078718
            ],
            [
              78.35023460443158,
              17.461009877212405
            ],
            [
              78.35041214021078,
              17.46138340981824
            ],
            [
              78.35031540193526,
              17.461425248643053
            ],
            [
              78.35028513627988,
              17.46136158005713
            ],
            [
              78.35011827577519,
              17.461433746401255
            ],
            [
              78.34993567298774,
              17.461049612279595
            ]
          ]
        ]
      },
      "id": "MS-123301331-544173"
    },
    {
      "type": "Feature",
      "properties": {
        "height": -1.0,
        "confidence": -1.0,
        "source": "Microsoft GlobalMLBuildingFootprints",
        "synthetic": false,
        "source_quadkey": "123301331",
        "source_line": 544190,
        "crosses_aoi_boundary": false
      },
      "geometry": {
        "type": "Polygon",
        "coordinates": [
          [
            [
              78.3535897598532,
              17.46127287696197
            ],
            [
              78.35375798229285,
              17.46119111413296
            ],
            [
              78.35379378622399,
              17.46125814623494
            ],
            [
              78.3537661040504,
              17.46127160087525
            ],
            [
              78.3537856334674,
              17.46130816382687
            ],
            [
              78.35364509320134,
              17.461376471971747
            ],
            [
              78.3535897598532,
              17.46127287696197
            ]
          ]
        ]
      },
      "id": "MS-123301331-544190"
    },
    {
      "type": "Feature",
      "properties": {
        "height": -1.0,
        "confidence": -1.0,
        "source": "Microsoft GlobalMLBuildingFootprints",
        "synthetic": false,
        "source_quadkey": "123301331",
        "source_line": 547495,
        "crosses_aoi_boundary": false
      },
      "geometry": {
        "type": "Polygon",
        "coordinates": [
          [
            [
              78.35616712765405,
              17.450765471115062
            ],
            [
              78.35623143727297,
              17.45060165764356
            ],
            [
              78.35631847174328,
              17.450632752756974
            ],
            [
              78.35625416212436,
              17.450796566200538
            ],
            [
              78.35616712765405,
              17.450765471115062
            ]
          ]
        ]
      },
      "id": "MS-123301331-547495"
    },
    {
      "type": "Feature",
      "properties": {
        "height": -1.0,
        "confidence": -1.0,
        "source": "Microsoft GlobalMLBuildingFootprints",
        "synthetic": false,
        "source_quadkey": "123301331",
        "source_line": 550663,
        "crosses_aoi_boundary": false
      },
      "geometry": {
        "type": "Polygon",
        "coordinates": [
          [
            [
              78.35953276585411,
              17.45062081003985
            ],
            [
              78.35947051961763,
              17.450755912131257
            ],
            [
              78.35935137889874,
              17.450705956380162
            ],
            [
              78.35941362513522,
              17.450570854251765
            ],
            [
              78.35953276585411,
              17.45062081003985
            ]
          ]
        ]
      },
      "id": "MS-123301331-550663"
    },
    {
      "type": "Feature",
      "properties": {
        "height": -1.0,
        "confidence": -1.0,
        "source": "Microsoft GlobalMLBuildingFootprints",
        "synthetic": false,
        "source_quadkey": "123301331",
        "source_line": 556846,
        "crosses_aoi_boundary": false
      },
      "geometry": {
        "type": "Polygon",
        "coordinates": [
          [
            [
              78.35087999282774,
              17.45155656894606
            ],
            [
              78.35088662523304,
              17.45054081431853
            ],
            [
              78.35107526060045,
              17.450615627059037
            ],
            [
              78.35107463357211,
              17.450712748070345
            ],
            [
              78.351122911503,
              17.450713031729634
            ],
            [
              78.35112186077362,
              17.45087578007417
            ],
            [
              78.3513296999502,
              17.45077794784838
            ],
            [
              78.35152967612379,
              17.450857258245705
            ],
            [
              78.3515283249628,
              17.451066540498104
            ],
            [
              78.35157692687477,
              17.451085815951814
            ],
            [
              78.35159097830372,
              17.451112978931874
            ],
            [
              78.35177813391213,
              17.45102488281003
            ],
            [
              78.35196531470328,
              17.451099118468903
            ],
            [
              78.35196315614115,
              17.451433459069847
            ],
            [
              78.35201514566339,
              17.45145407800372
            ],
            [
              78.35202329472706,
              17.45143537858614
            ],
            [
              78.3520348896219,
              17.451457792769006
            ],
            [
              78.35209460879163,
              17.451429678395513
            ],
            [
              78.35209581841096,
              17.451242320015197
            ],
            [
              78.35214224453382,
              17.451220463668463
            ],
            [
              78.35240197441858,
              17.45132347208505
            ],
            [
              78.35238877239115,
              17.451353766408246
            ],
            [
              78.35244576733888,
              17.45146394381483
            ],
            [
              78.35105872412966,
              17.452116929729428
            ],
            [
              78.351059830224,
              17.451947531999636
            ],
            [
              78.35108942549779,
              17.45193359928227
            ],
            [
              78.3510897941959,
              17.451877133333042
            ],
            [
              78.35131034556699,
              17.451773303178157
            ],
            [
              78.35133181537444,
              17.451781818042477
            ],
            [
              78.35133301520655,
              17.451598064083
            ],
            [
              78.35124709369406,
              17.451563987819668
            ],
            [
              78.35108778162864,
              17.451638977472612
            ],
            [
              78.35087999282774,
              17.45155656894606
            ]
          ]
        ]
      },
      "id": "MS-123301331-556846"
    },
    {
      "type": "Feature",
      "properties": {
        "height": -1.0,
        "confidence": -1.0,
        "source": "Microsoft GlobalMLBuildingFootprints",
        "synthetic": false,
        "source_quadkey": "123301331",
        "source_line": 556854,
        "crosses_aoi_boundary": false
      },
      "geometry": {
        "type": "Polygon",
        "coordinates": [
          [
            [
              78.35217568511325,
              17.46164043585877
            ],
            [
              78.35228094039202,
              17.461863995854486
            ],
            [
              78.35220058842926,
              17.461898420349996
            ],
            [
              78.35214745957423,
              17.46178557583636
            ],
            [
              78.35208719560217,
              17.461811394219737
            ],
            [
              78.35214333175085,
              17.46193062613966
            ],
            [
              78.35209869177154,
              17.461949750853208
            ],
            [
              78.35199042919908,
              17.4617198035333
            ],
            [
              78.35217568511325,
              17.46164043585877
            ]
          ]
        ]
      },
      "id": "MS-123301331-556854"
    },
    {
      "type": "Feature",
      "properties": {
        "height": -1.0,
        "confidence": -1.0,
        "source": "Microsoft GlobalMLBuildingFootprints",
        "synthetic": false,
        "source_quadkey": "123301331",
        "source_line": 556862,
        "crosses_aoi_boundary": false
      },
      "geometry": {
        "type": "Polygon",
        "coordinates": [
          [
            [
              78.35322530623367,
              17.459834573132923
            ],
            [
              78.35310178174447,
              17.45989202185909
            ],
            [
              78.35301831425883,
              17.459728708866635
            ],
            [
              78.35314183874806,
              17.45967126008898
            ],
            [
              78.35322530623367,
              17.459834573132923
            ]
          ]
        ]
      },
      "id": "MS-123301331-556862"
    },
    {
      "type": "Feature",
      "properties": {
        "height": -1.0,
        "confidence": -1.0,
        "source": "Microsoft GlobalMLBuildingFootprints",
        "synthetic": false,
        "source_quadkey": "123301331",
        "source_line": 556905,
        "crosses_aoi_boundary": false
      },
      "geometry": {
        "type": "Polygon",
        "coordinates": [
          [
            [
              78.3618458166319,
              17.451959122890116
            ],
            [
              78.3618324332535,
              17.452012352977505
            ],
            [
              78.3617817072778,
              17.452000746321644
            ],
            [
              78.3617950906562,
              17.451947516230902
            ],
            [
              78.3618458166319,
              17.451959122890116
            ]
          ]
        ]
      },
      "id": "MS-123301331-556905"
    },
    {
      "type": "Feature",
      "properties": {
        "height": -1.0,
        "confidence": -1.0,
        "source": "Microsoft GlobalMLBuildingFootprints",
        "synthetic": false,
        "source_quadkey": "123301331",
        "source_line": 559702,
        "crosses_aoi_boundary": false
      },
      "geometry": {
        "type": "Polygon",
        "coordinates": [
          [
            [
              78.35999087784121,
              17.450977179469305
            ],
            [
              78.36007415897512,
              17.450875490521128
            ],
            [
              78.36017076076341,
              17.45094749032168
            ],
            [
              78.3600874796295,
              17.451049179229685
            ],
            [
              78.35999087784121,
              17.450977179469305
            ]
          ]
        ]
      },
      "id": "MS-123301331-559702"
    },
    {
      "type": "Feature",
      "properties": {
        "height": -1.0,
        "confidence": -1.0,
        "source": "Microsoft GlobalMLBuildingFootprints",
        "synthetic": false,
        "source_quadkey": "123301331",
        "source_line": 561862,
        "crosses_aoi_boundary": true
      },
      "geometry": {
        "type": "Polygon",
        "coordinates": [
          [
            [
              78.35663100474719,
              17.45017932897693
            ],
            [
              78.35662376603639,
              17.44993749841649
            ],
            [
              78.35680868767096,
              17.449932460912336
            ],
            [
              78.35681592601253,
              17.45017427914277
            ],
            [
              78.35663100474719,
              17.45017932897693
            ]
          ]
        ]
      },
      "id": "MS-123301331-561862"
    },
    {
      "type": "Feature",
      "properties": {
        "height": -1.0,
        "confidence": -1.0,
        "source": "Microsoft GlobalMLBuildingFootprints",
        "synthetic": false,
        "source_quadkey": "123301331",
        "source_line": 565159,
        "crosses_aoi_boundary": false
      },
      "geometry": {
        "type": "Polygon",
        "coordinates": [
          [
            [
              78.35648194900492,
              17.45042178177205
            ],
            [
              78.35651760042882,
              17.45035116064257
            ],
            [
              78.35660796784124,
              17.45039267198453
            ],
            [
              78.35657232062327,
              17.45046329502999
            ],
            [
              78.35648194900492,
              17.45042178177205
            ]
          ]
        ]
      },
      "id": "MS-123301331-565159"
    },
    {
      "type": "Feature",
      "properties": {
        "height": -1.0,
        "confidence": -1.0,
        "source": "Microsoft GlobalMLBuildingFootprints",
        "synthetic": false,
        "source_quadkey": "123301331",
        "source_line": 565162,
        "crosses_aoi_boundary": false
      },
      "geometry": {
        "type": "Polygon",
        "coordinates": [
          [
            [
              78.35679166868127,
              17.450580273451394
            ],
            [
              78.35680409514816,
              17.450537501269324
            ],
            [
              78.35688751706473,
              17.45055955801405
            ],
            [
              78.35686236931289,
              17.450646095274948
            ],
            [
              78.35681382637527,
              17.45063325729339
            ],
            [
              78.35682654088983,
              17.45058949365732
            ],
            [
              78.35679166868127,
              17.450580273451394
            ]
          ]
        ]
      },
      "id": "MS-123301331-565162"
    },
    {
      "type": "Feature",
      "properties": {
        "height": -1.0,
        "confidence": -1.0,
        "source": "Microsoft GlobalMLBuildingFootprints",
        "synthetic": false,
        "source_quadkey": "123301331",
        "source_line": 565167,
        "crosses_aoi_boundary": false
      },
      "geometry": {
        "type": "Polygon",
        "coordinates": [
          [
            [
              78.35788888410758,
              17.450297032240016
            ],
            [
              78.35776959304843,
              17.450294236597216
            ],
            [
              78.35777202955731,
              17.450199619296214
            ],
            [
              78.35789131367905,
              17.450202414777877
            ],
            [
              78.35788888410758,
              17.450297032240016
            ]
          ]
        ]
      },
      "id": "MS-123301331-565167"
    },
    {
      "type": "Feature",
      "properties": {
        "height": -1.0,
        "confidence": -1.0,
        "source": "Microsoft GlobalMLBuildingFootprints",
        "synthetic": false,
        "source_quadkey": "123301331",
        "source_line": 565183,
        "crosses_aoi_boundary": false
      },
      "geometry": {
        "type": "Polygon",
        "coordinates": [
          [
            [
              78.35987147384284,
              17.454328585585813
            ],
            [
              78.35986814208829,
              17.454451321333266
            ],
            [
              78.35980917303434,
              17.454449864591226
            ],
            [
              78.35981250478889,
              17.45432712884279
            ],
            [
              78.35987147384284,
              17.454328585585813
            ]
          ]
        ]
      },
      "id": "MS-123301331-565183"
    },
    {
      "type": "Feature",
      "properties": {
        "height": -1.0,
        "confidence": -1.0,
        "source": "Microsoft GlobalMLBuildingFootprints",
        "synthetic": false,
        "source_quadkey": "123301331",
        "source_line": 565187,
        "crosses_aoi_boundary": false
      },
      "geometry": {
        "type": "Polygon",
        "coordinates": [
          [
            [
              78.36055826002729,
              17.45109211857124
            ],
            [
              78.36065165532506,
              17.451142603322694
            ],
            [
              78.36058492945723,
              17.451254942472417
            ],
            [
              78.3604915341595,
              17.451204457752084
            ],
            [
              78.36055826002729,
              17.45109211857124
            ]
          ]
        ]
      },
      "id": "MS-123301331-565187"
    },
    {
      "type": "Feature",
      "properties": {
        "height": -1.0,
        "confidence": -1.0,
        "source": "Microsoft GlobalMLBuildingFootprints",
        "synthetic": false,
        "source_quadkey": "123301331",
        "source_line": 565189,
        "crosses_aoi_boundary": false
      },
      "geometry": {
        "type": "Polygon",
        "coordinates": [
          [
            [
              78.36086141698027,
              17.45643597488855
            ],
            [
              78.36088824376475,
              17.45640093096297
            ],
            [
              78.36093197683255,
              17.456431396782122
            ],
            [
              78.36090515004808,
              17.456466440701845
            ],
            [
              78.36086141698027,
              17.45643597488855
            ]
          ]
        ]
      },
      "id": "MS-123301331-565189"
    },
    {
      "type": "Feature",
      "properties": {
        "height": -1.0,
        "confidence": -1.0,
        "source": "Microsoft GlobalMLBuildingFootprints",
        "synthetic": false,
        "source_quadkey": "123301331",
        "source_line": 565192,
        "crosses_aoi_boundary": false
      },
      "geometry": {
        "type": "Polygon",
        "coordinates": [
          [
            [
              78.36123104305497,
              17.451187016800745
            ],
            [
              78.36119110614976,
              17.451290723100854
            ],
            [
              78.36111075532081,
              17.451262563190554
            ],
            [
              78.36115069222603,
              17.45115885687443
            ],
            [
              78.36123104305497,
              17.451187016800745
            ]
          ]
        ]
      },
      "id": "MS-123301331-565192"
    },
    {
      "type": "Feature",
      "properties": {
        "height": -1.0,
        "confidence": -1.0,
        "source": "Microsoft GlobalMLBuildingFootprints",
        "synthetic": false,
        "source_quadkey": "123301331",
        "source_line": 565195,
        "crosses_aoi_boundary": false
      },
      "geometry": {
        "type": "Polygon",
        "coordinates": [
          [
            [
              78.36145636796375,
              17.461666672364743
            ],
            [
              78.36150110545621,
              17.46179007916365
            ],
            [
              78.36141246414125,
              17.461819320033086
            ],
            [
              78.36143566135956,
              17.46188330870045
            ],
            [
              78.36134222862216,
              17.461914130141523
            ],
            [
              78.36127429391139,
              17.461726734726767
            ],
            [
              78.36145636796375,
              17.461666672364743
            ]
          ]
        ]
      },
      "id": "MS-123301331-565195"
    },
    {
      "type": "Feature",
      "properties": {
        "height": -1.0,
        "confidence": -1.0,
        "source": "Microsoft GlobalMLBuildingFootprints",
        "synthetic": false,
        "source_quadkey": "123301331",
        "source_line": 568379,
        "crosses_aoi_boundary": false
      },
      "geometry": {
        "type": "Polygon",
        "coordinates": [
          [
            [
              78.35303794599758,
              17.46154739647605
            ],
            [
              78.3531038045609,
              17.461520662982593
            ],
            [
              78.35319464395859,
              17.46172429835633
            ],
            [
              78.3530651978169,
              17.461776843436198
            ],
            [
              78.35302364362434,
              17.4616836911395
            ],
            [
              78.3530872312027,
              17.461657879510014
            ],
            [
              78.35303794599758,
              17.46154739647605
            ]
          ]
        ]
      },
      "id": "MS-123301331-568379"
    },
    {
      "type": "Feature",
      "properties": {
        "height": -1.0,
        "confidence": -1.0,
        "source": "Microsoft GlobalMLBuildingFootprints",
        "synthetic": false,
        "source_quadkey": "123301331",
        "source_line": 568392,
        "crosses_aoi_boundary": false
      },
      "geometry": {
        "type": "Polygon",
        "coordinates": [
          [
            [
              78.35554628249912,
              17.461397869583863
            ],
            [
              78.3555912022725,
              17.46147839547892
            ],
            [
              78.35547414432833,
              17.461537814545878
            ],
            [
              78.35542922795243,
              17.46145729476754
            ],
            [
              78.35554628249912,
              17.461397869583863
            ]
          ]
        ]
      },
      "id": "MS-123301331-568392"
    },
    {
      "type": "Feature",
      "properties": {
        "height": -1.0,
        "confidence": -1.0,
        "source": "Microsoft GlobalMLBuildingFootprints",
        "synthetic": false,
        "source_quadkey": "123301331",
        "source_line": 568428,
        "crosses_aoi_boundary": false
      },
      "geometry": {
        "type": "Polygon",
        "coordinates": [
          [
            [
              78.36109839613648,
              17.450483827594653
            ],
            [
              78.36115195894156,
              17.450374697023108
            ],
            [
              78.36137634995745,
              17.450474927072577
            ],
            [
              78.36136446726934,
              17.450499137233635
            ],
            [
              78.3614062644724,
              17.4505178098173
            ],
            [
              78.36139239693536,
              17.45054606396471
            ],
            [
              78.36134399887311,
              17.450524445731844
            ],
            [
              78.36128734590619,
              17.45063987220111
            ],
            [
              78.361181750134,
              17.450592705168546
            ],
            [
              78.36118690040372,
              17.450582211853458
            ],
            [
              78.36111650322228,
              17.450550767156486
            ],
            [
              78.36114019446296,
              17.45050249789101
            ],
            [
              78.36109839613648,
              17.450483827594653
            ]
          ]
        ]
      },
      "id": "MS-123301331-568428"
    },
    {
      "type": "Feature",
      "properties": {
        "height": -1.0,
        "confidence": -1.0,
        "source": "Microsoft GlobalMLBuildingFootprints",
        "synthetic": false,
        "source_quadkey": "123301331",
        "source_line": 571624,
        "crosses_aoi_boundary": false
      },
      "geometry": {
        "type": "Polygon",
        "coordinates": [
          [
            [
              78.35128819259805,
              17.460421288562628
            ],
            [
              78.3515222366461,
              17.46033106561235
            ],
            [
              78.35155205287872,
              17.460401447601853
            ],
            [
              78.35159586063925,
              17.460384559904554
            ],
            [
              78.35163126741548,
              17.460468138489517
            ],
            [
              78.35162896174387,
              17.460469027315312
            ],
            [
              78.35173518207256,
              17.460719762838878
            ],
            [
              78.35161067580574,
              17.46076775935981
            ],
            [
              78.35168987517365,
              17.46095471101141
            ],
            [
              78.35158611995128,
              17.46099470806149
            ],
            [
              78.3514976030107,
              17.46078576213121
            ],
            [
              78.35158752420344,
              17.4607510979819
            ],
            [
              78.35156649724186,
              17.460701463392468
            ],
            [
              78.35142931574302,
              17.460754355313085
            ],
            [
              78.35128819259805,
              17.460421288562628
            ]
          ]
        ]
      },
      "id": "MS-123301331-571624"
    },
    {
      "type": "Feature",
      "properties": {
        "height": -1.0,
        "confidence": -1.0,
        "source": "Microsoft GlobalMLBuildingFootprints",
        "synthetic": false,
        "source_quadkey": "123301331",
        "source_line": 571627,
        "crosses_aoi_boundary": false
      },
      "geometry": {
        "type": "Polygon",
        "coordinates": [
          [
            [
              78.35236204980501,
              17.458803631379297
            ],
            [
              78.35221617474298,
              17.45885569763402
            ],
            [
              78.35210525281181,
              17.45857289857726
            ],
            [
              78.35225112787381,
              17.45852083224169
            ],
            [
              78.35236204980501,
              17.458803631379297
            ]
          ]
        ]
      },
      "id": "MS-123301331-571627"
    },
    {
      "type": "Feature",
      "properties": {
        "height": -1.0,
        "confidence": -1.0,
        "source": "Microsoft GlobalMLBuildingFootprints",
        "synthetic": false,
        "source_quadkey": "123301331",
        "source_line": 571640,
        "crosses_aoi_boundary": false
      },
      "geometry": {
        "type": "Polygon",
        "coordinates": [
          [
            [
              78.35497448670321,
              17.461366147866343
            ],
            [
              78.3550216383745,
              17.461341171480186
            ],
            [
              78.35510246386676,
              17.461480019350475
            ],
            [
              78.35505531219547,
              17.461504995717604
            ],
            [
              78.35497448670321,
              17.461366147866343
            ]
          ]
        ]
      },
      "id": "MS-123301331-571640"
    },
    {
      "type": "Feature",
      "properties": {
        "height": -1.0,
        "confidence": -1.0,
        "source": "Microsoft GlobalMLBuildingFootprints",
        "synthetic": false,
        "source_quadkey": "123301331",
        "source_line": 571681,
        "crosses_aoi_boundary": false
      },
      "geometry": {
        "type": "Polygon",
        "coordinates": [
          [
            [
              78.36198255678302,
              17.45135589272094
            ],
            [
              78.36184894259787,
              17.45162578110856
            ],
            [
              78.36182599797706,
              17.451615445046485
            ],
            [
              78.36180010689279,
              17.451667750367776
            ],
            [
              78.36174747097469,
              17.451644039014482
            ],
            [
              78.3617609343385,
              17.451616840245748
            ],
            [
              78.3616688214818,
              17.45157534536385
            ],
            [
              78.3617102472166,
              17.451491656800187
            ],
            [
              78.36181113272636,
              17.451537103595967
            ],
            [
              78.36182873866366,
              17.45150153595364
            ],
            [
              78.36171688733766,
              17.451451149278228
            ],
            [
              78.3617500279255,
              17.45138419838476
            ],
            [
              78.36187942455754,
              17.451442488872516
            ],
            [
              78.36189392356474,
              17.45141319785826
            ],
            [
              78.36176891325923,
              17.451356883310467
            ],
            [
              78.36180826770729,
              17.451277379080594
            ],
            [
              78.36198255678302,
              17.45135589272094
            ]
          ]
        ]
      },
      "id": "MS-123301331-571681"
    },
    {
      "type": "Feature",
      "properties": {
        "height": -1.0,
        "confidence": -1.0,
        "source": "Microsoft GlobalMLBuildingFootprints",
        "synthetic": false,
        "source_quadkey": "123301331",
        "source_line": 577943,
        "crosses_aoi_boundary": false
      },
      "geometry": {
        "type": "Polygon",
        "coordinates": [
          [
            [
              78.3523373774329,
              17.450482847023807
            ],
            [
              78.35238185055209,
              17.45033107252135
            ],
            [
              78.35237844835457,
              17.450324376000523
            ],
            [
              78.35240194491693,
              17.450244188653087
            ],
            [
              78.35243926208942,
              17.450254140039064
            ],
            [
              78.35244760726229,
              17.450225660237365
            ],
            [
              78.35240527511198,
              17.450214371503336
            ],
            [
              78.35245090238841,
              17.450193274964377
            ],
            [
              78.35247406254669,
              17.45019945109526
            ],
            [
              78.35247572025258,
              17.450193793795137
            ],
            [
              78.35249283818314,
              17.450227486915793
            ],
            [
              78.35252004770852,
              17.45023474289202
            ],
            [
              78.35252910331116,
              17.45020383858349
            ],
            [
              78.35246777354793,
              17.450083123531428
            ],
            [
              78.35264153291126,
              17.450002782895226
            ],
            [
              78.35265522289653,
              17.450029728840377
            ],
            [
              78.35264655414285,
              17.45005931296697
            ],
            [
              78.35260058535832,
              17.450080567423583
            ],
            [
              78.35262690297608,
              17.450132368263368
            ],
            [
              78.35257523148708,
              17.45015625945352
            ],
            [
              78.35256172377473,
              17.45020235761163
            ],
            [
              78.3525789667967,
              17.450206955816626
            ],
            [
              78.35270372518535,
              17.450452516849253
            ],
            [
              78.3526811668828,
              17.450462947045494
            ],
            [
              78.35266815779089,
              17.450507343472793
            ],
            [
              78.35263713226841,
              17.450521688620697
            ],
            [
              78.3526249904493,
              17.450563125273163
            ],
            [
              78.35256701023471,
              17.450589933346137
            ],
            [
              78.35254006524731,
              17.450536897790613
            ],
            [
              78.3523373774329,
              17.450482847023807
            ]
          ]
        ]
      },
      "id": "MS-123301331-577943"
    },
    {
      "type": "Feature",
      "properties": {
        "height": -1.0,
        "confidence": -1.0,
        "source": "Microsoft GlobalMLBuildingFootprints",
        "synthetic": false,
        "source_quadkey": "123301331",
        "source_line": 581200,
        "crosses_aoi_boundary": false
      },
      "geometry": {
        "type": "Polygon",
        "coordinates": [
          [
            [
              78.35367343218357,
              17.461625627070703
            ],
            [
              78.35377047093917,
              17.461584053533954
            ],
            [
              78.3539144297219,
              17.461889866639368
            ],
            [
              78.3538174070998,
              17.461931426716802
            ],
            [
              78.35367343218357,
              17.461625627070703
            ]
          ]
        ]
      },
      "id": "MS-123301331-581200"
    },
    {
      "type": "Feature",
      "properties": {
        "height": -1.0,
        "confidence": -1.0,
        "source": "Microsoft GlobalMLBuildingFootprints",
        "synthetic": false,
        "source_quadkey": "123301331",
        "source_line": 581204,
        "crosses_aoi_boundary": false
      },
      "geometry": {
        "type": "Polygon",
        "coordinates": [
          [
            [
              78.35457997282062,
              17.456114506682468
            ],
            [
              78.35453137605528,
              17.456135966416312
            ],
            [
              78.35450618160739,
              17.456084038365688
            ],
            [
              78.3545547796692,
              17.456062581297928
            ],
            [
              78.35457997282062,
              17.456114506682468
            ]
          ]
        ]
      },
      "id": "MS-123301331-581204"
    },
    {
      "type": "Feature",
      "properties": {
        "height": -1.0,
        "confidence": -1.0,
        "source": "Microsoft GlobalMLBuildingFootprints",
        "synthetic": false,
        "source_quadkey": "123301331",
        "source_line": 581241,
        "crosses_aoi_boundary": false
      },
      "geometry": {
        "type": "Polygon",
        "coordinates": [
          [
            [
              78.35975387461106,
              17.450040112861572
            ],
            [
              78.35990273086146,
              17.450115160794482
            ],
            [
              78.35985009756074,
              17.450210157489238
            ],
            [
              78.35975785128416,
              17.45016364412467
            ],
            [
              78.35977723736279,
              17.45012865461173
            ],
            [
              78.35972063005626,
              17.4501001152627
            ],
            [
              78.35975387461106,
              17.450040112861572
            ]
          ]
        ]
      },
      "id": "MS-123301331-581241"
    },
    {
      "type": "Feature",
      "properties": {
        "height": -1.0,
        "confidence": -1.0,
        "source": "Microsoft GlobalMLBuildingFootprints",
        "synthetic": false,
        "source_quadkey": "123301331",
        "source_line": 581245,
        "crosses_aoi_boundary": false
      },
      "geometry": {
        "type": "Polygon",
        "coordinates": [
          [
            [
              78.36096361571754,
              17.450625184924505
            ],
            [
              78.3607963450195,
              17.450795598732213
            ],
            [
              78.36081561495669,
              17.45081281352782
            ],
            [
              78.36073933648092,
              17.450890519450382
            ],
            [
              78.36060214924319,
              17.450767963268163
            ],
            [
              78.36068378059443,
              17.45068480424125
            ],
            [
              78.36065805798735,
              17.450661824937427
            ],
            [
              78.36073567468202,
              17.450582755653542
            ],
            [
              78.36071423917613,
              17.45056360622317
            ],
            [
              78.36079854696511,
              17.450477720573843
            ],
            [
              78.36096361571754,
              17.450625184924505
            ]
          ]
        ]
      },
      "id": "MS-123301331-581245"
    },
    {
      "type": "Feature",
      "properties": {
        "height": -1.0,
        "confidence": -1.0,
        "source": "Microsoft GlobalMLBuildingFootprints",
        "synthetic": false,
        "source_quadkey": "123301331",
        "source_line": 581252,
        "crosses_aoi_boundary": false
      },
      "geometry": {
        "type": "Polygon",
        "coordinates": [
          [
            [
              78.36285943915131,
              17.450638165845874
            ],
            [
              78.36281498590186,
              17.45065060785815
            ],
            [
              78.36279107506483,
              17.450572861097072
            ],
            [
              78.36283552831428,
              17.45056041907951
            ],
            [
              78.36285943915131,
              17.450638165845874
            ]
          ]
        ]
      },
      "id": "MS-123301331-581252"
    },
    {
      "type": "Feature",
      "properties": {
        "height": -1.0,
        "confidence": -1.0,
        "source": "Microsoft GlobalMLBuildingFootprints",
        "synthetic": false,
        "source_quadkey": "123301331",
        "source_line": 584392,
        "crosses_aoi_boundary": false
      },
      "geometry": {
        "type": "Polygon",
        "coordinates": [
          [
            [
              78.354419404761,
              17.4592701715775
            ],
            [
              78.3544777873327,
              17.459239288668982
            ],
            [
              78.3545035474505,
              17.459283597629607
            ],
            [
              78.3545251668321,
              17.459272160079834
            ],
            [
              78.35460479309397,
              17.4594091392931
            ],
            [
              78.35452479038727,
              17.459451464008453
            ],
            [
              78.354419404761,
              17.4592701715775
            ]
          ]
        ]
      },
      "id": "MS-123301331-584392"
    },
    {
      "type": "Feature",
      "properties": {
        "height": -1.0,
        "confidence": -1.0,
        "source": "Microsoft GlobalMLBuildingFootprints",
        "synthetic": false,
        "source_quadkey": "123301331",
        "source_line": 584403,
        "crosses_aoi_boundary": false
      },
      "geometry": {
        "type": "Polygon",
        "coordinates": [
          [
            [
              78.35604139559952,
              17.450269217823845
            ],
            [
              78.35596466438898,
              17.45029248726135
            ],
            [
              78.35588720987838,
              17.450060099198964
            ],
            [
              78.35596395657333,
              17.450036825035994
            ],
            [
              78.35604139559952,
              17.450269217823845
            ]
          ]
        ]
      },
      "id": "MS-123301331-584403"
    },
    {
      "type": "Feature",
      "properties": {
        "height": -1.0,
        "confidence": -1.0,
        "source": "Microsoft GlobalMLBuildingFootprints",
        "synthetic": false,
        "source_quadkey": "123301331",
        "source_line": 587419,
        "crosses_aoi_boundary": false
      },
      "geometry": {
        "type": "Polygon",
        "coordinates": [
          [
            [
              78.35420308627756,
              17.46120085704547
            ],
            [
              78.35423181869385,
              17.461281039613212
            ],
            [
              78.35417898358908,
              17.461298267765173
            ],
            [
              78.35415025117278,
              17.46121808520502
            ],
            [
              78.35420308627756,
              17.46120085704547
            ]
          ]
        ]
      },
      "id": "MS-123301331-587419"
    },
    {
      "type": "Feature",
      "properties": {
        "height": -1.0,
        "confidence": -1.0,
        "source": "Microsoft GlobalMLBuildingFootprints",
        "synthetic": false,
        "source_quadkey": "123301331",
        "source_line": 587430,
        "crosses_aoi_boundary": false
      },
      "geometry": {
        "type": "Polygon",
        "coordinates": [
          [
            [
              78.35545992388862,
              17.46102989929925
            ],
            [
              78.35534574696364,
              17.46107540792326
            ],
            [
              78.35519499314748,
              17.46073123376928
            ],
            [
              78.35531602068795,
              17.460682994536327
            ],
            [
              78.35537040655835,
              17.46080715873771
            ],
            [
              78.35536355594284,
              17.46080988925881
            ],
            [
              78.35545992388862,
              17.46102989929925
            ]
          ]
        ]
      },
      "id": "MS-123301331-587430"
    },
    {
      "type": "Feature",
      "properties": {
        "height": -1.0,
        "confidence": -1.0,
        "source": "Microsoft GlobalMLBuildingFootprints",
        "synthetic": false,
        "source_quadkey": "123301331",
        "source_line": 587445,
        "crosses_aoi_boundary": false
      },
      "geometry": {
        "type": "Polygon",
        "coordinates": [
          [
            [
              78.35798337395777,
              17.461611743813137
            ],
            [
              78.35788470974141,
              17.461668156392818
            ],
            [
              78.35784029021771,
              17.46159746284637
            ],
            [
              78.35793895747919,
              17.46154105509106
            ],
            [
              78.35798337395777,
              17.461611743813137
            ]
          ]
        ]
      },
      "id": "MS-123301331-587445"
    },
    {
      "type": "Feature",
      "properties": {
        "height": -1.0,
        "confidence": -1.0,
        "source": "Microsoft GlobalMLBuildingFootprints",
        "synthetic": false,
        "source_quadkey": "123301331",
        "source_line": 590264,
        "crosses_aoi_boundary": false
      },
      "geometry": {
        "type": "Polygon",
        "coordinates": [
          [
            [
              78.35054602416754,
              17.460186790640734
            ],
            [
              78.35068603087034,
              17.460127499923317
            ],
            [
              78.35082483889049,
              17.460425767202565
            ],
            [
              78.35068481027234,
              17.460485057754823
            ],
            [
              78.35054602416754,
              17.460186790640734
            ]
          ]
        ]
      },
      "id": "MS-123301331-590264"
    },
    {
      "type": "Feature",
      "properties": {
        "height": -1.0,
        "confidence": -1.0,
        "source": "Microsoft GlobalMLBuildingFootprints",
        "synthetic": false,
        "source_quadkey": "123301331",
        "source_line": 590285,
        "crosses_aoi_boundary": false
      },
      "geometry": {
        "type": "Polygon",
        "coordinates": [
          [
            [
              78.35607380819141,
              17.46079327015657
            ],
            [
              78.35620980692816,
              17.46111563760202
            ],
            [
              78.35613132269081,
              17.461145767047043
            ],
            [
              78.35605143159472,
              17.460956395619604
            ],
            [
              78.35602259318178,
              17.460967466456367
            ],
            [
              78.35605232455048,
              17.461037928554035
            ],
            [
              78.35597497395779,
              17.461067622814994
            ],
            [
              78.35589193070514,
              17.46087077952292
            ],
            [
              78.35597041304005,
              17.460840645522964
            ],
            [
              78.3559676262089,
              17.460834039695314
            ],
            [
              78.35607380819141,
              17.46079327015657
            ]
          ]
        ]
      },
      "id": "MS-123301331-590285"
    },
    {
      "type": "Feature",
      "properties": {
        "height": -1.0,
        "confidence": -1.0,
        "source": "Microsoft GlobalMLBuildingFootprints",
        "synthetic": false,
        "source_quadkey": "123301331",
        "source_line": 590298,
        "crosses_aoi_boundary": false
      },
      "geometry": {
        "type": "Polygon",
        "coordinates": [
          [
            [
              78.35960945241149,
              17.456253117111203
            ],
            [
              78.35976331173985,
              17.456221642157246
            ],
            [
              78.35980316443212,
              17.456398981823995
            ],
            [
              78.35974260027994,
              17.456411367358356
            ],
            [
              78.35976349677739,
              17.45650432382442
            ],
            [
              78.35967019287375,
              17.456523404715895
            ],
            [
              78.35960945241149,
              17.456253117111203
            ]
          ]
        ]
      },
      "id": "MS-123301331-590298"
    },
    {
      "type": "Feature",
      "properties": {
        "height": -1.0,
        "confidence": -1.0,
        "source": "Microsoft GlobalMLBuildingFootprints",
        "synthetic": false,
        "source_quadkey": "123301331",
        "source_line": 593023,
        "crosses_aoi_boundary": false
      },
      "geometry": {
        "type": "Polygon",
        "coordinates": [
          [
            [
              78.3590835632582,
              17.450172030704465
            ],
            [
              78.35900258021148,
              17.450314314032354
            ],
            [
              78.3588741477013,
              17.450247788026303
            ],
            [
              78.358955130748,
              17.4501055046465
            ],
            [
              78.3590835632582,
              17.450172030704465
            ]
          ]
        ]
      },
      "id": "MS-123301331-593023"
    },
    {
      "type": "Feature",
      "properties": {
        "height": -1.0,
        "confidence": -1.0,
        "source": "Microsoft GlobalMLBuildingFootprints",
        "synthetic": false,
        "source_quadkey": "123301331",
        "source_line": 593045,
        "crosses_aoi_boundary": true
      },
      "geometry": {
        "type": "Polygon",
        "coordinates": [
          [
            [
              78.36305542927923,
              17.457223774210178
            ],
            [
              78.36342673500515,
              17.45710012014527
            ],
            [
              78.3634300122394,
              17.45695318441571
            ],
            [
              78.36403437634357,
              17.456751915757962
            ],
            [
              78.36405023466638,
              17.45679524937333
            ],
            [
              78.36429170847025,
              17.456714832396102
            ],
            [
              78.36435067283168,
              17.456875955276786
            ],
            [
              78.36435091511859,
              17.456865127880576
            ],
            [
              78.36441423756312,
              17.45686641734251
            ],
            [
              78.36456181065311,
              17.457269667122645
            ],
            [
              78.36461283722703,
              17.457252674010476
            ],
            [
              78.3646848729515,
              17.457254136092047
            ],
            [
              78.36470318847311,
              17.457304183980312
            ],
            [
              78.3647019707966,
              17.457358599763452
            ],
            [
              78.36467059943026,
              17.45736904719908
            ],
            [
              78.36499580417083,
              17.458257679426595
            ],
            [
              78.36502927651621,
              17.458246534602466
            ],
            [
              78.36506088538869,
              17.45833290661932
            ],
            [
              78.36512655178257,
              17.458334243801318
            ],
            [
              78.3651231924416,
              17.458484859664154
            ],
            [
              78.36504071553642,
              17.45851232632856
            ],
            [
              78.36493054192535,
              17.45821127436197
            ],
            [
              78.36394946696335,
              17.458537994611817
            ],
            [
              78.36396394775021,
              17.458538289487564
            ],
            [
              78.36393498617646,
              17.4585479343406
            ],
            [
              78.36384068551111,
              17.458546014073676
            ],
            [
              78.36373971327117,
              17.458270105138894
            ],
            [
              78.36329397355959,
              17.458418546613615
            ],
            [
              78.36304398266229,
              17.457735302599772
            ],
            [
              78.36305542927923,
              17.457223774210178
            ]
          ]
        ]
      },
      "id": "MS-123301331-593045"
    },
    {
      "type": "Feature",
      "properties": {
        "height": -1.0,
        "confidence": -1.0,
        "source": "Microsoft GlobalMLBuildingFootprints",
        "synthetic": false,
        "source_quadkey": "123301331",
        "source_line": 596197,
        "crosses_aoi_boundary": false
      },
      "geometry": {
        "type": "Polygon",
        "coordinates": [
          [
            [
              78.35725859881423,
              17.450880286158664
            ],
            [
              78.357202396378,
              17.450882804084515
            ],
            [
              78.35719812305379,
              17.45079599771769
            ],
            [
              78.35725432549,
              17.450793479790633
            ],
            [
              78.35725859881423,
              17.450880286158664
            ]
          ]
        ]
      },
      "id": "MS-123301331-596197"
    },
    {
      "type": "Feature",
      "properties": {
        "height": -1.0,
        "confidence": -1.0,
        "source": "Microsoft GlobalMLBuildingFootprints",
        "synthetic": false,
        "source_quadkey": "123301331",
        "source_line": 596224,
        "crosses_aoi_boundary": true
      },
      "geometry": {
        "type": "Polygon",
        "coordinates": [
          [
            [
              78.36127923257895,
              17.462050500508866
            ],
            [
              78.3611225672667,
              17.46211250449656
            ],
            [
              78.36101433519944,
              17.461863659196737
            ],
            [
              78.36117101608858,
              17.461801648959423
            ],
            [
              78.36127923257895,
              17.462050500508866
            ]
          ]
        ]
      },
      "id": "MS-123301331-596224"
    },
    {
      "type": "Feature",
      "properties": {
        "height": -1.0,
        "confidence": -1.0,
        "source": "Microsoft GlobalMLBuildingFootprints",
        "synthetic": false,
        "source_quadkey": "123301331",
        "source_line": 599553,
        "crosses_aoi_boundary": false
      },
      "geometry": {
        "type": "Polygon",
        "coordinates": [
          [
            [
              78.35713852777164,
              17.45059063517651
            ],
            [
              78.35722035608896,
              17.450590006876
            ],
            [
              78.3572208786801,
              17.450651413160216
            ],
            [
              78.35713904585798,
              17.45065204149512
            ],
            [
              78.35713852777164,
              17.45059063517651
            ]
          ]
        ]
      },
      "id": "MS-123301331-599553"
    },
    {
      "type": "Feature",
      "properties": {
        "height": -1.0,
        "confidence": -1.0,
        "source": "Microsoft GlobalMLBuildingFootprints",
        "synthetic": false,
        "source_quadkey": "123301331",
        "source_line": 599561,
        "crosses_aoi_boundary": false
      },
      "geometry": {
        "type": "Polygon",
        "coordinates": [
          [
            [
              78.35944157707107,
              17.450546157364315
            ],
            [
              78.35948986233682,
              17.45045750593856
            ],
            [
              78.3596841670142,
              17.450553819487965
            ],
            [
              78.35966770612815,
              17.450584041553796
            ],
            [
              78.35964236203979,
              17.450571478921887
            ],
            [
              78.35961053766006,
              17.450629908238994
            ],
            [
              78.35944157707107,
              17.450546157364315
            ]
          ]
        ]
      },
      "id": "MS-123301331-599561"
    },
    {
      "type": "Feature",
      "properties": {
        "height": -1.0,
        "confidence": -1.0,
        "source": "Microsoft GlobalMLBuildingFootprints",
        "synthetic": false,
        "source_quadkey": "123301331",
        "source_line": 602655,
        "crosses_aoi_boundary": false
      },
      "geometry": {
        "type": "Polygon",
        "coordinates": [
          [
            [
              78.35409921569614,
              17.461248100342303
            ],
            [
              78.35414295276007,
              17.46123274672223
            ],
            [
              78.35416523779932,
              17.461290513246496
            ],
            [
              78.35407074383363,
              17.46132367843552
            ],
            [
              78.35402064246074,
              17.461193807350995
            ],
            [
              78.35407140187881,
              17.46117598857238
            ],
            [
              78.35409921569614,
              17.461248100342303
            ]
          ]
        ]
      },
      "id": "MS-123301331-602655"
    },
    {
      "type": "Feature",
      "properties": {
        "height": -1.0,
        "confidence": -1.0,
        "source": "Microsoft GlobalMLBuildingFootprints",
        "synthetic": false,
        "source_quadkey": "123301331",
        "source_line": 605815,
        "crosses_aoi_boundary": false
      },
      "geometry": {
        "type": "Polygon",
        "coordinates": [
          [
            [
              78.35014041016315,
              17.458886845534025
            ],
            [
              78.35018550767627,
              17.45902867046955
            ],
            [
              78.35004550354003,
              17.459069181713758
            ],
            [
              78.3500004087487,
              17.45892736536932
            ],
            [
              78.35014041016315,
              17.458886845534025
            ]
          ]
        ]
      },
      "id": "MS-123301331-605815"
    },
    {
      "type": "Feature",
      "properties": {
        "height": -1.0,
        "confidence": -1.0,
        "source": "Microsoft GlobalMLBuildingFootprints",
        "synthetic": false,
        "source_quadkey": "123301331",
        "source_line": 605828,
        "crosses_aoi_boundary": false
      },
      "geometry": {
        "type": "Polygon",
        "coordinates": [
          [
            [
              78.35375563669378,
              17.45948326838655
            ],
            [
              78.35391579326846,
              17.459418224356995
            ],
            [
              78.35404436531338,
              17.459706306409217
            ],
            [
              78.35388422663127,
              17.45977134306922
            ],
            [
              78.35375563669378,
              17.45948326838655
            ]
          ]
        ]
      },
      "id": "MS-123301331-605828"
    },
    {
      "type": "Feature",
      "properties": {
        "height": -1.0,
        "confidence": -1.0,
        "source": "Microsoft GlobalMLBuildingFootprints",
        "synthetic": false,
        "source_quadkey": "123301331",
        "source_line": 605848,
        "crosses_aoi_boundary": false
      },
      "geometry": {
        "type": "Polygon",
        "coordinates": [
          [
            [
              78.35784873902612,
              17.450051568248256
            ],
            [
              78.35787286116474,
              17.450052193154377
            ],
            [
              78.35787245788413,
              17.450066397016712
            ],
            [
              78.35778400987505,
              17.450064111595537
            ],
            [
              78.35778473583666,
              17.450038542650162
            ],
            [
              78.35784906166144,
              17.450040204774893
            ],
            [
              78.35784873902612,
              17.450051568248256
            ]
          ]
        ]
      },
      "id": "MS-123301331-605848"
    },
    {
      "type": "Feature",
      "properties": {
        "height": -1.0,
        "confidence": -1.0,
        "source": "Microsoft GlobalMLBuildingFootprints",
        "synthetic": false,
        "source_quadkey": "123301331",
        "source_line": 609010,
        "crosses_aoi_boundary": false
      },
      "geometry": {
        "type": "Polygon",
        "coordinates": [
          [
            [
              78.35193413762188,
              17.45873320783693
            ],
            [
              78.35189162290213,
              17.45875730369444
            ],
            [
              78.35187042203631,
              17.45872326393429
            ],
            [
              78.35191293491025,
              17.458699169118432
            ],
            [
              78.35193413762188,
              17.45873320783693
            ]
          ]
        ]
      },
      "id": "MS-123301331-609010"
    },
    {
      "type": "Feature",
      "properties": {
        "height": -1.0,
        "confidence": -1.0,
        "source": "Microsoft GlobalMLBuildingFootprints",
        "synthetic": false,
        "source_quadkey": "123301331",
        "source_line": 609034,
        "crosses_aoi_boundary": false
      },
      "geometry": {
        "type": "Polygon",
        "coordinates": [
          [
            [
              78.35626584247429,
              17.46110029086512
            ],
            [
              78.35639517689202,
              17.461418309562916
            ],
            [
              78.35629259816288,
              17.461456270970444
            ],
            [
              78.35616959480058,
              17.461153819697444
            ],
            [
              78.3562266857191,
              17.461132691972992
            ],
            [
              78.35622035565646,
              17.46111712424525
            ],
            [
              78.35626584247429,
              17.46110029086512
            ]
          ]
        ]
      },
      "id": "MS-123301331-609034"
    },
    {
      "type": "Feature",
      "properties": {
        "height": -1.0,
        "confidence": -1.0,
        "source": "Microsoft GlobalMLBuildingFootprints",
        "synthetic": false,
        "source_quadkey": "123301331",
        "source_line": 612231,
        "crosses_aoi_boundary": false
      },
      "geometry": {
        "type": "Polygon",
        "coordinates": [
          [
            [
              78.35307558248334,
              17.461656592822578
            ],
            [
              78.35302667943905,
              17.461673139548495
            ],
            [
              78.35298865810297,
              17.46157086701217
            ],
            [
              78.35303755448211,
              17.461554322532194
            ],
            [
              78.35307558248334,
              17.461656592822578
            ]
          ]
        ]
      },
      "id": "MS-123301331-612231"
    },
    {
      "type": "Feature",
      "properties": {
        "height": -1.0,
        "confidence": -1.0,
        "source": "Microsoft GlobalMLBuildingFootprints",
        "synthetic": false,
        "source_quadkey": "123301331",
        "source_line": 612284,
        "crosses_aoi_boundary": false
      },
      "geometry": {
        "type": "Polygon",
        "coordinates": [
          [
            [
              78.36180992416475,
              17.460451947401097
            ],
            [
              78.3619453470074,
              17.460438954947563
            ],
            [
              78.3619498870089,
              17.460482015991616
            ],
            [
              78.36181446416624,
              17.46049500844208
            ],
            [
              78.36180992416475,
              17.460451947401097
            ]
          ]
        ]
      },
      "id": "MS-123301331-612284"
    },
    {
      "type": "Feature",
      "properties": {
        "height": -1.0,
        "confidence": -1.0,
        "source": "Microsoft GlobalMLBuildingFootprints",
        "synthetic": false,
        "source_quadkey": "123301331",
        "source_line": 612300,
        "crosses_aoi_boundary": true
      },
      "geometry": {
        "type": "Polygon",
        "coordinates": [
          [
            [
              78.36396470267448,
              17.45388408688561
            ],
            [
              78.36401945332362,
              17.453871490014677
            ],
            [
              78.364027400722,
              17.45390292481494
            ],
            [
              78.36397264789338,
              17.45391552218514
            ],
            [
              78.36396470267448,
              17.45388408688561
            ]
          ]
        ]
      },
      "id": "MS-123301331-612300"
    },
    {
      "type": "Feature",
      "properties": {
        "height": -1.0,
        "confidence": -1.0,
        "source": "Microsoft GlobalMLBuildingFootprints",
        "synthetic": false,
        "source_quadkey": "123301331",
        "source_line": 615350,
        "crosses_aoi_boundary": false
      },
      "geometry": {
        "type": "Polygon",
        "coordinates": [
          [
            [
              78.35875675042479,
              17.4506351124749
            ],
            [
              78.35870319911145,
              17.450632985056274
            ],
            [
              78.358706321189,
              17.450561463730722
            ],
            [
              78.35875987250235,
              17.450563591150157
            ],
            [
              78.35875675042479,
              17.4506351124749
            ]
          ]
        ]
      },
      "id": "MS-123301331-615350"
    },
    {
      "type": "Feature",
      "properties": {
        "height": -1.0,
        "confidence": -1.0,
        "source": "Microsoft GlobalMLBuildingFootprints",
        "synthetic": false,
        "source_quadkey": "123301331",
        "source_line": 615369,
        "crosses_aoi_boundary": true
      },
      "geometry": {
        "type": "Polygon",
        "coordinates": [
          [
            [
              78.36292834536816,
              17.461793730821213
            ],
            [
              78.36308253070126,
              17.46175988428918
            ],
            [
              78.36311092157227,
              17.461877535643453
            ],
            [
              78.36315541768427,
              17.4618677649584
            ],
            [
              78.36321262023512,
              17.46210488336878
            ],
            [
              78.36301392991145,
              17.462148499485465
            ],
            [
              78.36292834536816,
              17.461793730821213
            ]
          ]
        ]
      },
      "id": "MS-123301331-615369"
    },
    {
      "type": "Feature",
      "properties": {
        "height": -1.0,
        "confidence": -1.0,
        "source": "Microsoft GlobalMLBuildingFootprints",
        "synthetic": false,
        "source_quadkey": "123301331",
        "source_line": 618545,
        "crosses_aoi_boundary": false
      },
      "geometry": {
        "type": "Polygon",
        "coordinates": [
          [
            [
              78.35230077521052,
              17.45797683172873
            ],
            [
              78.3520638628271,
              17.45806243568009
            ],
            [
              78.35194302813417,
              17.457758119348227
            ],
            [
              78.35203783588042,
              17.457723862252863
            ],
            [
              78.35199784735234,
              17.4576231715525
            ],
            [
              78.35184909572192,
              17.45767692033921
            ],
            [
              78.35170604876919,
              17.457316662687532
            ],
            [
              78.3517998754557,
              17.45728275999855
            ],
            [
              78.35178832508063,
              17.457253670834902
            ],
            [
              78.35193844777903,
              17.457199426510783
            ],
            [
              78.35203795870265,
              17.457450040766034
            ],
            [
              78.3520614153743,
              17.45744156510058
            ],
            [
              78.35210228593219,
              17.457544495860333
            ],
            [
              78.3521257426038,
              17.457536020199285
            ],
            [
              78.35230077521052,
              17.45797683172873
            ]
          ]
        ]
      },
      "id": "MS-123301331-618545"
    },
    {
      "type": "Feature",
      "properties": {
        "height": -1.0,
        "confidence": -1.0,
        "source": "Microsoft GlobalMLBuildingFootprints",
        "synthetic": false,
        "source_quadkey": "123301331",
        "source_line": 618552,
        "crosses_aoi_boundary": false
      },
      "geometry": {
        "type": "Polygon",
        "coordinates": [
          [
            [
              78.35386531168847,
              17.461541368803452
            ],
            [
              78.35395309646431,
              17.46150471517352
            ],
            [
              78.35415053575547,
              17.46193493318883
            ],
            [
              78.35406275323678,
              17.461971591650396
            ],
            [
              78.35386531168847,
              17.461541368803452
            ]
          ]
        ]
      },
      "id": "MS-123301331-618552"
    },
    {
      "type": "Feature",
      "properties": {
        "height": -1.0,
        "confidence": -1.0,
        "source": "Microsoft GlobalMLBuildingFootprints",
        "synthetic": false,
        "source_quadkey": "123301331",
        "source_line": 618573,
        "crosses_aoi_boundary": false
      },
      "geometry": {
        "type": "Polygon",
        "coordinates": [
          [
            [
              78.35677320014057,
              17.45080190525877
            ],
            [
              78.3566268878455,
              17.450730064651026
            ],
            [
              78.3566432588442,
              17.45069972154016
            ],
            [
              78.35659764296969,
              17.450677323740052
            ],
            [
              78.35666204248685,
              17.450557977505852
            ],
            [
              78.35685396373434,
              17.45065221258855
            ],
            [
              78.35677320014057,
              17.45080190525877
            ]
          ]
        ]
      },
      "id": "MS-123301331-618573"
    },
    {
      "type": "Feature",
      "properties": {
        "height": -1.0,
        "confidence": -1.0,
        "source": "Microsoft GlobalMLBuildingFootprints",
        "synthetic": false,
        "source_quadkey": "123301331",
        "source_line": 621518,
        "crosses_aoi_boundary": false
      },
      "geometry": {
        "type": "Polygon",
        "coordinates": [
          [
            [
              78.35082786315789,
              17.4580448664924
            ],
            [
              78.35093848806903,
              17.457999103691222
            ],
            [
              78.35108338478351,
              17.45831784469989
            ],
            [
              78.3509727598723,
              17.458363607421006
            ],
            [
              78.35082786315789,
              17.4580448664924
            ]
          ]
        ]
      },
      "id": "MS-123301331-621518"
    },
    {
      "type": "Feature",
      "properties": {
        "height": -1.0,
        "confidence": -1.0,
        "source": "Microsoft GlobalMLBuildingFootprints",
        "synthetic": false,
        "source_quadkey": "123301331",
        "source_line": 621522,
        "crosses_aoi_boundary": false
      },
      "geometry": {
        "type": "Polygon",
        "coordinates": [
          [
            [
              78.35140894072826,
              17.458918983212598
            ],
            [
              78.35145853412828,
              17.45893959469994
            ],
            [
              78.35143692379033,
              17.458986903435147
            ],
            [
              78.35138733039034,
              17.458966291953132
            ],
            [
              78.35140894072826,
              17.458918983212598
            ]
          ]
        ]
      },
      "id": "MS-123301331-621522"
    },
    {
      "type": "Feature",
      "properties": {
        "height": -1.0,
        "confidence": -1.0,
        "source": "Microsoft GlobalMLBuildingFootprints",
        "synthetic": false,
        "source_quadkey": "123301331",
        "source_line": 621524,
        "crosses_aoi_boundary": false
      },
      "geometry": {
        "type": "Polygon",
        "coordinates": [
          [
            [
              78.35159370446402,
              17.457369479981665
            ],
            [
              78.35161033393585,
              17.457422474608308
            ],
            [
              78.35147841757406,
              17.45746014390879
            ],
            [
              78.35146178707096,
              17.4574071583951
            ],
            [
              78.35159370446402,
              17.457369479981665
            ]
          ]
        ]
      },
      "id": "MS-123301331-621524"
    },
    {
      "type": "Feature",
      "properties": {
        "height": -1.0,
        "confidence": -1.0,
        "source": "Microsoft GlobalMLBuildingFootprints",
        "synthetic": false,
        "source_quadkey": "123301331",
        "source_line": 621558,
        "crosses_aoi_boundary": false
      },
      "geometry": {
        "type": "Polygon",
        "coordinates": [
          [
            [
              78.36024652585529,
              17.455889177513484
            ],
            [
              78.36023430485253,
              17.455938915460905
            ],
            [
              78.36018947799381,
              17.455928892254178
            ],
            [
              78.36020169484047,
              17.455879156367914
            ],
            [
              78.36024652585529,
              17.455889177513484
            ]
          ]
        ]
      },
      "id": "MS-123301331-621558"
    },
    {
      "type": "Feature",
      "properties": {
        "height": -1.0,
        "confidence": -1.0,
        "source": "Microsoft GlobalMLBuildingFootprints",
        "synthetic": false,
        "source_quadkey": "123301331",
        "source_line": 624344,
        "crosses_aoi_boundary": true
      },
      "geometry": {
        "type": "Polygon",
        "coordinates": [
          [
            [
              78.349982494058,
              17.46088007081086
            ],
            [
              78.35011962752147,
              17.460819744819645
            ],
            [
              78.35019354566887,
              17.460972647765686
            ],
            [
              78.3500564158552,
              17.461032981256025
            ],
            [
              78.349982494058,
              17.46088007081086
            ]
          ]
        ]
      },
      "id": "MS-123301331-624344"
    },
    {
      "type": "Feature",
      "properties": {
        "height": -1.0,
        "confidence": -1.0,
        "source": "Microsoft GlobalMLBuildingFootprints",
        "synthetic": false,
        "source_quadkey": "123301331",
        "source_line": 624349,
        "crosses_aoi_boundary": true
      },
      "geometry": {
        "type": "Polygon",
        "coordinates": [
          [
            [
              78.35209560555958,
              17.46195144381346
            ],
            [
              78.35200660281744,
              17.461992652492313
            ],
            [
              78.35200871010862,
              17.461996794012222
            ],
            [
              78.3519544401439,
              17.462021921250283
            ],
            [
              78.35190552553394,
              17.46192578795103
            ],
            [
              78.35187079180157,
              17.461941867513275
            ],
            [
              78.35183014749126,
              17.46186198804189
            ],
            [
              78.35200815297549,
              17.461779570615732
            ],
            [
              78.35209560555958,
              17.46195144381346
            ]
          ]
        ]
      },
      "id": "MS-123301331-624349"
    },
    {
      "type": "Feature",
      "properties": {
        "height": -1.0,
        "confidence": -1.0,
        "source": "Microsoft GlobalMLBuildingFootprints",
        "synthetic": false,
        "source_quadkey": "123301331",
        "source_line": 624401,
        "crosses_aoi_boundary": false
      },
      "geometry": {
        "type": "Polygon",
        "coordinates": [
          [
            [
              78.36186200904947,
              17.45087306267841
            ],
            [
              78.361748162595,
              17.451088347123886
            ],
            [
              78.36157284075068,
              17.451003971753906
            ],
            [
              78.36160578404402,
              17.45094167575205
            ],
            [
              78.36152136696289,
              17.450901054806124
            ],
            [
              78.36154401596117,
              17.45085821942469
            ],
            [
              78.36150656205483,
              17.4508401968434
            ],
            [
              78.361564808778,
              17.450730051762406
            ],
            [
              78.36186200904947,
              17.45087306267841
            ]
          ]
        ]
      },
      "id": "MS-123301331-624401"
    },
    {
      "type": "Feature",
      "properties": {
        "height": -1.0,
        "confidence": -1.0,
        "source": "Microsoft GlobalMLBuildingFootprints",
        "synthetic": false,
        "source_quadkey": "123301331",
        "source_line": 627466,
        "crosses_aoi_boundary": false
      },
      "geometry": {
        "type": "Polygon",
        "coordinates": [
          [
            [
              78.35212043845979,
              17.461146836658173
            ],
            [
              78.35230597196947,
              17.461066259756606
            ],
            [
              78.3523069835879,
              17.461068379027935
            ],
            [
              78.35236918957075,
              17.461041363063103
            ],
            [
              78.35239287301727,
              17.461090978260827
            ],
            [
              78.35234730636354,
              17.461110770827275
            ],
            [
              78.35236509580554,
              17.461148044205473
            ],
            [
              78.35263727343609,
              17.461029837891644
            ],
            [
              78.35257395291586,
              17.460897185665743
            ],
            [
              78.35276833540141,
              17.46081275257403
            ],
            [
              78.35281688562358,
              17.46091447771147
            ],
            [
              78.35289686474434,
              17.460879737529723
            ],
            [
              78.3529460248705,
              17.46098274053385
            ],
            [
              78.3528627296964,
              17.46101891551352
            ],
            [
              78.35286879940713,
              17.461031631144408
            ],
            [
              78.35249886682884,
              17.461192292256854
            ],
            [
              78.35251242920806,
              17.461220708857894
            ],
            [
              78.35221695078964,
              17.461349054256132
            ],
            [
              78.35212043845979,
              17.461146836658173
            ]
          ]
        ]
      },
      "id": "MS-123301331-627466"
    },
    {
      "type": "Feature",
      "properties": {
        "height": -1.0,
        "confidence": -1.0,
        "source": "Microsoft GlobalMLBuildingFootprints",
        "synthetic": false,
        "source_quadkey": "123301331",
        "source_line": 627486,
        "crosses_aoi_boundary": false
      },
      "geometry": {
        "type": "Polygon",
        "coordinates": [
          [
            [
              78.35568539834888,
              17.460319011806575
            ],
            [
              78.35559353975488,
              17.46037034378118
            ],
            [
              78.35551516236774,
              17.460242714296356
            ],
            [
              78.35560702096174,
              17.46019138228577
            ],
            [
              78.35568539834888,
              17.460319011806575
            ]
          ]
        ]
      },
      "id": "MS-123301331-627486"
    },
    {
      "type": "Feature",
      "properties": {
        "height": -1.0,
        "confidence": -1.0,
        "source": "Microsoft GlobalMLBuildingFootprints",
        "synthetic": false,
        "source_quadkey": "123301331",
        "source_line": 627520,
        "crosses_aoi_boundary": false
      },
      "geometry": {
        "type": "Polygon",
        "coordinates": [
          [
            [
              78.36236428081246,
              17.451893091233856
            ],
            [
              78.36231516921487,
              17.451984117362926
            ],
            [
              78.36211161007964,
              17.451884155108985
            ],
            [
              78.36216072167723,
              17.451793128930007
            ],
            [
              78.36236428081246,
              17.451893091233856
            ]
          ]
        ]
      },
      "id": "MS-123301331-627520"
    },
    {
      "type": "Feature",
      "properties": {
        "height": -1.0,
        "confidence": -1.0,
        "source": "Microsoft GlobalMLBuildingFootprints",
        "synthetic": false,
        "source_quadkey": "123301331",
        "source_line": 627529,
        "crosses_aoi_boundary": true
      },
      "geometry": {
        "type": "Polygon",
        "coordinates": [
          [
            [
              78.3640174270428,
              17.452843233035537
            ],
            [
              78.36399204780804,
              17.45284583577282
            ],
            [
              78.36401114620423,
              17.45301531206627
            ],
            [
              78.36392099298514,
              17.453024557613745
            ],
            [
              78.36389676367654,
              17.452809550359817
            ],
            [
              78.36401229282815,
              17.452797702402165
            ],
            [
              78.3640174270428,
              17.452843233035537
            ]
          ]
        ]
      },
      "id": "MS-123301331-627529"
    }
  ]
}