{
  "type": "FeatureCollection",
  "features": [
    {
      "type": "Feature",
      "id": "way/31480633",
      "properties": {
        "highway": "residential",
        "name": "Gachibowli Kondapur Link Road",
        "oneway": "no",
        "source": "OpenStreetMap",
        "synthetic": false,
        "osm_type": "way",
        "osm_id": 31480633
      },
      "geometry": {
        "type": "LineString",
        "coordinates": [
          [
            78.3619019,
            17.4480813
          ],
          [
            78.3619244,
            17.4481523
          ],
          [
            78.3621849,
            17.4489798
          ],
          [
            78.3623043,
            17.4493591
          ],
          [
            78.3624633,
            17.4498638
          ],
          [
            78.3627617,
            17.4509377
          ],
          [
            78.3634038,
            17.4509127
          ],
          [
            78.3635383,
            17.4509309
          ]
        ]
      }
    },
    {
      "type": "Feature",
      "id": "way/31480638",
      "properties": {
        "highway": "residential",
        "source": "OpenStreetMap",
        "synthetic": false,
        "osm_type": "way",
        "osm_id": 31480638
      },
      "geometry": {
        "type": "LineString",
        "coordinates": [
          [
            78.3634038,
            17.4509127
          ],
          [
            78.3630212,
            17.4497116
          ]
        ]
      }
    },
    {
      "type": "Feature",
      "id": "way/31480642",
      "properties": {
        "created_by": "Merkaartor 0.12",
        "highway": "residential",
        "source": "OpenStreetMap",
        "synthetic": false,
        "osm_type": "way",
        "osm_id": 31480642
      },
      "geometry": {
        "type": "LineString",
        "coordinates": [
          [
            78.3554173,
            17.4502332
          ],
          [
            78.3557278,
            17.450104
          ],
          [
            78.3561794,
            17.4499163
          ]
        ]
      }
    },
    {
      "type": "Feature",
      "id": "way/31480647",
      "properties": {
        "created_by": "Merkaartor 0.12",
        "highway": "residential",
        "source": "OpenStreetMap",
        "synthetic": false,
        "osm_type": "way",
        "osm_id": 31480647
      },
      "geometry": {
        "type": "LineString",
        "coordinates": [
          [
            78.3557439,
            17.4505967
          ],
          [
            78.3560426,
            17.4504654
          ],
          [
            78.3564516,
            17.4502851
          ]
        ]
      }
    },
    {
      "type": "Feature",
      "id": "way/31480651",
      "properties": {
        "highway": "residential",
        "source": "OpenStreetMap",
        "synthetic": false,
        "osm_type": "way",
        "osm_id": 31480651
      },
      "geometry": {
        "type": "LineString",
        "coordinates": [
          [
            78.3560426,
            17.4504654
          ],
          [
            78.356894,
            17.4508658
          ],
          [
            78.3570061,
            17.4508788
          ],
          [
            78.3582895,
            17.450895
          ],
          [
            78.3583585,
            17.4508961
          ],
          [
            78.3585768,
            17.4508838
          ]
        ]
      }
    },
    {
      "type": "Feature",
      "id": "way/31480659",
      "properties": {
        "highway": "residential",
        "lane_markings": "no",
        "oneway": "yes",
        "surface": "asphalt",
        "source": "OpenStreetMap",
        "synthetic": false,
        "osm_type": "way",
        "osm_id": 31480659
      },
      "geometry": {
        "type": "LineString",
        "coordinates": [
          [
            78.3583585,
            17.4508961
          ],
          [
            78.358244,
            17.4505553
          ],
          [
            78.3581219,
            17.4502025
          ],
          [
            78.3580129,
            17.4498877
          ]
        ]
      }
    },
    {
      "type": "Feature",
      "id": "way/31480661",
      "properties": {
        "highway": "residential",
        "source": "OpenStreetMap",
        "synthetic": false,
        "osm_type": "way",
        "osm_id": 31480661
      },
      "geometry": {
        "type": "LineString",
        "coordinates": [
          [
            78.3581219,
            17.4502025
          ],
          [
            78.3586322,
            17.4501773
          ],
          [
            78.3586872,
            17.4501748
          ]
        ]
      }
    },
    {
      "type": "Feature",
      "id": "way/31480665",
      "properties": {
        "highway": "residential",
        "source": "OpenStreetMap",
        "synthetic": false,
        "osm_type": "way",
        "osm_id": 31480665
      },
      "geometry": {
        "type": "LineString",
        "coordinates": [
          [
            78.358244,
            17.4505553
          ],
          [
            78.3588115,
            17.4505362
          ]
        ]
      }
    },
    {
      "type": "Feature",
      "id": "way/31480667",
      "properties": {
        "highway": "residential",
        "oneway": "yes",
        "source": "OpenStreetMap",
        "synthetic": false,
        "osm_type": "way",
        "osm_id": 31480667
      },
      "geometry": {
        "type": "LineString",
        "coordinates": [
          [
            78.3576255,
            17.448696
          ],
          [
            78.3576454,
            17.448825
          ],
          [
            78.357737,
            17.4491812
          ],
          [
            78.3579114,
            17.4497334
          ],
          [
            78.3579348,
            17.4498268
          ],
          [
            78.358041,
            17.4502028
          ],
          [
            78.3581662,
            17.4505514
          ],
          [
            78.3582895,
            17.450895
          ]
        ]
      }
    },
    {
      "type": "Feature",
      "id": "way/31480668",
      "properties": {
        "highway": "residential",
        "source": "OpenStreetMap",
        "synthetic": false,
        "osm_type": "way",
        "osm_id": 31480668
      },
      "geometry": {
        "type": "LineString",
        "coordinates": [
          [
            78.3570061,
            17.4508788
          ],
          [
            78.357015,
            17.4505281
          ],
          [
            78.3570257,
            17.4497657
          ],
          [
            78.3570187,
            17.4491942
          ],
          [
            78.3570045,
            17.4486899
          ]
        ]
      }
    },
    {
      "type": "Feature",
      "id": "way/31480672",
      "properties": {
        "created_by": "Merkaartor 0.12",
        "highway": "residential",
        "source": "OpenStreetMap",
        "synthetic": false,
        "osm_type": "way",
        "osm_id": 31480672
      },
      "geometry": {
        "type": "LineString",
        "coordinates": [
          [
            78.3575131,
            17.4505379
          ],
          [
            78.3575032,
            17.4501913
          ],
          [
            78.3574909,
            17.4497602
          ],
          [
            78.3574751,
            17.4491996
          ]
        ]
      }
    },
    {
      "type": "Feature",
      "id": "way/31480680",
      "properties": {
        "highway": "residential",
        "source": "OpenStreetMap",
        "synthetic": false,
        "osm_type": "way",
        "osm_id": 31480680
      },
      "geometry": {
        "type": "LineString",
        "coordinates": [
          [
            78.3556395,
            17.4486853
          ],
          [
            78.3558746,
            17.4491893
          ],
          [
            78.3561794,
            17.4499163
          ],
          [
            78.3564516,
            17.4502851
          ],
          [
            78.3565454,
            17.4503267
          ],
          [
            78.357015,
            17.4505281
          ],
          [
            78.3575131,
            17.4505379
          ],
          [
            78.3581662,
            17.4505514
          ]
        ]
      }
    },
    {
      "type": "Feature",
      "id": "way/31480681",
      "properties": {
        "created_by": "Merkaartor 0.12",
        "highway": "residential",
        "source": "OpenStreetMap",
        "synthetic": false,
        "osm_type": "way",
        "osm_id": 31480681
      },
      "geometry": {
        "type": "LineString",
        "coordinates": [
          [
            78.3565454,
            17.4503267
          ],
          [
            78.3565441,
            17.4491921
          ]
        ]
      }
    },
    {
      "type": "Feature",
      "id": "way/31480682",
      "properties": {
        "created_by": "Merkaartor 0.12",
        "highway": "residential",
        "source": "OpenStreetMap",
        "synthetic": false,
        "osm_type": "way",
        "osm_id": 31480682
      },
      "geometry": {
        "type": "LineString",
        "coordinates": [
          [
            78.3575032,
            17.4501913
          ],
          [
            78.358041,
            17.4502028
          ]
        ]
      }
    },
    {
      "type": "Feature",
      "id": "way/31480684",
      "properties": {
        "highway": "residential",
        "source": "OpenStreetMap",
        "synthetic": false,
        "osm_type": "way",
        "osm_id": 31480684
      },
      "geometry": {
        "type": "LineString",
        "coordinates": [
          [
            78.3557278,
            17.450104
          ],
          [
            78.3550948,
            17.4487389
          ]
        ]
      }
    },
    {
      "type": "Feature",
      "id": "way/114789993",
      "properties": {
        "area": "no",
        "highway": "secondary",
        "maxspeed": "60",
        "name": "Masjid Banda Road",
        "oneway": "yes",
        "surface": "asphalt",
        "source": "OpenStreetMap",
        "synthetic": false,
        "osm_type": "way",
        "osm_id": 114789993
      },
      "geometry": {
        "type": "LineString",
        "coordinates": [
          [
            78.3437038,
            17.4652401
          ],
          [
            78.3438007,
            17.465232
          ],
          [
            78.3444581,
            17.4649125
          ],
          [
            78.3448868,
            17.464679
          ],
          [
            78.3452507,
            17.4644703
          ],
          [
            78.3454646,
            17.4643337
          ],
          [
            78.3458498,
            17.4640821
          ],
          [
            78.3459609,
            17.4640307
          ],
          [
            78.3462738,
            17.4638861
          ],
          [
            78.3465924,
            17.4637647
          ],
          [
            78.3468906,
            17.4636338
          ],
          [
            78.3472576,
            17.4635018
          ],
          [
            78.3473665,
            17.4634651
          ],
          [
            78.3480755,
            17.4632262
          ],
          [
            78.3490442,
            17.462868
          ],
          [
            78.3491419,
            17.4628318
          ],
          [
            78.3492354,
            17.4627972
          ],
          [
            78.3497282,
            17.462615
          ],
          [
            78.3497701,
            17.4625995
          ],
          [
            78.3498368,
            17.4625748
          ],
          [
            78.3499659,
            17.4625271
          ],
          [
            78.3506108,
            17.4622759
          ],
          [
            78.3508855,
            17.4621737
          ],
          [
            78.3513598,
            17.4619701
          ],
          [
            78.3517179,
            17.46179
          ],
          [
            78.3518926,
            17.4616958
          ],
          [
            78.3519108,
            17.4616908
          ],
          [
            78.3522271,
            17.4615398
          ],
          [
            78.3526167,
            17.4613309
          ],
          [
            78.3532196,
            17.4609852
          ],
          [
            78.3535416,
            17.4608023
          ],
          [
            78.3538672,
            17.4606245
          ],
          [
            78.3542016,
            17.4604503
          ],
          [
            78.3546277,
            17.4602284
          ],
          [
            78.3546518,
            17.4602172
          ]
        ]
      }
    },
    {
      "type": "Feature",
      "id": "way/114823769",
      "properties": {
        "highway": "residential",
        "name": "Anjiahanagar Main road",
        "source": "OpenStreetMap",
        "synthetic": false,
        "osm_type": "way",
        "osm_id": 114823769
      },
      "geometry": {
        "type": "LineString",
        "coordinates": [
          [
            78.3637325,
            17.4522779
          ],
          [
            78.3641678,
            17.4522212
          ],
          [
            78.3644117,
            17.4521848
          ],
          [
            78.3646455,
            17.4521527
          ],
          [
            78.3646739,
            17.4521488
          ],
          [
            78.3648744,
            17.4521
          ],
          [
            78.364926,
            17.4520874
          ],
          [
            78.3651024,
            17.4520204
          ],
          [
            78.3652291,
            17.4519723
          ],
          [
            78.3653449,
            17.4519356
          ],
          [
            78.3655888,
            17.4518605
          ],
          [
            78.3656517,
            17.4518384
          ],
          [
            78.3659722,
            17.4517458
          ],
          [
            78.366068,
            17.4517179
          ],
          [
            78.3662346,
            17.4516691
          ],
          [
            78.3662915,
            17.4516594
          ],
          [
            78.3664666,
            17.4516096
          ],
          [
            78.3664884,
            17.451604
          ],
          [
            78.3666839,
            17.4515564
          ],
          [
            78.3669555,
            17.4514843
          ],
          [
            78.3671148,
            17.4514438
          ],
          [
            78.3673595,
            17.4513875
          ],
          [
            78.3676167,
            17.4513337
          ],
          [
            78.3678501,
            17.4512829
          ],
          [
            78.3679394,
            17.4512613
          ],
          [
            78.3681647,
            17.4512276
          ],
          [
            78.3684961,
            17.451243
          ],
          [
            78.3687644,
            17.45122
          ],
          [
            78.3688797,
            17.4511918
          ],
          [
            78.3690138,
            17.4510972
          ],
          [
            78.369215,
            17.4509155
          ],
          [
            78.3692284,
            17.4509038
          ]
        ]
      }
    },
    {
      "type": "Feature",
      "id": "way/115080807",
      "properties": {
        "highway": "residential",
        "source": "OpenStreetMap",
        "synthetic": false,
        "osm_type": "way",
        "osm_id": 115080807
      },
      "geometry": {
        "type": "LineString",
        "coordinates": [
          [
            78.3668444,
            17.4503121
          ],
          [
            78.3665793,
            17.4503422
          ],
          [
            78.3663441,
            17.4503649
          ],
          [
            78.365862,
            17.450409
          ],
          [
            78.3650198,
            17.4504831
          ],
          [
            78.3645929,
            17.4505441
          ],
          [
            78.3638072,
            17.4506454
          ]
        ]
      }
    },
    {
      "type": "Feature",
      "id": "way/115082512",
      "properties": {
        "highway": "residential",
        "source": "OpenStreetMap",
        "synthetic": false,
        "osm_type": "way",
        "osm_id": 115082512
      },
      "geometry": {
        "type": "LineString",
        "coordinates": [
          [
            78.36399,
            17.4500862
          ],
          [
            78.3644581,
            17.4501012
          ],
          [
            78.3645109,
            17.450097
          ],
          [
            78.3647001,
            17.4500567
          ],
          [
            78.3649581,
            17.4500276
          ],
          [
            78.365205,
            17.4499982
          ],
          [
            78.3654482,
            17.4499855
          ],
          [
            78.3657353,
            17.4499515
          ],
          [
            78.3657628,
            17.449963
          ],
          [
            78.3657762,
            17.4499751
          ],
          [
            78.3658031,
            17.4500551
          ],
          [
            78.3658288,
            17.4501957
          ],
          [
            78.3658486,
            17.450304
          ],
          [
            78.365862,
            17.450409
          ],
          [
            78.3658707,
            17.4505668
          ],
          [
            78.3658782,
            17.4507041
          ],
          [
            78.3659043,
            17.4509219
          ],
          [
            78.3659143,
            17.4511762
          ]
        ]
      }
    },
    {
      "type": "Feature",
      "id": "way/115109013",
      "properties": {
        "highway": "residential",
        "source": "OpenStreetMap",
        "synthetic": false,
        "osm_type": "way",
        "osm_id": 115109013
      },
      "geometry": {
        "type": "LineString",
        "coordinates": [
          [
            78.3565756,
            17.4613124
          ],
          [
            78.3562808,
            17.461482
          ],
          [
            78.3562206,
            17.4615162
          ],
          [
            78.3559093,
            17.4616725
          ],
          [
            78.3555701,
            17.4618495
          ],
          [
            78.3543582,
            17.4624678
          ]
        ]
      }
    },
    {
      "type": "Feature",
      "id": "way/115109014",
      "properties": {
        "highway": "residential",
        "name": "Sriram Nagar Road",
        "source": "OpenStreetMap",
        "synthetic": false,
        "osm_type": "way",
        "osm_id": 115109014
      },
      "geometry": {
        "type": "LineString",
        "coordinates": [
          [
            78.3551934,
            17.460409
          ],
          [
            78.3553773,
            17.4607235
          ],
          [
            78.3555481,
            17.4610257
          ],
          [
            78.3557314,
            17.4613539
          ],
          [
            78.3559093,
            17.4616725
          ],
          [
            78.3568469,
            17.4633667
          ]
        ]
      }
    },
    {
      "type": "Feature",
      "id": "way/115109064",
      "properties": {
        "highway": "residential",
        "source": "OpenStreetMap",
        "synthetic": false,
        "osm_type": "way",
        "osm_id": 115109064
      },
      "geometry": {
        "type": "LineString",
        "coordinates": [
          [
            78.3563596,
            17.4610346
          ],
          [
            78.3561109,
            17.4611612
          ],
          [
            78.3557314,
            17.4613539
          ]
        ]
      }
    },
    {
      "type": "Feature",
      "id": "way/115109066",
      "properties": {
        "highway": "residential",
        "sidewalk": "no",
        "source": "OpenStreetMap",
        "synthetic": false,
        "osm_type": "way",
        "osm_id": 115109066
      },
      "geometry": {
        "type": "LineString",
        "coordinates": [
          [
            78.3560774,
            17.4607587
          ],
          [
            78.3555481,
            17.4610257
          ]
        ]
      }
    },
    {
      "type": "Feature",
      "id": "way/115109067",
      "properties": {
        "highway": "residential",
        "source": "OpenStreetMap",
        "synthetic": false,
        "osm_type": "way",
        "osm_id": 115109067
      },
      "geometry": {
        "type": "LineString",
        "coordinates": [
          [
            78.3558783,
            17.4604592
          ],
          [
            78.3553773,
            17.4607235
          ]
        ]
      }
    },
    {
      "type": "Feature",
      "id": "way/115109121",
      "properties": {
        "highway": "residential",
        "name": "Sriram Nagar Road",
        "source": "OpenStreetMap",
        "synthetic": false,
        "osm_type": "way",
        "osm_id": 115109121
      },
      "geometry": {
        "type": "LineString",
        "coordinates": [
          [
            78.3556301,
            17.4601674
          ],
          [
            78.3551934,
            17.460409
          ],
          [
            78.3548586,
            17.4605847
          ]
        ]
      }
    },
    {
      "type": "Feature",
      "id": "way/115109131",
      "properties": {
        "highway": "residential",
        "name": "Swami Vivekanand Lane",
        "source": "OpenStreetMap",
        "synthetic": false,
        "osm_type": "way",
        "osm_id": 115109131
      },
      "geometry": {
        "type": "LineString",
        "coordinates": [
          [
            78.3546518,
            17.4602172
          ],
          [
            78.3548586,
            17.4605847
          ],
          [
            78.3550308,
            17.4608909
          ],
          [
            78.3552124,
            17.4612138
          ],
          [
            78.3553911,
            17.4615314
          ],
          [
            78.3555701,
            17.4618495
          ],
          [
            78.3557464,
            17.4621629
          ],
          [
            78.3559201,
            17.4624717
          ],
          [
            78.3561022,
            17.4627954
          ],
          [
            78.3562668,
            17.4630881
          ],
          [
            78.3562838,
            17.4631183
          ],
          [
            78.3564522,
            17.4634176
          ]
        ]
      }
    },
    {
      "type": "Feature",
      "id": "way/115109134",
      "properties": {
        "highway": "residential",
        "source": "OpenStreetMap",
        "synthetic": false,
        "osm_type": "way",
        "osm_id": 115109134
      },
      "geometry": {
        "type": "LineString",
        "coordinates": [
          [
            78.3532196,
            17.4609852
          ],
          [
            78.3534286,
            17.4613266
          ],
          [
            78.3536069,
            17.4616306
          ],
          [
            78.3537843,
            17.4619515
          ],
          [
            78.353967,
            17.4622726
          ],
          [
            78.3540899,
            17.4625032
          ]
        ]
      }
    },
    {
      "type": "Feature",
      "id": "way/115109136",
      "properties": {
        "highway": "residential",
        "name": "Sriram Nagar Road",
        "source": "OpenStreetMap",
        "synthetic": false,
        "osm_type": "way",
        "osm_id": 115109136
      },
      "geometry": {
        "type": "LineString",
        "coordinates": [
          [
            78.3548586,
            17.4605847
          ],
          [
            78.3534286,
            17.4613266
          ],
          [
            78.353101,
            17.4614973
          ],
          [
            78.3528021,
            17.4616573
          ],
          [
            78.3524502,
            17.4618487
          ]
        ]
      }
    },
    {
      "type": "Feature",
      "id": "way/115109341",
      "properties": {
        "highway": "residential",
        "source": "OpenStreetMap",
        "synthetic": false,
        "osm_type": "way",
        "osm_id": 115109341
      },
      "geometry": {
        "type": "LineString",
        "coordinates": [
          [
            78.3573939,
            17.4625244
          ],
          [
            78.3575445,
            17.4627933
          ],
          [
            78.3571143,
            17.4630387
          ],
          [
            78.3569452,
            17.462767
          ],
          [
            78.3567555,
            17.4624381
          ],
          [
            78.3565734,
            17.4621217
          ],
          [
            78.3563834,
            17.4617901
          ],
          [
            78.3562206,
            17.4615162
          ]
        ]
      }
    },
    {
      "type": "Feature",
      "id": "way/115109428",
      "properties": {
        "highway": "residential",
        "source": "OpenStreetMap",
        "synthetic": false,
        "osm_type": "way",
        "osm_id": 115109428
      },
      "geometry": {
        "type": "LineString",
        "coordinates": [
          [
            78.357086,
            17.4618614
          ],
          [
            78.3565734,
            17.4621217
          ]
        ]
      }
    },
    {
      "type": "Feature",
      "id": "way/115109431",
      "properties": {
        "highway": "residential",
        "source": "OpenStreetMap",
        "synthetic": false,
        "osm_type": "way",
        "osm_id": 115109431
      },
      "geometry": {
        "type": "LineString",
        "coordinates": [
          [
            78.3568458,
            17.4615548
          ],
          [
            78.3563834,
            17.4617901
          ]
        ]
      }
    },
    {
      "type": "Feature",
      "id": "way/115110839",
      "properties": {
        "highway": "residential",
        "source": "OpenStreetMap",
        "synthetic": false,
        "osm_type": "way",
        "osm_id": 115110839
      },
      "geometry": {
        "type": "LineString",
        "coordinates": [
          [
            78.3537036,
            17.4625239
          ],
          [
            78.3532497,
            17.4617587
          ]
        ]
      }
    },
    {
      "type": "Feature",
      "id": "way/115111171",
      "properties": {
        "highway": "residential",
        "source": "OpenStreetMap",
        "synthetic": false,
        "osm_type": "way",
        "osm_id": 115111171
      },
      "geometry": {
        "type": "LineString",
        "coordinates": [
          [
            78.3532497,
            17.4617587
          ],
          [
            78.353101,
            17.4614973
          ]
        ]
      }
    },
    {
      "type": "Feature",
      "id": "way/115111173",
      "properties": {
        "highway": "residential",
        "source": "OpenStreetMap",
        "synthetic": false,
        "osm_type": "way",
        "osm_id": 115111173
      },
      "geometry": {
        "type": "LineString",
        "coordinates": [
          [
            78.3528021,
            17.4616573
          ],
          [
            78.3532115,
            17.4624736
          ],
          [
            78.3532582,
            17.4626218
          ]
        ]
      }
    },
    {
      "type": "Feature",
      "id": "way/116074726",
      "properties": {
        "highway": "path",
        "source": "OpenStreetMap",
        "synthetic": false,
        "osm_type": "way",
        "osm_id": 116074726
      },
      "geometry": {
        "type": "LineString",
        "coordinates": [
          [
            78.3614186,
            17.4527505
          ],
          [
            78.3613692,
            17.4526357
          ],
          [
            78.3612968,
            17.4525498
          ],
          [
            78.3612421,
            17.452474
          ],
          [
            78.3611768,
            17.4523865
          ],
          [
            78.3611115,
            17.4523393
          ],
          [
            78.3610214,
            17.4523073
          ],
          [
            78.3608555,
            17.4521915
          ],
          [
            78.3607002,
            17.4520871
          ],
          [
            78.3605395,
            17.4519776
          ],
          [
            78.3603418,
            17.4519203
          ],
          [
            78.3603045,
            17.4517556
          ],
          [
            78.3601509,
            17.4515686
          ],
          [
            78.3598203,
            17.4514517
          ],
          [
            78.3596491,
            17.45143
          ],
          [
            78.3595429,
            17.4514796
          ],
          [
            78.3594554,
            17.4514846
          ],
          [
            78.3593318,
            17.4514131
          ],
          [
            78.3591884,
            17.451392
          ],
          [
            78.3590891,
            17.4514131
          ],
          [
            78.3589577,
            17.451529
          ],
          [
            78.3588849,
            17.4515922
          ],
          [
            78.3588546,
            17.4516008
          ],
          [
            78.3587878,
            17.4516196
          ],
          [
            78.358737,
            17.451588
          ],
          [
            78.3586377,
            17.4514617
          ],
          [
            78.3585494,
            17.4513291
          ],
          [
            78.358507,
            17.4512636
          ],
          [
            78.3584067,
            17.4512481
          ],
          [
            78.3582736,
            17.4512548
          ],
          [
            78.3581369,
            17.4512214
          ],
          [
            78.3579522,
            17.4511604
          ],
          [
            78.3577019,
            17.4511259
          ],
          [
            78.3575178,
            17.4511336
          ],
          [
            78.3575197,
            17.4512762
          ],
          [
            78.3575307,
            17.4513836
          ],
          [
            78.3575109,
            17.4514888
          ],
          [
            78.3574594,
            17.4515855
          ],
          [
            78.3574219,
            17.4516613
          ],
          [
            78.3573159,
            17.4517392
          ],
          [
            78.3572157,
            17.4517794
          ],
          [
            78.3573311,
            17.4520172
          ],
          [
            78.3574168,
            17.4521938
          ],
          [
            78.3577872,
            17.4529648
          ],
          [
            78.358003,
            17.4532741
          ],
          [
            78.358083,
            17.453482
          ],
          [
            78.3582531,
            17.4538224
          ],
          [
            78.358478,
            17.4542341
          ]
        ]
      }
    },
    {
      "type": "Feature",
      "id": "way/116074727",
      "properties": {
        "highway": "path",
        "name": "botanica garden path",
        "source": "OpenStreetMap",
        "synthetic": false,
        "osm_type": "way",
        "osm_id": 116074727
      },
      "geometry": {
        "type": "LineString",
        "coordinates": [
          [
            78.3631239,
            17.454818
          ],
          [
            78.3631349,
            17.4547742
          ],
          [
            78.3631783,
            17.454729
          ],
          [
            78.3632119,
            17.4546898
          ],
          [
            78.3632449,
            17.4546871
          ],
          [
            78.3632923,
            17.4546937
          ],
          [
            78.3633143,
            17.4547141
          ],
          [
            78.3633212,
            17.4547483
          ],
          [
            78.3633183,
            17.454788
          ],
          [
            78.3633015,
            17.454825
          ],
          [
            78.3632836,
            17.4548542
          ],
          [
            78.363272,
            17.4548846
          ],
          [
            78.3632821,
            17.4549172
          ]
        ]
      }
    },
    {
      "type": "Feature",
      "id": "way/116074729",
      "properties": {
        "highway": "path",
        "source": "OpenStreetMap",
        "synthetic": false,
        "osm_type": "way",
        "osm_id": 116074729
      },
      "geometry": {
        "type": "LineString",
        "coordinates": [
          [
            78.3625018,
            17.4548397
          ],
          [
            78.3625421,
            17.4547838
          ],
          [
            78.3626072,
            17.4547442
          ],
          [
            78.3627012,
            17.4546942
          ],
          [
            78.3628124,
            17.4546467
          ],
          [
            78.3631052,
            17.4545709
          ],
          [
            78.3631541,
            17.454555
          ],
          [
            78.3631929,
            17.4545424
          ],
          [
            78.3634802,
            17.4545484
          ]
        ]
      }
    },
    {
      "type": "Feature",
      "id": "way/116074730",
      "properties": {
        "highway": "path",
        "source": "OpenStreetMap",
        "synthetic": false,
        "osm_type": "way",
        "osm_id": 116074730
      },
      "geometry": {
        "type": "LineString",
        "coordinates": [
          [
            78.3620636,
            17.4544628
          ],
          [
            78.3621553,
            17.4543578
          ],
          [
            78.3622259,
            17.4542954
          ],
          [
            78.362323,
            17.4542111
          ],
          [
            78.3623892,
            17.4541185
          ],
          [
            78.3624003,
            17.4540301
          ],
          [
            78.3623649,
            17.4538891
          ],
          [
            78.3623296,
            17.4537648
          ],
          [
            78.3623107,
            17.4536956
          ],
          [
            78.3623545,
            17.4535596
          ]
        ]
      }
    },
    {
      "type": "Feature",
      "id": "way/116074732",
      "properties": {
        "access": "private",
        "highway": "service",
        "source": "OpenStreetMap",
        "synthetic": false,
        "osm_type": "way",
        "osm_id": 116074732
      },
      "geometry": {
        "type": "LineString",
        "coordinates": [
          [
            78.3608838,
            17.4568629
          ],
          [
            78.3607597,
            17.4564383
          ],
          [
            78.3607467,
            17.4564004
          ],
          [
            78.3606892,
            17.4562747
          ],
          [
            78.3606036,
            17.4560879
          ],
          [
            78.3604869,
            17.4559472
          ],
          [
            78.3603698,
            17.4558383
          ],
          [
            78.3603682,
            17.455756
          ],
          [
            78.3603863,
            17.4557073
          ],
          [
            78.3604118,
            17.4556127
          ],
          [
            78.3604883,
            17.4554873
          ],
          [
            78.360495,
            17.4554182
          ],
          [
            78.3604831,
            17.4553457
          ],
          [
            78.3604055,
            17.4549756
          ],
          [
            78.3604124,
            17.4548481
          ],
          [
            78.3604047,
            17.4547271
          ],
          [
            78.3604194,
            17.4546032
          ],
          [
            78.360442,
            17.4545493
          ],
          [
            78.3604827,
            17.4545062
          ],
          [
            78.3605516,
            17.4544738
          ],
          [
            78.3607019,
            17.4544329
          ],
          [
            78.3608793,
            17.4543833
          ],
          [
            78.3610566,
            17.4543607
          ],
          [
            78.3612613,
            17.4543156
          ],
          [
            78.3614449,
            17.4542803
          ],
          [
            78.3616727,
            17.454298
          ],
          [
            78.3618651,
            17.4543577
          ],
          [
            78.3619889,
            17.4544227
          ],
          [
            78.3620636,
            17.4544628
          ],
          [
            78.3621688,
            17.4545649
          ],
          [
            78.3622147,
            17.4546693
          ],
          [
            78.3622094,
            17.4547518
          ],
          [
            78.3621246,
            17.4548478
          ],
          [
            78.3620134,
            17.4549169
          ],
          [
            78.3618828,
            17.454964
          ],
          [
            78.3617327,
            17.4549556
          ],
          [
            78.361452,
            17.4549472
          ],
          [
            78.3612596,
            17.4550381
          ],
          [
            78.361142,
            17.4551172
          ]
        ]
      }
    },
    {
      "type": "Feature",
      "id": "way/116074735",
      "properties": {
        "highway": "path",
        "name": "botanica garden path",
        "source": "OpenStreetMap",
        "synthetic": false,
        "osm_type": "way",
        "osm_id": 116074735
      },
      "geometry": {
        "type": "LineString",
        "coordinates": [
          [
            78.3627848,
            17.4551705
          ],
          [
            78.3628754,
            17.4551595
          ],
          [
            78.3629569,
            17.45518
          ],
          [
            78.3630762,
            17.4552499
          ],
          [
            78.3631883,
            17.4553206
          ],
          [
            78.3632501,
            17.4553689
          ],
          [
            78.3633152,
            17.4554206
          ],
          [
            78.3633487,
            17.4554111
          ]
        ]
      }
    },
    {
      "type": "Feature",
      "id": "way/116074739",
      "properties": {
        "highway": "path",
        "name": "botanica garden path",
        "source": "OpenStreetMap",
        "synthetic": false,
        "osm_type": "way",
        "osm_id": 116074739
      },
      "geometry": {
        "type": "LineString",
        "coordinates": [
          [
            78.3629569,
            17.45518
          ],
          [
            78.3629556,
            17.4551349
          ],
          [
            78.3629431,
            17.4550799
          ],
          [
            78.3629149,
            17.4550217
          ],
          [
            78.3629296,
            17.4549657
          ],
          [
            78.3629556,
            17.4549096
          ],
          [
            78.3629974,
            17.4548773
          ],
          [
            78.3630697,
            17.454832
          ],
          [
            78.3631239,
            17.454818
          ],
          [
            78.3632821,
            17.4549172
          ],
          [
            78.3634267,
            17.455012
          ],
          [
            78.36349,
            17.4551026
          ]
        ]
      }
    },
    {
      "type": "Feature",
      "id": "way/116074741",
      "properties": {
        "highway": "path",
        "source": "OpenStreetMap",
        "synthetic": false,
        "osm_type": "way",
        "osm_id": 116074741
      },
      "geometry": {
        "type": "LineString",
        "coordinates": [
          [
            78.3621246,
            17.4548478
          ],
          [
            78.362203,
            17.4548274
          ],
          [
            78.3622744,
            17.4548213
          ],
          [
            78.362401,
            17.454817
          ],
          [
            78.362485,
            17.4548325
          ],
          [
            78.3625018,
            17.4548397
          ],
          [
            78.3625293,
            17.4548515
          ],
          [
            78.3626242,
            17.454961
          ],
          [
            78.3627345,
            17.4550895
          ],
          [
            78.3627848,
            17.4551705
          ],
          [
            78.3627985,
            17.4552194
          ],
          [
            78.3628326,
            17.4552781
          ],
          [
            78.3628232,
            17.4553905
          ],
          [
            78.3628239,
            17.4554878
          ]
        ]
      }
    },
    {
      "type": "Feature",
      "id": "way/116074742",
      "properties": {
        "highway": "path",
        "source": "OpenStreetMap",
        "synthetic": false,
        "osm_type": "way",
        "osm_id": 116074742
      },
      "geometry": {
        "type": "LineString",
        "coordinates": [
          [
            78.3628124,
            17.4546467
          ],
          [
            78.3627975,
            17.4545983
          ],
          [
            78.362816,
            17.4545338
          ],
          [
            78.3628449,
            17.4544355
          ],
          [
            78.3628703,
            17.4543577
          ],
          [
            78.3628827,
            17.4542798
          ],
          [
            78.3629036,
            17.4542213
          ],
          [
            78.3629365,
            17.4541694
          ],
          [
            78.3629735,
            17.4541026
          ],
          [
            78.3630111,
            17.4540095
          ],
          [
            78.3630472,
            17.4539522
          ],
          [
            78.3630702,
            17.4539114
          ],
          [
            78.3631434,
            17.453858
          ],
          [
            78.3632058,
            17.4538269
          ],
          [
            78.3632781,
            17.4537993
          ],
          [
            78.3633839,
            17.4537761
          ],
          [
            78.3634526,
            17.4537821
          ],
          [
            78.3634725,
            17.4538114
          ],
          [
            78.3634661,
            17.4538692
          ],
          [
            78.3634291,
            17.4539494
          ],
          [
            78.3634074,
            17.4540011
          ],
          [
            78.3633947,
            17.4540373
          ],
          [
            78.3634182,
            17.454071
          ],
          [
            78.3634598,
            17.4540994
          ],
          [
            78.3634815,
            17.4541382
          ],
          [
            78.3634743,
            17.4541994
          ],
          [
            78.3634417,
            17.4542615
          ],
          [
            78.3634082,
            17.4542937
          ],
          [
            78.3633331,
            17.4543601
          ],
          [
            78.363256,
            17.4544241
          ],
          [
            78.3631764,
            17.4544982
          ],
          [
            78.3631556,
            17.4545422
          ],
          [
            78.3631541,
            17.454555
          ],
          [
            78.3631622,
            17.4545866
          ],
          [
            78.3632061,
            17.4546484
          ],
          [
            78.3632449,
            17.4546871
          ]
        ]
      }
    },
    {
      "type": "Feature",
      "id": "way/116233106",
      "properties": {
        "highway": "residential",
        "source": "OpenStreetMap",
        "synthetic": false,
        "osm_type": "way",
        "osm_id": 116233106
      },
      "geometry": {
        "type": "LineString",
        "coordinates": [
          [
            78.3637625,
            17.4508674
          ],
          [
            78.3645947,
            17.4507509
          ],
          [
            78.3650404,
            17.4506758
          ],
          [
            78.3658707,
            17.4505668
          ]
        ]
      }
    },
    {
      "type": "Feature",
      "id": "way/199007729",
      "properties": {
        "highway": "residential",
        "name": "1st Street",
        "source": "OpenStreetMap",
        "synthetic": false,
        "osm_type": "way",
        "osm_id": 199007729
      },
      "geometry": {
        "type": "LineString",
        "coordinates": [
          [
            78.3521439,
            17.4568298
          ],
          [
            78.3528591,
            17.4581121
          ],
          [
            78.3530397,
            17.4584361
          ],
          [
            78.3532524,
            17.4587771
          ],
          [
            78.3533587,
            17.4589645
          ],
          [
            78.3534159,
            17.4590653
          ],
          [
            78.3536384,
            17.4594635
          ],
          [
            78.353836,
            17.4598057
          ],
          [
            78.3540213,
            17.4601325
          ],
          [
            78.3541859,
            17.4604
          ]
        ]
      }
    },
    {
      "type": "Feature",
      "id": "way/199007730",
      "properties": {
        "highway": "residential",
        "source": "OpenStreetMap",
        "synthetic": false,
        "osm_type": "way",
        "osm_id": 199007730
      },
      "geometry": {
        "type": "LineString",
        "coordinates": [
          [
            78.3532058,
            17.4579513
          ],
          [
            78.3528591,
            17.4581121
          ],
          [
            78.3525489,
            17.4582815
          ],
          [
            78.3522208,
            17.4584577
          ],
          [
            78.3518998,
            17.458618
          ],
          [
            78.3515827,
            17.4587851
          ],
          [
            78.3512432,
            17.458958
          ],
          [
            78.350915,
            17.4591361
          ]
        ]
      }
    },
    {
      "type": "Feature",
      "id": "way/199007731",
      "properties": {
        "highway": "residential",
        "name": "2nd Street",
        "source": "OpenStreetMap",
        "synthetic": false,
        "osm_type": "way",
        "osm_id": 199007731
      },
      "geometry": {
        "type": "LineString",
        "coordinates": [
          [
            78.3511337,
            17.4572742
          ],
          [
            78.3516824,
            17.4582216
          ],
          [
            78.3517268,
            17.4582982
          ],
          [
            78.3518998,
            17.458618
          ],
          [
            78.3520712,
            17.4589304
          ],
          [
            78.3522527,
            17.4592683
          ],
          [
            78.3524257,
            17.4595772
          ],
          [
            78.3526499,
            17.4599654
          ],
          [
            78.3528693,
            17.4603273
          ],
          [
            78.3530413,
            17.4606398
          ],
          [
            78.3531955,
            17.4609375
          ]
        ]
      }
    },
    {
      "type": "Feature",
      "id": "way/199007732",
      "properties": {
        "highway": "residential",
        "name": "3rd Street",
        "source": "OpenStreetMap",
        "synthetic": false,
        "osm_type": "way",
        "osm_id": 199007732
      },
      "geometry": {
        "type": "LineString",
        "coordinates": [
          [
            78.3500381,
            17.4576524
          ],
          [
            78.3503789,
            17.4582234
          ],
          [
            78.3505257,
            17.458519
          ],
          [
            78.3507172,
            17.4588248
          ],
          [
            78.350915,
            17.4591361
          ],
          [
            78.351091,
            17.4594534
          ],
          [
            78.3512714,
            17.4597825
          ],
          [
            78.3514333,
            17.4601078
          ],
          [
            78.3516669,
            17.4605169
          ],
          [
            78.3516752,
            17.4605314
          ],
          [
            78.3518595,
            17.4608622
          ],
          [
            78.3520309,
            17.4611739
          ],
          [
            78.3522174,
            17.4614615
          ]
        ]
      }
    },
    {
      "type": "Feature",
      "id": "way/199008908",
      "properties": {
        "highway": "residential",
        "source": "OpenStreetMap",
        "synthetic": false,
        "osm_type": "way",
        "osm_id": 199008908
      },
      "geometry": {
        "type": "LineString",
        "coordinates": [
          [
            78.3520151,
            17.4603242
          ],
          [
            78.3516664,
            17.4597218
          ],
          [
            78.3512432,
            17.458958
          ]
        ]
      }
    },
    {
      "type": "Feature",
      "id": "way/199008909",
      "properties": {
        "highway": "residential",
        "source": "OpenStreetMap",
        "synthetic": false,
        "osm_type": "way",
        "osm_id": 199008909
      },
      "geometry": {
        "type": "LineString",
        "coordinates": [
          [
            78.3524257,
            17.4595772
          ],
          [
            78.3527556,
            17.459405
          ],
          [
            78.3530308,
            17.4592671
          ],
          [
            78.3530858,
            17.4592395
          ],
          [
            78.3534159,
            17.4590653
          ]
        ]
      }
    },
    {
      "type": "Feature",
      "id": "way/199008910",
      "properties": {
        "highway": "residential",
        "source": "OpenStreetMap",
        "synthetic": false,
        "osm_type": "way",
        "osm_id": 199008910
      },
      "geometry": {
        "type": "LineString",
        "coordinates": [
          [
            78.3490319,
            17.460971
          ],
          [
            78.3498204,
            17.4605579
          ],
          [
            78.3512714,
            17.4597825
          ]
        ]
      }
    },
    {
      "type": "Feature",
      "id": "way/199008911",
      "properties": {
        "highway": "residential",
        "source": "OpenStreetMap",
        "synthetic": false,
        "osm_type": "way",
        "osm_id": 199008911
      },
      "geometry": {
        "type": "LineString",
        "coordinates": [
          [
            78.3547922,
            17.4593211
          ],
          [
            78.3545158,
            17.4594667
          ],
          [
            78.3540425,
            17.4597011
          ],
          [
            78.3538904,
            17.4597781
          ],
          [
            78.353836,
            17.4598057
          ]
        ]
      }
    },
    {
      "type": "Feature",
      "id": "way/199008913",
      "properties": {
        "highway": "residential",
        "source": "OpenStreetMap",
        "synthetic": false,
        "osm_type": "way",
        "osm_id": 199008913
      },
      "geometry": {
        "type": "LineString",
        "coordinates": [
          [
            78.3518595,
            17.4608622
          ],
          [
            78.3524067,
            17.4605728
          ],
          [
            78.3528693,
            17.4603273
          ]
        ]
      }
    },
    {
      "type": "Feature",
      "id": "way/199008915",
      "properties": {
        "highway": "residential",
        "source": "OpenStreetMap",
        "synthetic": false,
        "osm_type": "way",
        "osm_id": 199008915
      },
      "geometry": {
        "type": "LineString",
        "coordinates": [
          [
            78.3530397,
            17.4584361
          ],
          [
            78.3524812,
            17.4587227
          ],
          [
            78.3523937,
            17.4587723
          ],
          [
            78.3520712,
            17.4589304
          ]
        ]
      }
    },
    {
      "type": "Feature",
      "id": "way/199008916",
      "properties": {
        "highway": "residential",
        "source": "OpenStreetMap",
        "synthetic": false,
        "osm_type": "way",
        "osm_id": 199008916
      },
      "geometry": {
        "type": "LineString",
        "coordinates": [
          [
            78.3550926,
            17.4595667
          ],
          [
            78.3540213,
            17.4601325
          ]
        ]
      }
    },
    {
      "type": "Feature",
      "id": "way/199008917",
      "properties": {
        "highway": "residential",
        "name": "Street Number 11",
        "source": "OpenStreetMap",
        "synthetic": false,
        "osm_type": "way",
        "osm_id": 199008917
      },
      "geometry": {
        "type": "LineString",
        "coordinates": [
          [
            78.3488977,
            17.460594
          ],
          [
            78.3496221,
            17.4602172
          ],
          [
            78.3500747,
            17.4599831
          ],
          [
            78.3503956,
            17.4598176
          ],
          [
            78.3507462,
            17.4596367
          ],
          [
            78.351091,
            17.4594534
          ]
        ]
      }
    },
    {
      "type": "Feature",
      "id": "way/199008918",
      "properties": {
        "highway": "residential",
        "source": "OpenStreetMap",
        "synthetic": false,
        "osm_type": "way",
        "osm_id": 199008918
      },
      "geometry": {
        "type": "LineString",
        "coordinates": [
          [
            78.3527556,
            17.459405
          ],
          [
            78.3535152,
            17.460752
          ]
        ]
      }
    },
    {
      "type": "Feature",
      "id": "way/199008919",
      "properties": {
        "highway": "residential",
        "source": "OpenStreetMap",
        "synthetic": false,
        "osm_type": "way",
        "osm_id": 199008919
      },
      "geometry": {
        "type": "LineString",
        "coordinates": [
          [
            78.3530858,
            17.4592395
          ],
          [
            78.3538434,
            17.4605774
          ]
        ]
      }
    },
    {
      "type": "Feature",
      "id": "way/199008920",
      "properties": {
        "highway": "residential",
        "name": "4th Cross",
        "source": "OpenStreetMap",
        "synthetic": false,
        "osm_type": "way",
        "osm_id": 199008920
      },
      "geometry": {
        "type": "LineString",
        "coordinates": [
          [
            78.3491643,
            17.461317
          ],
          [
            78.3497792,
            17.460982
          ],
          [
            78.3498948,
            17.4609226
          ],
          [
            78.3500002,
            17.4608668
          ],
          [
            78.3501125,
            17.4608073
          ],
          [
            78.350446,
            17.4606307
          ],
          [
            78.3507466,
            17.4604715
          ],
          [
            78.3510933,
            17.4602853
          ],
          [
            78.3514333,
            17.4601078
          ]
        ]
      }
    },
    {
      "type": "Feature",
      "id": "way/200172256",
      "properties": {
        "highway": "residential",
        "source": "OpenStreetMap",
        "synthetic": false,
        "osm_type": "way",
        "osm_id": 200172256
      },
      "geometry": {
        "type": "LineString",
        "coordinates": [
          [
            78.3545518,
            17.4590101
          ],
          [
            78.3539992,
            17.4592817
          ],
          [
            78.3536384,
            17.4594635
          ]
        ]
      }
    },
    {
      "type": "Feature",
      "id": "way/200172258",
      "properties": {
        "highway": "residential",
        "name": "Lane Number 2",
        "source": "OpenStreetMap",
        "synthetic": false,
        "osm_type": "way",
        "osm_id": 200172258
      },
      "geometry": {
        "type": "LineString",
        "coordinates": [
          [
            78.3513258,
            17.4614292
          ],
          [
            78.3512451,
            17.4612984
          ],
          [
            78.3511404,
            17.4611289
          ],
          [
            78.3510407,
            17.4609624
          ],
          [
            78.3507466,
            17.4604715
          ]
        ]
      }
    },
    {
      "type": "Feature",
      "id": "way/200172259",
      "properties": {
        "highway": "residential",
        "source": "OpenStreetMap",
        "synthetic": false,
        "osm_type": "way",
        "osm_id": 200172259
      },
      "geometry": {
        "type": "LineString",
        "coordinates": [
          [
            78.3518081,
            17.4569621
          ],
          [
            78.3520468,
            17.4574037
          ],
          [
            78.3525489,
            17.4582815
          ]
        ]
      }
    },
    {
      "type": "Feature",
      "id": "way/200172260",
      "properties": {
        "highway": "residential",
        "source": "OpenStreetMap",
        "synthetic": false,
        "osm_type": "way",
        "osm_id": 200172260
      },
      "geometry": {
        "type": "LineString",
        "coordinates": [
          [
            78.350426,
            17.4613473
          ],
          [
            78.3501424,
            17.4608588
          ],
          [
            78.3501125,
            17.4608073
          ]
        ]
      }
    },
    {
      "type": "Feature",
      "id": "way/200172261",
      "properties": {
        "highway": "residential",
        "source": "OpenStreetMap",
        "synthetic": false,
        "osm_type": "way",
        "osm_id": 200172261
      },
      "geometry": {
        "type": "LineString",
        "coordinates": [
          [
            78.350472,
            17.4575997
          ],
          [
            78.3510521,
            17.4586501
          ]
        ]
      }
    },
    {
      "type": "Feature",
      "id": "way/200172264",
      "properties": {
        "highway": "residential",
        "source": "OpenStreetMap",
        "synthetic": false,
        "osm_type": "way",
        "osm_id": 200172264
      },
      "geometry": {
        "type": "LineString",
        "coordinates": [
          [
            78.3510933,
            17.4602853
          ],
          [
            78.3514728,
            17.4609574
          ],
          [
            78.3518701,
            17.4616328
          ]
        ]
      }
    },
    {
      "type": "Feature",
      "id": "way/200172265",
      "properties": {
        "highway": "residential",
        "source": "OpenStreetMap",
        "synthetic": false,
        "osm_type": "way",
        "osm_id": 200172265
      },
      "geometry": {
        "type": "LineString",
        "coordinates": [
          [
            78.3498729,
            17.4588565
          ],
          [
            78.3503956,
            17.4598176
          ]
        ]
      }
    },
    {
      "type": "Feature",
      "id": "way/200172266",
      "properties": {
        "highway": "residential",
        "source": "OpenStreetMap",
        "synthetic": false,
        "osm_type": "way",
        "osm_id": 200172266
      },
      "geometry": {
        "type": "LineString",
        "coordinates": [
          [
            78.3517268,
            17.4582982
          ],
          [
            78.3513849,
            17.4584765
          ],
          [
            78.3510521,
            17.4586501
          ],
          [
            78.3507172,
            17.4588248
          ]
        ]
      }
    },
    {
      "type": "Feature",
      "id": "way/200172267",
      "properties": {
        "highway": "residential",
        "source": "OpenStreetMap",
        "synthetic": false,
        "osm_type": "way",
        "osm_id": 200172267
      },
      "geometry": {
        "type": "LineString",
        "coordinates": [
          [
            78.350886,
            17.4614087
          ],
          [
            78.3508767,
            17.4613923
          ],
          [
            78.350446,
            17.4606307
          ]
        ]
      }
    },
    {
      "type": "Feature",
      "id": "way/200172268",
      "properties": {
        "highway": "residential",
        "source": "OpenStreetMap",
        "synthetic": false,
        "osm_type": "way",
        "osm_id": 200172268
      },
      "geometry": {
        "type": "LineString",
        "coordinates": [
          [
            78.3514827,
            17.4571154
          ],
          [
            78.3517395,
            17.4575842
          ],
          [
            78.3519937,
            17.4580483
          ],
          [
            78.3522208,
            17.4584577
          ]
        ]
      }
    },
    {
      "type": "Feature",
      "id": "way/200172269",
      "properties": {
        "highway": "residential",
        "source": "OpenStreetMap",
        "synthetic": false,
        "osm_type": "way",
        "osm_id": 200172269
      },
      "geometry": {
        "type": "LineString",
        "coordinates": [
          [
            78.3530413,
            17.4606398
          ],
          [
            78.3520309,
            17.4611739
          ]
        ]
      }
    },
    {
      "type": "Feature",
      "id": "way/200172270",
      "properties": {
        "highway": "residential",
        "source": "OpenStreetMap",
        "synthetic": false,
        "osm_type": "way",
        "osm_id": 200172270
      },
      "geometry": {
        "type": "LineString",
        "coordinates": [
          [
            78.3495529,
            17.4590236
          ],
          [
            78.3495815,
            17.4590801
          ],
          [
            78.3497334,
            17.4593808
          ],
          [
            78.349902,
            17.4596871
          ],
          [
            78.3500747,
            17.4599831
          ]
        ]
      }
    },
    {
      "type": "Feature",
      "id": "way/200172271",
      "properties": {
        "highway": "residential",
        "source": "OpenStreetMap",
        "synthetic": false,
        "osm_type": "way",
        "osm_id": 200172271
      },
      "geometry": {
        "type": "LineString",
        "coordinates": [
          [
            78.3508252,
            17.4574265
          ],
          [
            78.3513849,
            17.4584765
          ]
        ]
      }
    },
    {
      "type": "Feature",
      "id": "way/200172272",
      "properties": {
        "highway": "residential",
        "source": "OpenStreetMap",
        "synthetic": false,
        "osm_type": "way",
        "osm_id": 200172272
      },
      "geometry": {
        "type": "LineString",
        "coordinates": [
          [
            78.3501985,
            17.4586844
          ],
          [
            78.3507462,
            17.4596367
          ]
        ]
      }
    },
    {
      "type": "Feature",
      "id": "way/200173169",
      "properties": {
        "highway": "residential",
        "source": "OpenStreetMap",
        "synthetic": false,
        "osm_type": "way",
        "osm_id": 200173169
      },
      "geometry": {
        "type": "LineString",
        "coordinates": [
          [
            78.3528021,
            17.4616573
          ],
          [
            78.3526167,
            17.4613309
          ]
        ]
      }
    },
    {
      "type": "Feature",
      "id": "way/211064281",
      "properties": {
        "highway": "secondary",
        "maxspeed": "60",
        "oneway": "yes",
        "surface": "asphalt",
        "source": "OpenStreetMap",
        "synthetic": false,
        "osm_type": "way",
        "osm_id": 211064281
      },
      "geometry": {
        "type": "LineString",
        "coordinates": [
          [
            78.3640642,
            17.4553018
          ],
          [
            78.3637948,
            17.4554593
          ]
        ]
      }
    },
    {
      "type": "Feature",
      "id": "way/213514681",
      "properties": {
        "access": "private",
        "highway": "residential",
        "oneway": "yes",
        "source": "OpenStreetMap",
        "synthetic": false,
        "osm_type": "way",
        "osm_id": 213514681
      },
      "geometry": {
        "type": "LineString",
        "coordinates": [
          [
            78.3613564,
            17.4518623
          ],
          [
            78.3602254,
            17.4512823
          ],
          [
            78.3596961,
            17.4510226
          ],
          [
            78.3592022,
            17.4507802
          ]
        ]
      }
    },
    {
      "type": "Feature",
      "id": "way/213514689",
      "properties": {
        "access": "private",
        "highway": "residential",
        "source": "OpenStreetMap",
        "synthetic": false,
        "osm_type": "way",
        "osm_id": 213514689
      },
      "geometry": {
        "type": "LineString",
        "coordinates": [
          [
            78.3596479,
            17.4511089
          ],
          [
            78.3596961,
            17.4510226
          ],
          [
            78.3598513,
            17.4507724
          ],
          [
            78.3600104,
            17.450513
          ],
          [
            78.360073,
            17.4504109
          ],
          [
            78.3602806,
            17.4500685
          ],
          [
            78.3603592,
            17.4501144
          ],
          [
            78.3606325,
            17.4502632
          ],
          [
            78.3607534,
            17.4503404
          ],
          [
            78.3607707,
            17.4503557
          ],
          [
            78.3608613,
            17.4504355
          ],
          [
            78.3611275,
            17.4507097
          ],
          [
            78.3613258,
            17.4508999
          ],
          [
            78.3614806,
            17.4510443
          ],
          [
            78.3615979,
            17.4511304
          ],
          [
            78.3617485,
            17.451236
          ]
        ]
      }
    },
    {
      "type": "Feature",
      "id": "way/213514705",
      "properties": {
        "access": "private",
        "highway": "residential",
        "source": "OpenStreetMap",
        "synthetic": false,
        "osm_type": "way",
        "osm_id": 213514705
      },
      "geometry": {
        "type": "LineString",
        "coordinates": [
          [
            78.3602806,
            17.4500685
          ],
          [
            78.3604395,
            17.4498093
          ]
        ]
      }
    },
    {
      "type": "Feature",
      "id": "way/213514796",
      "properties": {
        "access": "private",
        "highway": "residential",
        "source": "OpenStreetMap",
        "synthetic": false,
        "osm_type": "way",
        "osm_id": 213514796
      },
      "geometry": {
        "type": "LineString",
        "coordinates": [
          [
            78.3587828,
            17.4498845
          ],
          [
            78.3594998,
            17.4502931
          ],
          [
            78.359644,
            17.4500445
          ],
          [
            78.359964,
            17.4494941
          ]
        ]
      }
    },
    {
      "type": "Feature",
      "id": "way/213514805",
      "properties": {
        "access": "private",
        "highway": "residential",
        "source": "OpenStreetMap",
        "synthetic": false,
        "osm_type": "way",
        "osm_id": 213514805
      },
      "geometry": {
        "type": "LineString",
        "coordinates": [
          [
            78.3607707,
            17.4503557
          ],
          [
            78.3602254,
            17.4512823
          ],
          [
            78.3601771,
            17.4513643
          ]
        ]
      }
    },
    {
      "type": "Feature",
      "id": "way/213514811",
      "properties": {
        "access": "private",
        "highway": "residential",
        "source": "OpenStreetMap",
        "synthetic": false,
        "osm_type": "way",
        "osm_id": 213514811
      },
      "geometry": {
        "type": "LineString",
        "coordinates": [
          [
            78.3618678,
            17.4521291
          ],
          [
            78.3624204,
            17.4512182
          ]
        ]
      }
    },
    {
      "type": "Feature",
      "id": "way/213514896",
      "properties": {
        "access": "private",
        "highway": "residential",
        "lanes": "2",
        "oneway": "yes",
        "source": "OpenStreetMap",
        "synthetic": false,
        "osm_type": "way",
        "osm_id": 213514896
      },
      "geometry": {
        "type": "LineString",
        "coordinates": [
          [
            78.3635257,
            17.4531264
          ],
          [
            78.3634063,
            17.453037
          ],
          [
            78.3630965,
            17.4528483
          ],
          [
            78.3630287,
            17.4528069
          ],
          [
            78.3628016,
            17.4526683
          ],
          [
            78.3623909,
            17.4524228
          ],
          [
            78.3623085,
            17.4523735
          ],
          [
            78.3618678,
            17.4521291
          ]
        ]
      }
    },
    {
      "type": "Feature",
      "id": "way/213532125",
      "properties": {
        "access": "private",
        "highway": "service",
        "source": "OpenStreetMap",
        "synthetic": false,
        "osm_type": "way",
        "osm_id": 213532125
      },
      "geometry": {
        "type": "LineString",
        "coordinates": [
          [
            78.3512278,
            17.4495263
          ],
          [
            78.3514671,
            17.4496283
          ],
          [
            78.3516462,
            17.4496963
          ],
          [
            78.3516927,
            17.4497216
          ],
          [
            78.3516412,
            17.4498371
          ],
          [
            78.3515782,
            17.4499701
          ],
          [
            78.3515384,
            17.4501062
          ],
          [
            78.3515185,
            17.4502296
          ],
          [
            78.3515301,
            17.4503056
          ],
          [
            78.3516114,
            17.450448
          ],
          [
            78.351754,
            17.4505936
          ],
          [
            78.3518917,
            17.4506743
          ],
          [
            78.3520327,
            17.4507233
          ],
          [
            78.3521787,
            17.4507613
          ],
          [
            78.352408,
            17.4508362
          ]
        ]
      }
    },
    {
      "type": "Feature",
      "id": "way/213532135",
      "properties": {
        "highway": "residential",
        "lane_markings": "no",
        "surface": "concrete",
        "source": "OpenStreetMap",
        "synthetic": false,
        "osm_type": "way",
        "osm_id": 213532135
      },
      "geometry": {
        "type": "LineString",
        "coordinates": [
          [
            78.3629573,
            17.4622934
          ],
          [
            78.3626327,
            17.4613438
          ]
        ]
      }
    },
    {
      "type": "Feature",
      "id": "way/213532183",
      "properties": {
        "highway": "residential",
        "layer": "1",
        "source": "OpenStreetMap",
        "synthetic": false,
        "osm_type": "way",
        "osm_id": 213532183
      },
      "geometry": {
        "type": "LineString",
        "coordinates": [
          [
            78.3492305,
            17.458784
          ],
          [
            78.349369,
            17.4587026
          ],
          [
            78.3497149,
            17.4585526
          ],
          [
            78.3499898,
            17.4584179
          ],
          [
            78.350052,
            17.4583779
          ],
          [
            78.3496171,
            17.4576348
          ],
          [
            78.3494331,
            17.4573204
          ],
          [
            78.3492565,
            17.4569988
          ]
        ]
      }
    },
    {
      "type": "Feature",
      "id": "way/213532185",
      "properties": {
        "access": "private",
        "highway": "service",
        "name": "stadium road",
        "source": "OpenStreetMap",
        "synthetic": false,
        "osm_type": "way",
        "osm_id": 213532185
      },
      "geometry": {
        "type": "LineString",
        "coordinates": [
          [
            78.3500853,
            17.4483133
          ],
          [
            78.3506108,
            17.4488862
          ],
          [
            78.3506619,
            17.4489423
          ],
          [
            78.350693,
            17.4489765
          ],
          [
            78.3507962,
            17.4490898
          ],
          [
            78.3508961,
            17.4491877
          ],
          [
            78.3510919,
            17.4493812
          ],
          [
            78.3512278,
            17.4495263
          ],
          [
            78.3512443,
            17.4496247
          ],
          [
            78.3513311,
            17.4500992
          ],
          [
            78.351368,
            17.4502336
          ],
          [
            78.3514179,
            17.4504147
          ],
          [
            78.3515352,
            17.4506385
          ],
          [
            78.351622,
            17.4507325
          ],
          [
            78.3517815,
            17.4508265
          ],
          [
            78.3519574,
            17.4509116
          ],
          [
            78.3522084,
            17.4509787
          ],
          [
            78.3523914,
            17.4509966
          ],
          [
            78.3524829,
            17.4510772
          ],
          [
            78.3526156,
            17.4512992
          ],
          [
            78.3524859,
            17.4514311
          ],
          [
            78.3510621,
            17.4522318
          ],
          [
            78.3509373,
            17.452081
          ],
          [
            78.3508162,
            17.4518943
          ],
          [
            78.350798,
            17.4518041
          ],
          [
            78.3507913,
            17.4515066
          ],
          [
            78.350788,
            17.4506204
          ],
          [
            78.3507963,
            17.4505191
          ],
          [
            78.3508626,
            17.4504637
          ],
          [
            78.3511712,
            17.4503134
          ],
          [
            78.351368,
            17.4502336
          ]
        ]
      }
    },
    {
      "type": "Feature",
      "id": "way/213532198",
      "properties": {
        "highway": "residential",
        "source": "OpenStreetMap",
        "synthetic": false,
        "osm_type": "way",
        "osm_id": 213532198
      },
      "geometry": {
        "type": "LineString",
        "coordinates": [
          [
            78.3617997,
            17.4626148
          ],
          [
            78.36159,
            17.46212
          ],
          [
            78.3615179,
            17.4619634
          ]
        ]
      }
    },
    {
      "type": "Feature",
      "id": "way/213532258",
      "properties": {
        "highway": "residential",
        "source": "OpenStreetMap",
        "synthetic": false,
        "osm_type": "way",
        "osm_id": 213532258
      },
      "geometry": {
        "type": "LineString",
        "coordinates": [
          [
            78.3484661,
            17.459597
          ],
          [
            78.349078,
            17.4592953
          ],
          [
            78.3493964,
            17.4591091
          ],
          [
            78.3495529,
            17.4590236
          ],
          [
            78.3498729,
            17.4588565
          ],
          [
            78.3501571,
            17.4587054
          ],
          [
            78.3501985,
            17.4586844
          ],
          [
            78.3505257,
            17.458519
          ]
        ]
      }
    },
    {
      "type": "Feature",
      "id": "way/252114706",
      "properties": {
        "bicycle": "yes",
        "foot": "yes",
        "highway": "tertiary",
        "name": "Whitefields Road",
        "surface": "asphalt",
        "source": "OpenStreetMap",
        "synthetic": false,
        "osm_type": "way",
        "osm_id": 252114706
      },
      "geometry": {
        "type": "LineString",
        "coordinates": [
          [
            78.3638731,
            17.4545494
          ],
          [
            78.3645297,
            17.4543455
          ],
          [
            78.364999,
            17.4541998
          ],
          [
            78.3655483,
            17.4540292
          ],
          [
            78.3655718,
            17.4540219
          ],
          [
            78.3661754,
            17.4538354
          ],
          [
            78.3665024,
            17.453733
          ],
          [
            78.3668565,
            17.4536215
          ],
          [
            78.3672013,
            17.4534829
          ],
          [
            78.3672262,
            17.4534774
          ],
          [
            78.3672469,
            17.4534839
          ],
          [
            78.3672592,
            17.453495
          ],
          [
            78.3672721,
            17.4535147
          ],
          [
            78.3673707,
            17.4536651
          ],
          [
            78.3674044,
            17.4537059
          ],
          [
            78.3674446,
            17.4537353
          ],
          [
            78.3675124,
            17.4537415
          ],
          [
            78.3675882,
            17.4537249
          ],
          [
            78.367824,
            17.4536646
          ],
          [
            78.3678546,
            17.4536568
          ],
          [
            78.3679059,
            17.4536452
          ],
          [
            78.3679516,
            17.4536493
          ],
          [
            78.3679831,
            17.4536688
          ],
          [
            78.3680138,
            17.4537072
          ],
          [
            78.368036,
            17.4537517
          ],
          [
            78.3682307,
            17.4541413
          ],
          [
            78.3684412,
            17.4545624
          ],
          [
            78.3684681,
            17.4546162
          ],
          [
            78.3685063,
            17.4547186
          ],
          [
            78.3685553,
            17.4548499
          ],
          [
            78.3686154,
            17.4549301
          ],
          [
            78.368675,
            17.4549436
          ],
          [
            78.3687106,
            17.4549417
          ],
          [
            78.3689929,
            17.4548086
          ],
          [
            78.3692189,
            17.4552502
          ],
          [
            78.3692393,
            17.4552786
          ],
          [
            78.3694122,
            17.4555746
          ],
          [
            78.3699044,
            17.4563466
          ],
          [
            78.3699759,
            17.4564799
          ],
          [
            78.3701634,
            17.4569046
          ],
          [
            78.3702156,
            17.4570248
          ],
          [
            78.3704127,
            17.4574792
          ],
          [
            78.3704435,
            17.4575496
          ],
          [
            78.3705193,
            17.4577229
          ],
          [
            78.3706665,
            17.4580596
          ]
        ]
      }
    },
    {
      "type": "Feature",
      "id": "way/276161391",
      "properties": {
        "access": "private",
        "highway": "service",
        "source": "OpenStreetMap",
        "synthetic": false,
        "osm_type": "way",
        "osm_id": 276161391
      },
      "geometry": {
        "type": "LineString",
        "coordinates": [
          [
            78.3629006,
            17.45707
          ],
          [
            78.3629014,
            17.4570013
          ],
          [
            78.362917,
            17.4569288
          ],
          [
            78.3629318,
            17.4568632
          ],
          [
            78.3629586,
            17.4567468
          ],
          [
            78.3630042,
            17.4566624
          ],
          [
            78.3630766,
            17.4566419
          ],
          [
            78.3634403,
            17.4566788
          ],
          [
            78.3635668,
            17.4566726
          ],
          [
            78.3636832,
            17.4566203
          ],
          [
            78.3640369,
            17.4564628
          ],
          [
            78.3643546,
            17.4562951
          ]
        ]
      }
    },
    {
      "type": "Feature",
      "id": "way/276161485",
      "properties": {
        "access": "private",
        "highway": "service",
        "source": "OpenStreetMap",
        "synthetic": false,
        "osm_type": "way",
        "osm_id": 276161485
      },
      "geometry": {
        "type": "LineString",
        "coordinates": [
          [
            78.3639158,
            17.4548138
          ],
          [
            78.3640937,
            17.454754
          ],
          [
            78.3645102,
            17.4546141
          ],
          [
            78.3645746,
            17.4546103
          ],
          [
            78.3646162,
            17.4546487
          ],
          [
            78.3647007,
            17.4548802
          ],
          [
            78.3647182,
            17.4549334
          ]
        ]
      }
    },
    {
      "type": "Feature",
      "id": "way/313355357",
      "properties": {
        "highway": "primary",
        "lanes": "3",
        "maxspeed": "60",
        "name": "Gachibowli - Miyapur Highway",
        "oneway": "yes",
        "surface": "asphalt",
        "source": "OpenStreetMap",
        "synthetic": false,
        "osm_type": "way",
        "osm_id": 313355357
      },
      "geometry": {
        "type": "LineString",
        "coordinates": [
          [
            78.3639056,
            17.4555985
          ],
          [
            78.3642023,
            17.456037
          ],
          [
            78.3643546,
            17.4562951
          ],
          [
            78.3644942,
            17.4565172
          ],
          [
            78.3645471,
            17.4566054
          ],
          [
            78.3650176,
            17.4573994
          ],
          [
            78.3651919,
            17.4576936
          ],
          [
            78.3654449,
            17.4578838
          ],
          [
            78.3655633,
            17.4579483
          ]
        ]
      }
    },
    {
      "type": "Feature",
      "id": "way/313355358",
      "properties": {
        "highway": "primary",
        "lanes": "3",
        "maxspeed": "60",
        "name": "Gachibowli - Miyapur Highway",
        "oneway": "yes",
        "surface": "asphalt",
        "source": "OpenStreetMap",
        "synthetic": false,
        "osm_type": "way",
        "osm_id": 313355358
      },
      "geometry": {
        "type": "LineString",
        "coordinates": [
          [
            78.3637882,
            17.4531565
          ],
          [
            78.363766,
            17.4528318
          ],
          [
            78.3637435,
            17.4525422
          ],
          [
            78.3637325,
            17.4522779
          ],
          [
            78.3637295,
            17.4515368
          ],
          [
            78.3637376,
            17.4512506
          ],
          [
            78.3637441,
            17.4510892
          ],
          [
            78.3637519,
            17.45101
          ]
        ]
      }
    },
    {
      "type": "Feature",
      "id": "way/354531248",
      "properties": {
        "access": "private",
        "highway": "service",
        "source": "OpenStreetMap",
        "synthetic": false,
        "osm_type": "way",
        "osm_id": 354531248
      },
      "geometry": {
        "type": "LineString",
        "coordinates": [
          [
            78.3510621,
            17.4522318
          ],
          [
            78.3508677,
            17.452363
          ],
          [
            78.3508191,
            17.4524351
          ],
          [
            78.3508109,
            17.4528403
          ],
          [
            78.3507901,
            17.4528953
          ],
          [
            78.3507492,
            17.4529331
          ],
          [
            78.3503522,
            17.4531211
          ],
          [
            78.3502382,
            17.4531211
          ],
          [
            78.3501469,
            17.4530547
          ],
          [
            78.3494869,
            17.4522925
          ],
          [
            78.3494666,
            17.4522254
          ],
          [
            78.3494866,
            17.4521813
          ],
          [
            78.3500956,
            17.4518713
          ],
          [
            78.3508162,
            17.4518943
          ]
        ]
      }
    },
    {
      "type": "Feature",
      "id": "way/354531467",
      "properties": {
        "access": "private",
        "highway": "service",
        "source": "OpenStreetMap",
        "synthetic": false,
        "osm_type": "way",
        "osm_id": 354531467
      },
      "geometry": {
        "type": "LineString",
        "coordinates": [
          [
            78.3542857,
            17.4497078
          ],
          [
            78.3541259,
            17.4498165
          ],
          [
            78.3533489,
            17.4501421
          ],
          [
            78.3532228,
            17.4501575
          ],
          [
            78.3530834,
            17.4501319
          ],
          [
            78.3529556,
            17.4501625
          ],
          [
            78.3528759,
            17.4502516
          ],
          [
            78.3528594,
            17.4503721
          ],
          [
            78.3528869,
            17.4505163
          ],
          [
            78.3528741,
            17.4505736
          ],
          [
            78.3528402,
            17.450629
          ],
          [
            78.3527275,
            17.4507364
          ],
          [
            78.3526149,
            17.4507993
          ],
          [
            78.3525077,
            17.4508203
          ],
          [
            78.352408,
            17.4508362
          ]
        ]
      }
    },
    {
      "type": "Feature",
      "id": "way/354532145",
      "properties": {
        "highway": "residential",
        "source": "OpenStreetMap",
        "synthetic": false,
        "osm_type": "way",
        "osm_id": 354532145
      },
      "geometry": {
        "type": "LineString",
        "coordinates": [
          [
            78.361773,
            17.4614381
          ],
          [
            78.3616241,
            17.4611261
          ]
        ]
      }
    },
    {
      "type": "Feature",
      "id": "way/354532435",
      "properties": {
        "highway": "residential",
        "source": "OpenStreetMap",
        "synthetic": false,
        "osm_type": "way",
        "osm_id": 354532435
      },
      "geometry": {
        "type": "LineString",
        "coordinates": [
          [
            78.3525438,
            17.4567744
          ],
          [
            78.3532058,
            17.4579513
          ],
          [
            78.3532893,
            17.4580919
          ],
          [
            78.3534801,
            17.4584134
          ],
          [
            78.3536542,
            17.4587068
          ],
          [
            78.353698,
            17.4587806
          ]
        ]
      }
    },
    {
      "type": "Feature",
      "id": "way/354532513",
      "properties": {
        "highway": "residential",
        "source": "OpenStreetMap",
        "synthetic": false,
        "osm_type": "way",
        "osm_id": 354532513
      },
      "geometry": {
        "type": "LineString",
        "coordinates": [
          [
            78.3613887,
            17.4616525
          ],
          [
            78.3612127,
            17.4612655
          ]
        ]
      }
    },
    {
      "type": "Feature",
      "id": "way/354533929",
      "properties": {
        "highway": "residential",
        "source": "OpenStreetMap",
        "synthetic": false,
        "osm_type": "way",
        "osm_id": 354533929
      },
      "geometry": {
        "type": "LineString",
        "coordinates": [
          [
            78.350052,
            17.4583779
          ],
          [
            78.3503789,
            17.4582234
          ]
        ]
      }
    },
    {
      "type": "Feature",
      "id": "way/354534386",
      "properties": {
        "highway": "residential",
        "source": "OpenStreetMap",
        "synthetic": false,
        "osm_type": "way",
        "osm_id": 354534386
      },
      "geometry": {
        "type": "LineString",
        "coordinates": [
          [
            78.3532524,
            17.4587771
          ],
          [
            78.3522527,
            17.4592683
          ]
        ]
      }
    },
    {
      "type": "Feature",
      "id": "way/354534583",
      "properties": {
        "highway": "residential",
        "source": "OpenStreetMap",
        "synthetic": false,
        "osm_type": "way",
        "osm_id": 354534583
      },
      "geometry": {
        "type": "LineString",
        "coordinates": [
          [
            78.3500002,
            17.4608668
          ],
          [
            78.3498204,
            17.4605579
          ],
          [
            78.3496221,
            17.4602172
          ]
        ]
      }
    },
    {
      "type": "Feature",
      "id": "way/354534749",
      "properties": {
        "highway": "residential",
        "source": "OpenStreetMap",
        "synthetic": false,
        "osm_type": "way",
        "osm_id": 354534749
      },
      "geometry": {
        "type": "LineString",
        "coordinates": [
          [
            78.3657494,
            17.4523932
          ],
          [
            78.3647248,
            17.4526198
          ],
          [
            78.363766,
            17.4528318
          ]
        ]
      }
    },
    {
      "type": "Feature",
      "id": "way/354534852",
      "properties": {
        "highway": "residential",
        "source": "OpenStreetMap",
        "synthetic": false,
        "osm_type": "way",
        "osm_id": 354534852
      },
      "geometry": {
        "type": "LineString",
        "coordinates": [
          [
            78.3646169,
            17.4509629
          ],
          [
            78.3637441,
            17.4510892
          ]
        ]
      }
    },
    {
      "type": "Feature",
      "id": "way/354535745",
      "properties": {
        "access": "private",
        "highway": "service",
        "source": "OpenStreetMap",
        "synthetic": false,
        "osm_type": "way",
        "osm_id": 354535745
      },
      "geometry": {
        "type": "LineString",
        "coordinates": [
          [
            78.3513598,
            17.4619701
          ],
          [
            78.3514229,
            17.4620572
          ],
          [
            78.3515967,
            17.4622914
          ],
          [
            78.3517236,
            17.4624635
          ],
          [
            78.3520446,
            17.4628367
          ]
        ]
      }
    },
    {
      "type": "Feature",
      "id": "way/354535979",
      "properties": {
        "highway": "residential",
        "source": "OpenStreetMap",
        "synthetic": false,
        "osm_type": "way",
        "osm_id": 354535979
      },
      "geometry": {
        "type": "LineString",
        "coordinates": [
          [
            78.3638849,
            17.450423
          ],
          [
            78.3645552,
            17.4503509
          ],
          [
            78.3649956,
            17.4503036
          ],
          [
            78.3658288,
            17.4501957
          ]
        ]
      }
    },
    {
      "type": "Feature",
      "id": "way/354537687",
      "properties": {
        "highway": "residential",
        "lane_markings": "no",
        "surface": "concrete",
        "source": "OpenStreetMap",
        "synthetic": false,
        "osm_type": "way",
        "osm_id": 354537687
      },
      "geometry": {
        "type": "LineString",
        "coordinates": [
          [
            78.3623949,
            17.4624324
          ],
          [
            78.362122,
            17.4614794
          ],
          [
            78.362088,
            17.4613608
          ],
          [
            78.362056,
            17.4613319
          ],
          [
            78.3620163,
            17.461325
          ],
          [
            78.361773,
            17.4614381
          ],
          [
            78.3617581,
            17.4614484
          ],
          [
            78.3613887,
            17.4616525
          ],
          [
            78.3608298,
            17.4619549
          ]
        ]
      }
    },
    {
      "type": "Feature",
      "id": "way/354537899",
      "properties": {
        "access": "private",
        "highway": "service",
        "source": "OpenStreetMap",
        "synthetic": false,
        "osm_type": "way",
        "osm_id": 354537899
      },
      "geometry": {
        "type": "LineString",
        "coordinates": [
          [
            78.361142,
            17.4551172
          ],
          [
            78.3610691,
            17.4552234
          ],
          [
            78.3610581,
            17.4554278
          ],
          [
            78.3609838,
            17.4554967
          ],
          [
            78.3608743,
            17.4555429
          ],
          [
            78.3604118,
            17.4556127
          ]
        ]
      }
    },
    {
      "type": "Feature",
      "id": "way/354537904",
      "properties": {
        "highway": "residential",
        "lane_markings": "no",
        "name": "Kothaguda Village Road",
        "surface": "concrete",
        "source": "OpenStreetMap",
        "synthetic": false,
        "osm_type": "way",
        "osm_id": 354537904
      },
      "geometry": {
        "type": "LineString",
        "coordinates": [
          [
            78.3647897,
            17.4599447
          ],
          [
            78.3645202,
            17.4601797
          ],
          [
            78.3643784,
            17.4602212
          ],
          [
            78.3641998,
            17.460273
          ],
          [
            78.3628921,
            17.460652
          ],
          [
            78.3627601,
            17.4607779
          ],
          [
            78.3628939,
            17.4610744
          ]
        ]
      }
    },
    {
      "type": "Feature",
      "id": "way/354538884",
      "properties": {
        "access": "private",
        "highway": "service",
        "source": "OpenStreetMap",
        "synthetic": false,
        "osm_type": "way",
        "osm_id": 354538884
      },
      "geometry": {
        "type": "LineString",
        "coordinates": [
          [
            78.3526156,
            17.4512992
          ],
          [
            78.3532633,
            17.4509251
          ],
          [
            78.3533078,
            17.4508066
          ],
          [
            78.3533421,
            17.4506764
          ],
          [
            78.3533555,
            17.4504522
          ],
          [
            78.353392,
            17.450368
          ],
          [
            78.3535215,
            17.4502437
          ],
          [
            78.3539501,
            17.4500105
          ],
          [
            78.3543018,
            17.4498715
          ]
        ]
      }
    },
    {
      "type": "Feature",
      "id": "way/362634260",
      "properties": {
        "highway": "residential",
        "lit": "yes",
        "name": "Kothaguda Village Road",
        "surface": "concrete",
        "source": "OpenStreetMap",
        "synthetic": false,
        "osm_type": "way",
        "osm_id": 362634260
      },
      "geometry": {
        "type": "LineString",
        "coordinates": [
          [
            78.3658428,
            17.4625147
          ],
          [
            78.3654676,
            17.462568
          ],
          [
            78.3653941,
            17.4625763
          ],
          [
            78.3650481,
            17.4626156
          ],
          [
            78.3649723,
            17.462625
          ],
          [
            78.3646896,
            17.4626646
          ],
          [
            78.3646152,
            17.462675
          ],
          [
            78.3645292,
            17.4626649
          ],
          [
            78.3642544,
            17.4626326
          ],
          [
            78.3639272,
            17.4625175
          ],
          [
            78.3635946,
            17.4623793
          ],
          [
            78.3632817,
            17.462199
          ],
          [
            78.3629533,
            17.4612385
          ]
        ]
      }
    },
    {
      "type": "Feature",
      "id": "way/362634333",
      "properties": {
        "highway": "residential",
        "name": "Kothaguda Village Road",
        "source": "OpenStreetMap",
        "synthetic": false,
        "osm_type": "way",
        "osm_id": 362634333
      },
      "geometry": {
        "type": "LineString",
        "coordinates": [
          [
            78.3628939,
            17.4610744
          ],
          [
            78.3629115,
            17.461123
          ],
          [
            78.3629274,
            17.4611669
          ],
          [
            78.3629533,
            17.4612385
          ]
        ]
      }
    },
    {
      "type": "Feature",
      "id": "way/396350778",
      "properties": {
        "access": "private",
        "highway": "service",
        "surface": "concrete",
        "source": "OpenStreetMap",
        "synthetic": false,
        "osm_type": "way",
        "osm_id": 396350778
      },
      "geometry": {
        "type": "LineString",
        "coordinates": [
          [
            78.357247,
            17.4589834
          ],
          [
            78.35727,
            17.4590347
          ],
          [
            78.3572822,
            17.4590621
          ],
          [
            78.3573516,
            17.4592169
          ],
          [
            78.3574662,
            17.4594726
          ],
          [
            78.357623,
            17.4598224
          ],
          [
            78.358042,
            17.4608099
          ],
          [
            78.3582577,
            17.461333
          ],
          [
            78.357968,
            17.4615525
          ]
        ]
      }
    },
    {
      "type": "Feature",
      "id": "way/396350779",
      "properties": {
        "highway": "path",
        "source": "OpenStreetMap",
        "synthetic": false,
        "osm_type": "way",
        "osm_id": 396350779
      },
      "geometry": {
        "type": "LineString",
        "coordinates": [
          [
            78.3495506,
            17.4564035
          ],
          [
            78.349665,
            17.4560261
          ],
          [
            78.3498105,
            17.455876
          ],
          [
            78.3500955,
            17.4557942
          ],
          [
            78.3503517,
            17.4557955
          ],
          [
            78.3506181,
            17.4557487
          ],
          [
            78.3511393,
            17.4556614
          ]
        ]
      }
    },
    {
      "type": "Feature",
      "id": "way/416306776",
      "properties": {
        "access": "private",
        "highway": "service",
        "source": "OpenStreetMap",
        "synthetic": false,
        "osm_type": "way",
        "osm_id": 416306776
      },
      "geometry": {
        "type": "LineString",
        "coordinates": [
          [
            78.3633611,
            17.4523736
          ],
          [
            78.3633272,
            17.4523489
          ],
          [
            78.3632978,
            17.4523275
          ],
          [
            78.362566,
            17.4517949
          ],
          [
            78.3625462,
            17.4517902
          ],
          [
            78.3625215,
            17.4517929
          ],
          [
            78.3625061,
            17.4518004
          ],
          [
            78.3624927,
            17.4518191
          ],
          [
            78.3623316,
            17.4522276
          ],
          [
            78.3623307,
            17.4522489
          ],
          [
            78.3623376,
            17.452269
          ],
          [
            78.3623503,
            17.4522844
          ],
          [
            78.3623714,
            17.4522956
          ],
          [
            78.3624016,
            17.4523126
          ],
          [
            78.363059,
            17.4526822
          ],
          [
            78.3633231,
            17.4528307
          ],
          [
            78.3633451,
            17.4528354
          ],
          [
            78.3633594,
            17.4528321
          ],
          [
            78.3633765,
            17.4528237
          ],
          [
            78.3633893,
            17.4528078
          ],
          [
            78.3633947,
            17.4527764
          ]
        ]
      }
    },
    {
      "type": "Feature",
      "id": "way/416663628",
      "properties": {
        "highway": "residential",
        "source": "OpenStreetMap",
        "synthetic": false,
        "osm_type": "way",
        "osm_id": 416663628
      },
      "geometry": {
        "type": "LineString",
        "coordinates": [
          [
            78.3627617,
            17.4509377
          ],
          [
            78.3624814,
            17.4509402
          ]
        ]
      }
    },
    {
      "type": "Feature",
      "id": "way/419829423",
      "properties": {
        "highway": "residential",
        "source": "OpenStreetMap",
        "synthetic": false,
        "osm_type": "way",
        "osm_id": 419829423
      },
      "geometry": {
        "type": "LineString",
        "coordinates": [
          [
            78.3536069,
            17.4616306
          ],
          [
            78.3550308,
            17.4608909
          ]
        ]
      }
    },
    {
      "type": "Feature",
      "id": "way/419829424",
      "properties": {
        "highway": "residential",
        "source": "OpenStreetMap",
        "synthetic": false,
        "osm_type": "way",
        "osm_id": 419829424
      },
      "geometry": {
        "type": "LineString",
        "coordinates": [
          [
            78.3537843,
            17.4619515
          ],
          [
            78.3552124,
            17.4612138
          ]
        ]
      }
    },
    {
      "type": "Feature",
      "id": "way/419829426",
      "properties": {
        "highway": "residential",
        "source": "OpenStreetMap",
        "synthetic": false,
        "osm_type": "way",
        "osm_id": 419829426
      },
      "geometry": {
        "type": "LineString",
        "coordinates": [
          [
            78.353967,
            17.4622726
          ],
          [
            78.3553911,
            17.4615314
          ]
        ]
      }
    },
    {
      "type": "Feature",
      "id": "way/419863064",
      "properties": {
        "access": "private",
        "highway": "service",
        "source": "OpenStreetMap",
        "synthetic": false,
        "osm_type": "way",
        "osm_id": 419863064
      },
      "geometry": {
        "type": "LineString",
        "coordinates": [
          [
            78.3607467,
            17.4564004
          ],
          [
            78.3606569,
            17.4564337
          ],
          [
            78.360332,
            17.4565542
          ],
          [
            78.3602852,
            17.4565716
          ],
          [
            78.3601294,
            17.456698
          ],
          [
            78.3600716,
            17.4567449
          ],
          [
            78.3599857,
            17.4568645
          ],
          [
            78.3598812,
            17.4568716
          ],
          [
            78.3597799,
            17.4568365
          ],
          [
            78.3596833,
            17.4567793
          ],
          [
            78.359629,
            17.4567382
          ],
          [
            78.3595984,
            17.456715
          ],
          [
            78.3595514,
            17.456559
          ],
          [
            78.3595538,
            17.4560737
          ]
        ]
      }
    },
    {
      "type": "Feature",
      "id": "way/419863071",
      "properties": {
        "access": "private",
        "highway": "residential",
        "source": "OpenStreetMap",
        "synthetic": false,
        "osm_type": "way",
        "osm_id": 419863071
      },
      "geometry": {
        "type": "LineString",
        "coordinates": [
          [
            78.3594998,
            17.4502931
          ],
          [
            78.3592022,
            17.4507802
          ]
        ]
      }
    },
    {
      "type": "Feature",
      "id": "way/419863074",
      "properties": {
        "highway": "path",
        "source": "OpenStreetMap",
        "synthetic": false,
        "osm_type": "way",
        "osm_id": 419863074
      },
      "geometry": {
        "type": "LineString",
        "coordinates": [
          [
            78.3603698,
            17.4558383
          ],
          [
            78.3601108,
            17.4558502
          ],
          [
            78.3597829,
            17.4559843
          ],
          [
            78.3595538,
            17.4560737
          ]
        ]
      }
    },
    {
      "type": "Feature",
      "id": "way/419863076",
      "properties": {
        "access": "private",
        "highway": "service",
        "source": "OpenStreetMap",
        "synthetic": false,
        "osm_type": "way",
        "osm_id": 419863076
      },
      "geometry": {
        "type": "LineString",
        "coordinates": [
          [
            78.3602852,
            17.4565716
          ],
          [
            78.3602224,
            17.4565584
          ],
          [
            78.3601489,
            17.4565692
          ],
          [
            78.3600924,
            17.4565383
          ],
          [
            78.3600279,
            17.4564825
          ],
          [
            78.3599749,
            17.4564697
          ],
          [
            78.3598665,
            17.4565177
          ],
          [
            78.3595514,
            17.456559
          ]
        ]
      }
    },
    {
      "type": "Feature",
      "id": "way/543823891",
      "properties": {
        "access": "private",
        "highway": "service",
        "source": "OpenStreetMap",
        "synthetic": false,
        "osm_type": "way",
        "osm_id": 543823891
      },
      "geometry": {
        "type": "LineString",
        "coordinates": [
          [
            78.3543018,
            17.4498715
          ],
          [
            78.3544139,
            17.449843
          ],
          [
            78.354559,
            17.4499443
          ],
          [
            78.3546652,
            17.4500795
          ],
          [
            78.3547617,
            17.4502272
          ],
          [
            78.3548355,
            17.4503602
          ],
          [
            78.3548288,
            17.4504767
          ],
          [
            78.3547725,
            17.4505419
          ],
          [
            78.3545807,
            17.4506212
          ],
          [
            78.3541428,
            17.4508122
          ],
          [
            78.3538954,
            17.4509078
          ],
          [
            78.3538015,
            17.4509225
          ],
          [
            78.3536366,
            17.450927
          ],
          [
            78.3534622,
            17.4509449
          ],
          [
            78.3533268,
            17.4509321
          ],
          [
            78.3532633,
            17.4509251
          ]
        ]
      }
    },
    {
      "type": "Feature",
      "id": "way/543823892",
      "properties": {
        "access": "private",
        "highway": "service",
        "source": "OpenStreetMap",
        "synthetic": false,
        "osm_type": "way",
        "osm_id": 543823892
      },
      "geometry": {
        "type": "LineString",
        "coordinates": [
          [
            78.3544075,
            17.4492022
          ],
          [
            78.354511,
            17.4492497
          ],
          [
            78.3545659,
            17.4493137
          ],
          [
            78.3546142,
            17.4494135
          ],
          [
            78.3546719,
            17.4496054
          ],
          [
            78.3547094,
            17.4496975
          ],
          [
            78.3547832,
            17.4498472
          ],
          [
            78.3547959,
            17.4499009
          ],
          [
            78.3547765,
            17.4499675
          ],
          [
            78.3547324,
            17.4500255
          ],
          [
            78.3546652,
            17.4500795
          ]
        ]
      }
    },
    {
      "type": "Feature",
      "id": "way/563558383",
      "properties": {
        "highway": "primary",
        "lanes": "4",
        "maxspeed": "60",
        "name": "Gachibowli - Miyapur Highway",
        "oneway": "yes",
        "surface": "asphalt",
        "source": "OpenStreetMap",
        "synthetic": false,
        "osm_type": "way",
        "osm_id": 563558383
      },
      "geometry": {
        "type": "LineString",
        "coordinates": [
          [
            78.3635267,
            17.4531485
          ],
          [
            78.3635294,
            17.4532112
          ],
          [
            78.3635446,
            17.4535586
          ],
          [
            78.363548,
            17.4536371
          ],
          [
            78.3635675,
            17.4540822
          ],
          [
            78.3636428,
            17.4548731
          ]
        ]
      }
    },
    {
      "type": "Feature",
      "id": "way/586320779",
      "properties": {
        "highway": "track",
        "source": "OpenStreetMap",
        "synthetic": false,
        "osm_type": "way",
        "osm_id": 586320779
      },
      "geometry": {
        "type": "LineString",
        "coordinates": [
          [
            78.3575178,
            17.4511336
          ],
          [
            78.3571743,
            17.4511256
          ],
          [
            78.3569583,
            17.4511136
          ],
          [
            78.3566417,
            17.4511529
          ],
          [
            78.3565069,
            17.4511272
          ],
          [
            78.3563252,
            17.4510334
          ],
          [
            78.3552747,
            17.4506264
          ],
          [
            78.3551465,
            17.4505991
          ],
          [
            78.3550144,
            17.450608
          ],
          [
            78.3542518,
            17.4508934
          ],
          [
            78.3541374,
            17.4509565
          ],
          [
            78.3541226,
            17.4510262
          ],
          [
            78.3541287,
            17.4511138
          ],
          [
            78.3541328,
            17.4512146
          ],
          [
            78.3540962,
            17.4512689
          ],
          [
            78.3540352,
            17.4512844
          ],
          [
            78.3539743,
            17.4512999
          ],
          [
            78.3538564,
            17.4512999
          ],
          [
            78.3537303,
            17.4513193
          ],
          [
            78.353649,
            17.4513503
          ],
          [
            78.3536043,
            17.4513814
          ],
          [
            78.3535433,
            17.4514085
          ],
          [
            78.3534295,
            17.4514202
          ],
          [
            78.3533766,
            17.4514318
          ],
          [
            78.3533482,
            17.4514589
          ],
          [
            78.3533197,
            17.4514938
          ],
          [
            78.3532953,
            17.4515287
          ],
          [
            78.3532709,
            17.4515559
          ],
          [
            78.3531977,
            17.4515404
          ],
          [
            78.3531083,
            17.4514977
          ],
          [
            78.3530717,
            17.4514861
          ],
          [
            78.3530229,
            17.4514706
          ],
          [
            78.3529741,
            17.4514667
          ],
          [
            78.3529091,
            17.4514667
          ],
          [
            78.3527668,
            17.4515016
          ],
          [
            78.3526977,
            17.4515249
          ],
          [
            78.3526226,
            17.451534
          ],
          [
            78.3525344,
            17.451594
          ],
          [
            78.3524513,
            17.4517008
          ],
          [
            78.352344,
            17.4518274
          ],
          [
            78.3522627,
            17.45187
          ],
          [
            78.3522017,
            17.4519166
          ],
          [
            78.3521204,
            17.4519398
          ],
          [
            78.3520716,
            17.4519631
          ],
          [
            78.3519822,
            17.4519709
          ],
          [
            78.3519009,
            17.4520135
          ],
          [
            78.3518602,
            17.4520252
          ],
          [
            78.351783,
            17.4520601
          ],
          [
            78.351722,
            17.4521105
          ],
          [
            78.3516732,
            17.4521454
          ],
          [
            78.3516366,
            17.4521725
          ],
          [
            78.3516122,
            17.4522268
          ],
          [
            78.3515838,
            17.4522811
          ],
          [
            78.3515797,
            17.4523587
          ],
          [
            78.3515797,
            17.4524169
          ],
          [
            78.3515716,
            17.4524945
          ],
          [
            78.3515797,
            17.4525526
          ],
          [
            78.3515838,
            17.4526108
          ],
          [
            78.3515838,
            17.4526651
          ],
          [
            78.3515838,
            17.4527194
          ],
          [
            78.351596,
            17.4527737
          ],
          [
            78.351596,
            17.452828
          ],
          [
            78.3516041,
            17.4528629
          ],
          [
            78.3516122,
            17.4529211
          ],
          [
            78.3516122,
            17.452987
          ],
          [
            78.3516488,
            17.453018
          ],
          [
            78.3516935,
            17.4530646
          ],
          [
            78.3517464,
            17.4530917
          ],
          [
            78.3518033,
            17.4530917
          ],
          [
            78.3518765,
            17.4530762
          ],
          [
            78.3519537,
            17.4530646
          ],
          [
            78.3520269,
            17.4530646
          ],
          [
            78.3521001,
            17.4530529
          ],
          [
            78.3521854,
            17.4530529
          ],
          [
            78.3522464,
            17.4530646
          ],
          [
            78.3523033,
            17.4530801
          ],
          [
            78.3523684,
            17.4531227
          ],
          [
            78.3524253,
            17.4531615
          ],
          [
            78.3524863,
            17.4532119
          ],
          [
            78.3525513,
            17.4532352
          ],
          [
            78.3526001,
            17.4532662
          ],
          [
            78.3526692,
            17.4532895
          ],
          [
            78.3527424,
            17.4533011
          ],
          [
            78.35284,
            17.4533244
          ],
          [
            78.352905,
            17.4533477
          ],
          [
            78.3529701,
            17.4533671
          ],
          [
            78.3530555,
            17.4533787
          ],
          [
            78.3531205,
            17.4533903
          ],
          [
            78.3531856,
            17.4534059
          ],
          [
            78.3532303,
            17.4534214
          ],
          [
            78.3532994,
            17.4534485
          ],
          [
            78.3533685,
            17.4534485
          ],
          [
            78.3534335,
            17.4534485
          ],
          [
            78.3534823,
            17.453464
          ],
          [
            78.3535271,
            17.4534912
          ],
          [
            78.3536734,
            17.45353
          ],
          [
            78.3538035,
            17.453561
          ],
          [
            78.3539865,
            17.4535959
          ],
          [
            78.3541283,
            17.4536525
          ],
          [
            78.3542824,
            17.4536569
          ],
          [
            78.3545112,
            17.4536659
          ],
          [
            78.354684,
            17.4536614
          ],
          [
            78.3548381,
            17.4536703
          ],
          [
            78.355053,
            17.4536792
          ],
          [
            78.3553051,
            17.4536659
          ],
          [
            78.3554826,
            17.4536659
          ],
          [
            78.3556087,
            17.4536659
          ],
          [
            78.3557721,
            17.4536614
          ],
          [
            78.3558702,
            17.4536525
          ],
          [
            78.3560383,
            17.4536347
          ],
          [
            78.3562391,
            17.4536213
          ],
          [
            78.3563979,
            17.4536213
          ],
          [
            78.3565474,
            17.4536391
          ],
          [
            78.3567622,
            17.4536614
          ],
          [
            78.3568929,
            17.453706
          ],
          [
            78.3570611,
            17.4537327
          ],
          [
            78.3572759,
            17.4537772
          ],
          [
            78.3573833,
            17.4537906
          ],
          [
            78.357519,
            17.4537779
          ],
          [
            78.357813,
            17.4538238
          ],
          [
            78.3580278,
            17.4539338
          ],
          [
            78.358478,
            17.4542341
          ],
          [
            78.3585379,
            17.4542745
          ],
          [
            78.3586758,
            17.4543674
          ],
          [
            78.359499,
            17.455058
          ],
          [
            78.3595317,
            17.455122
          ],
          [
            78.3595496,
            17.4551981
          ],
          [
            78.3595721,
            17.455605
          ],
          [
            78.3595538,
            17.4560737
          ]
        ]
      }
    },
    {
      "type": "Feature",
      "id": "way/606929126",
      "properties": {
        "access": "private",
        "highway": "service",
        "surface": "concrete",
        "source": "OpenStreetMap",
        "synthetic": false,
        "osm_type": "way",
        "osm_id": 606929126
      },
      "geometry": {
        "type": "LineString",
        "coordinates": [
          [
            78.3582577,
            17.461333
          ],
          [
            78.3587597,
            17.462494
          ]
        ]
      }
    },
    {
      "type": "Feature",
      "id": "way/639403246",
      "properties": {
        "highway": "path",
        "source": "OpenStreetMap",
        "synthetic": false,
        "osm_type": "way",
        "osm_id": 639403246
      },
      "geometry": {
        "type": "LineString",
        "coordinates": [
          [
            78.3595683,
            17.451179
          ],
          [
            78.3596491,
            17.45143
          ]
        ]
      }
    },
    {
      "type": "Feature",
      "id": "way/639403257",
      "properties": {
        "highway": "path",
        "source": "OpenStreetMap",
        "synthetic": false,
        "osm_type": "way",
        "osm_id": 639403257
      },
      "geometry": {
        "type": "LineString",
        "coordinates": [
          [
            78.3577019,
            17.4511259
          ],
          [
            78.3577967,
            17.4510684
          ],
          [
            78.3578932,
            17.4509999
          ],
          [
            78.3579978,
            17.4509743
          ],
          [
            78.3584592,
            17.4509923
          ],
          [
            78.3590117,
            17.4509436
          ],
          [
            78.3591351,
            17.4509769
          ],
          [
            78.3595683,
            17.451179
          ],
          [
            78.3598472,
            17.4512878
          ],
          [
            78.360613,
            17.4516371
          ],
          [
            78.3607069,
            17.4517292
          ],
          [
            78.3610207,
            17.4518725
          ],
          [
            78.3614123,
            17.452072
          ],
          [
            78.3618119,
            17.4522537
          ],
          [
            78.3619165,
            17.4523509
          ],
          [
            78.3622196,
            17.4524917
          ],
          [
            78.3629103,
            17.4528947
          ],
          [
            78.3631584,
            17.4531019
          ],
          [
            78.3632161,
            17.4532043
          ],
          [
            78.3631852,
            17.4532631
          ],
          [
            78.3628339,
            17.4534819
          ],
          [
            78.3627266,
            17.4535126
          ],
          [
            78.3624369,
            17.4535101
          ],
          [
            78.3623545,
            17.4535596
          ]
        ]
      }
    },
    {
      "type": "Feature",
      "id": "way/656644542",
      "properties": {
        "access": "private",
        "highway": "service",
        "oneway": "yes",
        "source": "OpenStreetMap",
        "synthetic": false,
        "osm_type": "way",
        "osm_id": 656644542
      },
      "geometry": {
        "type": "LineString",
        "coordinates": [
          [
            78.3633947,
            17.4527764
          ],
          [
            78.3634323,
            17.4527772
          ],
          [
            78.3635144,
            17.4527859
          ]
        ]
      }
    },
    {
      "type": "Feature",
      "id": "way/656746216",
      "properties": {
        "highway": "residential",
        "name": "Sriram Nagar Road",
        "source": "OpenStreetMap",
        "synthetic": false,
        "osm_type": "way",
        "osm_id": 656746216
      },
      "geometry": {
        "type": "LineString",
        "coordinates": [
          [
            78.3517179,
            17.46179
          ],
          [
            78.3518822,
            17.462013
          ],
          [
            78.3519249,
            17.4620647
          ],
          [
            78.3519659,
            17.4620689
          ],
          [
            78.3520121,
            17.4620566
          ],
          [
            78.3521119,
            17.4620111
          ]
        ]
      }
    },
    {
      "type": "Feature",
      "id": "way/658049833",
      "properties": {
        "bicycle": "no",
        "highway": "path",
        "horse": "no",
        "lit": "yes",
        "name": "park walk path",
        "surface": "sett",
        "trail_visibility": "excellent",
        "source": "OpenStreetMap",
        "synthetic": false,
        "osm_type": "way",
        "osm_id": 658049833
      },
      "geometry": {
        "type": "LineString",
        "coordinates": [
          [
            78.3633619,
            17.4620142
          ],
          [
            78.363437,
            17.4621728
          ],
          [
            78.3636247,
            17.4622649
          ],
          [
            78.3639144,
            17.462357
          ],
          [
            78.3641022,
            17.4624338
          ],
          [
            78.3642845,
            17.4625003
          ],
          [
            78.3646579,
            17.4624992
          ],
          [
            78.3646896,
            17.4626646
          ],
          [
            78.3646922,
            17.4624389
          ],
          [
            78.3647942,
            17.4623724
          ],
          [
            78.3647673,
            17.4622189
          ],
          [
            78.3647137,
            17.4620295
          ],
          [
            78.3646708,
            17.4618402
          ],
          [
            78.3646332,
            17.4615843
          ],
          [
            78.3646332,
            17.4614513
          ],
          [
            78.3646279,
            17.4613029
          ],
          [
            78.3646869,
            17.4611033
          ],
          [
            78.3647298,
            17.4609242
          ],
          [
            78.3647834,
            17.4607451
          ],
          [
            78.3648264,
            17.460566
          ],
          [
            78.3648478,
            17.4603971
          ],
          [
            78.3648478,
            17.4602539
          ],
          [
            78.3647352,
            17.4602129
          ],
          [
            78.3645957,
            17.4602743
          ],
          [
            78.3643489,
            17.4603306
          ],
          [
            78.3641826,
            17.4603818
          ],
          [
            78.3639895,
            17.4604381
          ],
          [
            78.3638769,
            17.460479
          ],
          [
            78.3636676,
            17.4605404
          ],
          [
            78.3634692,
            17.4606018
          ],
          [
            78.3632653,
            17.4606581
          ],
          [
            78.3631097,
            17.4607093
          ],
          [
            78.362981,
            17.4607502
          ],
          [
            78.3628952,
            17.4608065
          ],
          [
            78.3629059,
            17.460914
          ],
          [
            78.3629703,
            17.4610061
          ],
          [
            78.36304,
            17.4611084
          ],
          [
            78.3630615,
            17.4611903
          ],
          [
            78.3631848,
            17.4612517
          ],
          [
            78.3633243,
            17.4613182
          ],
          [
            78.3633994,
            17.4613899
          ],
          [
            78.3634262,
            17.4614974
          ],
          [
            78.3634262,
            17.4616099
          ],
          [
            78.3633511,
            17.4617276
          ],
          [
            78.363335,
            17.4618351
          ],
          [
            78.3633297,
            17.4619323
          ],
          [
            78.3633619,
            17.4620142
          ]
        ]
      }
    },
    {
      "type": "Feature",
      "id": "way/687328146",
      "properties": {
        "access": "private",
        "highway": "residential",
        "source": "OpenStreetMap",
        "synthetic": false,
        "osm_type": "way",
        "osm_id": 687328146
      },
      "geometry": {
        "type": "LineString",
        "coordinates": [
          [
            78.3617286,
            17.4497137
          ],
          [
            78.3617934,
            17.4497301
          ],
          [
            78.3618587,
            17.4497687
          ],
          [
            78.362145,
            17.4501944
          ],
          [
            78.3622102,
            17.4502913
          ],
          [
            78.3623429,
            17.4509444
          ]
        ]
      }
    },
    {
      "type": "Feature",
      "id": "way/693165344",
      "properties": {
        "highway": "residential",
        "source": "OpenStreetMap",
        "synthetic": false,
        "osm_type": "way",
        "osm_id": 693165344
      },
      "geometry": {
        "type": "LineString",
        "coordinates": [
          [
            78.3539992,
            17.4592817
          ],
          [
            78.3538211,
            17.4589853
          ],
          [
            78.353698,
            17.4587806
          ]
        ]
      }
    },
    {
      "type": "Feature",
      "id": "way/725452901",
      "properties": {
        "highway": "residential",
        "oneway": "yes",
        "source": "OpenStreetMap",
        "synthetic": false,
        "osm_type": "way",
        "osm_id": 725452901
      },
      "geometry": {
        "type": "LineString",
        "coordinates": [
          [
            78.3632165,
            17.4583848
          ],
          [
            78.3634639,
            17.4583337
          ],
          [
            78.3636515,
            17.458242
          ],
          [
            78.3638209,
            17.4584878
          ],
          [
            78.3638599,
            17.4585173
          ],
          [
            78.3639725,
            17.4584955
          ],
          [
            78.3644029,
            17.45836
          ],
          [
            78.3648951,
            17.4581387
          ],
          [
            78.3649541,
            17.4580863
          ],
          [
            78.3649716,
            17.4580006
          ],
          [
            78.3649085,
            17.4577536
          ],
          [
            78.3648079,
            17.4575013
          ]
        ]
      }
    },
    {
      "type": "Feature",
      "id": "way/725452902",
      "properties": {
        "highway": "residential",
        "oneway": "yes",
        "surface": "concrete",
        "source": "OpenStreetMap",
        "synthetic": false,
        "osm_type": "way",
        "osm_id": 725452902
      },
      "geometry": {
        "type": "LineString",
        "coordinates": [
          [
            78.3644942,
            17.4565172
          ],
          [
            78.3643431,
            17.4565873
          ],
          [
            78.3628801,
            17.4571804
          ]
        ]
      }
    },
    {
      "type": "Feature",
      "id": "way/736387681",
      "properties": {
        "area": "no",
        "highway": "secondary",
        "lanes": "4",
        "maxspeed": "60",
        "name": "Masjid Banda Road",
        "oneway": "yes",
        "surface": "asphalt",
        "source": "OpenStreetMap",
        "synthetic": false,
        "osm_type": "way",
        "osm_id": 736387681
      },
      "geometry": {
        "type": "LineString",
        "coordinates": [
          [
            78.3546518,
            17.4602172
          ],
          [
            78.354804,
            17.4601431
          ],
          [
            78.3556843,
            17.4597488
          ],
          [
            78.35584,
            17.459679
          ],
          [
            78.357247,
            17.4589834
          ],
          [
            78.3590115,
            17.4580115
          ],
          [
            78.3606719,
            17.4570904
          ],
          [
            78.3613023,
            17.4567458
          ],
          [
            78.3618617,
            17.4564884
          ],
          [
            78.3619545,
            17.4564457
          ],
          [
            78.362118,
            17.456381
          ],
          [
            78.3622928,
            17.4563116
          ],
          [
            78.3630006,
            17.4560891
          ],
          [
            78.3631423,
            17.4560227
          ],
          [
            78.3632561,
            17.4559455
          ],
          [
            78.363879,
            17.4555611
          ],
          [
            78.3641363,
            17.4554207
          ]
        ]
      }
    },
    {
      "type": "Feature",
      "id": "way/736387682",
      "properties": {
        "area": "no",
        "highway": "secondary",
        "maxspeed": "60",
        "name": "Masjid Banda Road",
        "oneway": "yes",
        "surface": "asphalt",
        "source": "OpenStreetMap",
        "synthetic": false,
        "osm_type": "way",
        "osm_id": 736387682
      },
      "geometry": {
        "type": "LineString",
        "coordinates": [
          [
            78.3637948,
            17.4554593
          ],
          [
            78.3636096,
            17.4555648
          ],
          [
            78.3632108,
            17.4558017
          ],
          [
            78.3629903,
            17.4559151
          ],
          [
            78.3622684,
            17.4562031
          ],
          [
            78.361882,
            17.4563607
          ],
          [
            78.3612977,
            17.4566335
          ],
          [
            78.3608838,
            17.4568629
          ],
          [
            78.3589773,
            17.4579159
          ],
          [
            78.3572195,
            17.4588801
          ],
          [
            78.3559795,
            17.4595153
          ],
          [
            78.3556473,
            17.4596782
          ],
          [
            78.3547988,
            17.4600868
          ],
          [
            78.3546954,
            17.4601376
          ],
          [
            78.3546076,
            17.4601824
          ]
        ]
      }
    },
    {
      "type": "Feature",
      "id": "way/753808773",
      "properties": {
        "highway": "residential",
        "name": "Anjaiah Lane Number 3",
        "source": "OpenStreetMap",
        "synthetic": false,
        "osm_type": "way",
        "osm_id": 753808773
      },
      "geometry": {
        "type": "LineString",
        "coordinates": [
          [
            78.3646287,
            17.4513359
          ],
          [
            78.3642971,
            17.4513926
          ],
          [
            78.3640452,
            17.4514467
          ],
          [
            78.3640005,
            17.4514632
          ],
          [
            78.3639442,
            17.451499
          ],
          [
            78.3638342,
            17.4515297
          ],
          [
            78.3637295,
            17.4515368
          ]
        ]
      }
    },
    {
      "type": "Feature",
      "id": "way/759760237",
      "properties": {
        "highway": "track",
        "source": "OpenStreetMap",
        "synthetic": false,
        "osm_type": "way",
        "osm_id": 759760237
      },
      "geometry": {
        "type": "LineString",
        "coordinates": [
          [
            78.3559795,
            17.4595153
          ],
          [
            78.3558463,
            17.4594381
          ],
          [
            78.3556385,
            17.4593219
          ],
          [
            78.3552666,
            17.4590082
          ],
          [
            78.3552132,
            17.4589232
          ],
          [
            78.3552351,
            17.4588251
          ],
          [
            78.3554229,
            17.4584405
          ],
          [
            78.3554175,
            17.4583516
          ],
          [
            78.3551638,
            17.4582587
          ],
          [
            78.3548651,
            17.4580925
          ],
          [
            78.3548786,
            17.4580038
          ],
          [
            78.355001,
            17.4579676
          ],
          [
            78.3555888,
            17.4579581
          ],
          [
            78.3558104,
            17.4578936
          ],
          [
            78.3558877,
            17.457811
          ],
          [
            78.3559125,
            17.4576936
          ],
          [
            78.3559454,
            17.4573104
          ],
          [
            78.356003,
            17.4571325
          ],
          [
            78.3562319,
            17.4567218
          ],
          [
            78.3563101,
            17.4566053
          ],
          [
            78.356306,
            17.4565452
          ],
          [
            78.3562498,
            17.4564771
          ],
          [
            78.3562105,
            17.4560256
          ],
          [
            78.3562363,
            17.4556475
          ],
          [
            78.3562611,
            17.4553639
          ],
          [
            78.3561598,
            17.4550305
          ],
          [
            78.3561124,
            17.4548744
          ],
          [
            78.3560416,
            17.4547191
          ],
          [
            78.3559107,
            17.4543443
          ],
          [
            78.3559107,
            17.4541789
          ],
          [
            78.3559638,
            17.4540675
          ],
          [
            78.3559815,
            17.453875
          ],
          [
            78.3558702,
            17.4536525
          ]
        ]
      }
    },
    {
      "type": "Feature",
      "id": "way/759761004",
      "properties": {
        "highway": "footway",
        "source": "OpenStreetMap",
        "synthetic": false,
        "osm_type": "way",
        "osm_id": 759761004
      },
      "geometry": {
        "type": "LineString",
        "coordinates": [
          [
            78.3602224,
            17.4565584
          ],
          [
            78.3602054,
            17.4564906
          ],
          [
            78.3602227,
            17.456457
          ],
          [
            78.3602637,
            17.4564445
          ],
          [
            78.3603079,
            17.4564632
          ],
          [
            78.3603194,
            17.4564992
          ],
          [
            78.3602852,
            17.4565716
          ]
        ]
      }
    },
    {
      "type": "Feature",
      "id": "way/759761005",
      "properties": {
        "highway": "footway",
        "source": "OpenStreetMap",
        "synthetic": false,
        "osm_type": "way",
        "osm_id": 759761005
      },
      "geometry": {
        "type": "LineString",
        "coordinates": [
          [
            78.3602227,
            17.456457
          ],
          [
            78.3600857,
            17.4563694
          ],
          [
            78.3600554,
            17.4563357
          ],
          [
            78.3599906,
            17.4563248
          ],
          [
            78.3599144,
            17.4563232
          ],
          [
            78.3599749,
            17.4564697
          ]
        ]
      }
    },
    {
      "type": "Feature",
      "id": "way/759761006",
      "properties": {
        "highway": "footway",
        "source": "OpenStreetMap",
        "synthetic": false,
        "osm_type": "way",
        "osm_id": 759761006
      },
      "geometry": {
        "type": "LineString",
        "coordinates": [
          [
            78.360332,
            17.4565542
          ],
          [
            78.360453,
            17.4566666
          ],
          [
            78.3605006,
            17.4566251
          ],
          [
            78.3605465,
            17.4566462
          ],
          [
            78.3606473,
            17.456597
          ],
          [
            78.3605842,
            17.4565266
          ],
          [
            78.3605391,
            17.4565313
          ],
          [
            78.3605055,
            17.4565641
          ],
          [
            78.3605006,
            17.4566251
          ]
        ]
      }
    },
    {
      "type": "Feature",
      "id": "way/759761007",
      "properties": {
        "highway": "footway",
        "source": "OpenStreetMap",
        "synthetic": false,
        "osm_type": "way",
        "osm_id": 759761007
      },
      "geometry": {
        "type": "LineString",
        "coordinates": [
          [
            78.3605842,
            17.4565266
          ],
          [
            78.3606482,
            17.4564742
          ],
          [
            78.3606569,
            17.4564337
          ]
        ]
      }
    },
    {
      "type": "Feature",
      "id": "way/820838562",
      "properties": {
        "highway": "residential",
        "source": "OpenStreetMap",
        "synthetic": false,
        "osm_type": "way",
        "osm_id": 820838562
      },
      "geometry": {
        "type": "LineString",
        "coordinates": [
          [
            78.3515827,
            17.4587851
          ],
          [
            78.35233,
            17.4601411
          ]
        ]
      }
    },
    {
      "type": "Feature",
      "id": "way/820838563",
      "properties": {
        "highway": "residential",
        "name": "3rd Cross",
        "source": "OpenStreetMap",
        "synthetic": false,
        "osm_type": "way",
        "osm_id": 820838563
      },
      "geometry": {
        "type": "LineString",
        "coordinates": [
          [
            78.3520151,
            17.4603242
          ],
          [
            78.35233,
            17.4601411
          ],
          [
            78.3526499,
            17.4599654
          ]
        ]
      }
    },
    {
      "type": "Feature",
      "id": "way/820905626",
      "properties": {
        "area": "no",
        "highway": "secondary",
        "maxspeed": "60",
        "name": "Masjid Banda Road",
        "oneway": "yes",
        "source": "OpenStreetMap",
        "surface": "asphalt",
        "synthetic": false,
        "osm_type": "way",
        "osm_id": 820905626
      },
      "geometry": {
        "type": "LineString",
        "coordinates": [
          [
            78.3531955,
            17.4609375
          ],
          [
            78.3525911,
            17.461284
          ],
          [
            78.3525601,
            17.4613018
          ],
          [
            78.3522174,
            17.4614615
          ],
          [
            78.3518701,
            17.4616328
          ],
          [
            78.3516506,
            17.4617436
          ],
          [
            78.3513645,
            17.4618758
          ],
          [
            78.3512817,
            17.4619141
          ],
          [
            78.3508188,
            17.4621145
          ],
          [
            78.3505455,
            17.4622295
          ],
          [
            78.350213,
            17.4623698
          ],
          [
            78.3499093,
            17.462498
          ],
          [
            78.3498188,
            17.4625296
          ],
          [
            78.3497458,
            17.4625551
          ],
          [
            78.3497077,
            17.4625684
          ],
          [
            78.3495493,
            17.4626237
          ],
          [
            78.3492113,
            17.4627416
          ],
          [
            78.3480779,
            17.463151
          ],
          [
            78.3473418,
            17.4633976
          ],
          [
            78.3472345,
            17.4634336
          ],
          [
            78.3465588,
            17.4636842
          ],
          [
            78.3462038,
            17.4638289
          ],
          [
            78.3458021,
            17.4640161
          ],
          [
            78.3448503,
            17.4646127
          ],
          [
            78.3444131,
            17.4648458
          ],
          [
            78.3440268,
            17.4650323
          ],
          [
            78.3437605,
            17.4651608
          ],
          [
            78.3437038,
            17.4652401
          ]
        ]
      }
    },
    {
      "type": "Feature",
      "id": "way/995168990",
      "properties": {
        "access": "private",
        "highway": "service",
        "source": "OpenStreetMap",
        "surface": "concrete",
        "synthetic": false,
        "osm_type": "way",
        "osm_id": 995168990
      },
      "geometry": {
        "type": "LineString",
        "coordinates": [
          [
            78.3615732,
            17.4604557
          ],
          [
            78.3604734,
            17.4607116
          ],
          [
            78.3603393,
            17.4607065
          ],
          [
            78.3595077,
            17.4605785
          ],
          [
            78.359277,
            17.4605683
          ],
          [
            78.3582577,
            17.461333
          ]
        ]
      }
    },
    {
      "type": "Feature",
      "id": "way/1054043083",
      "properties": {
        "highway": "path",
        "source": "OpenStreetMap",
        "synthetic": false,
        "osm_type": "way",
        "osm_id": 1054043083
      },
      "geometry": {
        "type": "LineString",
        "coordinates": [
          [
            78.3572157,
            17.4517794
          ],
          [
            78.3561972,
            17.452156
          ]
        ]
      }
    },
    {
      "type": "Feature",
      "id": "way/1054043084",
      "properties": {
        "highway": "path",
        "source": "OpenStreetMap",
        "synthetic": false,
        "osm_type": "way",
        "osm_id": 1054043084
      },
      "geometry": {
        "type": "LineString",
        "coordinates": [
          [
            78.3561972,
            17.452156
          ],
          [
            78.3557237,
            17.4525136
          ],
          [
            78.3554341,
            17.4527323
          ],
          [
            78.3556376,
            17.4531569
          ],
          [
            78.355822,
            17.4534724
          ],
          [
            78.3558702,
            17.4536525
          ]
        ]
      }
    },
    {
      "type": "Feature",
      "id": "way/1054043085",
      "properties": {
        "highway": "path",
        "source": "OpenStreetMap",
        "synthetic": false,
        "osm_type": "way",
        "osm_id": 1054043085
      },
      "geometry": {
        "type": "LineString",
        "coordinates": [
          [
            78.3550144,
            17.450608
          ],
          [
            78.3551734,
            17.4513552
          ],
          [
            78.3551162,
            17.4516464
          ],
          [
            78.3557237,
            17.4525136
          ]
        ]
      }
    },
    {
      "type": "Feature",
      "id": "way/1054043086",
      "properties": {
        "highway": "path",
        "source": "OpenStreetMap",
        "synthetic": false,
        "osm_type": "way",
        "osm_id": 1054043086
      },
      "geometry": {
        "type": "LineString",
        "coordinates": [
          [
            78.3614186,
            17.4527505
          ],
          [
            78.3615113,
            17.4527923
          ],
          [
            78.3616762,
            17.4527696
          ],
          [
            78.3618769,
            17.4528188
          ],
          [
            78.3621033,
            17.4530311
          ],
          [
            78.3624629,
            17.4532907
          ]
        ]
      }
    },
    {
      "type": "Feature",
      "id": "way/1054043087",
      "properties": {
        "highway": "path",
        "source": "OpenStreetMap",
        "synthetic": false,
        "osm_type": "way",
        "osm_id": 1054043087
      },
      "geometry": {
        "type": "LineString",
        "coordinates": [
          [
            78.3624629,
            17.4532907
          ],
          [
            78.3625106,
            17.4533874
          ],
          [
            78.3625026,
            17.4534726
          ],
          [
            78.3624369,
            17.4535101
          ]
        ]
      }
    },
    {
      "type": "Feature",
      "id": "way/1054043096",
      "properties": {
        "bicycle": "no",
        "highway": "path",
        "surface": "concrete",
        "source": "OpenStreetMap",
        "synthetic": false,
        "osm_type": "way",
        "osm_id": 1054043096
      },
      "geometry": {
        "type": "LineString",
        "coordinates": [
          [
            78.3574662,
            17.4594726
          ],
          [
            78.3571623,
            17.459434
          ],
          [
            78.3570336,
            17.4594104
          ],
          [
            78.356915,
            17.4593361
          ],
          [
            78.3556211,
            17.4600035
          ],
          [
            78.3560748,
            17.4604894
          ],
          [
            78.3577648,
            17.4625998
          ]
        ]
      }
    },
    {
      "type": "Feature",
      "id": "way/1054043097",
      "properties": {
        "highway": "path",
        "source": "OpenStreetMap",
        "synthetic": false,
        "osm_type": "way",
        "osm_id": 1054043097
      },
      "geometry": {
        "type": "LineString",
        "coordinates": [
          [
            78.3615732,
            17.4604557
          ],
          [
            78.3616321,
            17.4604478
          ],
          [
            78.361667,
            17.4604759
          ],
          [
            78.3616616,
            17.4605425
          ],
          [
            78.3616777,
            17.4605809
          ],
          [
            78.3617179,
            17.4606039
          ],
          [
            78.3617632,
            17.4606371
          ],
          [
            78.3618252,
            17.4606269
          ],
          [
            78.3618789,
            17.4606653
          ],
          [
            78.3618628,
            17.4607241
          ],
          [
            78.3617394,
            17.4607855
          ],
          [
            78.3615945,
            17.4608674
          ],
          [
            78.3614685,
            17.4610261
          ],
          [
            78.3613263,
            17.4611386
          ],
          [
            78.361101,
            17.4612
          ],
          [
            78.3609562,
            17.4612819
          ],
          [
            78.3607544,
            17.4615992
          ],
          [
            78.3606847,
            17.4616782
          ],
          [
            78.3607115,
            17.4618957
          ],
          [
            78.3606767,
            17.462062
          ],
          [
            78.3606499,
            17.4621465
          ],
          [
            78.3605828,
            17.4622079
          ],
          [
            78.3604165,
            17.4622283
          ],
          [
            78.3587597,
            17.462494
          ],
          [
            78.3578764,
            17.4626351
          ],
          [
            78.3578013,
            17.46263
          ],
          [
            78.3577648,
            17.4625998
          ]
        ]
      }
    },
    {
      "type": "Feature",
      "id": "way/1054043098",
      "properties": {
        "highway": "path",
        "source": "OpenStreetMap",
        "synthetic": false,
        "osm_type": "way",
        "osm_id": 1054043098
      },
      "geometry": {
        "type": "LineString",
        "coordinates": [
          [
            78.359277,
            17.4605683
          ],
          [
            78.3593731,
            17.4601763
          ],
          [
            78.3594429,
            17.4599409
          ],
          [
            78.3594804,
            17.4597234
          ],
          [
            78.3595045,
            17.4595341
          ],
          [
            78.3596065,
            17.4593524
          ],
          [
            78.3598559,
            17.4591401
          ],
          [
            78.3600946,
            17.458897
          ],
          [
            78.3601644,
            17.4586258
          ],
          [
            78.3602529,
            17.4581908
          ],
          [
            78.3602556,
            17.4579017
          ],
          [
            78.3602341,
            17.4577277
          ],
          [
            78.3601644,
            17.4576279
          ],
          [
            78.3600624,
            17.4576023
          ],
          [
            78.359931,
            17.4576663
          ],
          [
            78.3586275,
            17.4583955
          ],
          [
            78.3583753,
            17.458549
          ],
          [
            78.3577933,
            17.4588791
          ],
          [
            78.3576216,
            17.459245
          ],
          [
            78.3574662,
            17.4594726
          ]
        ]
      }
    },
    {
      "type": "Feature",
      "id": "way/1054043099",
      "properties": {
        "highway": "path",
        "surface": "compacted",
        "source": "OpenStreetMap",
        "synthetic": false,
        "osm_type": "way",
        "osm_id": 1054043099
      },
      "geometry": {
        "type": "LineString",
        "coordinates": [
          [
            78.3583753,
            17.458549
          ],
          [
            78.3585229,
            17.4585644
          ],
          [
            78.3586087,
            17.4585439
          ],
          [
            78.3586301,
            17.4584723
          ],
          [
            78.3586275,
            17.4583955
          ]
        ]
      }
    },
    {
      "type": "Feature",
      "id": "way/1126616657",
      "properties": {
        "highway": "residential",
        "oneway": "yes",
        "surface": "concrete",
        "source": "OpenStreetMap",
        "synthetic": false,
        "osm_type": "way",
        "osm_id": 1126616657
      },
      "geometry": {
        "type": "LineString",
        "coordinates": [
          [
            78.3643927,
            17.4566763
          ],
          [
            78.3629434,
            17.4572628
          ]
        ]
      }
    },
    {
      "type": "Feature",
      "id": "way/1134082542",
      "properties": {
        "bridge": "yes",
        "highway": "primary",
        "lanes": "2",
        "layer": "1",
        "name": "Kothaguda-Kondapur Flyover",
        "oneway": "yes",
        "sidewalk": "no",
        "surface": "asphalt",
        "source": "OpenStreetMap",
        "synthetic": false,
        "osm_type": "way",
        "osm_id": 1134082542
      },
      "geometry": {
        "type": "LineString",
        "coordinates": [
          [
            78.3608156,
            17.4569679
          ],
          [
            78.3610475,
            17.4568402
          ],
          [
            78.3612379,
            17.4567263
          ],
          [
            78.3614968,
            17.4565856
          ],
          [
            78.3618093,
            17.4564462
          ],
          [
            78.3625304,
            17.4561752
          ],
          [
            78.3629653,
            17.456015
          ],
          [
            78.3633904,
            17.4557937
          ],
          [
            78.3635902,
            17.4556683
          ],
          [
            78.3637016,
            17.4556171
          ],
          [
            78.3637807,
            17.4556044
          ],
          [
            78.3638638,
            17.4556082
          ],
          [
            78.3639523,
            17.4556299
          ],
          [
            78.3640154,
            17.455667
          ],
          [
            78.364132,
            17.4558154
          ],
          [
            78.3642688,
            17.4560278
          ],
          [
            78.3644573,
            17.4562671
          ]
        ]
      }
    },
    {
      "type": "Feature",
      "id": "way/1148145071",
      "properties": {
        "highway": "residential",
        "source": "OpenStreetMap",
        "synthetic": false,
        "osm_type": "way",
        "osm_id": 1148145071
      },
      "geometry": {
        "type": "LineString",
        "coordinates": [
          [
            78.358041,
            17.4502028
          ],
          [
            78.3581219,
            17.4502025
          ]
        ]
      }
    },
    {
      "type": "Feature",
      "id": "way/1188066381",
      "properties": {
        "access": "private",
        "highway": "service",
        "source": "OpenStreetMap",
        "synthetic": false,
        "osm_type": "way",
        "osm_id": 1188066381
      },
      "geometry": {
        "type": "LineString",
        "coordinates": [
          [
            78.363511,
            17.45125
          ],
          [
            78.3634277,
            17.4512469
          ],
          [
            78.3631567,
            17.4512369
          ],
          [
            78.3631124,
            17.4512107
          ],
          [
            78.3631066,
            17.4510699
          ],
          [
            78.36314,
            17.4510378
          ],
          [
            78.3634278,
            17.4510426
          ],
          [
            78.3635286,
            17.4510442
          ]
        ]
      }
    },
    {
      "type": "Feature",
      "id": "way/1188895406",
      "properties": {
        "highway": "residential",
        "oneway": "yes",
        "source": "OpenStreetMap",
        "synthetic": false,
        "osm_type": "way",
        "osm_id": 1188895406
      },
      "geometry": {
        "type": "LineString",
        "coordinates": [
          [
            78.3629434,
            17.4572628
          ],
          [
            78.3629179,
            17.4574039
          ],
          [
            78.3629415,
            17.4576134
          ],
          [
            78.3629703,
            17.4577966
          ],
          [
            78.3630076,
            17.4579586
          ],
          [
            78.363071,
            17.4580898
          ],
          [
            78.3632165,
            17.4583848
          ]
        ]
      }
    },
    {
      "type": "Feature",
      "id": "way/1189589236",
      "properties": {
        "highway": "residential",
        "name": "3rd Cross",
        "source": "OpenStreetMap",
        "synthetic": false,
        "osm_type": "way",
        "osm_id": 1189589236
      },
      "geometry": {
        "type": "LineString",
        "coordinates": [
          [
            78.3520151,
            17.4603242
          ],
          [
            78.3516669,
            17.4605169
          ]
        ]
      }
    },
    {
      "type": "Feature",
      "id": "way/1189600485",
      "properties": {
        "access": "private",
        "highway": "service",
        "source": "OpenStreetMap",
        "synthetic": false,
        "osm_type": "way",
        "osm_id": 1189600485
      },
      "geometry": {
        "type": "LineString",
        "coordinates": [
          [
            78.3483791,
            17.4496426
          ],
          [
            78.3491176,
            17.4500198
          ],
          [
            78.349818,
            17.4500724
          ],
          [
            78.3501901,
            17.4501004
          ],
          [
            78.3502302,
            17.4500802
          ],
          [
            78.3502577,
            17.450042
          ]
        ]
      }
    },
    {
      "type": "Feature",
      "id": "way/1192360962",
      "properties": {
        "highway": "residential",
        "source": "OpenStreetMap",
        "synthetic": false,
        "osm_type": "way",
        "osm_id": 1192360962
      },
      "geometry": {
        "type": "LineString",
        "coordinates": [
          [
            78.3534801,
            17.4584134
          ],
          [
            78.3537497,
            17.4582672
          ]
        ]
      }
    },
    {
      "type": "Feature",
      "id": "way/1200779774",
      "properties": {
        "access": "private",
        "highway": "service",
        "source": "OpenStreetMap",
        "synthetic": false,
        "osm_type": "way",
        "osm_id": 1200779774
      },
      "geometry": {
        "type": "LineString",
        "coordinates": [
          [
            78.3585768,
            17.4508838
          ],
          [
            78.3589333,
            17.4508637
          ],
          [
            78.3589641,
            17.4508419
          ],
          [
            78.3589742,
            17.4508163
          ]
        ]
      }
    },
    {
      "type": "Feature",
      "id": "way/1200780718",
      "properties": {
        "access": "private",
        "highway": "residential",
        "oneway": "yes",
        "source": "OpenStreetMap",
        "synthetic": false,
        "osm_type": "way",
        "osm_id": 1200780718
      },
      "geometry": {
        "type": "LineString",
        "coordinates": [
          [
            78.3592022,
            17.4507802
          ],
          [
            78.3591776,
            17.4508246
          ],
          [
            78.3591779,
            17.4508488
          ],
          [
            78.3591831,
            17.4508654
          ],
          [
            78.3591994,
            17.4508857
          ],
          [
            78.3596479,
            17.4511089
          ],
          [
            78.3601771,
            17.4513643
          ],
          [
            78.3608061,
            17.4516677
          ],
          [
            78.3613097,
            17.4519369
          ],
          [
            78.3618191,
            17.4522093
          ],
          [
            78.362245,
            17.4524371
          ],
          [
            78.3622725,
            17.4524518
          ],
          [
            78.3635294,
            17.4532112
          ]
        ]
      }
    },
    {
      "type": "Feature",
      "id": "way/1200780719",
      "properties": {
        "access": "private",
        "highway": "residential",
        "source": "OpenStreetMap",
        "synthetic": false,
        "osm_type": "way",
        "osm_id": 1200780719
      },
      "geometry": {
        "type": "LineString",
        "coordinates": [
          [
            78.3613097,
            17.4519369
          ],
          [
            78.3613564,
            17.4518623
          ],
          [
            78.3617485,
            17.451236
          ],
          [
            78.3619291,
            17.4509474
          ]
        ]
      }
    },
    {
      "type": "Feature",
      "id": "way/1200781353",
      "properties": {
        "access": "private",
        "highway": "service",
        "oneway": "yes",
        "source": "OpenStreetMap",
        "synthetic": false,
        "osm_type": "way",
        "osm_id": 1200781353
      },
      "geometry": {
        "type": "LineString",
        "coordinates": [
          [
            78.3634905,
            17.4523829
          ],
          [
            78.3634142,
            17.4523774
          ],
          [
            78.3633611,
            17.4523736
          ]
        ]
      }
    },
    {
      "type": "Feature",
      "id": "way/1201591660",
      "properties": {
        "area": "no",
        "highway": "secondary",
        "maxspeed": "60",
        "name": "Masjid Banda Road",
        "oneway": "yes",
        "source": "OpenStreetMap",
        "surface": "asphalt",
        "synthetic": false,
        "osm_type": "way",
        "osm_id": 1201591660
      },
      "geometry": {
        "type": "LineString",
        "coordinates": [
          [
            78.3546076,
            17.4601824
          ],
          [
            78.3545711,
            17.4601993
          ],
          [
            78.3541859,
            17.4604
          ],
          [
            78.3538434,
            17.4605774
          ],
          [
            78.3535152,
            17.460752
          ],
          [
            78.3531955,
            17.4609375
          ]
        ]
      }
    },
    {
      "type": "Feature",
      "id": "way/1214727164",
      "properties": {
        "highway": "residential",
        "source": "OpenStreetMap",
        "synthetic": false,
        "osm_type": "way",
        "osm_id": 1214727164
      },
      "geometry": {
        "type": "LineString",
        "coordinates": [
          [
            78.3536542,
            17.4587068
          ],
          [
            78.3540383,
            17.4585117
          ]
        ]
      }
    },
    {
      "type": "Feature",
      "id": "way/1236774052",
      "properties": {
        "access": "private",
        "highway": "service",
        "source": "OpenStreetMap",
        "synthetic": false,
        "osm_type": "way",
        "osm_id": 1236774052
      },
      "geometry": {
        "type": "LineString",
        "coordinates": [
          [
            78.3510196,
            17.4615018
          ],
          [
            78.3511799,
            17.4615262
          ],
          [
            78.3513094,
            17.4617714
          ],
          [
            78.3513645,
            17.4618758
          ]
        ]
      }
    },
    {
      "type": "Feature",
      "id": "way/1236891893",
      "properties": {
        "highway": "residential",
        "surface": "unpaved",
        "source": "OpenStreetMap",
        "synthetic": false,
        "osm_type": "way",
        "osm_id": 1236891893
      },
      "geometry": {
        "type": "LineString",
        "coordinates": [
          [
            78.3620163,
            17.461325
          ],
          [
            78.3618636,
            17.460956
          ]
        ]
      }
    },
    {
      "type": "Feature",
      "id": "way/1241298815",
      "properties": {
        "highway": "residential",
        "source": "OpenStreetMap",
        "synthetic": false,
        "osm_type": "way",
        "osm_id": 1241298815
      },
      "geometry": {
        "type": "LineString",
        "coordinates": [
          [
            78.3532893,
            17.4580919
          ],
          [
            78.3535153,
            17.4579779
          ]
        ]
      }
    },
    {
      "type": "Feature",
      "id": "way/1251162556",
      "properties": {
        "highway": "primary",
        "lanes": "4",
        "maxspeed": "60",
        "name": "Gachibowli - Miyapur Highway",
        "oneway": "yes",
        "surface": "asphalt",
        "source": "OpenStreetMap",
        "synthetic": false,
        "osm_type": "way",
        "osm_id": 1251162556
      },
      "geometry": {
        "type": "LineString",
        "coordinates": [
          [
            78.3637652,
            17.449377
          ],
          [
            78.3637899,
            17.4495391
          ],
          [
            78.3637943,
            17.4496053
          ],
          [
            78.3637993,
            17.4496793
          ],
          [
            78.3638075,
            17.4500788
          ],
          [
            78.3637593,
            17.4503257
          ],
          [
            78.3636255,
            17.4507213
          ]
        ]
      }
    },
    {
      "type": "Feature",
      "id": "way/1251162557",
      "properties": {
        "highway": "primary",
        "lanes": "2",
        "maxspeed": "60",
        "name": "Gachibowli - Miyapur Highway",
        "oneway": "yes",
        "surface": "asphalt",
        "source": "OpenStreetMap",
        "synthetic": false,
        "osm_type": "way",
        "osm_id": 1251162557
      },
      "geometry": {
        "type": "LineString",
        "coordinates": [
          [
            78.3636255,
            17.4507213
          ],
          [
            78.3635383,
            17.4509309
          ]
        ]
      }
    },
    {
      "type": "Feature",
      "id": "way/1251162558",
      "properties": {
        "highway": "primary",
        "lanes": "2",
        "maxspeed": "60",
        "name": "Gachibowli - Miyapur Highway",
        "oneway": "yes",
        "surface": "asphalt",
        "source": "OpenStreetMap",
        "synthetic": false,
        "osm_type": "way",
        "osm_id": 1251162558
      },
      "geometry": {
        "type": "LineString",
        "coordinates": [
          [
            78.3635383,
            17.4509309
          ],
          [
            78.3635286,
            17.4510442
          ],
          [
            78.363511,
            17.45125
          ],
          [
            78.3635007,
            17.451371
          ],
          [
            78.3635034,
            17.4516371
          ],
          [
            78.3634834,
            17.452269
          ],
          [
            78.3634853,
            17.4522995
          ]
        ]
      }
    },
    {
      "type": "Feature",
      "id": "way/1251162559",
      "properties": {
        "highway": "primary",
        "lanes": "3",
        "maxspeed": "60",
        "name": "Gachibowli - Miyapur Highway",
        "oneway": "yes",
        "surface": "asphalt",
        "source": "OpenStreetMap",
        "synthetic": false,
        "osm_type": "way",
        "osm_id": 1251162559
      },
      "geometry": {
        "type": "LineString",
        "coordinates": [
          [
            78.3634853,
            17.4522995
          ],
          [
            78.3634905,
            17.4523829
          ],
          [
            78.363496,
            17.452465
          ],
          [
            78.3635052,
            17.4526035
          ],
          [
            78.3635144,
            17.4527859
          ],
          [
            78.3635257,
            17.4531264
          ],
          [
            78.3635267,
            17.4531485
          ]
        ]
      }
    },
    {
      "type": "Feature",
      "id": "way/1251162560",
      "properties": {
        "highway": "primary",
        "lanes": "5",
        "maxspeed": "60",
        "name": "Gachibowli - Miyapur Highway",
        "oneway": "yes",
        "sidewalk": "left",
        "surface": "asphalt",
        "source": "OpenStreetMap",
        "synthetic": false,
        "osm_type": "way",
        "osm_id": 1251162560
      },
      "geometry": {
        "type": "LineString",
        "coordinates": [
          [
            78.3636428,
            17.4548731
          ],
          [
            78.3637948,
            17.4554593
          ]
        ]
      }
    },
    {
      "type": "Feature",
      "id": "way/1251162561",
      "properties": {
        "highway": "primary",
        "lanes": "4",
        "maxspeed": "60",
        "name": "Gachibowli - Miyapur Highway",
        "oneway": "yes",
        "surface": "asphalt",
        "source": "OpenStreetMap",
        "synthetic": false,
        "osm_type": "way",
        "osm_id": 1251162561
      },
      "geometry": {
        "type": "LineString",
        "coordinates": [
          [
            78.3637948,
            17.4554593
          ],
          [
            78.363879,
            17.4555611
          ],
          [
            78.3639056,
            17.4555985
          ]
        ]
      }
    },
    {
      "type": "Feature",
      "id": "way/1251162563",
      "properties": {
        "bridge": "yes",
        "highway": "primary",
        "lanes": "4",
        "layer": "1",
        "maxspeed": "60",
        "name": "Kothaguda-Kondapur Flyover",
        "oneway": "yes",
        "surface": "asphalt",
        "source": "OpenStreetMap",
        "synthetic": false,
        "osm_type": "way",
        "osm_id": 1251162563
      },
      "geometry": {
        "type": "LineString",
        "coordinates": [
          [
            78.3636272,
            17.4509512
          ],
          [
            78.3636278,
            17.4511842
          ],
          [
            78.3636546,
            17.4532158
          ],
          [
            78.3636788,
            17.45367
          ],
          [
            78.3636922,
            17.4541114
          ],
          [
            78.3637404,
            17.4546154
          ],
          [
            78.3638281,
            17.4551085
          ],
          [
            78.363885,
            17.4552769
          ]
        ]
      }
    },
    {
      "type": "Feature",
      "id": "way/1251162572",
      "properties": {
        "highway": "primary",
        "lanes": "5",
        "maxspeed": "60",
        "name": "Gachibowli - Miyapur Highway",
        "oneway": "yes",
        "surface": "asphalt",
        "source": "OpenStreetMap",
        "synthetic": false,
        "osm_type": "way",
        "osm_id": 1251162572
      },
      "geometry": {
        "type": "LineString",
        "coordinates": [
          [
            78.3640642,
            17.4553018
          ],
          [
            78.3640227,
            17.4551943
          ],
          [
            78.3639429,
            17.4549813
          ],
          [
            78.3639158,
            17.4548138
          ]
        ]
      }
    },
    {
      "type": "Feature",
      "id": "way/1251162573",
      "properties": {
        "highway": "primary",
        "lanes": "4",
        "maxspeed": "60",
        "name": "Gachibowli - Miyapur Highway",
        "oneway": "yes",
        "surface": "asphalt",
        "source": "OpenStreetMap",
        "synthetic": false,
        "osm_type": "way",
        "osm_id": 1251162573
      },
      "geometry": {
        "type": "LineString",
        "coordinates": [
          [
            78.3639158,
            17.4548138
          ],
          [
            78.3638963,
            17.4546927
          ],
          [
            78.3638731,
            17.4545494
          ],
          [
            78.36384,
            17.4539976
          ],
          [
            78.3638209,
            17.4536557
          ],
          [
            78.3638138,
            17.453549
          ],
          [
            78.3637882,
            17.4531565
          ]
        ]
      }
    },
    {
      "type": "Feature",
      "id": "way/1271906695",
      "properties": {
        "highway": "residential",
        "source": "OpenStreetMap",
        "synthetic": false,
        "osm_type": "way",
        "osm_id": 1271906695
      },
      "geometry": {
        "type": "LineString",
        "coordinates": [
          [
            78.3538211,
            17.4589853
          ],
          [
            78.3542597,
            17.4587621
          ]
        ]
      }
    },
    {
      "type": "Feature",
      "id": "way/1271939463",
      "properties": {
        "bicycle": "no",
        "highway": "residential",
        "motor_vehicle": "no",
        "surface": "asphalt",
        "source": "OpenStreetMap",
        "synthetic": false,
        "osm_type": "way",
        "osm_id": 1271939463
      },
      "geometry": {
        "type": "LineString",
        "coordinates": [
          [
            78.3635446,
            17.4535586
          ],
          [
            78.3638138,
            17.453549
          ]
        ]
      }
    },
    {
      "type": "Feature",
      "id": "way/1271948268",
      "properties": {
        "highway": "residential",
        "source": "OpenStreetMap",
        "synthetic": false,
        "osm_type": "way",
        "osm_id": 1271948268
      },
      "geometry": {
        "type": "LineString",
        "coordinates": [
          [
            78.3618617,
            17.4564884
          ],
          [
            78.3619497,
            17.4567128
          ]
        ]
      }
    },
    {
      "type": "Feature",
      "id": "way/1271948269",
      "properties": {
        "access": "private",
        "highway": "residential",
        "source": "OpenStreetMap",
        "synthetic": false,
        "osm_type": "way",
        "osm_id": 1271948269
      },
      "geometry": {
        "type": "LineString",
        "coordinates": [
          [
            78.3619497,
            17.4567128
          ],
          [
            78.3619665,
            17.4570099
          ],
          [
            78.3620098,
            17.4577753
          ]
        ]
      }
    },
    {
      "type": "Feature",
      "id": "way/1273618411",
      "properties": {
        "highway": "secondary_link",
        "source": "OpenStreetMap",
        "synthetic": false,
        "osm_type": "way",
        "osm_id": 1273618411
      },
      "geometry": {
        "type": "LineString",
        "coordinates": [
          [
            78.3556843,
            17.4597488
          ],
          [
            78.3556473,
            17.4596782
          ]
        ]
      }
    },
    {
      "type": "Feature",
      "id": "way/1311256750",
      "properties": {
        "highway": "primary",
        "lanes": "2",
        "name": "Kothaguda-Kondapur Flyover",
        "oneway": "yes",
        "source": "OpenStreetMap",
        "synthetic": false,
        "osm_type": "way",
        "osm_id": 1311256750
      },
      "geometry": {
        "type": "LineString",
        "coordinates": [
          [
            78.3606719,
            17.4570904
          ],
          [
            78.3608156,
            17.4569679
          ]
        ]
      }
    },
    {
      "type": "Feature",
      "id": "way/1311256751",
      "properties": {
        "highway": "primary",
        "lanes": "4",
        "maxspeed": "60",
        "name": "Kothaguda-Kondapur Flyover",
        "oneway": "yes",
        "source": "OpenStreetMap",
        "synthetic": false,
        "osm_type": "way",
        "osm_id": 1311256751
      },
      "geometry": {
        "type": "LineString",
        "coordinates": [
          [
            78.3636255,
            17.4507213
          ],
          [
            78.3636272,
            17.4509512
          ]
        ]
      }
    },
    {
      "type": "Feature",
      "id": "way/1318046896",
      "properties": {
        "access": "private",
        "highway": "service",
        "oneway": "yes",
        "source": "OpenStreetMap",
        "synthetic": false,
        "osm_type": "way",
        "osm_id": 1318046896
      },
      "geometry": {
        "type": "LineString",
        "coordinates": [
          [
            78.3633611,
            17.4523736
          ],
          [
            78.3633695,
            17.4524743
          ],
          [
            78.3633947,
            17.4527764
          ]
        ]
      }
    },
    {
      "type": "Feature",
      "id": "way/1328436103",
      "properties": {
        "bridge": "yes",
        "foot": "no",
        "highway": "primary",
        "lanes": "3",
        "layer": "1",
        "maxspeed": "60",
        "name": "Kothaguda-Kondapur Flyover",
        "oneway": "yes",
        "sidewalk": "no",
        "surface": "asphalt",
        "source": "OpenStreetMap",
        "synthetic": false,
        "osm_type": "way",
        "osm_id": 1328436103
      },
      "geometry": {
        "type": "LineString",
        "coordinates": [
          [
            78.363885,
            17.4552769
          ],
          [
            78.3640237,
            17.455535
          ],
          [
            78.3641347,
            17.4557297
          ],
          [
            78.3644573,
            17.4562671
          ]
        ]
      }
    },
    {
      "type": "Feature",
      "id": "way/1328705743",
      "properties": {
        "highway": "service",
        "source": "OpenStreetMap",
        "synthetic": false,
        "osm_type": "way",
        "osm_id": 1328705743
      },
      "geometry": {
        "type": "LineString",
        "coordinates": [
          [
            78.3638209,
            17.4536557
          ],
          [
            78.3640171,
            17.4536189
          ]
        ]
      }
    },
    {
      "type": "Feature",
      "id": "way/1344052867",
      "properties": {
        "access": "private",
        "highway": "residential",
        "source": "OpenStreetMap",
        "synthetic": false,
        "osm_type": "way",
        "osm_id": 1344052867
      },
      "geometry": {
        "type": "LineString",
        "coordinates": [
          [
            78.3629145,
            17.4582591
          ],
          [
            78.36289,
            17.4582633
          ],
          [
            78.3628682,
            17.4582749
          ],
          [
            78.3628516,
            17.4582925
          ],
          [
            78.3628418,
            17.4583144
          ],
          [
            78.3628399,
            17.4583383
          ],
          [
            78.3628464,
            17.4583615
          ],
          [
            78.3628604,
            17.4583814
          ],
          [
            78.3628804,
            17.4583959
          ],
          [
            78.3629043,
            17.4584033
          ],
          [
            78.3629295,
            17.4584029
          ],
          [
            78.3629531,
            17.4583947
          ],
          [
            78.3629726,
            17.4583796
          ],
          [
            78.3629859,
            17.4583592
          ],
          [
            78.3629915,
            17.4583359
          ],
          [
            78.3629889,
            17.4583122
          ],
          [
            78.3629784,
            17.4582907
          ],
          [
            78.3629612,
            17.4582735
          ],
          [
            78.3629391,
            17.4582626
          ],
          [
            78.3629145,
            17.4582591
          ]
        ]
      }
    },
    {
      "type": "Feature",
      "id": "way/1344052868",
      "properties": {
        "access": "private",
        "highway": "residential",
        "oneway": "yes",
        "source": "OpenStreetMap",
        "synthetic": false,
        "osm_type": "way",
        "osm_id": 1344052868
      },
      "geometry": {
        "type": "LineString",
        "coordinates": [
          [
            78.3628804,
            17.4583959
          ],
          [
            78.3628739,
            17.4585815
          ],
          [
            78.3629032,
            17.458704
          ],
          [
            78.3631097,
            17.4590034
          ],
          [
            78.3631684,
            17.45907
          ],
          [
            78.3632266,
            17.4590899
          ],
          [
            78.3633731,
            17.4590996
          ]
        ]
      }
    },
    {
      "type": "Feature",
      "id": "way/1344052869",
      "properties": {
        "access": "private",
        "highway": "residential",
        "source": "OpenStreetMap",
        "synthetic": false,
        "osm_type": "way",
        "osm_id": 1344052869
      },
      "geometry": {
        "type": "LineString",
        "coordinates": [
          [
            78.3629391,
            17.4582626
          ],
          [
            78.3629518,
            17.4581617
          ],
          [
            78.3629632,
            17.4580518
          ],
          [
            78.3628922,
            17.4578352
          ],
          [
            78.3628234,
            17.4574283
          ],
          [
            78.3628319,
            17.4572691
          ],
          [
            78.3628801,
            17.4571804
          ]
        ]
      }
    },
    {
      "type": "Feature",
      "id": "way/1369713857",
      "properties": {
        "highway": "path",
        "source": "OpenStreetMap",
        "synthetic": false,
        "osm_type": "way",
        "osm_id": 1369713857
      },
      "geometry": {
        "type": "LineString",
        "coordinates": [
          [
            78.3536043,
            17.4513814
          ],
          [
            78.3536473,
            17.4515219
          ],
          [
            78.3537009,
            17.4516396
          ],
          [
            78.3537465,
            17.4518111
          ],
          [
            78.3538029,
            17.4519262
          ],
          [
            78.3541167,
            17.4522972
          ],
          [
            78.3542803,
            17.4524942
          ],
          [
            78.3544493,
            17.4527322
          ],
          [
            78.3545136,
            17.4527757
          ],
          [
            78.3545861,
            17.4527885
          ],
          [
            78.3546665,
            17.4527578
          ],
          [
            78.3548301,
            17.4526478
          ],
          [
            78.3549294,
            17.4526119
          ],
          [
            78.3551466,
            17.4525889
          ],
          [
            78.355262,
            17.4526017
          ],
          [
            78.3553827,
            17.4527168
          ],
          [
            78.3554341,
            17.4527323
          ]
        ]
      }
    },
    {
      "type": "Feature",
      "id": "way/1369713858",
      "properties": {
        "highway": "path",
        "source": "OpenStreetMap",
        "synthetic": false,
        "osm_type": "way",
        "osm_id": 1369713858
      },
      "geometry": {
        "type": "LineString",
        "coordinates": [
          [
            78.3573311,
            17.4520172
          ],
          [
            78.3574802,
            17.4519569
          ],
          [
            78.3577377,
            17.4518315
          ],
          [
            78.3579951,
            17.4517369
          ],
          [
            78.35814,
            17.4516857
          ],
          [
            78.3582392,
            17.4516729
          ],
          [
            78.3583331,
            17.4516985
          ],
          [
            78.358545,
            17.4517803
          ],
          [
            78.3586724,
            17.4517906
          ],
          [
            78.3587106,
            17.4517682
          ],
          [
            78.3588546,
            17.4516008
          ]
        ]
      }
    },
    {
      "type": "Feature",
      "id": "way/1369713859",
      "properties": {
        "highway": "path",
        "source": "OpenStreetMap",
        "synthetic": false,
        "osm_type": "way",
        "osm_id": 1369713859
      },
      "geometry": {
        "type": "LineString",
        "coordinates": [
          [
            78.3595776,
            17.4537764
          ],
          [
            78.3594435,
            17.4536789
          ],
          [
            78.3594006,
            17.4536073
          ],
          [
            78.3593819,
            17.4534819
          ],
          [
            78.359355,
            17.4533028
          ],
          [
            78.3593523,
            17.4531467
          ],
          [
            78.359355,
            17.4529778
          ],
          [
            78.3592692,
            17.4528653
          ],
          [
            78.3590788,
            17.4527834
          ],
          [
            78.3588776,
            17.4525787
          ],
          [
            78.3585799,
            17.4523868
          ],
          [
            78.3584994,
            17.4522435
          ],
          [
            78.3583117,
            17.4519211
          ],
          [
            78.35825,
            17.4517266
          ],
          [
            78.3582392,
            17.4516729
          ]
        ]
      }
    },
    {
      "type": "Feature",
      "id": "way/1369713860",
      "properties": {
        "highway": "path",
        "source": "OpenStreetMap",
        "synthetic": false,
        "osm_type": "way",
        "osm_id": 1369713860
      },
      "geometry": {
        "type": "LineString",
        "coordinates": [
          [
            78.3596536,
            17.4536673
          ],
          [
            78.3597305,
            17.453702
          ],
          [
            78.3598968,
            17.4537199
          ],
          [
            78.3599961,
            17.4537301
          ],
          [
            78.3601168,
            17.4537122
          ],
          [
            78.3602589,
            17.4536431
          ],
          [
            78.3605111,
            17.4535612
          ]
        ]
      }
    },
    {
      "type": "Feature",
      "id": "way/1369713861",
      "properties": {
        "highway": "path",
        "source": "OpenStreetMap",
        "synthetic": false,
        "osm_type": "way",
        "osm_id": 1369713861
      },
      "geometry": {
        "type": "LineString",
        "coordinates": [
          [
            78.3606557,
            17.4537477
          ],
          [
            78.3605111,
            17.4535612
          ]
        ]
      }
    },
    {
      "type": "Feature",
      "id": "way/1369713862",
      "properties": {
        "highway": "path",
        "source": "OpenStreetMap",
        "synthetic": false,
        "osm_type": "way",
        "osm_id": 1369713862
      },
      "geometry": {
        "type": "LineString",
        "coordinates": [
          [
            78.3616899,
            17.4534654
          ],
          [
            78.3615035,
            17.4533565
          ],
          [
            78.3610019,
            17.4530853
          ]
        ]
      }
    },
    {
      "type": "Feature",
      "id": "way/1369713863",
      "properties": {
        "highway": "path",
        "source": "OpenStreetMap",
        "synthetic": false,
        "osm_type": "way",
        "osm_id": 1369713863
      },
      "geometry": {
        "type": "LineString",
        "coordinates": [
          [
            78.3608356,
            17.4536968
          ],
          [
            78.3609858,
            17.453684
          ],
          [
            78.3612299,
            17.4536764
          ],
          [
            78.361415,
            17.4536482
          ],
          [
            78.3615598,
            17.4535817
          ],
          [
            78.3616899,
            17.4534654
          ],
          [
            78.3617315,
            17.4534282
          ],
          [
            78.3618253,
            17.4532695
          ]
        ]
      }
    },
    {
      "type": "Feature",
      "id": "way/1369713864",
      "properties": {
        "highway": "path",
        "source": "OpenStreetMap",
        "synthetic": false,
        "osm_type": "way",
        "osm_id": 1369713864
      },
      "geometry": {
        "type": "LineString",
        "coordinates": [
          [
            78.3595481,
            17.4538273
          ],
          [
            78.3596367,
            17.4538478
          ],
          [
            78.3597359,
            17.4539246
          ],
          [
            78.3598727,
            17.4541037
          ],
          [
            78.3600041,
            17.4541958
          ],
          [
            78.3600658,
            17.4541958
          ],
          [
            78.3601516,
            17.4541779
          ],
          [
            78.3602777,
            17.4540986
          ],
          [
            78.360444,
            17.4539911
          ],
          [
            78.3605728,
            17.4537966
          ],
          [
            78.3606557,
            17.4537477
          ],
          [
            78.3607203,
            17.4537096
          ],
          [
            78.3608356,
            17.4536968
          ],
          [
            78.3610234,
            17.4538862
          ],
          [
            78.3611038,
            17.4539706
          ],
          [
            78.3611467,
            17.4541369
          ],
          [
            78.3611575,
            17.4542086
          ],
          [
            78.3611602,
            17.4542649
          ]
        ]
      }
    },
    {
      "type": "Feature",
      "id": "way/1369713865",
      "properties": {
        "highway": "path",
        "source": "OpenStreetMap",
        "synthetic": false,
        "osm_type": "way",
        "osm_id": 1369713865
      },
      "geometry": {
        "type": "LineString",
        "coordinates": [
          [
            78.3585379,
            17.4542745
          ],
          [
            78.3586362,
            17.4541856
          ],
          [
            78.3587891,
            17.4540653
          ],
          [
            78.3589447,
            17.4539502
          ],
          [
            78.3591539,
            17.4538811
          ],
          [
            78.3593577,
            17.4538887
          ],
          [
            78.3594757,
            17.4538785
          ],
          [
            78.3595481,
            17.4538273
          ],
          [
            78.3595776,
            17.4537764
          ],
          [
            78.3596206,
            17.453702
          ],
          [
            78.3596536,
            17.4536673
          ],
          [
            78.3598861,
            17.4534231
          ],
          [
            78.3599988,
            17.4532158
          ],
          [
            78.3600712,
            17.4530751
          ],
          [
            78.3601248,
            17.4529727
          ],
          [
            78.360149,
            17.4529395
          ],
          [
            78.3601812,
            17.452919
          ],
          [
            78.3602402,
            17.452919
          ],
          [
            78.3603099,
            17.4529318
          ],
          [
            78.3604011,
            17.4529139
          ],
          [
            78.3605003,
            17.4528576
          ],
          [
            78.3605728,
            17.4527936
          ],
          [
            78.3606371,
            17.4527629
          ],
          [
            78.3607578,
            17.4527629
          ],
          [
            78.3609778,
            17.4528473
          ],
          [
            78.3610797,
            17.452896
          ],
          [
            78.3611119,
            17.4529267
          ],
          [
            78.361069,
            17.453006
          ],
          [
            78.3610019,
            17.4530853
          ],
          [
            78.3608437,
            17.4532516
          ],
          [
            78.360723,
            17.4533898
          ],
          [
            78.3605996,
            17.4534998
          ],
          [
            78.3605111,
            17.4535612
          ]
        ]
      }
    },
    {
      "type": "Feature",
      "id": "way/1381805366",
      "properties": {
        "highway": "residential",
        "oneway": "yes",
        "source": "OpenStreetMap",
        "synthetic": false,
        "osm_type": "way",
        "osm_id": 1381805366
      },
      "geometry": {
        "type": "LineString",
        "coordinates": [
          [
            78.3621487,
            17.4570342
          ],
          [
            78.3621929,
            17.4572311
          ],
          [
            78.3621478,
            17.4579438
          ],
          [
            78.3620559,
            17.4581733
          ],
          [
            78.3620512,
            17.4583572
          ],
          [
            78.362039,
            17.4588306
          ]
        ]
      }
    },
    {
      "type": "Feature",
      "id": "way/1386038740",
      "properties": {
        "access": "private",
        "highway": "service",
        "source": "OpenStreetMap",
        "synthetic": false,
        "osm_type": "way",
        "osm_id": 1386038740
      },
      "geometry": {
        "type": "LineString",
        "coordinates": [
          [
            78.3635892,
            17.4497055
          ],
          [
            78.3636042,
            17.4500629
          ],
          [
            78.3635949,
            17.4500835
          ],
          [
            78.3635826,
            17.4500953
          ],
          [
            78.3634439,
            17.4501232
          ],
          [
            78.3634239,
            17.4501144
          ],
          [
            78.3634131,
            17.4500967
          ],
          [
            78.3632005,
            17.449237
          ],
          [
            78.3628623,
            17.448091
          ],
          [
            78.3628729,
            17.4480606
          ],
          [
            78.3629083,
            17.448037
          ],
          [
            78.3631311,
            17.447963
          ],
          [
            78.3631552,
            17.4479681
          ],
          [
            78.363166,
            17.4479886
          ],
          [
            78.3632812,
            17.4484196
          ]
        ]
      }
    },
    {
      "type": "Feature",
      "id": "way/1417994662",
      "properties": {
        "highway": "residential",
        "oneway": "yes",
        "source": "OpenStreetMap",
        "synthetic": false,
        "osm_type": "way",
        "osm_id": 1417994662
      },
      "geometry": {
        "type": "LineString",
        "coordinates": [
          [
            78.362039,
            17.4588306
          ],
          [
            78.362025,
            17.4592842
          ],
          [
            78.3620374,
            17.4593971
          ],
          [
            78.3620997,
            17.4595545
          ],
          [
            78.3621993,
            17.4596971
          ],
          [
            78.3623488,
            17.4597386
          ],
          [
            78.362685,
            17.4597386
          ],
          [
            78.3627722,
            17.4597149
          ],
          [
            78.3627846,
            17.4596258
          ],
          [
            78.3627645,
            17.4593242
          ],
          [
            78.3627379,
            17.4589249
          ],
          [
            78.3627021,
            17.4588477
          ],
          [
            78.3626539,
            17.458818
          ],
          [
            78.3625356,
            17.4587972
          ],
          [
            78.3624422,
            17.4587987
          ],
          [
            78.3624173,
            17.4586665
          ],
          [
            78.3624297,
            17.458423
          ],
          [
            78.3624321,
            17.4583874
          ]
        ]
      }
    },
    {
      "type": "Feature",
      "id": "way/1417994663",
      "properties": {
        "highway": "residential",
        "source": "OpenStreetMap",
        "synthetic": false,
        "osm_type": "way",
        "osm_id": 1417994663
      },
      "geometry": {
        "type": "LineString",
        "coordinates": [
          [
            78.3624422,
            17.4587987
          ],
          [
            78.3624559,
            17.4592922
          ],
          [
            78.3624902,
            17.4593204
          ],
          [
            78.3625727,
            17.4593293
          ],
          [
            78.3627645,
            17.4593242
          ]
        ]
      }
    },
    {
      "type": "Feature",
      "id": "way/1425564718",
      "properties": {
        "highway": "residential",
        "name": "Sriram Nagar Road",
        "source": "OpenStreetMap",
        "synthetic": false,
        "osm_type": "way",
        "osm_id": 1425564718
      },
      "geometry": {
        "type": "LineString",
        "coordinates": [
          [
            78.3521119,
            17.4620111
          ],
          [
            78.3524502,
            17.4618487
          ]
        ]
      }
    },
    {
      "type": "Feature",
      "id": "way/1425564719",
      "properties": {
        "highway": "residential",
        "source": "OpenStreetMap",
        "synthetic": false,
        "osm_type": "way",
        "osm_id": 1425564719
      },
      "geometry": {
        "type": "LineString",
        "coordinates": [
          [
            78.3524502,
            17.4618487
          ],
          [
            78.3525423,
            17.4620047
          ],
          [
            78.3528534,
            17.4625471
          ]
        ]
      }
    },
    {
      "type": "Feature",
      "id": "way/1445915537",
      "properties": {
        "highway": "primary",
        "lanes": "2",
        "maxspeed": "60",
        "name": "Gachibowli - Miyapur Highway",
        "oneway": "yes",
        "source": "OpenStreetMap",
        "synthetic": false,
        "osm_type": "way",
        "osm_id": 1445915537
      },
      "geometry": {
        "type": "LineString",
        "coordinates": [
          [
            78.3637519,
            17.45101
          ],
          [
            78.3637625,
            17.4508674
          ],
          [
            78.3638072,
            17.4506454
          ],
          [
            78.3638849,
            17.450423
          ],
          [
            78.3639044,
            17.4503668
          ],
          [
            78.3639703,
            17.4502011
          ],
          [
            78.36399,
            17.4500862
          ],
          [
            78.3639906,
            17.4498743
          ],
          [
            78.3639678,
            17.4496425
          ]
        ]
      }
    },
    {
      "type": "Feature",
      "id": "way/1445971149",
      "properties": {
        "highway": "residential",
        "oneway": "yes",
        "source": "OpenStreetMap",
        "synthetic": false,
        "osm_type": "way",
        "osm_id": 1445971149
      },
      "geometry": {
        "type": "LineString",
        "coordinates": [
          [
            78.362575,
            17.4579557
          ],
          [
            78.3626271,
            17.4578575
          ],
          [
            78.362639,
            17.4573641
          ],
          [
            78.3625791,
            17.4567162
          ],
          [
            78.3625625,
            17.4566669
          ],
          [
            78.3625035,
            17.4566529
          ],
          [
            78.3622504,
            17.4566558
          ]
        ]
      }
    },
    {
      "type": "Feature",
      "id": "way/1445971150",
      "properties": {
        "highway": "residential",
        "oneway": "yes",
        "source": "OpenStreetMap",
        "synthetic": false,
        "osm_type": "way",
        "osm_id": 1445971150
      },
      "geometry": {
        "type": "LineString",
        "coordinates": [
          [
            78.3622504,
            17.4566558
          ],
          [
            78.3621793,
            17.4567412
          ],
          [
            78.3621472,
            17.4568885
          ],
          [
            78.3621487,
            17.4570342
          ]
        ]
      }
    },
    {
      "type": "Feature",
      "id": "way/1445971151",
      "properties": {
        "highway": "residential",
        "oneway": "yes",
        "source": "OpenStreetMap",
        "synthetic": false,
        "osm_type": "way",
        "osm_id": 1445971151
      },
      "geometry": {
        "type": "LineString",
        "coordinates": [
          [
            78.3624321,
            17.4583874
          ],
          [
            78.3625669,
            17.4583686
          ],
          [
            78.3625992,
            17.4583327
          ],
          [
            78.362575,
            17.4579557
          ]
        ]
      }
    },
    {
      "type": "Feature",
      "id": "way/1446923973",
      "properties": {
        "highway": "track",
        "source": "OpenStreetMap",
        "synthetic": false,
        "osm_type": "way",
        "osm_id": 1446923973
      },
      "geometry": {
        "type": "LineString",
        "coordinates": [
          [
            78.3548651,
            17.4580925
          ],
          [
            78.3546888,
            17.4578908
          ],
          [
            78.354376,
            17.4576639
          ],
          [
            78.3542674,
            17.4574727
          ],
          [
            78.3539434,
            17.4572351
          ],
          [
            78.3539434,
            17.4571029
          ],
          [
            78.3540708,
            17.4569207
          ],
          [
            78.3541981,
            17.456692
          ],
          [
            78.3542281,
            17.4565008
          ],
          [
            78.3543124,
            17.456399
          ],
          [
            78.3543105,
            17.4563293
          ],
          [
            78.3542431,
            17.4562668
          ],
          [
            78.3541251,
            17.4562454
          ],
          [
            78.3539097,
            17.4562882
          ],
          [
            78.3537075,
            17.456131
          ],
          [
            78.3537281,
            17.4559166
          ],
          [
            78.3538198,
            17.4557594
          ],
          [
            78.3540202,
            17.4556165
          ],
          [
            78.3543948,
            17.4554468
          ],
          [
            78.3545708,
            17.4553503
          ],
          [
            78.3547225,
            17.4550966
          ],
          [
            78.3548161,
            17.4549805
          ],
          [
            78.3549903,
            17.4549787
          ],
          [
            78.3551289,
            17.4549108
          ],
          [
            78.3553068,
            17.4549144
          ],
          [
            78.3555859,
            17.4550609
          ],
          [
            78.3556712,
            17.4550082
          ],
          [
            78.3557132,
            17.4549823
          ],
          [
            78.3561598,
            17.4550305
          ]
        ]
      }
    },
    {
      "type": "Feature",
      "id": "way/1446923974",
      "properties": {
        "highway": "track",
        "source": "OpenStreetMap",
        "synthetic": false,
        "osm_type": "way",
        "osm_id": 1446923974
      },
      "geometry": {
        "type": "LineString",
        "coordinates": [
          [
            78.3537075,
            17.456131
          ],
          [
            78.353597,
            17.4561435
          ],
          [
            78.3534827,
            17.4561864
          ],
          [
            78.3532336,
            17.4560167
          ],
          [
            78.3531275,
            17.4558967
          ],
          [
            78.352786,
            17.4558345
          ],
          [
            78.3526287,
            17.4557666
          ],
          [
            78.3524583,
            17.4557469
          ],
          [
            78.3523946,
            17.455579
          ],
          [
            78.352419,
            17.4554468
          ],
          [
            78.3523834,
            17.4553199
          ],
          [
            78.3523085,
            17.4552788
          ],
          [
            78.3521549,
            17.4552842
          ],
          [
            78.3520594,
            17.4552431
          ],
          [
            78.3519976,
            17.4551484
          ],
          [
            78.3519639,
            17.4550305
          ],
          [
            78.3519845,
            17.4549001
          ],
          [
            78.3520538,
            17.4547822
          ],
          [
            78.3522017,
            17.4545982
          ],
          [
            78.3523085,
            17.4545321
          ],
          [
            78.3523384,
            17.4544481
          ],
          [
            78.3523553,
            17.4543141
          ],
          [
            78.3524602,
            17.4542283
          ],
          [
            78.3525632,
            17.4542283
          ],
          [
            78.3527299,
            17.4541605
          ],
          [
            78.3528965,
            17.454198
          ],
          [
            78.3531082,
            17.454198
          ],
          [
            78.3533198,
            17.4542819
          ],
          [
            78.3534247,
            17.4543391
          ],
          [
            78.3535595,
            17.4543141
          ],
          [
            78.3536756,
            17.454248
          ],
          [
            78.3538236,
            17.4542873
          ],
          [
            78.3539172,
            17.4542659
          ],
          [
            78.353979,
            17.4542283
          ],
          [
            78.3540764,
            17.4542248
          ],
          [
            78.354273,
            17.4542837
          ],
          [
            78.3545465,
            17.4542944
          ],
          [
            78.3549154,
            17.4542712
          ],
          [
            78.3550053,
            17.454307
          ],
          [
            78.3550952,
            17.454432
          ],
          [
            78.3551982,
            17.4544642
          ],
          [
            78.35529,
            17.4544499
          ],
          [
            78.3554735,
            17.4543766
          ],
          [
            78.3555746,
            17.4544302
          ],
          [
            78.3556552,
            17.4545553
          ],
          [
            78.3556712,
            17.4550082
          ]
        ]
      }
    },
    {
      "type": "Feature",
      "id": "way/1446923975",
      "properties": {
        "highway": "track",
        "source": "OpenStreetMap",
        "synthetic": false,
        "osm_type": "way",
        "osm_id": 1446923975
      },
      "geometry": {
        "type": "LineString",
        "coordinates": [
          [
            78.3558877,
            17.457811
          ],
          [
            78.3560095,
            17.4578278
          ]
        ]
      }
    },
    {
      "type": "Feature",
      "id": "way/1446923978",
      "properties": {
        "highway": "track",
        "source": "OpenStreetMap",
        "synthetic": false,
        "osm_type": "way",
        "osm_id": 1446923978
      },
      "geometry": {
        "type": "LineString",
        "coordinates": [
          [
            78.3554175,
            17.4583516
          ],
          [
            78.3556291,
            17.4583887
          ],
          [
            78.3557239,
            17.4584196
          ],
          [
            78.3557965,
            17.4584035
          ],
          [
            78.3558147,
            17.4583416
          ],
          [
            78.3558381,
            17.4582772
          ],
          [
            78.3563793,
            17.458302
          ],
          [
            78.3565883,
            17.4582834
          ],
          [
            78.3570607,
            17.4582005
          ],
          [
            78.3571087,
            17.4581299
          ],
          [
            78.3571905,
            17.4581076
          ],
          [
            78.3572905,
            17.4581076
          ],
          [
            78.3574799,
            17.4580717
          ],
          [
            78.3576033,
            17.4580841
          ],
          [
            78.3576772,
            17.4580667
          ],
          [
            78.3579005,
            17.4578686
          ],
          [
            78.358199,
            17.4580222
          ],
          [
            78.3582691,
            17.458016
          ],
          [
            78.3584755,
            17.4578909
          ],
          [
            78.3585676,
            17.4578662
          ],
          [
            78.3587065,
            17.4577461
          ],
          [
            78.3586805,
            17.457548
          ],
          [
            78.3587714,
            17.4575207
          ],
          [
            78.3588869,
            17.4575566
          ],
          [
            78.3590465,
            17.4575393
          ],
          [
            78.359175,
            17.4574353
          ],
          [
            78.359593,
            17.4569908
          ],
          [
            78.359702,
            17.4569735
          ],
          [
            78.359763,
            17.45694
          ],
          [
            78.3598292,
            17.4569475
          ],
          [
            78.3598967,
            17.4569722
          ],
          [
            78.3599655,
            17.4569698
          ],
          [
            78.3599756,
            17.4569171
          ],
          [
            78.3599857,
            17.4568645
          ]
        ]
      }
    },
    {
      "type": "Feature",
      "id": "way/1446923981",
      "properties": {
        "highway": "track",
        "source": "OpenStreetMap",
        "synthetic": false,
        "osm_type": "way",
        "osm_id": 1446923981
      },
      "geometry": {
        "type": "LineString",
        "coordinates": [
          [
            78.3552132,
            17.4589232
          ],
          [
            78.3550195,
            17.4588994
          ],
          [
            78.3548273,
            17.4587556
          ]
        ]
      }
    },
    {
      "type": "Feature",
      "id": "way/1446923982",
      "properties": {
        "highway": "cycleway",
        "source": "OpenStreetMap",
        "synthetic": false,
        "osm_type": "way",
        "osm_id": 1446923982
      },
      "geometry": {
        "type": "LineString",
        "coordinates": [
          [
            78.3617812,
            17.4565868
          ],
          [
            78.3614624,
            17.456737
          ],
          [
            78.35727,
            17.4590347
          ],
          [
            78.3555391,
            17.4598907
          ]
        ]
      }
    },
    {
      "type": "Feature",
      "id": "way/1446927454",
      "properties": {
        "highway": "footway",
        "source": "OpenStreetMap",
        "synthetic": false,
        "osm_type": "way",
        "osm_id": 1446927454
      },
      "geometry": {
        "type": "LineString",
        "coordinates": [
          [
            78.3606892,
            17.4562747
          ],
          [
            78.360919,
            17.4559659
          ]
        ]
      }
    },
    {
      "type": "Feature",
      "id": "way/1446927455",
      "properties": {
        "highway": "footway",
        "source": "OpenStreetMap",
        "synthetic": false,
        "osm_type": "way",
        "osm_id": 1446927455
      },
      "geometry": {
        "type": "LineString",
        "coordinates": [
          [
            78.3599826,
            17.4566673
          ],
          [
            78.3601294,
            17.456698
          ]
        ]
      }
    },
    {
      "type": "Feature",
      "id": "way/1446927459",
      "properties": {
        "highway": "footway",
        "source": "OpenStreetMap",
        "synthetic": false,
        "osm_type": "way",
        "osm_id": 1446927459
      },
      "geometry": {
        "type": "LineString",
        "coordinates": [
          [
            78.359629,
            17.4567382
          ],
          [
            78.3597932,
            17.4566934
          ]
        ]
      }
    },
    {
      "type": "Feature",
      "id": "way/1446927460",
      "properties": {
        "bridge": "yes",
        "highway": "footway",
        "layer": "1",
        "source": "OpenStreetMap",
        "synthetic": false,
        "osm_type": "way",
        "osm_id": 1446927460
      },
      "geometry": {
        "type": "LineString",
        "coordinates": [
          [
            78.3597932,
            17.4566934
          ],
          [
            78.3598311,
            17.4566546
          ]
        ]
      }
    },
    {
      "type": "Feature",
      "id": "way/1446927461",
      "properties": {
        "highway": "footway",
        "source": "OpenStreetMap",
        "synthetic": false,
        "osm_type": "way",
        "osm_id": 1446927461
      },
      "geometry": {
        "type": "LineString",
        "coordinates": [
          [
            78.3598311,
            17.4566546
          ],
          [
            78.3599368,
            17.4566577
          ]
        ]
      }
    },
    {
      "type": "Feature",
      "id": "way/1446927462",
      "properties": {
        "bridge": "yes",
        "highway": "footway",
        "layer": "1",
        "source": "OpenStreetMap",
        "synthetic": false,
        "osm_type": "way",
        "osm_id": 1446927462
      },
      "geometry": {
        "type": "LineString",
        "coordinates": [
          [
            78.3599368,
            17.4566577
          ],
          [
            78.3599826,
            17.4566673
          ]
        ]
      }
    },
    {
      "type": "Feature",
      "id": "way/1451606730",
      "properties": {
        "highway": "residential",
        "motor_vehicle": "no",
        "source": "OpenStreetMap",
        "synthetic": false,
        "osm_type": "way",
        "osm_id": 1451606730
      },
      "geometry": {
        "type": "LineString",
        "coordinates": [
          [
            78.3638138,
            17.453549
          ],
          [
            78.3639194,
            17.4535315
          ],
          [
            78.3639486,
            17.4535258
          ],
          [
            78.3641879,
            17.4534495
          ]
        ]
      }
    },
    {
      "type": "Feature",
      "id": "way/1455717668",
      "properties": {
        "access": "private",
        "highway": "service",
        "source": "OpenStreetMap",
        "synthetic": false,
        "osm_type": "way",
        "osm_id": 1455717668
      },
      "geometry": {
        "type": "LineString",
        "coordinates": [
          [
            78.3624016,
            17.4523126
          ],
          [
            78.3623962,
            17.4523677
          ],
          [
            78.3623909,
            17.4524228
          ]
        ]
      }
    },
    {
      "type": "Feature",
      "id": "way/1455717669",
      "properties": {
        "access": "private",
        "highway": "service",
        "source": "OpenStreetMap",
        "synthetic": false,
        "osm_type": "way",
        "osm_id": 1455717669
      },
      "geometry": {
        "type": "LineString",
        "coordinates": [
          [
            78.3630287,
            17.4528069
          ],
          [
            78.3630438,
            17.4527445
          ],
          [
            78.363059,
            17.4526822
          ]
        ]
      }
    },
    {
      "type": "Feature",
      "id": "way/1455717670",
      "properties": {
        "access": "private",
        "highway": "service",
        "oneway": "yes",
        "source": "OpenStreetMap",
        "synthetic": false,
        "osm_type": "way",
        "osm_id": 1455717670
      },
      "geometry": {
        "type": "LineString",
        "coordinates": [
          [
            78.363496,
            17.452465
          ],
          [
            78.3634264,
            17.4524701
          ],
          [
            78.3633695,
            17.4524743
          ]
        ]
      }
    },
    {
      "type": "Feature",
      "id": "way/1455749354",
      "properties": {
        "access": "private",
        "highway": "residential",
        "source": "OpenStreetMap",
        "synthetic": false,
        "osm_type": "way",
        "osm_id": 1455749354
      },
      "geometry": {
        "type": "LineString",
        "coordinates": [
          [
            78.3623429,
            17.4509444
          ],
          [
            78.3624243,
            17.4509426
          ],
          [
            78.3624423,
            17.4509419
          ],
          [
            78.3624814,
            17.4509402
          ]
        ]
      }
    },
    {
      "type": "Feature",
      "id": "way/1455749358",
      "properties": {
        "access": "private",
        "highway": "residential",
        "source": "OpenStreetMap",
        "synthetic": false,
        "osm_type": "way",
        "osm_id": 1455749358
      },
      "geometry": {
        "type": "LineString",
        "coordinates": [
          [
            78.3613212,
            17.4495991
          ],
          [
            78.3612803,
            17.4495781
          ],
          [
            78.3612142,
            17.4495403
          ],
          [
            78.3611408,
            17.4494898
          ],
          [
            78.3610562,
            17.4494305
          ],
          [
            78.3609636,
            17.4493512
          ],
          [
            78.3609084,
            17.4493154
          ],
          [
            78.3608657,
            17.4492951
          ],
          [
            78.3608121,
            17.4492825
          ],
          [
            78.360762,
            17.4492804
          ],
          [
            78.3607172,
            17.4492853
          ],
          [
            78.360673,
            17.4493014
          ],
          [
            78.3606311,
            17.449307
          ],
          [
            78.360587,
            17.4493
          ],
          [
            78.3605605,
            17.4492839
          ],
          [
            78.3605407,
            17.4492621
          ],
          [
            78.3605223,
            17.4492347
          ],
          [
            78.360498,
            17.4491927
          ],
          [
            78.3604781,
            17.4491639
          ],
          [
            78.3604531,
            17.4491449
          ],
          [
            78.3604171,
            17.4491309
          ],
          [
            78.3603803,
            17.4491274
          ],
          [
            78.3603384,
            17.4491351
          ],
          [
            78.3600449,
            17.4492116
          ],
          [
            78.3600118,
            17.449228
          ],
          [
            78.3599941,
            17.4492434
          ],
          [
            78.3599853,
            17.4492672
          ],
          [
            78.359986,
            17.4492932
          ],
          [
            78.3599986,
            17.4493315
          ],
          [
            78.3600221,
            17.4493623
          ],
          [
            78.3600537,
            17.4493925
          ],
          [
            78.3606772,
            17.4498694
          ],
          [
            78.3607179,
            17.4498868
          ],
          [
            78.3607839,
            17.4498975
          ],
          [
            78.3611547,
            17.4499485
          ],
          [
            78.3615536,
            17.4500061
          ],
          [
            78.3615943,
            17.4500168
          ],
          [
            78.3616336,
            17.4500329
          ],
          [
            78.361673,
            17.450061
          ],
          [
            78.3617292,
            17.4501414
          ]
        ]
      }
    },
    {
      "type": "Feature",
      "id": "way/1455749359",
      "properties": {
        "access": "private",
        "highway": "residential",
        "tunnel": "building_passage",
        "source": "OpenStreetMap",
        "synthetic": false,
        "osm_type": "way",
        "osm_id": 1455749359
      },
      "geometry": {
        "type": "LineString",
        "coordinates": [
          [
            78.3617292,
            17.4501414
          ],
          [
            78.3618584,
            17.450341
          ]
        ]
      }
    },
    {
      "type": "Feature",
      "id": "way/1455749360",
      "properties": {
        "access": "private",
        "highway": "residential",
        "source": "OpenStreetMap",
        "synthetic": false,
        "osm_type": "way",
        "osm_id": 1455749360
      },
      "geometry": {
        "type": "LineString",
        "coordinates": [
          [
            78.3618584,
            17.450341
          ],
          [
            78.3619328,
            17.4504817
          ]
        ]
      }
    },
    {
      "type": "Feature",
      "id": "way/1455749361",
      "properties": {
        "access": "private",
        "highway": "residential",
        "tunnel": "building_passage",
        "source": "OpenStreetMap",
        "synthetic": false,
        "osm_type": "way",
        "osm_id": 1455749361
      },
      "geometry": {
        "type": "LineString",
        "coordinates": [
          [
            78.3619328,
            17.4504817
          ],
          [
            78.3619904,
            17.4507055
          ]
        ]
      }
    },
    {
      "type": "Feature",
      "id": "way/1455749362",
      "properties": {
        "access": "private",
        "highway": "residential",
        "source": "OpenStreetMap",
        "synthetic": false,
        "osm_type": "way",
        "osm_id": 1455749362
      },
      "geometry": {
        "type": "LineString",
        "coordinates": [
          [
            78.3619904,
            17.4507055
          ],
          [
            78.3620199,
            17.4508314
          ],
          [
            78.362048,
            17.450885
          ],
          [
            78.3620845,
            17.4509239
          ],
          [
            78.362128,
            17.4509467
          ],
          [
            78.36218,
            17.4509547
          ],
          [
            78.3623429,
            17.4509444
          ]
        ]
      }
    },
    {
      "type": "Feature",
      "id": "way/1455749365",
      "properties": {
        "access": "private",
        "highway": "residential",
        "source": "OpenStreetMap",
        "synthetic": false,
        "osm_type": "way",
        "osm_id": 1455749365
      },
      "geometry": {
        "type": "LineString",
        "coordinates": [
          [
            78.362145,
            17.4501944
          ],
          [
            78.3621745,
            17.4501159
          ],
          [
            78.3621753,
            17.4501033
          ],
          [
            78.3621716,
            17.4500774
          ],
          [
            78.3621238,
            17.4498767
          ]
        ]
      }
    },
    {
      "type": "Feature",
      "id": "way/1456198988",
      "properties": {
        "highway": "residential",
        "oneway": "yes",
        "source": "OpenStreetMap",
        "synthetic": false,
        "osm_type": "way",
        "osm_id": 1456198988
      },
      "geometry": {
        "type": "LineString",
        "coordinates": [
          [
            78.3633731,
            17.4590996
          ],
          [
            78.3638627,
            17.459084
          ],
          [
            78.3645013,
            17.4590636
          ],
          [
            78.3645606,
            17.4590342
          ],
          [
            78.3645677,
            17.458964
          ],
          [
            78.3645321,
            17.4585612
          ],
          [
            78.364506,
            17.4585091
          ],
          [
            78.3644514,
            17.4584661
          ],
          [
            78.3638031,
            17.4585968
          ],
          [
            78.3636994,
            17.4586177
          ],
          [
            78.3634196,
            17.458614
          ],
          [
            78.3632875,
            17.4585874
          ],
          [
            78.3629859,
            17.4583592
          ]
        ]
      }
    },
    {
      "type": "Feature",
      "id": "way/1456198989",
      "properties": {
        "highway": "residential",
        "source": "OpenStreetMap",
        "synthetic": false,
        "osm_type": "way",
        "osm_id": 1456198989
      },
      "geometry": {
        "type": "LineString",
        "coordinates": [
          [
            78.3638627,
            17.459084
          ],
          [
            78.3638031,
            17.4585968
          ]
        ]
      }
    },
    {
      "type": "Feature",
      "id": "way/1456861652",
      "properties": {
        "access": "private",
        "highway": "residential",
        "source": "OpenStreetMap",
        "synthetic": false,
        "osm_type": "way",
        "osm_id": 1456861652
      },
      "geometry": {
        "type": "LineString",
        "coordinates": [
          [
            78.3629274,
            17.4611669
          ],
          [
            78.3628819,
            17.4611845
          ],
          [
            78.3628606,
            17.4611928
          ],
          [
            78.3622112,
            17.4614447
          ],
          [
            78.3621713,
            17.4614602
          ],
          [
            78.362122,
            17.4614794
          ]
        ]
      }
    },
    {
      "type": "Feature",
      "id": "way/1456861653",
      "properties": {
        "access": "private",
        "highway": "residential",
        "source": "OpenStreetMap",
        "synthetic": false,
        "osm_type": "way",
        "osm_id": 1456861653
      },
      "geometry": {
        "type": "LineString",
        "coordinates": [
          [
            78.3628395,
            17.4611495
          ],
          [
            78.3628341,
            17.4611409
          ],
          [
            78.362628,
            17.4606009
          ]
        ]
      }
    },
    {
      "type": "Feature",
      "id": "way/1456861654",
      "properties": {
        "access": "private",
        "highway": "residential",
        "source": "OpenStreetMap",
        "synthetic": false,
        "osm_type": "way",
        "osm_id": 1456861654
      },
      "geometry": {
        "type": "LineString",
        "coordinates": [
          [
            78.3622112,
            17.4614447
          ],
          [
            78.3619873,
            17.460859
          ],
          [
            78.3619819,
            17.4608437
          ],
          [
            78.3619793,
            17.4608322
          ],
          [
            78.3619772,
            17.460822
          ],
          [
            78.3619757,
            17.4608094
          ],
          [
            78.3620212,
            17.460588
          ]
        ]
      }
    },
    {
      "type": "Feature",
      "id": "way/1456861655",
      "properties": {
        "access": "private",
        "highway": "residential",
        "source": "OpenStreetMap",
        "synthetic": false,
        "osm_type": "way",
        "osm_id": 1456861655
      },
      "geometry": {
        "type": "LineString",
        "coordinates": [
          [
            78.3629115,
            17.461123
          ],
          [
            78.3628657,
            17.4611431
          ],
          [
            78.3628515,
            17.4611494
          ],
          [
            78.3628395,
            17.4611495
          ]
        ]
      }
    },
    {
      "type": "Feature",
      "id": "way/1459747214",
      "properties": {
        "bicycle": "no",
        "highway": "residential",
        "motor_vehicle": "no",
        "source": "OpenStreetMap",
        "synthetic": false,
        "osm_type": "way",
        "osm_id": 1459747214
      },
      "geometry": {
        "type": "LineString",
        "coordinates": [
          [
            78.362118,
            17.456381
          ],
          [
            78.3622504,
            17.4566558
          ]
        ]
      }
    },
    {
      "type": "Feature",
      "id": "way/1459756413",
      "properties": {
        "highway": "residential",
        "source": "OpenStreetMap",
        "synthetic": false,
        "osm_type": "way",
        "osm_id": 1459756413
      },
      "geometry": {
        "type": "LineString",
        "coordinates": [
          [
            78.3618191,
            17.4522093
          ],
          [
            78.3618678,
            17.4521291
          ]
        ]
      }
    },
    {
      "type": "Feature",
      "id": "way/1459756414",
      "properties": {
        "access": "private",
        "highway": "residential",
        "oneway": "yes",
        "source": "OpenStreetMap",
        "synthetic": false,
        "osm_type": "way",
        "osm_id": 1459756414
      },
      "geometry": {
        "type": "LineString",
        "coordinates": [
          [
            78.3618678,
            17.4521291
          ],
          [
            78.3613564,
            17.4518623
          ]
        ]
      }
    },
    {
      "type": "Feature",
      "id": "way/1466375074",
      "properties": {
        "highway": "residential",
        "source": "OpenStreetMap",
        "synthetic": false,
        "osm_type": "way",
        "osm_id": 1466375074
      },
      "geometry": {
        "type": "LineString",
        "coordinates": [
          [
            78.362575,
            17.4579557
          ],
          [
            78.3625087,
            17.4579662
          ],
          [
            78.3621478,
            17.4579438
          ]
        ]
      }
    },
    {
      "type": "Feature",
      "id": "way/1466375075",
      "properties": {
        "highway": "residential",
        "source": "OpenStreetMap",
        "synthetic": false,
        "osm_type": "way",
        "osm_id": 1466375075
      },
      "geometry": {
        "type": "LineString",
        "coordinates": [
          [
            78.3624321,
            17.4583874
          ],
          [
            78.3622367,
            17.4583606
          ],
          [
            78.3620512,
            17.4583572
          ]
        ]
      }
    },
    {
      "type": "Feature",
      "id": "way/1466375076",
      "properties": {
        "access": "private",
        "highway": "residential",
        "source": "OpenStreetMap",
        "synthetic": false,
        "osm_type": "way",
        "osm_id": 1466375076
      },
      "geometry": {
        "type": "LineString",
        "coordinates": [
          [
            78.3619665,
            17.4570099
          ],
          [
            78.3621487,
            17.4570342
          ]
        ]
      }
    },
    {
      "type": "Feature",
      "id": "way/1497302687",
      "properties": {
        "highway": "residential",
        "source": "OpenStreetMap",
        "synthetic": false,
        "osm_type": "way",
        "osm_id": 1497302687
      },
      "geometry": {
        "type": "LineString",
        "coordinates": [
          [
            78.3629434,
            17.4572628
          ],
          [
            78.3629082,
            17.4572267
          ],
          [
            78.3628801,
            17.4571804
          ]
        ]
      }
    }
  ]
}