parcel_id,building_id,overlap_fraction,intersection_area_sqm,distance_m,relationship_type
SYN-P0001,MS-123301331-197822,0.022169,9.4732,0.0,crosses_boundary
SYN-P0001,MS-123301331-279968,0.0,0.0,2.17,adjacent_no_overlap
SYN-P0001,MS-123301331-367522,0.011555,12.9116,0.0,crosses_boundary
SYN-P0001,MS-123301331-386224,0.0,0.0,9.975,adjacent_no_overlap
SYN-P0001,MS-123301331-52082,0.0,0.0,2.982,adjacent_no_overlap
SYN-P0001,MS-123301331-58174,0.0,0.0,5.174,adjacent_no_overlap
SYN-P0001,MS-123301331-590264,0.599495,352.7383,0.0,crosses_boundary
SYN-P0001,MS-123301331-796,0.849443,368.4767,0.0,partial_overlap
SYN-P0002,MS-123301331-191536,0.083374,151.2506,0.0,crosses_boundary
SYN-P0002,MS-123301331-248576,0.301594,289.2431,0.0,crosses_boundary
SYN-P0002,MS-123301331-298189,0.0,0.0,3.897,adjacent_no_overlap
SYN-P0002,MS-123301331-918,1.0,542.0883,0.0,within_parcel
SYN-P0003,MS-123301331-376923,0.0,0.0,8.703,adjacent_no_overlap
SYN-P0003,MS-123301331-4035,1.0,48.1914,0.0,within_parcel
SYN-P0003,MS-123301331-415258,0.17981,49.6129,0.0,crosses_boundary
SYN-P0003,MS-123301331-418312,0.024151,9.0013,0.0,crosses_boundary
SYN-P0003,MS-123301331-465345,0.002035,0.6944,0.0,partial_overlap
SYN-P0003,MS-123301331-593023,0.035636,9.9246,0.0,crosses_boundary
SYN-P0004,MS-123301331-127470,0.029647,13.9873,0.0,crosses_boundary
SYN-P0004,MS-123301331-217162,0.00142,0.2672,0.0,partial_overlap
SYN-P0004,MS-123301331-7304,1.0,176.9691,0.0,within_parcel
SYN-P0004,MS-123301331-77232,0.0,0.0,6.609,adjacent_no_overlap
SYN-P0005,MS-123301331-7334,0.179138,5.8288,0.0,partial_overlap
SYN-P0006,MS-123301331-10301,0.989904,181.657,0.0,crosses_boundary
SYN-P0006,MS-123301331-197938,0.0054,25.325,0.0,crosses_boundary
SYN-P0006,MS-123301331-627520,0.0,0.0,0.297,adjacent_no_overlap
SYN-P0006,MS-123301331-64206,0.0,0.0,0.311,adjacent_no_overlap
SYN-P0007,MS-123301331-109197,0.0,0.0,4.437,adjacent_no_overlap
SYN-P0007,MS-123301331-13696,0.999021,100.5643,0.0,crosses_boundary
SYN-P0007,MS-123301331-351423,0.0,0.0,2.724,adjacent_no_overlap
SYN-P0007,MS-123301331-370516,0.003515,8.7498,0.0,crosses_boundary
SYN-P0007,MS-123301331-493460,0.0,0.0,9.279,adjacent_no_overlap
SYN-P0008,MS-123301331-13770,1.0,226.9268,0.0,crosses_boundary
SYN-P0008,MS-123301331-389485,0.353955,78.5013,0.0,crosses_boundary
SYN-P0008,MS-123301331-392693,0.236661,359.2248,0.0,crosses_boundary
SYN-P0008,MS-123301331-599561,0.095898,22.5695,0.0,crosses_boundary
SYN-P0008,MS-123301331-64178,0.0,0.0,6.364,adjacent_no_overlap
SYN-P0009,MS-123301331-109171,0.0,0.0,0.601,adjacent_no_overlap
SYN-P0009,MS-123301331-16641,0.993342,310.2582,0.0,partial_overlap
SYN-P0009,MS-123301331-197808,0.0,0.0,8.089,adjacent_no_overlap
SYN-P0009,MS-123301331-215429,0.136174,37.8893,0.0,crosses_boundary
SYN-P0009,MS-123301331-33010,0.0,0.0,0.527,adjacent_no_overlap
SYN-P0009,MS-123301331-509357,0.406862,175.1074,0.0,partial_overlap
SYN-P0009,MS-123301331-522103,0.0,0.0,3.981,adjacent_no_overlap
SYN-P0009,MS-123301331-58174,0.0,0.0,6.75,adjacent_no_overlap
SYN-P0010,MS-123301331-103247,0.0,0.0,8.099,adjacent_no_overlap
SYN-P0010,MS-123301331-228445,0.0,0.0,4.674,adjacent_no_overlap
SYN-P0010,MS-123301331-23269,0.773689,654.9131,0.0,crosses_boundary
SYN-P0010,MS-123301331-33064,0.0,0.0,6.682,adjacent_no_overlap
SYN-P0010,MS-123301331-376901,0.0,0.0,4.541,adjacent_no_overlap
SYN-P0010,MS-123301331-412089,0.022508,19.9374,0.0,crosses_boundary
SYN-P0010,MS-123301331-440069,0.0,0.0,4.544,adjacent_no_overlap
SYN-P0010,MS-123301331-587430,0.0,0.0,6.484,adjacent_no_overlap
SYN-P0011,MS-123301331-173045,0.039236,53.0131,0.0,crosses_boundary
SYN-P0011,MS-123301331-230032,0.030955,15.4926,0.0,crosses_boundary
SYN-P0011,MS-123301331-23323,0.83609,241.8098,0.0,partial_overlap
SYN-P0011,MS-123301331-427668,0.180246,175.4556,0.0,crosses_boundary
SYN-P0011,MS-123301331-502951,0.018724,24.4267,0.0,crosses_boundary
SYN-P0011,MS-123301331-565195,0.0,0.0,0.659,adjacent_no_overlap
SYN-P0012,MS-123301331-172954,0.0,0.0,3.16,adjacent_no_overlap
SYN-P0012,MS-123301331-26826,0.881908,440.6501,0.0,crosses_boundary
SYN-P0012,MS-123301331-329449,0.0,0.0,4.291,adjacent_no_overlap
SYN-P0012,MS-123301331-33022,7e-06,0.0044,0.0,partial_overlap
SYN-P0012,MS-123301331-348185,0.0,0.0,5.338,adjacent_no_overlap
SYN-P0012,MS-123301331-351416,0.135347,31.6529,0.0,crosses_boundary
SYN-P0013,MS-123301331-128437,0.13315,240.4822,0.0,crosses_boundary
SYN-P0013,MS-123301331-26828,0.93829,536.9935,0.0,crosses_boundary
SYN-P0013,MS-123301331-45742,0.002708,0.7727,0.0,partial_overlap
SYN-P0013,MS-123301331-487069,0.0,0.0,4.006,adjacent_no_overlap
SYN-P0013,MS-123301331-537840,0.030998,15.0401,0.0,crosses_boundary
SYN-P0013,MS-123301331-571627,0.0,0.0,1.951,adjacent_no_overlap
SYN-P0013,MS-123301331-57919,0.0,0.0,4.469,adjacent_no_overlap
SYN-P0014,MS-123301331-13770,0.0,0.0,7.498,adjacent_no_overlap
SYN-P0014,MS-123301331-26888,1.0,29.3291,0.0,within_parcel
SYN-P0014,MS-123301331-415258,0.160619,44.3178,0.0,crosses_boundary
SYN-P0014,MS-123301331-418312,0.044652,16.6425,0.0,crosses_boundary
SYN-P0014,MS-123301331-465345,0.028804,9.8314,0.0,crosses_boundary
SYN-P0014,MS-123301331-550663,0.0,0.0,4.674,adjacent_no_overlap
SYN-P0014,MS-123301331-599561,0.0,0.0,2.195,adjacent_no_overlap
SYN-P0015,MS-123301331-29523,1.0,72.5959,0.0,within_parcel
SYN-P0015,MS-123301331-41983,0.0,0.0,9.178,adjacent_no_overlap
SYN-P0015,MS-123301331-577943,0.127754,160.2359,0.0,crosses_boundary
SYN-P0016,MS-123301331-16641,0.0,0.0,4.53,adjacent_no_overlap
SYN-P0016,MS-123301331-241461,0.0,0.0,2.565,adjacent_no_overlap
SYN-P0016,MS-123301331-301251,0.0,0.0,6.737,adjacent_no_overlap
SYN-P0016,MS-123301331-33010,0.786158,373.0653,0.0,crosses_boundary
SYN-P0016,MS-123301331-58174,0.023601,26.9323,0.0,crosses_boundary
SYN-P0016,MS-123301331-83695,0.0,0.0,8.474,adjacent_no_overlap
SYN-P0017,MS-123301331-217074,0.0,0.0,4.48,adjacent_no_overlap
SYN-P0017,MS-123301331-279683,0.032213,12.177,0.0,crosses_boundary
SYN-P0017,MS-123301331-33016,0.996947,377.1038,0.0,partial_overlap
SYN-P0017,MS-123301331-474400,0.0,0.0,1.125,adjacent_no_overlap
SYN-P0017,MS-123301331-499630,0.0,0.0,1.148,adjacent_no_overlap
SYN-P0018,MS-123301331-147156,0.069052,10.8005,0.0,crosses_boundary
SYN-P0018,MS-123301331-172954,7.2e-05,0.0383,0.0,partial_overlap
SYN-P0018,MS-123301331-26826,0.0,0.0,3.161,adjacent_no_overlap
SYN-P0018,MS-123301331-313586,0.979358,178.2978,0.0,crosses_boundary
SYN-P0018,MS-123301331-33022,0.765191,498.6355,0.0,partial_overlap
SYN-P0018,MS-123301331-351416,0.0,0.0,7.472,adjacent_no_overlap
SYN-P0018,MS-123301331-367530,0.0,0.0,5.478,adjacent_no_overlap
SYN-P0018,MS-123301331-443057,0.0,0.0,6.483,adjacent_no_overlap
SYN-P0018,MS-123301331-474401,0.016197,29.0611,0.0,crosses_boundary
SYN-P0019,MS-123301331-228445,0.0,0.0,1.159,adjacent_no_overlap
SYN-P0019,MS-123301331-23269,0.0,0.0,1.583,adjacent_no_overlap
SYN-P0019,MS-123301331-33064,0.988192,423.4422,0.0,partial_overlap
SYN-P0019,MS-123301331-392668,0.0,0.0,5.445,adjacent_no_overlap
SYN-P0019,MS-123301331-480779,0.0,0.0,9.284,adjacent_no_overlap
SYN-P0019,MS-123301331-587430,0.446108,247.5957,0.0,crosses_boundary
SYN-P0020,MS-123301331-228445,0.00046,0.6955,0.0,partial_overlap
SYN-P0020,MS-123301331-23269,0.0,0.0,7.541,adjacent_no_overlap
SYN-P0020,MS-123301331-33068,0.936294,807.237,0.0,crosses_boundary
SYN-P0020,MS-123301331-376901,0.0,0.0,6.908,adjacent_no_overlap
SYN-P0020,MS-123301331-627486,0.0,0.0,5.231,adjacent_no_overlap
SYN-P0021,MS-123301331-134076,0.0,0.0,6.182,adjacent_no_overlap
SYN-P0021,MS-123301331-173045,0.004698,6.3478,0.0,crosses_boundary
SYN-P0021,MS-123301331-248135,0.985855,31.7708,0.0,partial_overlap
SYN-P0021,MS-123301331-35949,0.940598,146.7103,0.0,partial_overlap
SYN-P0021,MS-123301331-412109,0.793954,222.4523,0.0,crosses_boundary
SYN-P0021,MS-123301331-496590,0.104828,69.0327,0.0,partial_overlap
SYN-P0021,MS-123301331-596224,0.217222,116.8322,0.0,crosses_boundary
SYN-P0022,MS-123301331-103223,0.0,0.0,9.426,adjacent_no_overlap
SYN-P0022,MS-123301331-134000,0.0,0.0,1.828,adjacent_no_overlap
SYN-P0022,MS-123301331-273327,0.0,0.0,4.423,adjacent_no_overlap
SYN-P0022,MS-123301331-348201,0.0,0.0,6.057,adjacent_no_overlap
SYN-P0022,MS-123301331-39592,0.819278,589.3389,0.0,crosses_boundary
SYN-P0022,MS-123301331-544190,0.001846,0.4492,0.0,partial_overlap
SYN-P0022,MS-123301331-581200,0.0,0.0,9.211,adjacent_no_overlap
SYN-P0022,MS-123301331-602655,0.0,0.0,5.549,adjacent_no_overlap
SYN-P0022,MS-123301331-618552,0.068392,36.2257,0.0,crosses_boundary
SYN-P0023,MS-123301331-128437,0.0,0.0,4.038,adjacent_no_overlap
SYN-P0023,MS-123301331-154079,0.0,0.0,2.216,adjacent_no_overlap
SYN-P0023,MS-123301331-198547,0.366184,13.4408,0.0,crosses_boundary
SYN-P0023,MS-123301331-310292,0.0,0.0,9.872,adjacent_no_overlap
SYN-P0023,MS-123301331-338879,1.0,47.5402,0.0,within_parcel
SYN-P0023,MS-123301331-41963,0.985328,181.9789,0.0,crosses_boundary
SYN-P0023,MS-123301331-483987,0.0,0.0,2.184,adjacent_no_overlap
SYN-P0023,MS-123301331-509370,0.077826,69.0444,0.0,crosses_boundary
SYN-P0024,MS-123301331-215469,0.0,0.0,4.302,adjacent_no_overlap
SYN-P0024,MS-123301331-228441,0.0,0.0,7.12,adjacent_no_overlap
SYN-P0024,MS-123301331-279998,0.0,0.0,5.768,adjacent_no_overlap
SYN-P0024,MS-123301331-41977,0.932522,616.0482,0.0,crosses_boundary
SYN-P0024,MS-123301331-446355,0.0,0.0,3.643,adjacent_no_overlap
SYN-P0024,MS-123301331-462333,0.0,0.0,1.246,adjacent_no_overlap
SYN-P0024,MS-123301331-58204,0.0,0.0,9.741,adjacent_no_overlap
SYN-P0024,MS-123301331-584392,0.0,0.0,4.147,adjacent_no_overlap
SYN-P0025,MS-123301331-41983,0.905072,6968.9012,0.0,crosses_boundary
SYN-P0025,MS-123301331-90375,0.881278,57.3593,0.0,partial_overlap
SYN-P0026,MS-123301331-191424,0.0,0.0,3.564,adjacent_no_overlap
SYN-P0026,MS-123301331-248045,0.0,0.0,4.17,adjacent_no_overlap
SYN-P0026,MS-123301331-26828,0.061592,35.2495,0.0,crosses_boundary
SYN-P0026,MS-123301331-402394,0.02358,7.556,0.0,crosses_boundary
SYN-P0026,MS-123301331-45742,0.997292,284.6039,0.0,partial_overlap
SYN-P0026,MS-123301331-537840,0.0,0.0,4.12,adjacent_no_overlap
SYN-P0026,MS-123301331-571627,0.0,0.0,2.379,adjacent_no_overlap
SYN-P0027,MS-123301331-115588,0.0,0.0,6.987,adjacent_no_overlap
SYN-P0027,MS-123301331-153502,0.004072,1.8978,0.0,crosses_boundary
SYN-P0027,MS-123301331-204343,0.0,0.0,0.0,partial_overlap
SYN-P0027,MS-123301331-279998,0.051636,47.9422,0.0,crosses_boundary
SYN-P0027,MS-123301331-462334,0.0,0.0,1.397,adjacent_no_overlap
SYN-P0027,MS-123301331-47653,0.670188,224.0822,0.0,crosses_boundary
SYN-P0027,MS-123301331-77134,0.0,0.0,3.914,adjacent_no_overlap
SYN-P0028,MS-123301331-51303,0.375817,17.0733,0.0,partial_overlap
SYN-P0028,MS-123301331-587445,0.097538,10.8833,0.0,crosses_boundary
SYN-P0029,MS-123301331-197822,0.0,0.0,9.873,adjacent_no_overlap
SYN-P0029,MS-123301331-367522,0.167683,187.3637,0.0,crosses_boundary
SYN-P0029,MS-123301331-52082,0.705219,430.5845,0.0,crosses_boundary
SYN-P0029,MS-123301331-571624,0.064825,106.7991,0.0,crosses_boundary
SYN-P0029,MS-123301331-590264,0.0,0.0,8.14,adjacent_no_overlap
SYN-P0029,MS-123301331-796,0.0,0.0,1.999,adjacent_no_overlap
SYN-P0030,MS-123301331-248099,0.167219,94.7155,0.0,crosses_boundary
SYN-P0030,MS-123301331-329476,0.166465,54.9332,0.0,crosses_boundary
SYN-P0030,MS-123301331-496570,0.65872,107.9207,0.0,crosses_boundary
SYN-P0030,MS-123301331-52148,0.731228,246.9047,0.0,crosses_boundary
SYN-P0030,MS-123301331-522140,0.0,0.0,2.469,adjacent_no_overlap
SYN-P0030,MS-123301331-561862,0.0,0.0,8.621,adjacent_no_overlap
SYN-P0030,MS-123301331-96983,0.232388,31.2462,0.0,crosses_boundary
SYN-P0031,MS-123301331-465345,0.0,0.0,1.524,adjacent_no_overlap
SYN-P0031,MS-123301331-471237,0.730697,14.5687,0.0,crosses_boundary
SYN-P0031,MS-123301331-52172,0.992006,94.9306,0.0,partial_overlap
SYN-P0031,MS-123301331-550663,0.0,0.0,8.512,adjacent_no_overlap
SYN-P0031,MS-123301331-58246,0.030137,11.7982,0.0,crosses_boundary
SYN-P0032,MS-123301331-128437,0.085704,154.7902,0.0,crosses_boundary
SYN-P0032,MS-123301331-26828,2.9e-05,0.0164,0.0,partial_overlap
SYN-P0032,MS-123301331-483987,0.0,0.0,4.26,adjacent_no_overlap
SYN-P0032,MS-123301331-571627,0.015602,8.6361,0.0,crosses_boundary
SYN-P0032,MS-123301331-57919,0.688554,356.1116,0.0,crosses_boundary
SYN-P0033,MS-123301331-197808,0.0,0.0,3.946,adjacent_no_overlap
SYN-P0033,MS-123301331-33010,0.0,0.0,2.638,adjacent_no_overlap
SYN-P0033,MS-123301331-386224,0.0,0.0,6.129,adjacent_no_overlap
SYN-P0033,MS-123301331-541033,0.0,0.0,6.579,adjacent_no_overlap
SYN-P0033,MS-123301331-58174,0.674502,769.6958,0.0,crosses_boundary
SYN-P0033,MS-123301331-590264,0.009931,5.8431,0.0,crosses_boundary
SYN-P0034,MS-123301331-141465,0.0,0.0,2.346,adjacent_no_overlap
SYN-P0034,MS-123301331-198575,0.0,0.0,0.828,adjacent_no_overlap
SYN-P0034,MS-123301331-228441,0.0,0.0,7.008,adjacent_no_overlap
SYN-P0034,MS-123301331-228445,0.0,0.0,6.442,adjacent_no_overlap
SYN-P0034,MS-123301331-446355,0.089462,36.0807,0.0,crosses_boundary
SYN-P0034,MS-123301331-58204,0.845859,240.1442,0.0,crosses_boundary
SYN-P0035,MS-123301331-128469,0.0,0.0,1.699,adjacent_no_overlap
SYN-P0035,MS-123301331-480791,0.0,0.0,8.361,adjacent_no_overlap
SYN-P0035,MS-123301331-541059,0.180493,52.0142,0.0,crosses_boundary
SYN-P0035,MS-123301331-58214,0.978056,111.6147,0.0,crosses_boundary
SYN-P0035,MS-123301331-584403,0.090598,20.9389,0.0,crosses_boundary
SYN-P0035,MS-123301331-83672,1.0,69.3607,0.0,within_parcel
SYN-P0035,MS-123301331-90403,0.0,0.0,5.692,adjacent_no_overlap
SYN-P0035,MS-123301331-96973,0.0,0.0,2.745,adjacent_no_overlap
SYN-P0036,MS-123301331-221935,0.254116,140.6389,0.0,crosses_boundary
SYN-P0036,MS-123301331-389485,0.0,0.0,1.527,adjacent_no_overlap
SYN-P0036,MS-123301331-392693,0.020393,30.9544,0.0,crosses_boundary
SYN-P0036,MS-123301331-440090,0.0,0.0,8.391,adjacent_no_overlap
SYN-P0036,MS-123301331-581241,0.009865,1.8063,0.0,crosses_boundary
SYN-P0036,MS-123301331-64178,0.998651,245.3945,0.0,partial_overlap
SYN-P0037,MS-123301331-10301,0.0,0.0,0.678,adjacent_no_overlap
SYN-P0037,MS-123301331-197938,0.035313,165.6244,0.0,crosses_boundary
SYN-P0037,MS-123301331-254564,0.128491,49.6508,0.0,crosses_boundary
SYN-P0037,MS-123301331-440106,0.026239,122.8918,0.0,crosses_boundary
SYN-P0037,MS-123301331-627520,0.0,0.0,9.338,adjacent_no_overlap
SYN-P0037,MS-123301331-64206,1.0,171.3587,0.0,within_parcel
SYN-P0038,MS-123301331-172994,0.875951,373.5532,0.0,crosses_boundary
SYN-P0038,MS-123301331-285357,0.001218,1.31,0.0,partial_overlap
SYN-P0038,MS-123301331-399226,0.0,0.0,1.683,adjacent_no_overlap
SYN-P0038,MS-123301331-42001,0.0,0.0,5.409,adjacent_no_overlap
SYN-P0038,MS-123301331-446364,0.242829,43.0015,0.0,crosses_boundary
SYN-P0038,MS-123301331-64415,1.0,322.7314,0.0,within_parcel
SYN-P0039,MS-123301331-279781,0.0,0.0,5.481,adjacent_no_overlap
SYN-P0039,MS-123301331-298186,0.044412,317.9573,0.0,crosses_boundary
SYN-P0039,MS-123301331-427668,0.048043,46.7666,0.0,crosses_boundary
SYN-P0039,MS-123301331-64475,1.0,241.8419,0.0,within_parcel
SYN-P0040,MS-123301331-128425,0.0,0.0,2.233,adjacent_no_overlap
SYN-P0040,MS-123301331-242546,1.0,163.8146,0.0,within_parcel
SYN-P0040,MS-123301331-39568,0.081691,60.8168,0.0,crosses_boundary
SYN-P0040,MS-123301331-443044,0.0,0.0,7.22,adjacent_no_overlap
SYN-P0040,MS-123301331-474401,0.0,0.0,9.859,adjacent_no_overlap
SYN-P0040,MS-123301331-496534,0.0,0.0,9.453,adjacent_no_overlap
SYN-P0040,MS-123301331-502885,0.999997,486.0813,0.0,within_parcel
SYN-P0040,MS-123301331-70694,1.0,310.0403,0.0,within_parcel
SYN-P0040,MS-123301331-83695,0.000873,0.8702,0.0,partial_overlap
SYN-P0041,MS-123301331-153502,0.063537,29.6109,0.0,crosses_boundary
SYN-P0041,MS-123301331-197856,0.054843,76.5348,0.0,crosses_boundary
SYN-P0041,MS-123301331-33058,0.0,0.0,7.278,adjacent_no_overlap
SYN-P0041,MS-123301331-462334,0.0,0.0,1.939,adjacent_no_overlap
SYN-P0041,MS-123301331-47653,3.8e-05,0.0128,0.0,partial_overlap
SYN-P0041,MS-123301331-77134,1.0,132.5946,0.0,crosses_boundary
SYN-P0042,MS-123301331-102972,0.0,0.0,6.65,adjacent_no_overlap
SYN-P0042,MS-123301331-127474,0.497015,118.8574,0.0,crosses_boundary
SYN-P0042,MS-123301331-351470,0.0,0.0,8.009,adjacent_no_overlap
SYN-P0042,MS-123301331-571681,0.043874,28.1217,0.0,crosses_boundary
SYN-P0042,MS-123301331-7304,0.0,0.0,9.649,adjacent_no_overlap
SYN-P0042,MS-123301331-77232,1.0,253.0934,0.0,within_parcel
SYN-P0043,MS-123301331-179817,0.149101,18.5526,0.0,partial_overlap
SYN-P0043,MS-123301331-41937,0.0,0.0,8.394,adjacent_no_overlap
SYN-P0043,MS-123301331-430574,0.0,0.0,0.156,adjacent_no_overlap
SYN-P0043,MS-123301331-528295,0.0,0.0,9.068,adjacent_no_overlap
SYN-P0043,MS-123301331-77259,0.88585,258.6746,0.0,partial_overlap
SYN-P0043,MS-123301331-90325,0.000818,0.6812,0.0,partial_overlap
SYN-P0044,MS-123301331-279781,0.0,0.0,8.719,adjacent_no_overlap
SYN-P0044,MS-123301331-298186,0.183204,1311.618,0.0,crosses_boundary
SYN-P0044,MS-123301331-427668,0.0,0.0,3.395,adjacent_no_overlap
SYN-P0044,MS-123301331-502951,0.05654,73.7597,0.0,crosses_boundary
SYN-P0044,MS-123301331-537888,0.296072,575.1902,0.0,crosses_boundary
SYN-P0044,MS-123301331-77377,0.972009,360.6542,0.0,crosses_boundary
SYN-P0045,MS-123301331-361154,0.0,0.0,5.099,adjacent_no_overlap
SYN-P0045,MS-123301331-499630,0.279259,544.097,0.0,crosses_boundary
SYN-P0045,MS-123301331-621518,0.0,0.0,9.078,adjacent_no_overlap
SYN-P0045,MS-123301331-83600,1.0,232.617,0.0,within_parcel
SYN-P0045,MS-123301331-83604,0.0,0.0,7.35,adjacent_no_overlap
SYN-P0046,MS-123301331-361154,0.0,0.0,5.68,adjacent_no_overlap
SYN-P0046,MS-123301331-499630,0.00589,11.4752,0.0,crosses_boundary
SYN-P0046,MS-123301331-621518,0.77841,383.8006,0.0,crosses_boundary
SYN-P0046,MS-123301331-83600,0.0,0.0,9.849,adjacent_no_overlap
SYN-P0046,MS-123301331-83604,1.0,250.0688,0.0,within_parcel
SYN-P0047,MS-123301331-109239,0.133854,5.3972,0.0,crosses_boundary
SYN-P0047,MS-123301331-109245,0.0,0.0,7.316,adjacent_no_overlap
SYN-P0047,MS-123301331-147216,0.028026,9.4745,0.0,crosses_boundary
SYN-P0047,MS-123301331-166628,0.0,0.0,6.443,adjacent_no_overlap
SYN-P0047,MS-123301331-204370,0.0,0.0,6.455,adjacent_no_overlap
SYN-P0047,MS-123301331-217128,0.0,0.0,5.44,adjacent_no_overlap
SYN-P0047,MS-123301331-348217,0.0,0.0,2.263,adjacent_no_overlap
SYN-P0047,MS-123301331-565167,0.0,0.0,2.794,adjacent_no_overlap
SYN-P0047,MS-123301331-83682,1.0,63.956,0.0,within_parcel
SYN-P0048,MS-123301331-241461,0.0,0.0,8.536,adjacent_no_overlap
SYN-P0048,MS-123301331-242546,0.0,0.0,6.052,adjacent_no_overlap
SYN-P0048,MS-123301331-39568,0.0,0.0,4.059,adjacent_no_overlap
SYN-P0048,MS-123301331-443044,0.0,0.0,0.291,adjacent_no_overlap
SYN-P0048,MS-123301331-496534,0.400476,239.5266,0.0,crosses_boundary
SYN-P0048,MS-123301331-83695,0.842972,840.7063,0.0,crosses_boundary
SYN-P0049,MS-123301331-261229,0.0,0.0,9.92,adjacent_no_overlap
SYN-P0049,MS-123301331-267311,0.0,0.0,8.398,adjacent_no_overlap
SYN-P0049,MS-123301331-273393,0.185095,34.0145,0.0,crosses_boundary
SYN-P0049,MS-123301331-285369,0.0,0.0,2.661,adjacent_no_overlap
SYN-P0049,MS-123301331-392693,0.0,0.0,3.416,adjacent_no_overlap
SYN-P0049,MS-123301331-559702,0.023753,4.4227,0.0,crosses_boundary
SYN-P0049,MS-123301331-83712,1.0,173.7284,0.0,within_parcel
SYN-P0050,MS-123301331-236368,0.0,0.0,6.016,adjacent_no_overlap
SYN-P0050,MS-123301331-547495,0.02346,4.4892,0.0,crosses_boundary
SYN-P0050,MS-123301331-90403,1.0,403.5351,0.0,crosses_boundary
SYN-P0050,MS-123301331-96973,0.010119,5.2971,0.0,crosses_boundary
SYN-P0051,MS-123301331-186025,0.0,0.0,8.236,adjacent_no_overlap
SYN-P0051,MS-123301331-191536,0.597693,1084.2901,0.0,crosses_boundary
SYN-P0051,MS-123301331-35959,0.0,0.0,7.706,adjacent_no_overlap
SYN-P0051,MS-123301331-395986,0.415097,241.4646,0.0,crosses_boundary
SYN-P0051,MS-123301331-581252,0.0,0.0,9.686,adjacent_no_overlap
SYN-P0051,MS-123301331-90473,1.0,458.9484,0.0,crosses_boundary
SYN-P0052,MS-123301331-443105,0.012267,105.3506,0.0,crosses_boundary
SYN-P0052,MS-123301331-568428,0.094549,47.3508,0.0,crosses_boundary
SYN-P0052,MS-123301331-581245,0.182387,148.4296,0.0,crosses_boundary
SYN-P0052,MS-123301331-96508,1.0,170.3273,0.0,within_parcel
SYN-P0053,MS-123301331-147200,0.0,0.0,9.905,adjacent_no_overlap
SYN-P0053,MS-123301331-279729,0.0,0.0,5.966,adjacent_no_overlap
SYN-P0053,MS-123301331-541059,0.0,0.0,9.804,adjacent_no_overlap
SYN-P0053,MS-123301331-547495,0.0,0.0,6.74,adjacent_no_overlap
SYN-P0053,MS-123301331-565159,0.187017,17.306,0.0,crosses_boundary
SYN-P0053,MS-123301331-58214,0.0,0.0,9.189,adjacent_no_overlap
SYN-P0053,MS-123301331-83672,0.0,0.0,4.343,adjacent_no_overlap
SYN-P0053,MS-123301331-90403,0.0,0.0,4.74,adjacent_no_overlap
SYN-P0053,MS-123301331-96973,0.929007,486.3142,0.0,crosses_boundary
SYN-P0054,MS-123301331-102890,0.853594,1031.4716,0.0,crosses_boundary
SYN-P0054,MS-123301331-128437,0.001612,2.9113,0.0,crosses_boundary
SYN-P0054,MS-123301331-153484,0.0,0.0,9.555,adjacent_no_overlap
SYN-P0054,MS-123301331-499640,0.370771,93.288,0.0,crosses_boundary
SYN-P0055,MS-123301331-102902,0.709934,162.1436,0.0,crosses_boundary
SYN-P0055,MS-123301331-140600,0.464767,160.4584,0.0,partial_overlap
SYN-P0055,MS-123301331-215485,0.0,0.0,8.877,adjacent_no_overlap
SYN-P0055,MS-123301331-307414,0.0,0.0,3.575,adjacent_no_overlap
SYN-P0055,MS-123301331-354663,0.0,0.0,6.291,adjacent_no_overlap
SYN-P0055,MS-123301331-483999,0.0,0.0,1.814,adjacent_no_overlap
SYN-P0055,MS-123301331-490264,0.34575,141.6139,0.0,crosses_boundary
SYN-P0055,MS-123301331-512628,0.323397,366.8086,0.0,crosses_boundary
SYN-P0056,MS-123301331-102972,0.987878,237.2116,0.0,crosses_boundary
SYN-P0056,MS-123301331-127474,0.025584,6.1183,0.0,crosses_boundary
SYN-P0056,MS-123301331-351470,0.001556,0.3805,0.0,partial_overlap
SYN-P0056,MS-123301331-440101,0.008897,1.7943,0.0,crosses_boundary
SYN-P0056,MS-123301331-571681,0.047826,30.6548,0.0,crosses_boundary
SYN-P0056,MS-123301331-77232,0.0,0.0,5.905,adjacent_no_overlap
SYN-P0057,MS-123301331-103223,0.691159,342.5236,0.0,crosses_boundary
SYN-P0057,MS-123301331-370516,0.168471,419.3809,0.0,crosses_boundary
SYN-P0057,MS-123301331-39592,0.000244,0.1752,0.0,partial_overlap
SYN-P0057,MS-123301331-544190,0.00427,1.0392,0.0,crosses_boundary
SYN-P0057,MS-123301331-581200,0.0,0.0,5.882,adjacent_no_overlap
SYN-P0057,MS-123301331-618552,0.0,0.0,7.801,adjacent_no_overlap
SYN-P0058,MS-123301331-103247,0.962982,445.8697,0.0,partial_overlap
SYN-P0058,MS-123301331-23269,0.0,0.0,8.171,adjacent_no_overlap
SYN-P0058,MS-123301331-405632,0.0,0.0,7.72,adjacent_no_overlap
SYN-P0058,MS-123301331-412089,0.105826,93.7376,0.0,crosses_boundary
SYN-P0058,MS-123301331-440069,0.0,0.0,1.343,adjacent_no_overlap
SYN-P0058,MS-123301331-590285,0.0,0.0,4.816,adjacent_no_overlap
SYN-P0059,MS-123301331-103287,1.0,180.8894,0.0,within_parcel
SYN-P0059,MS-123301331-109334,0.0,0.0,2.497,adjacent_no_overlap
SYN-P0059,MS-123301331-147889,0.089051,41.5639,0.0,crosses_boundary
SYN-P0059,MS-123301331-310328,0.267718,48.4273,0.0,partial_overlap
SYN-P0059,MS-123301331-392693,0.006042,9.1713,0.0,crosses_boundary
SYN-P0059,MS-123301331-443100,0.0,0.0,2.727,adjacent_no_overlap
SYN-P0060,MS-123301331-109171,0.617078,900.849,0.0,crosses_boundary
SYN-P0060,MS-123301331-215429,0.257244,71.576,0.0,crosses_boundary
SYN-P0060,MS-123301331-41937,0.0,0.0,1.411,adjacent_no_overlap
SYN-P0060,MS-123301331-443044,0.0,0.0,1.297,adjacent_no_overlap
SYN-P0060,MS-123301331-605815,1.0,255.1975,0.0,within_parcel
SYN-P0061,MS-123301331-109197,0.82973,638.3763,0.0,crosses_boundary
SYN-P0061,MS-123301331-351421,0.0,0.0,7.571,adjacent_no_overlap
SYN-P0061,MS-123301331-351423,0.0,0.0,8.407,adjacent_no_overlap
SYN-P0061,MS-123301331-370516,0.0,0.0,4.886,adjacent_no_overlap
SYN-P0061,MS-123301331-440046,0.050279,67.9669,0.0,crosses_boundary
SYN-P0061,MS-123301331-568379,0.0,0.0,6.35,adjacent_no_overlap
SYN-P0061,MS-123301331-612231,0.0,0.0,6.603,adjacent_no_overlap
SYN-P0062,MS-123301331-109228,0.909499,273.6688,0.0,partial_overlap
SYN-P0062,MS-123301331-267225,0.0,0.0,6.439,adjacent_no_overlap
SYN-P0062,MS-123301331-467984,0.0,0.0,2.5,adjacent_no_overlap
SYN-P0062,MS-123301331-487062,0.0,0.0,9.498,adjacent_no_overlap
SYN-P0063,MS-123301331-109245,0.901481,667.1144,0.0,partial_overlap
SYN-P0063,MS-123301331-204370,0.0,0.0,5.446,adjacent_no_overlap
SYN-P0063,MS-123301331-217128,0.0,0.0,5.628,adjacent_no_overlap
SYN-P0063,MS-123301331-316794,0.0,0.0,7.298,adjacent_no_overlap
SYN-P0063,MS-123301331-332725,0.0,0.0,9.752,adjacent_no_overlap
SYN-P0064,MS-123301331-102902,0.0,0.0,9.923,adjacent_no_overlap
SYN-P0064,MS-123301331-109274,0.79592,164.8989,0.0,partial_overlap
SYN-P0064,MS-123301331-121520,0.0,0.0,9.143,adjacent_no_overlap
SYN-P0064,MS-123301331-127398,0.690884,149.7709,0.0,crosses_boundary
SYN-P0064,MS-123301331-134000,0.236513,261.3566,0.0,crosses_boundary
SYN-P0064,MS-123301331-153506,0.048807,46.4887,0.0,crosses_boundary
SYN-P0064,MS-123301331-307414,0.195976,49.5231,0.0,crosses_boundary
SYN-P0064,MS-123301331-483999,0.0,0.0,6.296,adjacent_no_overlap
SYN-P0064,MS-123301331-490264,0.0,0.0,6.085,adjacent_no_overlap
SYN-P0065,MS-123301331-115341,0.952424,686.7776,0.0,partial_overlap
SYN-P0065,MS-123301331-13686,0.697576,562.786,0.0,crosses_boundary
SYN-P0065,MS-123301331-29515,0.0,0.0,3.444,adjacent_no_overlap
SYN-P0065,MS-123301331-376888,0.09157,61.4187,0.0,crosses_boundary
SYN-P0065,MS-123301331-509370,0.02441,21.6557,0.0,crosses_boundary
SYN-P0065,MS-123301331-509375,0.0,0.0,3.409,adjacent_no_overlap
SYN-P0065,MS-123301331-618545,0.185501,456.2507,0.0,crosses_boundary
SYN-P0065,MS-123301331-90092,0.417229,370.2745,0.0,crosses_boundary
SYN-P0066,MS-123301331-115588,0.929212,36.6752,0.0,partial_overlap
SYN-P0066,MS-123301331-185546,0.0,0.0,9.56,adjacent_no_overlap
SYN-P0066,MS-123301331-204343,0.0,0.0,0.237,adjacent_no_overlap
SYN-P0066,MS-123301331-279998,0.02434,22.5987,0.0,crosses_boundary
SYN-P0066,MS-123301331-459218,0.0,0.0,2.03,adjacent_no_overlap
SYN-P0066,MS-123301331-462334,0.0,0.0,6.2,adjacent_no_overlap
SYN-P0066,MS-123301331-47653,0.022628,7.5657,0.0,crosses_boundary
SYN-P0066,MS-123301331-605828,0.0,0.0,2.233,adjacent_no_overlap
SYN-P0067,MS-123301331-121520,0.810831,826.9742,0.0,crosses_boundary
SYN-P0067,MS-123301331-127394,0.0,0.0,6.21,adjacent_no_overlap
SYN-P0067,MS-123301331-134000,0.031245,34.5269,0.0,crosses_boundary
SYN-P0067,MS-123301331-348201,0.311093,836.594,0.0,crosses_boundary
SYN-P0067,MS-123301331-506107,0.0,0.0,7.05,adjacent_no_overlap
SYN-P0067,MS-123301331-587419,0.0,0.0,3.688,adjacent_no_overlap
SYN-P0068,MS-123301331-121859,1.0,75.7105,0.0,within_parcel
SYN-P0068,MS-123301331-127398,0.0,0.0,5.608,adjacent_no_overlap
SYN-P0068,MS-123301331-153506,0.555328,528.9474,0.0,crosses_boundary
SYN-P0068,MS-123301331-392668,0.002945,2.7722,0.0,crosses_boundary
SYN-P0068,MS-123301331-534717,0.0,0.0,9.807,adjacent_no_overlap
SYN-P0068,MS-123301331-587430,0.039758,22.066,0.0,crosses_boundary
SYN-P0069,MS-123301331-121883,0.852399,91.606,0.0,crosses_boundary
SYN-P0069,MS-123301331-121885,0.0,0.0,4.522,adjacent_no_overlap
SYN-P0069,MS-123301331-248500,0.008051,10.5763,0.0,crosses_boundary
SYN-P0069,MS-123301331-399226,0.0,0.0,8.541,adjacent_no_overlap
SYN-P0069,MS-123301331-427646,0.046471,5.8905,0.0,crosses_boundary
SYN-P0069,MS-123301331-590285,0.0,0.0,2.532,adjacent_no_overlap
SYN-P0069,MS-123301331-609034,0.809771,347.956,0.0,crosses_boundary
SYN-P0070,MS-123301331-121971,1.0,170.6909,0.0,within_parcel
SYN-P0070,MS-123301331-186025,0.03036,237.2515,0.0,partial_overlap
SYN-P0070,MS-123301331-191536,0.0,0.0,9.167,adjacent_no_overlap
SYN-P0070,MS-123301331-248576,0.0,0.0,3.067,adjacent_no_overlap
SYN-P0070,MS-123301331-298198,0.185937,22.2114,0.0,partial_overlap
SYN-P0070,MS-123301331-310353,0.009666,7.7102,0.0,partial_overlap
SYN-P0070,MS-123301331-35991,0.110289,104.5309,0.0,crosses_boundary
SYN-P0070,MS-123301331-395986,0.137232,79.8289,0.0,crosses_boundary
SYN-P0070,MS-123301331-918,0.0,0.0,6.79,adjacent_no_overlap
SYN-P0071,MS-123301331-127390,0.988954,77.619,0.0,partial_overlap
SYN-P0071,MS-123301331-134000,0.207182,228.9447,0.0,crosses_boundary
SYN-P0071,MS-123301331-273327,0.0,0.0,5.86,adjacent_no_overlap
SYN-P0071,MS-123301331-351430,0.0,0.0,1.206,adjacent_no_overlap
SYN-P0071,MS-123301331-415236,0.0,0.0,2.47,adjacent_no_overlap
SYN-P0071,MS-123301331-483999,0.340446,566.1987,0.0,crosses_boundary
SYN-P0072,MS-123301331-121520,0.116996,119.3255,0.0,crosses_boundary
SYN-P0072,MS-123301331-127394,1.0,107.0382,0.0,within_parcel
SYN-P0072,MS-123301331-127398,0.309116,67.0105,0.0,crosses_boundary
SYN-P0072,MS-123301331-134000,0.0,0.0,4.112,adjacent_no_overlap
SYN-P0072,MS-123301331-153506,0.026942,25.6626,0.0,crosses_boundary
SYN-P0072,MS-123301331-348201,0.027789,74.7295,0.0,crosses_boundary
SYN-P0072,MS-123301331-392668,0.0,0.0,0.929,adjacent_no_overlap
SYN-P0072,MS-123301331-506107,1.0,43.4838,0.0,within_parcel
SYN-P0072,MS-123301331-531419,0.630322,156.0804,0.0,crosses_boundary
SYN-P0073,MS-123301331-127470,0.87935,414.8702,0.0,crosses_boundary
SYN-P0073,MS-123301331-185634,0.0,0.0,5.348,adjacent_no_overlap
SYN-P0073,MS-123301331-217162,0.0,0.0,3.865,adjacent_no_overlap
SYN-P0073,MS-123301331-436844,0.0,0.0,4.01,adjacent_no_overlap
SYN-P0073,MS-123301331-571681,0.0,0.0,7.414,adjacent_no_overlap
SYN-P0073,MS-123301331-7304,0.0,0.0,4.144,adjacent_no_overlap
SYN-P0073,MS-123301331-77232,0.0,0.0,9.919,adjacent_no_overlap
SYN-P0074,MS-123301331-128469,1.0,38.5081,0.0,within_parcel
SYN-P0074,MS-123301331-236368,0.113994,91.9413,0.0,crosses_boundary
SYN-P0074,MS-123301331-480791,0.0,0.0,1.81,adjacent_no_overlap
SYN-P0074,MS-123301331-541059,0.0,0.0,7.333,adjacent_no_overlap
SYN-P0074,MS-123301331-58214,0.021944,2.5043,0.0,crosses_boundary
SYN-P0074,MS-123301331-584403,0.050333,11.6328,0.0,crosses_boundary
SYN-P0074,MS-123301331-83672,0.0,0.0,9.541,adjacent_no_overlap
SYN-P0074,MS-123301331-90403,0.0,0.0,8.749,adjacent_no_overlap
SYN-P0075,MS-123301331-128483,1.0,345.257,0.0,within_parcel
SYN-P0076,MS-123301331-134076,0.999823,271.6531,0.0,within_parcel
SYN-P0076,MS-123301331-173045,0.195628,264.3186,0.0,crosses_boundary
SYN-P0076,MS-123301331-23319,0.0,0.0,6.227,adjacent_no_overlap
SYN-P0076,MS-123301331-35949,0.0,0.0,8.296,adjacent_no_overlap
SYN-P0076,MS-123301331-412109,0.091989,25.7737,0.0,crosses_boundary
SYN-P0076,MS-123301331-565195,0.0,0.0,9.058,adjacent_no_overlap
SYN-P0076,MS-123301331-596224,0.0,0.0,4.833,adjacent_no_overlap
SYN-P0077,MS-123301331-128425,0.515317,218.5408,0.0,crosses_boundary
SYN-P0077,MS-123301331-134929,0.999489,240.1904,0.0,within_parcel
SYN-P0077,MS-123301331-191424,0.0,0.0,1.735,adjacent_no_overlap
SYN-P0077,MS-123301331-204302,0.001372,0.7539,0.0,partial_overlap
SYN-P0077,MS-123301331-248045,0.000193,0.0457,0.0,partial_overlap
SYN-P0077,MS-123301331-364367,0.0,0.0,2.374,adjacent_no_overlap
SYN-P0077,MS-123301331-474401,0.038882,69.7626,0.0,crosses_boundary
SYN-P0078,MS-123301331-135087,1.0,22.1252,0.0,within_parcel
SYN-P0078,MS-123301331-173054,0.0,0.0,8.067,adjacent_no_overlap
SYN-P0078,MS-123301331-197952,0.348335,134.792,0.0,partial_overlap
SYN-P0078,MS-123301331-316818,0.11875,9.0232,0.0,partial_overlap
SYN-P0078,MS-123301331-471259,0.787091,23.2949,0.0,partial_overlap
SYN-P0078,MS-123301331-612300,0.572353,12.2687,0.0,partial_overlap
SYN-P0079,MS-123301331-141465,0.679147,396.5597,0.0,crosses_boundary
SYN-P0079,MS-123301331-198575,0.0,0.0,2.845,adjacent_no_overlap
SYN-P0079,MS-123301331-418287,0.036232,24.1788,0.0,crosses_boundary
SYN-P0079,MS-123301331-452830,0.0,0.0,4.188,adjacent_no_overlap
SYN-P0079,MS-123301331-58204,0.0,0.0,8.356,adjacent_no_overlap
SYN-P0080,MS-123301331-147164,0.994368,786.6136,0.0,crosses_boundary
SYN-P0080,MS-123301331-154083,0.0,0.0,8.288,adjacent_no_overlap
SYN-P0080,MS-123301331-273321,0.0,0.0,4.521,adjacent_no_overlap
SYN-P0081,MS-123301331-147200,0.84304,561.6056,0.0,crosses_boundary
SYN-P0081,MS-123301331-279729,0.0,0.0,9.044,adjacent_no_overlap
SYN-P0081,MS-123301331-618573,0.0,0.0,3.941,adjacent_no_overlap
SYN-P0082,MS-123301331-147216,0.874337,295.5793,0.0,crosses_boundary
SYN-P0082,MS-123301331-217128,0.0,0.0,8.298,adjacent_no_overlap
SYN-P0082,MS-123301331-348217,0.215412,23.7963,0.0,crosses_boundary
SYN-P0082,MS-123301331-370532,0.0,0.0,6.883,adjacent_no_overlap
SYN-P0082,MS-123301331-502924,0.0,0.0,8.932,adjacent_no_overlap
SYN-P0082,MS-123301331-565167,0.0,0.0,6.839,adjacent_no_overlap
SYN-P0082,MS-123301331-83682,0.0,0.0,3.057,adjacent_no_overlap
SYN-P0083,MS-123301331-10265,0.0,0.0,2.745,adjacent_no_overlap
SYN-P0083,MS-123301331-141495,0.004365,4.2148,0.0,crosses_boundary
SYN-P0083,MS-123301331-147216,0.0,0.0,6.431,adjacent_no_overlap
SYN-P0083,MS-123301331-147867,1.0,25.8029,0.0,within_parcel
SYN-P0083,MS-123301331-179887,0.080303,14.6287,0.0,crosses_boundary
SYN-P0083,MS-123301331-248099,0.1439,81.5069,0.0,crosses_boundary
SYN-P0083,MS-123301331-329476,0.154278,50.9116,0.0,crosses_boundary
SYN-P0083,MS-123301331-348217,0.0,0.0,0.032,adjacent_no_overlap
SYN-P0084,MS-123301331-103287,0.0,0.0,3.519,adjacent_no_overlap
SYN-P0084,MS-123301331-109334,0.090424,15.4652,0.0,crosses_boundary
SYN-P0084,MS-123301331-147889,0.910949,425.1769,0.0,crosses_boundary
SYN-P0084,MS-123301331-154169,0.353095,152.9063,0.0,crosses_boundary
SYN-P0084,MS-123301331-267311,0.0,0.0,9.902,adjacent_no_overlap
SYN-P0084,MS-123301331-392693,0.0,0.0,4.496,adjacent_no_overlap
SYN-P0084,MS-123301331-443100,0.0,0.0,4.888,adjacent_no_overlap
SYN-P0085,MS-123301331-153472,1.0,134.5006,0.0,within_parcel
SYN-P0085,MS-123301331-210732,0.069491,20.6463,0.0,crosses_boundary
SYN-P0085,MS-123301331-304401,0.0,0.0,8.304,adjacent_no_overlap
SYN-P0085,MS-123301331-348185,0.180568,136.2937,0.0,crosses_boundary
SYN-P0085,MS-123301331-39568,0.147834,110.058,0.0,crosses_boundary
SYN-P0085,MS-123301331-474401,0.0,0.0,8.723,adjacent_no_overlap
SYN-P0086,MS-123301331-102890,0.136594,165.0578,0.0,crosses_boundary
SYN-P0086,MS-123301331-13686,0.0,0.0,8.701,adjacent_no_overlap
SYN-P0086,MS-123301331-153484,1.0,19.2318,0.0,within_parcel
SYN-P0086,MS-123301331-338879,0.0,0.0,6.003,adjacent_no_overlap
SYN-P0086,MS-123301331-376888,0.542572,363.9183,0.0,crosses_boundary
SYN-P0086,MS-123301331-509375,0.935035,863.186,0.0,partial_overlap
SYN-P0087,MS-123301331-153502,0.703894,328.0419,0.0,crosses_boundary
SYN-P0087,MS-123301331-279998,0.064017,59.4375,0.0,crosses_boundary
SYN-P0087,MS-123301331-33058,0.483251,416.853,0.0,crosses_boundary
SYN-P0087,MS-123301331-462334,0.0,0.0,5.421,adjacent_no_overlap
SYN-P0087,MS-123301331-47653,0.0,0.0,0.817,adjacent_no_overlap
SYN-P0087,MS-123301331-584392,0.039262,8.1846,0.0,crosses_boundary
SYN-P0087,MS-123301331-77134,0.0,0.0,1.281,adjacent_no_overlap
SYN-P0088,MS-123301331-128437,0.3267,590.0537,0.0,crosses_boundary
SYN-P0088,MS-123301331-154079,1.0,146.889,0.0,within_parcel
SYN-P0088,MS-123301331-198547,0.633816,23.2643,0.0,crosses_boundary
SYN-P0088,MS-123301331-41963,0.00933,1.7231,0.0,crosses_boundary
SYN-P0088,MS-123301331-483987,0.0,0.0,0.471,adjacent_no_overlap
SYN-P0088,MS-123301331-57919,0.0,0.0,1.384,adjacent_no_overlap
SYN-P0089,MS-123301331-147164,0.000839,0.6637,0.0,partial_overlap
SYN-P0089,MS-123301331-154083,0.95479,228.0399,0.0,partial_overlap
SYN-P0089,MS-123301331-20318,0.002129,1.1998,0.0,crosses_boundary
SYN-P0089,MS-123301331-273321,0.0,0.0,6.977,adjacent_no_overlap
SYN-P0089,MS-123301331-405609,0.0,0.0,4.377,adjacent_no_overlap
SYN-P0089,MS-123301331-556862,0.435903,128.0983,0.0,crosses_boundary
SYN-P0090,MS-123301331-109239,0.087229,3.5172,0.0,crosses_boundary
SYN-P0090,MS-123301331-166628,0.887464,30.9108,0.0,partial_overlap
SYN-P0090,MS-123301331-204370,0.012328,3.0344,0.0,crosses_boundary
SYN-P0090,MS-123301331-361187,0.0,0.0,7.084,adjacent_no_overlap
SYN-P0090,MS-123301331-565167,0.001322,0.1757,0.0,partial_overlap
SYN-P0090,MS-123301331-77190,0.0,0.0,2.359,adjacent_no_overlap
SYN-P0090,MS-123301331-83682,0.0,0.0,5.086,adjacent_no_overlap
SYN-P0091,MS-123301331-115341,0.000111,0.0798,0.0,partial_overlap
SYN-P0091,MS-123301331-172942,0.92045,373.8652,0.0,crosses_boundary
SYN-P0091,MS-123301331-29515,0.505058,148.769,0.0,crosses_boundary
SYN-P0091,MS-123301331-357927,0.0,0.0,5.992,adjacent_no_overlap
SYN-P0091,MS-123301331-373598,0.0,0.0,0.208,adjacent_no_overlap
SYN-P0091,MS-123301331-618545,0.000182,0.4472,0.0,partial_overlap
SYN-P0092,MS-123301331-172954,0.862979,457.4285,0.0,crosses_boundary
SYN-P0092,MS-123301331-26826,0.0,0.0,8.902,adjacent_no_overlap
SYN-P0092,MS-123301331-33022,0.0,0.0,1.626,adjacent_no_overlap
SYN-P0092,MS-123301331-351416,0.00505,1.181,0.0,crosses_boundary
SYN-P0092,MS-123301331-443057,0.001456,0.408,0.0,partial_overlap
SYN-P0092,MS-123301331-462326,0.052207,9.8179,0.0,crosses_boundary
SYN-P0092,MS-123301331-70919,0.0,0.0,1.402,adjacent_no_overlap
SYN-P0093,MS-123301331-134076,0.000177,0.0481,0.0,partial_overlap
SYN-P0093,MS-123301331-173045,0.621444,839.6496,0.0,crosses_boundary
SYN-P0093,MS-123301331-230032,0.000108,0.0539,0.0,partial_overlap
SYN-P0093,MS-123301331-23323,0.0,0.0,2.003,adjacent_no_overlap
SYN-P0093,MS-123301331-565195,0.0,0.0,8.329,adjacent_no_overlap
SYN-P0094,MS-123301331-173054,1.0,68.4235,0.0,within_parcel
SYN-P0094,MS-123301331-248161,0.841846,40.322,0.0,crosses_boundary
SYN-P0094,MS-123301331-593045,0.012032,345.967,0.0,crosses_boundary
SYN-P0095,MS-123301331-10265,0.000401,0.0611,0.0,partial_overlap
SYN-P0095,MS-123301331-141495,0.087361,84.3636,0.0,crosses_boundary
SYN-P0095,MS-123301331-147867,0.0,0.0,1.486,adjacent_no_overlap
SYN-P0095,MS-123301331-179887,0.919697,167.5398,0.0,crosses_boundary
SYN-P0095,MS-123301331-248099,0.702923,398.1464,0.0,crosses_boundary
SYN-P0095,MS-123301331-496570,0.0,0.0,5.409,adjacent_no_overlap
SYN-P0095,MS-123301331-96983,0.0,0.0,7.826,adjacent_no_overlap
SYN-P0096,MS-123301331-185546,0.999591,197.3076,0.0,within_parcel
SYN-P0096,MS-123301331-215469,0.0,0.0,0.634,adjacent_no_overlap
SYN-P0096,MS-123301331-279998,0.0,0.0,0.024,adjacent_no_overlap
SYN-P0096,MS-123301331-41977,0.0,0.0,4.222,adjacent_no_overlap
SYN-P0096,MS-123301331-462333,0.085098,41.9114,0.0,crosses_boundary
SYN-P0096,MS-123301331-605828,0.03581,22.9697,0.0,crosses_boundary
SYN-P0097,MS-123301331-127470,0.0,0.0,0.109,adjacent_no_overlap
SYN-P0097,MS-123301331-185634,1.0,137.8493,0.0,within_parcel
SYN-P0097,MS-123301331-217162,0.0,0.0,7.685,adjacent_no_overlap
SYN-P0097,MS-123301331-223576,0.0,0.0,9.312,adjacent_no_overlap
SYN-P0097,MS-123301331-436844,0.0,0.0,2.936,adjacent_no_overlap
SYN-P0097,MS-123301331-565192,0.874484,97.3439,0.0,crosses_boundary
SYN-P0098,MS-123301331-186013,0.872092,160.0013,0.0,crosses_boundary
SYN-P0098,MS-123301331-223574,0.0,0.0,1.218,adjacent_no_overlap
SYN-P0098,MS-123301331-468034,0.078241,39.3863,0.0,crosses_boundary
SYN-P0098,MS-123301331-581245,0.467172,380.1921,0.0,crosses_boundary
SYN-P0099,MS-123301331-191424,0.709931,254.1329,0.0,partial_overlap
SYN-P0099,MS-123301331-26828,0.0,0.0,0.096,adjacent_no_overlap
SYN-P0099,MS-123301331-364367,0.0,0.0,4.842,adjacent_no_overlap
SYN-P0099,MS-123301331-367530,0.085349,128.1195,0.0,crosses_boundary
SYN-P0099,MS-123301331-45742,0.0,0.0,2.403,adjacent_no_overlap
SYN-P0099,MS-123301331-487069,0.0,0.0,8.482,adjacent_no_overlap
SYN-P0099,MS-123301331-537840,0.560269,271.8367,0.0,crosses_boundary
SYN-P0100,MS-123301331-16641,0.0,0.0,6.475,adjacent_no_overlap
SYN-P0100,MS-123301331-197808,0.966642,264.2092,0.0,partial_overlap
SYN-P0100,MS-123301331-210710,0.0,0.0,7.404,adjacent_no_overlap
SYN-P0100,MS-123301331-522103,0.376631,610.1122,0.0,crosses_boundary
SYN-P0100,MS-123301331-541033,0.0,0.0,6.257,adjacent_no_overlap
SYN-P0100,MS-123301331-58174,0.116938,133.4418,0.0,crosses_boundary
SYN-P0101,MS-123301331-197936,0.933277,39.3482,0.0,partial_overlap
SYN-P0102,MS-123301331-197944,0.658874,501.692,0.0,crosses_boundary
SYN-P0102,MS-123301331-221975,0.004162,21.9072,0.0,crosses_boundary
SYN-P0102,MS-123301331-288596,0.106941,33.066,0.0,crosses_boundary
SYN-P0103,MS-123301331-141465,0.054386,31.7567,0.0,crosses_boundary
SYN-P0103,MS-123301331-198575,0.563253,50.2767,0.0,partial_overlap
SYN-P0103,MS-123301331-228441,0.042388,14.6232,0.0,crosses_boundary
SYN-P0103,MS-123301331-418287,0.09775,65.2326,0.0,crosses_boundary
SYN-P0103,MS-123301331-446355,0.0,0.0,7.918,adjacent_no_overlap
SYN-P0103,MS-123301331-58204,0.029366,8.3372,0.0,crosses_boundary
SYN-P0104,MS-123301331-154059,0.0,0.0,4.159,adjacent_no_overlap
SYN-P0104,MS-123301331-204288,0.863674,177.7726,0.0,partial_overlap
SYN-P0104,MS-123301331-267225,0.0,0.0,5.885,adjacent_no_overlap
SYN-P0104,MS-123301331-424453,0.0,0.0,0.171,adjacent_no_overlap
SYN-P0105,MS-123301331-128425,0.139879,59.3213,0.0,crosses_boundary
SYN-P0105,MS-123301331-134929,0.0,0.0,3.88,adjacent_no_overlap
SYN-P0105,MS-123301331-20306,0.0,0.0,4.175,adjacent_no_overlap
SYN-P0105,MS-123301331-204302,0.829621,455.8069,0.0,crosses_boundary
SYN-P0105,MS-123301331-248045,0.007212,1.7026,0.0,crosses_boundary
SYN-P0105,MS-123301331-47637,0.0,0.0,6.934,adjacent_no_overlap
SYN-P0106,MS-123301331-102890,0.001884,2.2767,0.0,crosses_boundary
SYN-P0106,MS-123301331-121837,0.0,0.0,6.105,adjacent_no_overlap
SYN-P0106,MS-123301331-128437,0.345992,624.8972,0.0,crosses_boundary
SYN-P0106,MS-123301331-20318,0.78223,440.8324,0.0,crosses_boundary
SYN-P0106,MS-123301331-204310,0.920723,407.8817,0.0,partial_overlap
SYN-P0106,MS-123301331-301266,0.294911,131.5487,0.0,crosses_boundary
SYN-P0106,MS-123301331-499640,0.397764,100.0795,0.0,crosses_boundary
SYN-P0107,MS-123301331-159930,0.24393,363.8766,0.0,crosses_boundary
SYN-P0107,MS-123301331-204314,0.987739,364.9177,0.0,crosses_boundary
SYN-P0107,MS-123301331-273321,0.050794,28.9622,0.0,crosses_boundary
SYN-P0107,MS-123301331-402401,0.26152,81.1644,0.0,crosses_boundary
SYN-P0107,MS-123301331-405609,0.0,0.0,3.138,adjacent_no_overlap
SYN-P0107,MS-123301331-433749,0.039265,46.0724,0.0,crosses_boundary
SYN-P0107,MS-123301331-556862,0.19398,57.0048,0.0,crosses_boundary
SYN-P0108,MS-123301331-115588,0.0,0.0,6.982,adjacent_no_overlap
SYN-P0108,MS-123301331-197856,0.072152,100.6908,0.0,crosses_boundary
SYN-P0108,MS-123301331-204343,0.994661,153.0543,0.0,partial_overlap
SYN-P0108,MS-123301331-301266,0.0,0.0,9.077,adjacent_no_overlap
SYN-P0108,MS-123301331-459218,0.0,0.0,3.066,adjacent_no_overlap
SYN-P0108,MS-123301331-462334,0.0,0.0,1.185,adjacent_no_overlap
SYN-P0108,MS-123301331-47653,0.022981,7.6838,0.0,crosses_boundary
SYN-P0109,MS-123301331-121885,0.159321,61.5957,0.0,crosses_boundary
SYN-P0109,MS-123301331-140618,0.295667,743.5564,0.0,crosses_boundary
SYN-P0109,MS-123301331-204352,0.92929,709.7444,0.0,partial_overlap
SYN-P0109,MS-123301331-241517,0.078567,19.5564,0.0,crosses_boundary
SYN-P0109,MS-123301331-248500,0.0,0.0,3.629,adjacent_no_overlap
SYN-P0109,MS-123301331-399226,0.0,0.0,4.479,adjacent_no_overlap
SYN-P0109,MS-123301331-52146,0.0,0.0,2.137,adjacent_no_overlap
SYN-P0109,MS-123301331-609034,0.0,0.0,5.236,adjacent_no_overlap
SYN-P0109,MS-123301331-64389,0.026484,17.5095,0.0,crosses_boundary
SYN-P0110,MS-123301331-109239,0.778916,31.4068,0.0,crosses_boundary
SYN-P0110,MS-123301331-109245,0.000327,0.242,0.0,partial_overlap
SYN-P0110,MS-123301331-166628,0.0,0.0,5.678,adjacent_no_overlap
SYN-P0110,MS-123301331-204370,0.659565,162.3402,0.0,crosses_boundary
SYN-P0110,MS-123301331-77190,0.078473,106.1022,0.0,crosses_boundary
SYN-P0110,MS-123301331-83682,0.0,0.0,8.29,adjacent_no_overlap
SYN-P0111,MS-123301331-153472,0.0,0.0,0.694,adjacent_no_overlap
SYN-P0111,MS-123301331-210732,0.930509,276.4606,0.0,crosses_boundary
SYN-P0111,MS-123301331-348185,0.0,0.0,7.783,adjacent_no_overlap
SYN-P0111,MS-123301331-39568,0.748339,557.1176,0.0,crosses_boundary
SYN-P0111,MS-123301331-474401,0.051828,92.99,0.0,crosses_boundary
SYN-P0111,MS-123301331-502885,0.0,0.0,7.079,adjacent_no_overlap
SYN-P0112,MS-123301331-102902,0.0,0.0,9.641,adjacent_no_overlap
SYN-P0112,MS-123301331-215485,1.0,61.8941,0.0,within_parcel
SYN-P0112,MS-123301331-357944,0.0,0.0,6.701,adjacent_no_overlap
SYN-P0112,MS-123301331-367548,0.004886,0.7579,0.0,partial_overlap
SYN-P0112,MS-123301331-373615,0.022686,11.8323,0.0,crosses_boundary
SYN-P0112,MS-123301331-490264,0.0,0.0,8.07,adjacent_no_overlap
SYN-P0112,MS-123301331-512628,0.561185,636.5173,0.0,crosses_boundary
SYN-P0112,MS-123301331-90118,0.002868,1.9991,0.0,crosses_boundary
SYN-P0113,MS-123301331-215557,1.0,87.2871,0.0,within_parcel
SYN-P0113,MS-123301331-541088,0.0,0.0,4.833,adjacent_no_overlap
SYN-P0114,MS-123301331-217074,1.0,300.9611,0.0,within_parcel
SYN-P0114,MS-123301331-33016,0.0,0.0,4.686,adjacent_no_overlap
SYN-P0114,MS-123301331-474400,0.0,0.0,2.033,adjacent_no_overlap
SYN-P0114,MS-123301331-499630,0.145659,283.7958,0.0,crosses_boundary
SYN-P0114,MS-123301331-618545,0.079074,194.4871,0.0,crosses_boundary
SYN-P0114,MS-123301331-621524,0.643908,57.7256,0.0,crosses_boundary
SYN-P0115,MS-123301331-115588,0.0,0.0,9.125,adjacent_no_overlap
SYN-P0115,MS-123301331-121837,0.234127,68.9293,0.0,crosses_boundary
SYN-P0115,MS-123301331-147164,0.004793,3.7915,0.0,crosses_boundary
SYN-P0115,MS-123301331-217092,1.0,75.4136,0.0,within_parcel
SYN-P0115,MS-123301331-459218,0.0,0.0,1.637,adjacent_no_overlap
SYN-P0115,MS-123301331-605828,0.004251,2.7268,0.0,crosses_boundary
SYN-P0116,MS-123301331-127470,0.044499,20.9942,0.0,crosses_boundary
SYN-P0116,MS-123301331-185634,0.0,0.0,7.132,adjacent_no_overlap
SYN-P0116,MS-123301331-217162,0.99858,187.8939,0.0,partial_overlap
SYN-P0116,MS-123301331-7304,0.0,0.0,1.034,adjacent_no_overlap
SYN-P0117,MS-123301331-221953,0.997225,202.62,0.0,crosses_boundary
SYN-P0117,MS-123301331-443105,0.055133,473.4857,0.0,crosses_boundary
SYN-P0117,MS-123301331-474449,1.0,249.0456,0.0,within_parcel
SYN-P0117,MS-123301331-568428,0.056092,28.091,0.0,crosses_boundary
SYN-P0117,MS-123301331-624401,0.003699,2.9924,0.0,crosses_boundary
SYN-P0118,MS-123301331-109356,0.51419,991.7729,0.0,partial_overlap
SYN-P0118,MS-123301331-197944,0.0,0.0,9.217,adjacent_no_overlap
SYN-P0118,MS-123301331-221975,0.850019,4473.9253,0.0,crosses_boundary
SYN-P0118,MS-123301331-593045,0.081214,2335.1236,0.0,crosses_boundary
SYN-P0119,MS-123301331-102890,0.0,0.0,8.985,adjacent_no_overlap
SYN-P0119,MS-123301331-197856,0.302298,421.8654,0.0,crosses_boundary
SYN-P0119,MS-123301331-223508,0.828628,92.0252,0.0,partial_overlap
SYN-P0119,MS-123301331-301266,0.0,0.0,6.313,adjacent_no_overlap
SYN-P0119,MS-123301331-499640,0.227228,57.1718,0.0,crosses_boundary
SYN-P0119,MS-123301331-509375,0.0,0.0,4.156,adjacent_no_overlap
SYN-P0120,MS-123301331-186013,0.472901,86.7624,0.0,crosses_boundary
SYN-P0120,MS-123301331-223574,1.0,35.9845,0.0,within_parcel
SYN-P0120,MS-123301331-223576,0.0,0.0,6.944,adjacent_no_overlap
SYN-P0120,MS-123301331-468034,0.0,0.0,3.029,adjacent_no_overlap
SYN-P0120,MS-123301331-565192,0.0,0.0,7.005,adjacent_no_overlap
SYN-P0120,MS-123301331-581245,0.0,0.0,4.443,adjacent_no_overlap
SYN-P0121,MS-123301331-185634,0.0,0.0,8.095,adjacent_no_overlap
SYN-P0121,MS-123301331-186013,0.0,0.0,8.694,adjacent_no_overlap
SYN-P0121,MS-123301331-223574,0.0,0.0,5.505,adjacent_no_overlap
SYN-P0121,MS-123301331-223576,1.0,66.1723,0.0,within_parcel
SYN-P0121,MS-123301331-565192,0.125516,13.972,0.0,crosses_boundary
SYN-P0122,MS-123301331-141465,0.0,0.0,6.91,adjacent_no_overlap
SYN-P0122,MS-123301331-198575,0.0,0.0,2.688,adjacent_no_overlap
SYN-P0122,MS-123301331-228441,0.948671,327.2794,0.0,crosses_boundary
SYN-P0122,MS-123301331-33058,0.004542,3.9182,0.0,crosses_boundary
SYN-P0122,MS-123301331-418287,0.069677,46.4979,0.0,crosses_boundary
SYN-P0122,MS-123301331-41977,0.046773,30.8996,0.0,crosses_boundary
SYN-P0122,MS-123301331-446355,0.0,0.0,4.783,adjacent_no_overlap
SYN-P0122,MS-123301331-58204,0.0,0.0,2.687,adjacent_no_overlap
SYN-P0122,MS-123301331-584392,0.14224,29.6513,0.0,crosses_boundary
SYN-P0123,MS-123301331-228445,0.941514,1423.4813,0.0,crosses_boundary
SYN-P0123,MS-123301331-23269,0.0,0.0,3.989,adjacent_no_overlap
SYN-P0123,MS-123301331-33064,0.0,0.0,5.663,adjacent_no_overlap
SYN-P0123,MS-123301331-33068,0.0,0.0,7.264,adjacent_no_overlap
SYN-P0123,MS-123301331-480779,0.0,0.0,5.739,adjacent_no_overlap
SYN-P0124,MS-123301331-134014,0.999096,908.6975,0.0,within_parcel
SYN-P0124,MS-123301331-228449,1.0,71.0391,0.0,within_parcel
SYN-P0124,MS-123301331-33058,0.0,0.0,1.518,adjacent_no_overlap
SYN-P0124,MS-123301331-418287,0.0,0.0,9.455,adjacent_no_overlap
SYN-P0125,MS-123301331-173045,0.022063,29.8102,0.0,crosses_boundary
SYN-P0125,MS-123301331-230032,0.968937,484.9433,0.0,crosses_boundary
SYN-P0125,MS-123301331-23323,0.0,0.0,1.282,adjacent_no_overlap
SYN-P0125,MS-123301331-427668,0.39783,387.2578,0.0,crosses_boundary
SYN-P0126,MS-123301331-121877,0.0,0.0,5.339,adjacent_no_overlap
SYN-P0126,MS-123301331-128469,0.0,0.0,5.589,adjacent_no_overlap
SYN-P0126,MS-123301331-236366,1.0,93.0262,0.0,within_parcel
SYN-P0126,MS-123301331-236368,0.869526,701.3117,0.0,crosses_boundary
SYN-P0126,MS-123301331-421280,1.0,34.8454,0.0,within_parcel
SYN-P0126,MS-123301331-480791,0.023758,3.0394,0.0,crosses_boundary
SYN-P0126,MS-123301331-584403,0.0,0.0,8.303,adjacent_no_overlap
SYN-P0127,MS-123301331-109171,0.293419,428.3512,0.0,crosses_boundary
SYN-P0127,MS-123301331-215429,0.0,0.0,7.584,adjacent_no_overlap
SYN-P0127,MS-123301331-241461,0.982329,218.0362,0.0,partial_overlap
SYN-P0127,MS-123301331-33010,0.035852,17.0131,0.0,crosses_boundary
SYN-P0127,MS-123301331-443044,0.006874,6.5914,0.0,crosses_boundary
SYN-P0127,MS-123301331-83695,0.0,0.0,0.174,adjacent_no_overlap
SYN-P0128,MS-123301331-179817,0.0,0.0,8.674,adjacent_no_overlap
SYN-P0128,MS-123301331-241463,0.993381,312.8798,0.0,partial_overlap
SYN-P0128,MS-123301331-361154,0.272888,158.898,0.0,crosses_boundary
SYN-P0128,MS-123301331-430574,0.174997,181.2287,0.0,crosses_boundary
SYN-P0128,MS-123301331-90325,0.077996,64.9611,0.0,partial_overlap
SYN-P0129,MS-123301331-20306,0.041851,21.9749,0.0,crosses_boundary
SYN-P0129,MS-123301331-248037,1.0,122.7341,0.0,within_parcel
SYN-P0129,MS-123301331-354640,0.001531,0.9098,0.0,partial_overlap
SYN-P0129,MS-123301331-446341,0.578934,22.9837,0.0,crosses_boundary
SYN-P0129,MS-123301331-499630,0.027045,52.6942,0.0,crosses_boundary
SYN-P0129,MS-123301331-621518,0.062296,30.7157,0.0,crosses_boundary
SYN-P0130,MS-123301331-134929,0.0,0.0,4.05,adjacent_no_overlap
SYN-P0130,MS-123301331-191424,0.0,0.0,9.821,adjacent_no_overlap
SYN-P0130,MS-123301331-204302,0.0,0.0,1.173,adjacent_no_overlap
SYN-P0130,MS-123301331-248045,0.748265,176.646,0.0,crosses_boundary
SYN-P0130,MS-123301331-402394,0.11362,36.4088,0.0,crosses_boundary
SYN-P0130,MS-123301331-45742,0.002684,0.766,0.0,partial_overlap
SYN-P0130,MS-123301331-571627,0.0,0.0,3.289,adjacent_no_overlap
SYN-P0131,MS-123301331-121885,0.017053,6.5929,0.0,crosses_boundary
SYN-P0131,MS-123301331-204352,0.0,0.0,5.009,adjacent_no_overlap
SYN-P0131,MS-123301331-248500,0.904567,1188.3162,0.0,crosses_boundary
SYN-P0131,MS-123301331-364380,0.0,0.0,7.54,adjacent_no_overlap
SYN-P0131,MS-123301331-399226,0.0,0.0,7.241,adjacent_no_overlap
SYN-P0131,MS-123301331-405632,0.0,0.0,2.543,adjacent_no_overlap
SYN-P0131,MS-123301331-590285,0.0,0.0,6.463,adjacent_no_overlap
SYN-P0131,MS-123301331-609034,0.054011,23.2083,0.0,crosses_boundary
SYN-P0131,MS-123301331-64389,0.027563,18.2234,0.0,crosses_boundary
SYN-P0132,MS-123301331-254456,0.950777,698.0381,0.0,partial_overlap
SYN-P0132,MS-123301331-26826,0.0,0.0,8.417,adjacent_no_overlap
SYN-P0132,MS-123301331-329449,0.0,0.0,6.047,adjacent_no_overlap
SYN-P0132,MS-123301331-433742,0.0,0.0,1.212,adjacent_no_overlap
SYN-P0132,MS-123301331-462326,0.0,0.0,6.483,adjacent_no_overlap
SYN-P0132,MS-123301331-627466,0.189415,321.0725,0.0,crosses_boundary
SYN-P0133,MS-123301331-254564,0.871509,336.7645,0.0,crosses_boundary
SYN-P0133,MS-123301331-341845,0.109078,154.252,0.0,crosses_boundary
SYN-P0133,MS-123301331-380093,0.0,0.0,8.121,adjacent_no_overlap
SYN-P0133,MS-123301331-440106,0.066277,310.4097,0.0,crosses_boundary
SYN-P0133,MS-123301331-443105,0.014295,122.7667,0.0,crosses_boundary
SYN-P0133,MS-123301331-64206,0.0,0.0,3.433,adjacent_no_overlap
SYN-P0134,MS-123301331-260854,1.0,215.4352,0.0,within_parcel
SYN-P0135,MS-123301331-261199,0.668056,174.1359,0.0,crosses_boundary
SYN-P0135,MS-123301331-502924,0.0,0.0,3.6,adjacent_no_overlap
SYN-P0135,MS-123301331-596197,0.0,0.0,1.269,adjacent_no_overlap
SYN-P0135,MS-123301331-599553,0.016239,0.9605,0.0,partial_overlap
SYN-P0136,MS-123301331-109334,0.0,0.0,7.438,adjacent_no_overlap
SYN-P0136,MS-123301331-154169,0.44484,192.6363,0.0,crosses_boundary
SYN-P0136,MS-123301331-261229,0.723365,326.39,0.0,crosses_boundary
SYN-P0136,MS-123301331-261231,0.0,0.0,8.082,adjacent_no_overlap
SYN-P0136,MS-123301331-267311,0.0,0.0,4.434,adjacent_no_overlap
SYN-P0136,MS-123301331-273393,0.0,0.0,4.551,adjacent_no_overlap
SYN-P0136,MS-123301331-301314,0.0,0.0,8.666,adjacent_no_overlap
SYN-P0136,MS-123301331-468034,0.061928,31.1741,0.0,crosses_boundary
SYN-P0136,MS-123301331-559702,0.0,0.0,9.759,adjacent_no_overlap
SYN-P0136,MS-123301331-581245,0.135751,110.476,0.0,crosses_boundary
SYN-P0137,MS-123301331-261229,0.123787,55.8542,0.0,crosses_boundary
SYN-P0137,MS-123301331-261231,0.86278,176.4651,0.0,partial_overlap
SYN-P0137,MS-123301331-301314,0.0,0.0,6.064,adjacent_no_overlap
SYN-P0137,MS-123301331-468034,0.0,0.0,7.285,adjacent_no_overlap
SYN-P0137,MS-123301331-559702,0.0,0.0,3.407,adjacent_no_overlap
SYN-P0138,MS-123301331-109228,0.0,0.0,0.041,adjacent_no_overlap
SYN-P0138,MS-123301331-154059,0.0,0.0,8.09,adjacent_no_overlap
SYN-P0138,MS-123301331-204288,0.0,0.0,4.181,adjacent_no_overlap
SYN-P0138,MS-123301331-267225,1.0,67.6938,0.0,within_parcel
SYN-P0138,MS-123301331-487062,0.0,0.0,2.674,adjacent_no_overlap
SYN-P0139,MS-123301331-147889,0.0,0.0,4.862,adjacent_no_overlap
SYN-P0139,MS-123301331-154169,0.094935,41.1111,0.0,crosses_boundary
SYN-P0139,MS-123301331-261229,0.014406,6.5,0.0,crosses_boundary
SYN-P0139,MS-123301331-267311,1.0,190.6969,0.0,within_parcel
SYN-P0139,MS-123301331-273393,0.734867,135.0448,0.0,crosses_boundary
SYN-P0139,MS-123301331-392693,0.0,0.0,1.026,adjacent_no_overlap
SYN-P0139,MS-123301331-559702,0.0,0.0,5.914,adjacent_no_overlap
SYN-P0139,MS-123301331-83712,0.0,0.0,5.199,adjacent_no_overlap
SYN-P0140,MS-123301331-147164,0.0,0.0,4.028,adjacent_no_overlap
SYN-P0140,MS-123301331-159930,0.074472,111.0923,0.0,crosses_boundary
SYN-P0140,MS-123301331-204314,0.012261,4.5298,0.0,crosses_boundary
SYN-P0140,MS-123301331-273321,0.888382,506.5489,0.0,crosses_boundary
SYN-P0140,MS-123301331-556862,0.054548,16.0299,0.0,crosses_boundary
SYN-P0141,MS-123301331-160703,1.0,61.3589,0.0,within_parcel
SYN-P0141,MS-123301331-273744,1.0,49.1697,0.0,within_parcel
SYN-P0141,MS-123301331-565183,1.0,85.2433,0.0,within_parcel
SYN-P0142,MS-123301331-20306,0.183666,96.4395,0.0,crosses_boundary
SYN-P0142,MS-123301331-279683,0.880645,332.9021,0.0,crosses_boundary
SYN-P0142,MS-123301331-307395,0.271766,126.0196,0.0,crosses_boundary
SYN-P0142,MS-123301331-33016,0.0,0.0,1.037,adjacent_no_overlap
SYN-P0142,MS-123301331-446341,0.421066,16.7163,0.0,crosses_boundary
SYN-P0142,MS-123301331-471195,0.0,0.0,6.736,adjacent_no_overlap
SYN-P0142,MS-123301331-474400,0.0,0.0,4.246,adjacent_no_overlap
SYN-P0142,MS-123301331-499630,0.06044,117.7592,0.0,crosses_boundary
SYN-P0143,MS-123301331-147200,0.0,0.0,0.435,adjacent_no_overlap
SYN-P0143,MS-123301331-279729,1.0,168.1318,0.0,within_parcel
SYN-P0143,MS-123301331-522140,0.0,0.0,7.962,adjacent_no_overlap
SYN-P0143,MS-123301331-547495,0.0,0.0,7.764,adjacent_no_overlap
SYN-P0143,MS-123301331-565159,0.716648,66.3167,0.0,crosses_boundary
SYN-P0143,MS-123301331-618573,0.054482,22.1815,0.0,crosses_boundary
SYN-P0143,MS-123301331-96973,0.0,0.0,0.563,adjacent_no_overlap
SYN-P0144,MS-123301331-230032,0.0,0.0,9.159,adjacent_no_overlap
SYN-P0144,MS-123301331-279781,0.987485,354.319,0.0,partial_overlap
SYN-P0144,MS-123301331-298186,0.051989,372.2091,0.0,crosses_boundary
SYN-P0144,MS-123301331-427668,0.302452,294.415,0.0,crosses_boundary
SYN-P0144,MS-123301331-502951,0.0,0.0,9.003,adjacent_no_overlap
SYN-P0144,MS-123301331-77377,0.0,0.0,4.164,adjacent_no_overlap
SYN-P0145,MS-123301331-153502,0.0,0.0,8.15,adjacent_no_overlap
SYN-P0145,MS-123301331-185546,0.0,0.0,4.114,adjacent_no_overlap
SYN-P0145,MS-123301331-279998,0.883879,820.6519,0.0,crosses_boundary
SYN-P0145,MS-123301331-33058,0.0,0.0,0.307,adjacent_no_overlap
SYN-P0145,MS-123301331-41977,0.0,0.0,5.867,adjacent_no_overlap
SYN-P0145,MS-123301331-47653,0.0,0.0,3.689,adjacent_no_overlap
SYN-P0145,MS-123301331-584392,0.726654,151.4776,0.0,crosses_boundary
SYN-P0146,MS-123301331-285381,0.627002,2139.7412,0.0,crosses_boundary
SYN-P0146,MS-123301331-298186,0.243561,1743.7325,0.0,crosses_boundary
SYN-P0147,MS-123301331-197944,0.183206,139.5002,0.0,crosses_boundary
SYN-P0147,MS-123301331-221975,0.0,0.0,2.761,adjacent_no_overlap
SYN-P0147,MS-123301331-288596,0.633278,195.808,0.0,crosses_boundary
SYN-P0147,MS-123301331-593045,0.224253,6447.9236,0.0,crosses_boundary
SYN-P0148,MS-123301331-291837,0.708499,713.8657,0.0,partial_overlap
SYN-P0148,MS-123301331-341845,0.337173,476.8112,0.0,crosses_boundary
SYN-P0148,MS-123301331-443105,0.247278,2123.6239,0.0,crosses_boundary
SYN-P0148,MS-123301331-624401,1.6e-05,0.0128,0.0,partial_overlap
SYN-P0149,MS-123301331-198653,0.399661,713.767,0.0,partial_overlap
SYN-P0149,MS-123301331-204432,0.219585,53.286,0.0,crosses_boundary
SYN-P0149,MS-123301331-248576,0.312707,299.9015,0.0,crosses_boundary
SYN-P0149,MS-123301331-291848,0.406974,45.1494,0.0,partial_overlap
SYN-P0149,MS-123301331-316817,0.994437,337.7645,0.0,partial_overlap
SYN-P0149,MS-123301331-35991,0.07248,68.6959,0.0,crosses_boundary
SYN-P0149,MS-123301331-440106,0.045876,214.8636,0.0,crosses_boundary
SYN-P0150,MS-123301331-191536,0.007485,13.5793,0.0,crosses_boundary
SYN-P0150,MS-123301331-248576,0.0,0.0,2.964,adjacent_no_overlap
SYN-P0150,MS-123301331-298189,0.968678,321.5228,0.0,crosses_boundary
SYN-P0150,MS-123301331-380093,0.0,0.0,5.71,adjacent_no_overlap
SYN-P0150,MS-123301331-581252,0.0,0.0,4.35,adjacent_no_overlap
SYN-P0150,MS-123301331-918,0.0,0.0,1.444,adjacent_no_overlap
SYN-P0151,MS-123301331-197822,0.0,0.0,5.053,adjacent_no_overlap
SYN-P0151,MS-123301331-301251,1.0,83.6255,0.0,within_parcel
SYN-P0151,MS-123301331-33010,0.0,0.0,0.087,adjacent_no_overlap
SYN-P0151,MS-123301331-386224,0.0,0.0,2.809,adjacent_no_overlap
SYN-P0151,MS-123301331-496534,0.276317,165.2662,0.0,crosses_boundary
SYN-P0151,MS-123301331-58174,0.00065,0.7412,0.0,partial_overlap
SYN-P0151,MS-123301331-83695,0.0,0.0,0.457,adjacent_no_overlap
SYN-P0152,MS-123301331-301314,1.0,224.2054,0.0,within_parcel
SYN-P0152,MS-123301331-468034,0.364632,183.5535,0.0,crosses_boundary
SYN-P0152,MS-123301331-565187,0.0,0.0,0.32,adjacent_no_overlap
SYN-P0152,MS-123301331-581245,0.0,0.0,0.584,adjacent_no_overlap
SYN-P0153,MS-123301331-153472,0.0,0.0,5.809,adjacent_no_overlap
SYN-P0153,MS-123301331-197822,0.949063,405.5581,0.0,crosses_boundary
SYN-P0153,MS-123301331-304401,1.0,110.439,0.0,within_parcel
SYN-P0153,MS-123301331-39568,0.022136,16.4796,0.0,crosses_boundary
SYN-P0153,MS-123301331-496534,0.256516,153.4234,0.0,crosses_boundary
SYN-P0153,MS-123301331-52082,0.0,0.0,6.954,adjacent_no_overlap
SYN-P0153,MS-123301331-571624,0.0,0.0,6.303,adjacent_no_overlap
SYN-P0154,MS-123301331-115341,0.0,0.0,4.564,adjacent_no_overlap
SYN-P0154,MS-123301331-29515,0.0,0.0,8.756,adjacent_no_overlap
SYN-P0154,MS-123301331-304403,1.0,441.8839,0.0,within_parcel
SYN-P0154,MS-123301331-581204,1.0,36.0645,0.0,within_parcel
SYN-P0154,MS-123301331-90092,0.540757,479.9012,0.0,crosses_boundary
SYN-P0155,MS-123301331-102902,0.009185,2.0977,0.0,crosses_boundary
SYN-P0155,MS-123301331-109274,0.0,0.0,3.758,adjacent_no_overlap
SYN-P0155,MS-123301331-134000,0.018228,20.1425,0.0,crosses_boundary
SYN-P0155,MS-123301331-140600,0.0,0.0,4.776,adjacent_no_overlap
SYN-P0155,MS-123301331-307414,0.569437,143.8966,0.0,crosses_boundary
SYN-P0155,MS-123301331-483999,0.321785,535.1631,0.0,crosses_boundary
SYN-P0155,MS-123301331-490264,0.0,0.0,9.057,adjacent_no_overlap
SYN-P0156,MS-123301331-197938,0.093038,436.3716,0.0,crosses_boundary
SYN-P0156,MS-123301331-307441,0.999782,210.231,0.0,within_parcel
SYN-P0156,MS-123301331-506140,0.856812,196.7858,0.0,crosses_boundary
SYN-P0156,MS-123301331-627520,0.0,0.0,0.272,adjacent_no_overlap
SYN-P0157,MS-123301331-310292,0.753477,356.9329,0.0,crosses_boundary
SYN-P0157,MS-123301331-399203,0.0,0.0,0.408,adjacent_no_overlap
SYN-P0157,MS-123301331-41963,0.0,0.0,8.92,adjacent_no_overlap
SYN-P0157,MS-123301331-483987,0.0,0.0,6.144,adjacent_no_overlap
SYN-P0157,MS-123301331-509370,0.035568,31.5546,0.0,crosses_boundary
SYN-P0157,MS-123301331-522117,0.025304,6.1354,0.0,crosses_boundary
SYN-P0157,MS-123301331-618545,0.0,0.0,3.186,adjacent_no_overlap
SYN-P0158,MS-123301331-323199,1.0,17.5695,0.0,within_parcel
SYN-P0158,MS-123301331-41983,0.019733,151.9405,0.0,crosses_boundary
SYN-P0159,MS-123301331-254456,0.0,0.0,4.343,adjacent_no_overlap
SYN-P0159,MS-123301331-26826,0.109267,54.5956,0.0,crosses_boundary
SYN-P0159,MS-123301331-329449,0.920104,553.5694,0.0,partial_overlap
SYN-P0159,MS-123301331-348185,0.0,0.0,0.429,adjacent_no_overlap
SYN-P0159,MS-123301331-351416,0.0,0.0,9.189,adjacent_no_overlap
SYN-P0160,MS-123301331-26826,0.0,0.0,9.743,adjacent_no_overlap
SYN-P0160,MS-123301331-329449,0.0,0.0,7.011,adjacent_no_overlap
SYN-P0160,MS-123301331-348185,0.713081,538.2384,0.0,crosses_boundary
SYN-P0160,MS-123301331-571624,0.012725,20.9653,0.0,crosses_boundary
SYN-P0161,MS-123301331-172954,0.064481,34.1786,0.0,crosses_boundary
SYN-P0161,MS-123301331-26826,0.149229,74.5633,0.0,crosses_boundary
SYN-P0161,MS-123301331-33022,0.0,0.0,6.137,adjacent_no_overlap
SYN-P0161,MS-123301331-351416,0.99495,232.6829,0.0,crosses_boundary
SYN-P0161,MS-123301331-462326,0.278837,52.4375,0.0,crosses_boundary
SYN-P0162,MS-123301331-109197,0.00722,5.5545,0.0,crosses_boundary
SYN-P0162,MS-123301331-134939,0.753633,451.7961,0.0,crosses_boundary
SYN-P0162,MS-123301331-351419,0.424785,477.8621,0.0,crosses_boundary
SYN-P0162,MS-123301331-351421,0.79028,103.0587,0.0,crosses_boundary
SYN-P0162,MS-123301331-440046,0.040943,55.3454,0.0,crosses_boundary
SYN-P0162,MS-123301331-474406,0.0,0.0,4.514,adjacent_no_overlap
SYN-P0162,MS-123301331-568379,0.003866,1.039,0.0,crosses_boundary
SYN-P0162,MS-123301331-612231,0.0,0.0,1.144,adjacent_no_overlap
SYN-P0163,MS-123301331-109197,0.015034,11.5671,0.0,crosses_boundary
SYN-P0163,MS-123301331-13696,0.418721,42.1497,0.0,crosses_boundary
SYN-P0163,MS-123301331-351423,1.0,31.1678,0.0,within_parcel
SYN-P0163,MS-123301331-456037,0.0,0.0,3.458,adjacent_no_overlap
SYN-P0163,MS-123301331-627466,0.0,0.0,0.37,adjacent_no_overlap
SYN-P0164,MS-123301331-127390,0.0,0.0,0.4,adjacent_no_overlap
SYN-P0164,MS-123301331-134000,0.009401,10.3888,0.0,crosses_boundary
SYN-P0164,MS-123301331-273327,1.0,44.7174,0.0,within_parcel
SYN-P0164,MS-123301331-29529,0.297374,84.2444,0.0,crosses_boundary
SYN-P0164,MS-123301331-351430,0.969849,48.1764,0.0,partial_overlap
SYN-P0164,MS-123301331-39592,0.0,0.0,9.938,adjacent_no_overlap
SYN-P0164,MS-123301331-415236,0.225252,103.057,0.0,partial_overlap
SYN-P0164,MS-123301331-483999,0.0,0.0,4.27,adjacent_no_overlap
SYN-P0164,MS-123301331-581200,0.0,0.0,5.286,adjacent_no_overlap
SYN-P0164,MS-123301331-618552,0.457461,242.3054,0.0,crosses_boundary
SYN-P0165,MS-123301331-13770,0.0,0.0,6.4,adjacent_no_overlap
SYN-P0165,MS-123301331-285369,1.0,194.0206,0.0,within_parcel
SYN-P0165,MS-123301331-351462,1.0,172.1004,0.0,within_parcel
SYN-P0165,MS-123301331-392693,0.11214,170.2151,0.0,crosses_boundary
SYN-P0165,MS-123301331-550663,0.0,0.0,0.664,adjacent_no_overlap
SYN-P0165,MS-123301331-599561,0.152571,35.9074,0.0,crosses_boundary
SYN-P0166,MS-123301331-310330,0.0,0.0,1.132,adjacent_no_overlap
SYN-P0166,MS-123301331-351465,1.0,53.2322,0.0,within_parcel
SYN-P0166,MS-123301331-565189,0.0,0.0,4.748,adjacent_no_overlap
SYN-P0167,MS-123301331-102972,0.011109,2.6676,0.0,crosses_boundary
SYN-P0167,MS-123301331-127474,0.477401,114.167,0.0,crosses_boundary
SYN-P0167,MS-123301331-351470,0.998444,244.1358,0.0,partial_overlap
SYN-P0167,MS-123301331-556905,1.0,33.6092,0.0,within_parcel
SYN-P0167,MS-123301331-571681,0.0,0.0,5.242,adjacent_no_overlap
SYN-P0167,MS-123301331-77232,0.0,0.0,9.012,adjacent_no_overlap
SYN-P0168,MS-123301331-20306,0.340798,178.9464,0.0,crosses_boundary
SYN-P0168,MS-123301331-204302,0.0,0.0,8.543,adjacent_no_overlap
SYN-P0168,MS-123301331-307395,0.0,0.0,7.853,adjacent_no_overlap
SYN-P0168,MS-123301331-354640,0.917487,545.1877,0.0,crosses_boundary
SYN-P0168,MS-123301331-474396,0.0,0.0,6.634,adjacent_no_overlap
SYN-P0168,MS-123301331-47637,0.999693,180.0292,0.0,within_parcel
SYN-P0168,MS-123301331-621522,0.0,0.0,9.295,adjacent_no_overlap
SYN-P0169,MS-123301331-354663,1.0,52.5315,0.0,within_parcel
SYN-P0169,MS-123301331-357944,0.084917,26.9859,0.0,crosses_boundary
SYN-P0169,MS-123301331-367548,0.0,0.0,4.54,adjacent_no_overlap
SYN-P0169,MS-123301331-373615,0.0,0.0,9.407,adjacent_no_overlap
SYN-P0169,MS-123301331-490264,0.259975,106.4817,0.0,crosses_boundary
SYN-P0169,MS-123301331-512628,0.0,0.0,6.122,adjacent_no_overlap
SYN-P0169,MS-123301331-534717,0.0,0.0,6.579,adjacent_no_overlap
SYN-P0169,MS-123301331-571640,0.091049,9.179,0.0,crosses_boundary
SYN-P0170,MS-123301331-172942,0.0,0.0,4.135,adjacent_no_overlap
SYN-P0170,MS-123301331-357927,0.997218,241.933,0.0,partial_overlap
SYN-P0170,MS-123301331-618545,0.201503,495.6082,0.0,crosses_boundary
SYN-P0170,MS-123301331-621524,0.0,0.0,8.162,adjacent_no_overlap
SYN-P0171,MS-123301331-354663,0.0,0.0,1.059,adjacent_no_overlap
SYN-P0171,MS-123301331-357944,0.598573,190.2221,0.0,crosses_boundary
SYN-P0171,MS-123301331-367548,0.0,0.0,7.129,adjacent_no_overlap
SYN-P0171,MS-123301331-373615,0.0,0.0,7.019,adjacent_no_overlap
SYN-P0171,MS-123301331-490264,0.0,0.0,9.253,adjacent_no_overlap
SYN-P0171,MS-123301331-534717,0.057671,19.2951,0.0,crosses_boundary
SYN-P0171,MS-123301331-571640,0.044268,4.4628,0.0,crosses_boundary
SYN-P0172,MS-123301331-10265,0.308409,47.0547,0.0,crosses_boundary
SYN-P0172,MS-123301331-141495,0.033555,32.4034,0.0,crosses_boundary
SYN-P0172,MS-123301331-166628,0.0,0.0,6.468,adjacent_no_overlap
SYN-P0172,MS-123301331-361187,0.724546,61.1666,0.0,partial_overlap
SYN-P0172,MS-123301331-565167,0.0,0.0,4.401,adjacent_no_overlap
SYN-P0172,MS-123301331-605848,1.0,23.4092,0.0,within_parcel
SYN-P0172,MS-123301331-77190,0.117106,158.3371,0.0,crosses_boundary
SYN-P0173,MS-123301331-134929,0.0,0.0,1.208,adjacent_no_overlap
SYN-P0173,MS-123301331-191424,0.002058,0.7368,0.0,partial_overlap
SYN-P0173,MS-123301331-364367,0.996995,213.305,0.0,partial_overlap
SYN-P0173,MS-123301331-367530,0.001579,2.371,0.0,crosses_boundary
SYN-P0173,MS-123301331-474401,0.054436,97.6694,0.0,crosses_boundary
SYN-P0174,MS-123301331-279968,0.0,0.0,4.903,adjacent_no_overlap
SYN-P0174,MS-123301331-367522,0.487375,544.5757,0.0,crosses_boundary
SYN-P0174,MS-123301331-487062,0.0,0.0,6.586,adjacent_no_overlap
SYN-P0174,MS-123301331-52082,0.121274,74.0459,0.0,crosses_boundary
SYN-P0175,MS-123301331-147156,0.930948,145.6114,0.0,crosses_boundary
SYN-P0175,MS-123301331-191424,0.0,0.0,9.935,adjacent_no_overlap
SYN-P0175,MS-123301331-313586,0.013787,2.51,0.0,crosses_boundary
SYN-P0175,MS-123301331-33022,0.0,0.0,8.914,adjacent_no_overlap
SYN-P0175,MS-123301331-367530,0.850964,1277.3998,0.0,crosses_boundary
SYN-P0175,MS-123301331-405609,0.0,0.0,1.402,adjacent_no_overlap
SYN-P0175,MS-123301331-474401,0.00841,15.0884,0.0,crosses_boundary
SYN-P0175,MS-123301331-537840,0.0,0.0,4.983,adjacent_no_overlap
SYN-P0176,MS-123301331-215485,0.0,0.0,0.787,adjacent_no_overlap
SYN-P0176,MS-123301331-354663,0.0,0.0,8.725,adjacent_no_overlap
SYN-P0176,MS-123301331-357944,0.041083,13.0559,0.0,crosses_boundary
SYN-P0176,MS-123301331-367548,0.913236,141.6605,0.0,crosses_boundary
SYN-P0176,MS-123301331-373615,0.173701,90.5983,0.0,crosses_boundary
SYN-P0176,MS-123301331-512628,0.0,0.0,9.246,adjacent_no_overlap
SYN-P0176,MS-123301331-534717,0.0,0.0,3.382,adjacent_no_overlap
SYN-P0176,MS-123301331-90118,0.0,0.0,3.881,adjacent_no_overlap
SYN-P0177,MS-123301331-147216,0.0,0.0,3.598,adjacent_no_overlap
SYN-P0177,MS-123301331-217128,0.906776,353.378,0.0,partial_overlap
SYN-P0177,MS-123301331-370532,0.850975,146.8111,0.0,crosses_boundary
SYN-P0177,MS-123301331-502924,0.099795,37.3618,0.0,crosses_boundary
SYN-P0178,MS-123301331-115341,0.0,0.0,6.823,adjacent_no_overlap
SYN-P0178,MS-123301331-172942,0.07955,32.3116,0.0,crosses_boundary
SYN-P0178,MS-123301331-228405,0.915874,1393.8458,0.0,crosses_boundary
SYN-P0178,MS-123301331-29515,0.477014,140.5085,0.0,crosses_boundary
SYN-P0178,MS-123301331-373598,0.988166,124.0124,0.0,partial_overlap
SYN-P0178,MS-123301331-90092,0.0,0.0,7.193,adjacent_no_overlap
SYN-P0179,MS-123301331-140618,0.048193,121.1972,0.0,crosses_boundary
SYN-P0179,MS-123301331-357944,0.0,0.0,5.364,adjacent_no_overlap
SYN-P0179,MS-123301331-364380,0.0,0.0,8.9,adjacent_no_overlap
SYN-P0179,MS-123301331-367548,0.006744,1.0462,0.0,crosses_boundary
SYN-P0179,MS-123301331-373615,0.736295,384.0331,0.0,crosses_boundary
SYN-P0179,MS-123301331-534717,0.0,0.0,3.963,adjacent_no_overlap
SYN-P0179,MS-123301331-568392,0.0,0.0,4.385,adjacent_no_overlap
SYN-P0179,MS-123301331-64389,0.177937,117.6431,0.0,crosses_boundary
SYN-P0179,MS-123301331-90118,0.257453,179.4256,0.0,crosses_boundary
SYN-P0180,MS-123301331-376878,0.999699,148.0677,0.0,within_parcel
SYN-P0180,MS-123301331-499630,0.119864,233.5373,0.0,crosses_boundary
SYN-P0180,MS-123301331-618545,0.0,0.0,5.049,adjacent_no_overlap
SYN-P0180,MS-123301331-621524,0.352447,31.5965,0.0,crosses_boundary
SYN-P0181,MS-123301331-228445,0.0,0.0,7.938,adjacent_no_overlap
SYN-P0181,MS-123301331-23269,0.191073,161.7393,0.0,crosses_boundary
SYN-P0181,MS-123301331-33068,0.0,0.0,4.259,adjacent_no_overlap
SYN-P0181,MS-123301331-376901,0.989744,76.1142,0.0,partial_overlap
SYN-P0181,MS-123301331-440069,0.024667,13.5544,0.0,crosses_boundary
SYN-P0181,MS-123301331-627486,0.100889,18.6985,0.0,crosses_boundary
SYN-P0182,MS-123301331-103273,0.248778,63.1668,0.0,crosses_boundary
SYN-P0182,MS-123301331-376923,0.872695,353.1484,0.0,crosses_boundary
SYN-P0182,MS-123301331-42029,0.717009,195.5645,0.0,partial_overlap
SYN-P0182,MS-123301331-593023,0.0,0.0,1.619,adjacent_no_overlap
SYN-P0182,MS-123301331-77190,0.614587,830.9728,0.0,crosses_boundary
SYN-P0183,MS-123301331-248576,0.029174,27.9792,0.0,crosses_boundary
SYN-P0183,MS-123301331-298189,0.0,0.0,9.709,adjacent_no_overlap
SYN-P0183,MS-123301331-380093,0.994851,806.2451,0.0,partial_overlap
SYN-P0183,MS-123301331-440106,0.003198,14.9764,0.0,crosses_boundary
SYN-P0183,MS-123301331-443105,0.051099,438.8396,0.0,crosses_boundary
SYN-P0184,MS-123301331-197822,0.0,0.0,8.201,adjacent_no_overlap
SYN-P0184,MS-123301331-301251,0.0,0.0,1.968,adjacent_no_overlap
SYN-P0184,MS-123301331-33010,0.0,0.0,4.87,adjacent_no_overlap
SYN-P0184,MS-123301331-386224,1.0,83.4691,0.0,within_parcel
SYN-P0184,MS-123301331-58174,0.151436,172.809,0.0,crosses_boundary
SYN-P0184,MS-123301331-590264,0.006422,3.7787,0.0,crosses_boundary
SYN-P0184,MS-123301331-796,0.0,0.0,0.521,adjacent_no_overlap
SYN-P0185,MS-123301331-261199,0.0,0.0,7.117,adjacent_no_overlap
SYN-P0185,MS-123301331-386255,1.0,64.7881,0.0,within_parcel
SYN-P0185,MS-123301331-565162,0.0,0.0,2.403,adjacent_no_overlap
SYN-P0185,MS-123301331-618573,0.013644,5.5549,0.0,crosses_boundary
SYN-P0186,MS-123301331-13770,0.012884,2.9236,0.0,crosses_boundary
SYN-P0186,MS-123301331-221935,0.007356,4.0711,0.0,crosses_boundary
SYN-P0186,MS-123301331-389485,0.960163,212.9482,0.0,crosses_boundary
SYN-P0186,MS-123301331-392693,0.059002,89.5582,0.0,crosses_boundary
SYN-P0186,MS-123301331-418312,0.0,0.0,6.879,adjacent_no_overlap
SYN-P0186,MS-123301331-64178,0.0,0.0,0.606,adjacent_no_overlap
SYN-P0187,MS-123301331-121859,0.0,0.0,6.654,adjacent_no_overlap
SYN-P0187,MS-123301331-127394,0.0,0.0,7.669,adjacent_no_overlap
SYN-P0187,MS-123301331-153506,0.0,0.0,6.837,adjacent_no_overlap
SYN-P0187,MS-123301331-348201,0.003742,10.0637,0.0,crosses_boundary
SYN-P0187,MS-123301331-392668,0.922473,868.3592,0.0,crosses_boundary
SYN-P0187,MS-123301331-480779,0.0,0.0,4.909,adjacent_no_overlap
SYN-P0187,MS-123301331-506107,0.0,0.0,6.922,adjacent_no_overlap
SYN-P0187,MS-123301331-531419,0.368438,91.2326,0.0,crosses_boundary
SYN-P0188,MS-123301331-197856,0.293374,409.4112,0.0,crosses_boundary
SYN-P0188,MS-123301331-395940,1.0,96.659,0.0,within_parcel
SYN-P0189,MS-123301331-310292,0.085933,40.7077,0.0,crosses_boundary
SYN-P0189,MS-123301331-399203,1.0,173.2793,0.0,within_parcel
SYN-P0189,MS-123301331-471195,0.000245,0.1867,0.0,partial_overlap
SYN-P0189,MS-123301331-474400,0.0,0.0,8.356,adjacent_no_overlap
SYN-P0189,MS-123301331-522117,0.027528,6.6747,0.0,crosses_boundary
SYN-P0189,MS-123301331-618545,0.278644,685.3425,0.0,crosses_boundary
SYN-P0190,MS-123301331-204314,0.0,0.0,8.009,adjacent_no_overlap
SYN-P0190,MS-123301331-367530,0.0,0.0,1.075,adjacent_no_overlap
SYN-P0190,MS-123301331-405609,0.825464,732.9397,0.0,crosses_boundary
SYN-P0190,MS-123301331-499637,0.0,0.0,6.885,adjacent_no_overlap
SYN-P0190,MS-123301331-556862,0.315569,92.7361,0.0,crosses_boundary
SYN-P0191,MS-123301331-248500,0.001201,1.5781,0.0,crosses_boundary
SYN-P0191,MS-123301331-364380,0.178623,210.701,0.0,crosses_boundary
SYN-P0191,MS-123301331-405632,0.897294,845.5296,0.0,crosses_boundary
SYN-P0191,MS-123301331-412089,0.0,0.0,4.296,adjacent_no_overlap
SYN-P0191,MS-123301331-587430,0.0,0.0,9.164,adjacent_no_overlap
SYN-P0191,MS-123301331-590285,0.0,0.0,2.587,adjacent_no_overlap
SYN-P0191,MS-123301331-64389,0.0,0.0,9.884,adjacent_no_overlap
SYN-P0192,MS-123301331-248161,0.911482,43.6574,0.0,crosses_boundary
SYN-P0192,MS-123301331-408912,1.0,34.637,0.0,within_parcel
SYN-P0192,MS-123301331-593045,0.175746,5053.2169,0.0,crosses_boundary
SYN-P0193,MS-123301331-103247,0.0,0.0,2.101,adjacent_no_overlap
SYN-P0193,MS-123301331-23269,0.0,0.0,5.259,adjacent_no_overlap
SYN-P0193,MS-123301331-364380,0.07944,93.707,0.0,crosses_boundary
SYN-P0193,MS-123301331-405632,0.050188,47.2925,0.0,crosses_boundary
SYN-P0193,MS-123301331-412089,0.777167,688.3924,0.0,crosses_boundary
SYN-P0193,MS-123301331-587430,0.551475,306.0755,0.0,crosses_boundary
SYN-P0193,MS-123301331-590285,0.0,0.0,1.229,adjacent_no_overlap
SYN-P0194,MS-123301331-26888,0.0,0.0,3.244,adjacent_no_overlap
SYN-P0194,MS-123301331-4035,0.0,0.0,3.954,adjacent_no_overlap
SYN-P0194,MS-123301331-415258,0.659571,181.9883,0.0,crosses_boundary
SYN-P0194,MS-123301331-418312,0.007889,2.9403,0.0,crosses_boundary
SYN-P0194,MS-123301331-465345,0.0,0.0,0.016,adjacent_no_overlap
SYN-P0195,MS-123301331-154059,0.0,0.0,0.826,adjacent_no_overlap
SYN-P0195,MS-123301331-210710,0.0,0.0,5.139,adjacent_no_overlap
SYN-P0195,MS-123301331-418262,0.865136,859.4395,0.0,crosses_boundary
SYN-P0195,MS-123301331-537827,0.0,0.0,5.724,adjacent_no_overlap
SYN-P0195,MS-123301331-541033,0.0,0.0,8.229,adjacent_no_overlap
SYN-P0195,MS-123301331-544173,0.0,0.0,6.811,adjacent_no_overlap
SYN-P0195,MS-123301331-624344,0.287843,86.1452,0.0,crosses_boundary
SYN-P0196,MS-123301331-141465,0.0,0.0,6.141,adjacent_no_overlap
SYN-P0196,MS-123301331-228441,0.0,0.0,2.892,adjacent_no_overlap
SYN-P0196,MS-123301331-33058,0.431777,372.4508,0.0,crosses_boundary
SYN-P0196,MS-123301331-418287,0.732303,488.6934,0.0,crosses_boundary
SYN-P0196,MS-123301331-452830,0.0,0.0,8.531,adjacent_no_overlap
SYN-P0196,MS-123301331-584392,0.0,0.0,1.822,adjacent_no_overlap
SYN-P0197,MS-123301331-418306,1.0,65.9848,0.0,within_parcel
SYN-P0198,MS-123301331-13770,0.0,0.0,7.826,adjacent_no_overlap
SYN-P0198,MS-123301331-221935,0.701121,388.0304,0.0,crosses_boundary
SYN-P0198,MS-123301331-389485,0.0,0.0,6.966,adjacent_no_overlap
SYN-P0198,MS-123301331-4035,0.0,0.0,9.95,adjacent_no_overlap
SYN-P0198,MS-123301331-415258,0.0,0.0,6.289,adjacent_no_overlap
SYN-P0198,MS-123301331-418312,0.582844,217.2345,0.0,crosses_boundary
SYN-P0198,MS-123301331-593023,0.0,0.0,8.545,adjacent_no_overlap
SYN-P0199,MS-123301331-418316,0.98285,231.3291,0.0,partial_overlap
SYN-P0200,MS-123301331-154059,0.0,0.0,5.112,adjacent_no_overlap
SYN-P0200,MS-123301331-204288,0.0,0.0,4.366,adjacent_no_overlap
SYN-P0200,MS-123301331-418262,0.0,0.0,3.635,adjacent_no_overlap
SYN-P0200,MS-123301331-424453,0.977098,314.668,0.0,crosses_boundary
SYN-P0200,MS-123301331-537827,0.0,0.0,8.286,adjacent_no_overlap
SYN-P0200,MS-123301331-544173,0.204605,288.787,0.0,crosses_boundary
SYN-P0201,MS-123301331-35959,0.794911,1101.9693,0.0,partial_overlap
SYN-P0201,MS-123301331-424515,1.0,35.3948,0.0,within_parcel
SYN-P0201,MS-123301331-443105,0.0,0.0,4.014,adjacent_no_overlap
SYN-P0201,MS-123301331-581252,0.0,0.0,7.636,adjacent_no_overlap
SYN-P0201,MS-123301331-90473,0.005774,2.6501,0.0,crosses_boundary
SYN-P0202,MS-123301331-427622,0.919552,432.0196,0.0,crosses_boundary
SYN-P0202,MS-123301331-433742,0.004819,5.8024,0.0,crosses_boundary
SYN-P0202,MS-123301331-467984,0.0,0.0,1.068,adjacent_no_overlap
SYN-P0202,MS-123301331-522113,0.004582,2.6272,0.0,crosses_boundary
SYN-P0202,MS-123301331-624349,0.0,0.0,5.158,adjacent_no_overlap
SYN-P0203,MS-123301331-121883,0.033088,3.5559,0.0,crosses_boundary
SYN-P0203,MS-123301331-121885,0.063545,24.5675,0.0,crosses_boundary
SYN-P0203,MS-123301331-248500,0.0,0.0,6.355,adjacent_no_overlap
SYN-P0203,MS-123301331-399226,0.425371,137.2938,0.0,crosses_boundary
SYN-P0203,MS-123301331-427646,0.953529,120.8645,0.0,crosses_boundary
SYN-P0203,MS-123301331-609034,0.050422,21.6663,0.0,crosses_boundary
SYN-P0204,MS-123301331-361154,0.559174,325.5975,0.0,crosses_boundary
SYN-P0204,MS-123301331-430574,0.582047,602.774,0.0,crosses_boundary
SYN-P0204,MS-123301331-477608,0.0,0.0,2.546,adjacent_no_overlap
SYN-P0205,MS-123301331-254456,0.0,0.0,4.932,adjacent_no_overlap
SYN-P0205,MS-123301331-427622,0.0,0.0,3.928,adjacent_no_overlap
SYN-P0205,MS-123301331-433742,0.974634,1173.6247,0.0,crosses_boundary
SYN-P0205,MS-123301331-571624,0.0,0.0,6.357,adjacent_no_overlap
SYN-P0205,MS-123301331-627466,0.012235,20.7389,0.0,crosses_boundary
SYN-P0206,MS-123301331-154059,0.792596,492.5186,0.0,crosses_boundary
SYN-P0206,MS-123301331-279968,0.518675,144.9864,0.0,crosses_boundary
SYN-P0206,MS-123301331-367522,0.0,0.0,3.538,adjacent_no_overlap
SYN-P0206,MS-123301331-418262,0.0,0.0,5.054,adjacent_no_overlap
SYN-P0206,MS-123301331-436791,1.0,91.4723,0.0,within_parcel
SYN-P0206,MS-123301331-487062,0.0,0.0,4.214,adjacent_no_overlap
SYN-P0206,MS-123301331-541033,0.0,0.0,8.221,adjacent_no_overlap
SYN-P0206,MS-123301331-590264,0.0,0.0,7.166,adjacent_no_overlap
SYN-P0207,MS-123301331-127470,0.0,0.0,2.72,adjacent_no_overlap
SYN-P0207,MS-123301331-341845,0.0,0.0,0.502,adjacent_no_overlap
SYN-P0207,MS-123301331-436844,0.939328,237.4625,0.0,partial_overlap
SYN-P0207,MS-123301331-571681,0.0,0.0,2.019,adjacent_no_overlap
SYN-P0207,MS-123301331-624401,0.000428,0.346,0.0,partial_overlap
SYN-P0208,MS-123301331-351419,0.135792,152.7594,0.0,crosses_boundary
SYN-P0208,MS-123301331-433742,0.0,0.0,5.297,adjacent_no_overlap
SYN-P0208,MS-123301331-440046,0.726962,982.6953,0.0,crosses_boundary
SYN-P0208,MS-123301331-556854,0.0,0.0,7.571,adjacent_no_overlap
SYN-P0208,MS-123301331-627466,0.055983,94.8961,0.0,crosses_boundary
SYN-P0209,MS-123301331-16659,0.0,0.0,0.102,adjacent_no_overlap
SYN-P0209,MS-123301331-172954,0.0,0.0,9.32,adjacent_no_overlap
SYN-P0209,MS-123301331-402401,0.0,0.0,1.941,adjacent_no_overlap
SYN-P0209,MS-123301331-433749,0.0,0.0,2.239,adjacent_no_overlap
SYN-P0209,MS-123301331-440049,0.862825,128.2738,0.0,partial_overlap
SYN-P0209,MS-123301331-440050,0.061653,15.5327,0.0,crosses_boundary
SYN-P0209,MS-123301331-443057,0.0,0.0,5.52,adjacent_no_overlap
SYN-P0209,MS-123301331-462326,0.0,0.0,6.1,adjacent_no_overlap
SYN-P0209,MS-123301331-499637,0.0,0.0,2.131,adjacent_no_overlap
SYN-P0209,MS-123301331-70919,0.674546,109.5424,0.0,crosses_boundary
SYN-P0210,MS-123301331-159930,0.0,0.0,9.641,adjacent_no_overlap
SYN-P0210,MS-123301331-16659,0.988736,172.4498,0.0,crosses_boundary
SYN-P0210,MS-123301331-402401,0.0,0.0,4.643,adjacent_no_overlap
SYN-P0210,MS-123301331-433749,0.513476,602.491,0.0,crosses_boundary
SYN-P0210,MS-123301331-440049,0.0,0.0,1.614,adjacent_no_overlap
SYN-P0210,MS-123301331-440050,0.937479,236.186,0.0,crosses_boundary
SYN-P0210,MS-123301331-456037,0.0,0.0,4.405,adjacent_no_overlap
SYN-P0210,MS-123301331-462326,0.0466,8.7635,0.0,crosses_boundary
SYN-P0210,MS-123301331-627466,0.0,0.0,6.883,adjacent_no_overlap
SYN-P0210,MS-123301331-70919,0.22494,36.529,0.0,crosses_boundary
SYN-P0211,MS-123301331-159930,0.559177,834.1402,0.0,crosses_boundary
SYN-P0211,MS-123301331-215469,0.105177,160.2407,0.0,crosses_boundary
SYN-P0211,MS-123301331-348201,0.078033,209.8475,0.0,crosses_boundary
SYN-P0211,MS-123301331-433749,0.0,0.0,7.864,adjacent_no_overlap
SYN-P0211,MS-123301331-440057,1.0,204.5469,0.0,within_parcel
SYN-P0212,MS-123301331-103247,0.0,0.0,3.121,adjacent_no_overlap
SYN-P0212,MS-123301331-23269,0.0,0.0,4.949,adjacent_no_overlap
SYN-P0212,MS-123301331-376901,0.0,0.0,5.077,adjacent_no_overlap
SYN-P0212,MS-123301331-412089,0.0,0.0,5.894,adjacent_no_overlap
SYN-P0212,MS-123301331-440069,0.834441,458.523,0.0,crosses_boundary
SYN-P0212,MS-123301331-627486,0.0,0.0,1.38,adjacent_no_overlap
SYN-P0213,MS-123301331-332730,0.000544,0.1256,0.0,partial_overlap
SYN-P0213,MS-123301331-392693,0.469802,713.1061,0.0,crosses_boundary
SYN-P0213,MS-123301331-440090,1.0,12.2764,0.0,within_parcel
SYN-P0213,MS-123301331-509409,0.007125,1.3747,0.0,partial_overlap
SYN-P0213,MS-123301331-581241,0.0,0.0,1.621,adjacent_no_overlap
SYN-P0213,MS-123301331-64178,0.0,0.0,5.155,adjacent_no_overlap
SYN-P0214,MS-123301331-102972,0.001013,0.2432,0.0,partial_overlap
SYN-P0214,MS-123301331-341845,0.329128,465.4345,0.0,crosses_boundary
SYN-P0214,MS-123301331-440101,0.991103,199.8847,0.0,crosses_boundary
SYN-P0214,MS-123301331-443105,0.0,0.0,5.306,adjacent_no_overlap
SYN-P0214,MS-123301331-571681,0.0,0.0,1.506,adjacent_no_overlap
SYN-P0215,MS-123301331-185662,0.473538,79.7224,0.0,partial_overlap
SYN-P0215,MS-123301331-197938,0.493612,2315.1564,0.0,crosses_boundary
SYN-P0215,MS-123301331-204432,0.529505,128.4935,0.0,crosses_boundary
SYN-P0215,MS-123301331-242654,0.631192,93.5113,0.0,partial_overlap
SYN-P0215,MS-123301331-316817,0.000768,0.2608,0.0,partial_overlap
SYN-P0215,MS-123301331-440106,0.85841,4020.4054,0.0,crosses_boundary
SYN-P0215,MS-123301331-627529,0.866849,211.9773,0.0,partial_overlap
SYN-P0216,MS-123301331-109171,0.004438,6.4788,0.0,crosses_boundary
SYN-P0216,MS-123301331-241461,0.0,0.0,8.108,adjacent_no_overlap
SYN-P0216,MS-123301331-443044,0.986417,945.8541,0.0,crosses_boundary
SYN-P0216,MS-123301331-83695,0.004202,4.1903,0.0,crosses_boundary
SYN-P0217,MS-123301331-147156,0.0,0.0,2.326,adjacent_no_overlap
SYN-P0217,MS-123301331-172954,0.041028,21.7471,0.0,crosses_boundary
SYN-P0217,MS-123301331-33022,0.0,0.0,4.265,adjacent_no_overlap
SYN-P0217,MS-123301331-367530,0.0,0.0,6.795,adjacent_no_overlap
SYN-P0217,MS-123301331-440049,0.0,0.0,9.481,adjacent_no_overlap
SYN-P0217,MS-123301331-443057,0.995989,279.1481,0.0,partial_overlap
SYN-P0217,MS-123301331-70919,0.022242,3.612,0.0,crosses_boundary
SYN-P0218,MS-123301331-103287,0.0,0.0,2.813,adjacent_no_overlap
SYN-P0218,MS-123301331-109334,0.909576,155.5654,0.0,crosses_boundary
SYN-P0218,MS-123301331-147889,0.0,0.0,3.468,adjacent_no_overlap
SYN-P0218,MS-123301331-154169,0.158043,68.4398,0.0,crosses_boundary
SYN-P0218,MS-123301331-310328,0.0,0.0,8.316,adjacent_no_overlap
SYN-P0218,MS-123301331-443100,1.0,192.6527,0.0,within_parcel
SYN-P0218,MS-123301331-581245,0.293722,239.0358,0.0,crosses_boundary
SYN-P0219,MS-123301331-215469,0.134072,204.262,0.0,crosses_boundary
SYN-P0219,MS-123301331-228441,0.0,0.0,3.678,adjacent_no_overlap
SYN-P0219,MS-123301331-41977,0.017342,11.4568,0.0,crosses_boundary
SYN-P0219,MS-123301331-446355,0.823021,331.9291,0.0,crosses_boundary
SYN-P0219,MS-123301331-462333,0.0,0.0,7.408,adjacent_no_overlap
SYN-P0219,MS-123301331-58204,0.0,0.0,2.077,adjacent_no_overlap
SYN-P0220,MS-123301331-121885,0.565467,218.6175,0.0,crosses_boundary
SYN-P0220,MS-123301331-172994,0.027464,11.7122,0.0,crosses_boundary
SYN-P0220,MS-123301331-204352,0.0,0.0,5.73,adjacent_no_overlap
SYN-P0220,MS-123301331-241517,0.068239,16.9858,0.0,crosses_boundary
SYN-P0220,MS-123301331-285357,0.0,0.0,7.516,adjacent_no_overlap
SYN-P0220,MS-123301331-399226,0.574629,185.4683,0.0,crosses_boundary
SYN-P0220,MS-123301331-42001,0.574073,137.4739,0.0,partial_overlap
SYN-P0220,MS-123301331-446364,0.578318,102.4117,0.0,crosses_boundary
SYN-P0220,MS-123301331-449545,1.0,154.0234,0.0,within_parcel
SYN-P0220,MS-123301331-52146,0.190035,100.2773,0.0,partial_overlap
SYN-P0220,MS-123301331-609034,0.0,0.0,8.752,adjacent_no_overlap
SYN-P0220,MS-123301331-64415,0.0,0.0,8.573,adjacent_no_overlap
SYN-P0221,MS-123301331-141465,0.154111,89.9868,0.0,crosses_boundary
SYN-P0221,MS-123301331-418287,0.022133,14.7703,0.0,crosses_boundary
SYN-P0221,MS-123301331-452830,0.971822,120.9186,0.0,partial_overlap
SYN-P0222,MS-123301331-159930,0.0,0.0,3.486,adjacent_no_overlap
SYN-P0222,MS-123301331-16659,0.00597,1.0413,0.0,crosses_boundary
SYN-P0222,MS-123301331-433749,0.426059,499.92,0.0,crosses_boundary
SYN-P0222,MS-123301331-440050,0.0,0.0,6.381,adjacent_no_overlap
SYN-P0222,MS-123301331-456037,0.976286,453.7531,0.0,partial_overlap
SYN-P0222,MS-123301331-627466,0.041767,70.7984,0.0,crosses_boundary
SYN-P0223,MS-123301331-115588,0.0,0.0,5.989,adjacent_no_overlap
SYN-P0223,MS-123301331-121837,0.765873,225.4806,0.0,crosses_boundary
SYN-P0223,MS-123301331-197856,0.0,0.0,3.257,adjacent_no_overlap
SYN-P0223,MS-123301331-204343,0.0,0.0,6.726,adjacent_no_overlap
SYN-P0223,MS-123301331-217092,0.0,0.0,6.528,adjacent_no_overlap
SYN-P0223,MS-123301331-301266,0.705089,314.5144,0.0,crosses_boundary
SYN-P0223,MS-123301331-459218,1.0,243.4591,0.0,within_parcel
SYN-P0223,MS-123301331-499640,0.004238,1.0662,0.0,crosses_boundary
SYN-P0224,MS-123301331-185546,0.0,0.0,9.649,adjacent_no_overlap
SYN-P0224,MS-123301331-215469,0.614265,935.8504,0.0,crosses_boundary
SYN-P0224,MS-123301331-41977,8e-05,0.0527,0.0,partial_overlap
SYN-P0224,MS-123301331-446355,0.0,0.0,9.229,adjacent_no_overlap
SYN-P0224,MS-123301331-462333,0.90015,443.3301,0.0,crosses_boundary
SYN-P0224,MS-123301331-605828,0.0,0.0,7.757,adjacent_no_overlap
SYN-P0225,MS-123301331-153502,0.029627,13.8072,0.0,crosses_boundary
SYN-P0225,MS-123301331-197856,0.14532,202.7979,0.0,crosses_boundary
SYN-P0225,MS-123301331-204343,0.0,0.0,5.337,adjacent_no_overlap
SYN-P0225,MS-123301331-462334,0.392786,45.6579,0.0,partial_overlap
SYN-P0225,MS-123301331-47653,0.0,0.0,1.578,adjacent_no_overlap
SYN-P0225,MS-123301331-77134,0.518827,68.7936,0.0,crosses_boundary
SYN-P0226,MS-123301331-109228,0.0,0.0,6.386,adjacent_no_overlap
SYN-P0226,MS-123301331-367522,0.203018,226.8451,0.0,crosses_boundary
SYN-P0226,MS-123301331-465310,1.0,84.9133,0.0,within_parcel
SYN-P0226,MS-123301331-487062,0.0,0.0,5.718,adjacent_no_overlap
SYN-P0226,MS-123301331-571624,0.0,0.0,7.045,adjacent_no_overlap
SYN-P0227,MS-123301331-26888,0.0,0.0,6.366,adjacent_no_overlap
SYN-P0227,MS-123301331-4035,0.0,0.0,4.834,adjacent_no_overlap
SYN-P0227,MS-123301331-415258,0.0,0.0,1.161,adjacent_no_overlap
SYN-P0227,MS-123301331-465345,0.969161,330.7963,0.0,crosses_boundary
SYN-P0227,MS-123301331-471237,0.0,0.0,5.683,adjacent_no_overlap
SYN-P0227,MS-123301331-52172,0.0,0.0,9.892,adjacent_no_overlap
SYN-P0227,MS-123301331-58246,0.0,0.0,6.847,adjacent_no_overlap
SYN-P0228,MS-123301331-109228,0.0,0.0,4.924,adjacent_no_overlap
SYN-P0228,MS-123301331-427622,0.042524,19.9784,0.0,crosses_boundary
SYN-P0228,MS-123301331-467984,1.0,288.5766,0.0,within_parcel
SYN-P0229,MS-123301331-20306,0.0,0.0,5.288,adjacent_no_overlap
SYN-P0229,MS-123301331-307395,0.158667,73.5748,0.0,crosses_boundary
SYN-P0229,MS-123301331-402394,0.012082,3.8717,0.0,crosses_boundary
SYN-P0229,MS-123301331-471195,0.901769,685.6285,0.0,partial_overlap
SYN-P0229,MS-123301331-522117,0.0,0.0,9.953,adjacent_no_overlap
SYN-P0229,MS-123301331-571627,0.0,0.0,0.684,adjacent_no_overlap
SYN-P0229,MS-123301331-57919,0.0,0.0,6.558,adjacent_no_overlap
SYN-P0230,MS-123301331-430574,0.081537,84.4403,0.0,crosses_boundary
SYN-P0230,MS-123301331-443044,0.004585,4.3962,0.0,crosses_boundary
SYN-P0230,MS-123301331-474396,0.967286,263.7227,0.0,partial_overlap
SYN-P0231,MS-123301331-217074,0.0,0.0,1.246,adjacent_no_overlap
SYN-P0231,MS-123301331-279683,0.0,0.0,7.636,adjacent_no_overlap
SYN-P0231,MS-123301331-33016,0.0,0.0,8.566,adjacent_no_overlap
SYN-P0231,MS-123301331-474400,0.997394,639.6085,0.0,partial_overlap
SYN-P0231,MS-123301331-618545,0.196752,483.9229,0.0,crosses_boundary
SYN-P0232,MS-123301331-128425,0.0,0.0,0.493,adjacent_no_overlap
SYN-P0232,MS-123301331-210732,0.0,0.0,6.712,adjacent_no_overlap
SYN-P0232,MS-123301331-313586,0.0,0.0,6.589,adjacent_no_overlap
SYN-P0232,MS-123301331-364367,0.0,0.0,8.784,adjacent_no_overlap
SYN-P0232,MS-123301331-367530,0.000305,0.4582,0.0,partial_overlap
SYN-P0232,MS-123301331-39568,0.0,0.0,7.655,adjacent_no_overlap
SYN-P0232,MS-123301331-474401,0.830246,1489.62,0.0,crosses_boundary
SYN-P0232,MS-123301331-502885,0.0,0.0,4.538,adjacent_no_overlap
SYN-P0233,MS-123301331-159930,0.076857,114.6498,0.0,crosses_boundary
SYN-P0233,MS-123301331-348201,0.254271,683.7891,0.0,crosses_boundary
SYN-P0233,MS-123301331-39592,0.0,0.0,7.207,adjacent_no_overlap
SYN-P0233,MS-123301331-433749,0.015,17.6008,0.0,crosses_boundary
SYN-P0233,MS-123301331-474409,1.0,95.5996,0.0,within_parcel
SYN-P0233,MS-123301331-493460,0.18631,96.7686,0.0,crosses_boundary
SYN-P0233,MS-123301331-544190,0.0,0.0,7.157,adjacent_no_overlap
SYN-P0234,MS-123301331-361154,0.144968,84.4122,0.0,crosses_boundary
SYN-P0234,MS-123301331-430574,0.16142,167.1682,0.0,crosses_boundary
SYN-P0234,MS-123301331-477608,1.0,28.9303,0.0,within_parcel
SYN-P0234,MS-123301331-621518,0.159294,78.5411,0.0,crosses_boundary
SYN-P0235,MS-123301331-254456,0.0,0.0,4.572,adjacent_no_overlap
SYN-P0235,MS-123301331-329449,0.0,0.0,1.59,adjacent_no_overlap
SYN-P0235,MS-123301331-433742,0.020546,24.7414,0.0,crosses_boundary
SYN-P0235,MS-123301331-480769,0.992058,222.1325,0.0,partial_overlap
SYN-P0235,MS-123301331-571624,0.254533,419.3453,0.0,crosses_boundary
SYN-P0236,MS-123301331-215469,0.0,0.0,1.827,adjacent_no_overlap
SYN-P0236,MS-123301331-228445,0.087998,133.0452,0.0,crosses_boundary
SYN-P0236,MS-123301331-348201,0.231319,622.0642,0.0,crosses_boundary
SYN-P0236,MS-123301331-392668,0.0,0.0,0.572,adjacent_no_overlap
SYN-P0236,MS-123301331-480779,0.983345,618.6269,0.0,partial_overlap
SYN-P0236,MS-123301331-531419,0.0,0.0,9.969,adjacent_no_overlap
SYN-P0237,MS-123301331-285381,0.177715,606.4817,0.0,crosses_boundary
SYN-P0237,MS-123301331-298186,0.046101,330.0556,0.0,crosses_boundary
SYN-P0237,MS-123301331-480827,0.521818,37.1893,0.0,partial_overlap
SYN-P0237,MS-123301331-499689,0.0,0.0,3.864,adjacent_no_overlap
SYN-P0237,MS-123301331-615369,0.0,0.0,8.711,adjacent_no_overlap
SYN-P0238,MS-123301331-154079,0.0,0.0,0.642,adjacent_no_overlap
SYN-P0238,MS-123301331-198547,0.0,0.0,2.337,adjacent_no_overlap
SYN-P0238,MS-123301331-310292,0.049861,23.62,0.0,crosses_boundary
SYN-P0238,MS-123301331-41963,0.0,0.0,6.375,adjacent_no_overlap
SYN-P0238,MS-123301331-483987,0.891273,219.9449,0.0,partial_overlap
SYN-P0238,MS-123301331-509370,0.0,0.0,0.106,adjacent_no_overlap
SYN-P0238,MS-123301331-522117,0.0,0.0,4.696,adjacent_no_overlap
SYN-P0238,MS-123301331-571627,0.0,0.0,9.757,adjacent_no_overlap
SYN-P0238,MS-123301331-57919,0.043678,22.5896,0.0,crosses_boundary
SYN-P0239,MS-123301331-154059,0.207404,128.8807,0.0,crosses_boundary
SYN-P0239,MS-123301331-267225,0.0,0.0,9.346,adjacent_no_overlap
SYN-P0239,MS-123301331-367522,0.019551,21.8452,0.0,crosses_boundary
SYN-P0239,MS-123301331-436791,0.0,0.0,5.943,adjacent_no_overlap
SYN-P0239,MS-123301331-465310,0.0,0.0,6.588,adjacent_no_overlap
SYN-P0239,MS-123301331-487062,0.86546,271.3304,0.0,partial_overlap
SYN-P0240,MS-123301331-128437,0.106841,192.9661,0.0,crosses_boundary
SYN-P0240,MS-123301331-20318,0.089285,50.3174,0.0,crosses_boundary
SYN-P0240,MS-123301331-26828,9e-05,0.0514,0.0,partial_overlap
SYN-P0240,MS-123301331-405609,0.056916,50.5367,0.0,crosses_boundary
SYN-P0240,MS-123301331-487069,0.981031,525.6355,0.0,partial_overlap
SYN-P0240,MS-123301331-537840,0.477569,231.7111,0.0,crosses_boundary
SYN-P0241,MS-123301331-102902,0.0,0.0,2.999,adjacent_no_overlap
SYN-P0241,MS-123301331-109274,0.0,0.0,3.504,adjacent_no_overlap
SYN-P0241,MS-123301331-153506,8.4e-05,0.0801,0.0,partial_overlap
SYN-P0241,MS-123301331-307414,0.181182,45.7846,0.0,crosses_boundary
SYN-P0241,MS-123301331-354663,0.0,0.0,2.311,adjacent_no_overlap
SYN-P0241,MS-123301331-357944,0.0,0.0,9.15,adjacent_no_overlap
SYN-P0241,MS-123301331-490264,0.613417,251.246,0.0,crosses_boundary
SYN-P0241,MS-123301331-571640,0.0,0.0,2.994,adjacent_no_overlap
SYN-P0242,MS-123301331-103223,0.0,0.0,4.496,adjacent_no_overlap
SYN-P0242,MS-123301331-370516,0.0,0.0,7.347,adjacent_no_overlap
SYN-P0242,MS-123301331-433749,0.033271,39.0394,0.0,crosses_boundary
SYN-P0242,MS-123301331-474409,0.0,0.0,6.074,adjacent_no_overlap
SYN-P0242,MS-123301331-493460,0.81369,422.6267,0.0,crosses_boundary
SYN-P0242,MS-123301331-544190,0.0,0.0,8.298,adjacent_no_overlap
SYN-P0243,MS-123301331-316794,0.97704,206.1252,0.0,partial_overlap
SYN-P0243,MS-123301331-332725,1.0,48.2501,0.0,within_parcel
SYN-P0243,MS-123301331-376923,0.018566,7.5131,0.0,crosses_boundary
SYN-P0243,MS-123301331-493483,0.931289,35.2154,0.0,partial_overlap
SYN-P0243,MS-123301331-58246,0.0,0.0,1.428,adjacent_no_overlap
SYN-P0243,MS-123301331-615350,0.0,0.0,2.199,adjacent_no_overlap
SYN-P0243,MS-123301331-77190,0.020685,27.9679,0.0,crosses_boundary
SYN-P0244,MS-123301331-279683,0.0,0.0,5.205,adjacent_no_overlap
SYN-P0244,MS-123301331-33016,0.0,0.0,0.188,adjacent_no_overlap
SYN-P0244,MS-123301331-499630,0.344895,671.9793,0.0,crosses_boundary
SYN-P0244,MS-123301331-83604,0.0,0.0,4.806,adjacent_no_overlap
SYN-P0245,MS-123301331-204314,0.0,0.0,8.017,adjacent_no_overlap
SYN-P0245,MS-123301331-402401,0.978449,303.6683,0.0,crosses_boundary
SYN-P0245,MS-123301331-405609,0.0779,69.1687,0.0,crosses_boundary
SYN-P0245,MS-123301331-433749,0.000416,0.4882,0.0,partial_overlap
SYN-P0245,MS-123301331-499637,0.914341,286.8724,0.0,partial_overlap
SYN-P0245,MS-123301331-556862,0.0,0.0,4.781,adjacent_no_overlap
SYN-P0246,MS-123301331-285381,0.019445,66.359,0.0,crosses_boundary
SYN-P0246,MS-123301331-298186,0.078682,563.3078,0.0,crosses_boundary
SYN-P0246,MS-123301331-480827,0.0,0.0,9.802,adjacent_no_overlap
SYN-P0246,MS-123301331-499689,0.658611,105.3019,0.0,partial_overlap
SYN-P0246,MS-123301331-615369,0.595456,481.5241,0.0,partial_overlap
SYN-P0247,MS-123301331-217128,0.000242,0.0945,0.0,partial_overlap
SYN-P0247,MS-123301331-261199,0.0,0.0,8.064,adjacent_no_overlap
SYN-P0247,MS-123301331-370532,0.149025,25.7099,0.0,crosses_boundary
SYN-P0247,MS-123301331-502924,0.900205,337.0218,0.0,crosses_boundary
SYN-P0247,MS-123301331-596197,0.0,0.0,9.269,adjacent_no_overlap
SYN-P0248,MS-123301331-23323,0.0,0.0,4.694,adjacent_no_overlap
SYN-P0248,MS-123301331-294969,0.010329,15.6183,0.0,partial_overlap
SYN-P0248,MS-123301331-427668,0.0,0.0,4.665,adjacent_no_overlap
SYN-P0248,MS-123301331-502951,0.896258,1169.2249,0.0,crosses_boundary
SYN-P0248,MS-123301331-537888,0.101342,196.8799,0.0,crosses_boundary
SYN-P0248,MS-123301331-565195,0.0,0.0,2.819,adjacent_no_overlap
SYN-P0248,MS-123301331-77377,0.005359,1.9886,0.0,crosses_boundary
SYN-P0249,MS-123301331-115341,0.0,0.0,1.423,adjacent_no_overlap
SYN-P0249,MS-123301331-13686,0.282947,228.274,0.0,crosses_boundary
SYN-P0249,MS-123301331-310292,0.000158,0.0747,0.0,partial_overlap
SYN-P0249,MS-123301331-376888,0.329749,221.1719,0.0,crosses_boundary
SYN-P0249,MS-123301331-509370,0.81245,720.7731,0.0,crosses_boundary
SYN-P0249,MS-123301331-509375,0.0,0.0,4.104,adjacent_no_overlap
SYN-P0249,MS-123301331-618545,0.016239,39.9405,0.0,crosses_boundary
SYN-P0250,MS-123301331-310292,0.062935,29.8134,0.0,crosses_boundary
SYN-P0250,MS-123301331-399203,0.0,0.0,3.507,adjacent_no_overlap
SYN-P0250,MS-123301331-471195,0.0,0.0,4.838,adjacent_no_overlap
SYN-P0250,MS-123301331-483987,0.0,0.0,3.725,adjacent_no_overlap
SYN-P0250,MS-123301331-522117,0.929977,225.4889,0.0,crosses_boundary
SYN-P0250,MS-123301331-571627,0.0,0.0,3.623,adjacent_no_overlap
SYN-P0250,MS-123301331-57919,0.082184,42.5045,0.0,crosses_boundary
SYN-P0251,MS-123301331-496570,0.111383,18.2483,0.0,crosses_boundary
SYN-P0251,MS-123301331-52148,0.010655,3.5979,0.0,crosses_boundary
SYN-P0251,MS-123301331-522140,0.967074,236.3055,0.0,partial_overlap
SYN-P0251,MS-123301331-561862,0.730617,384.8731,0.0,partial_overlap
SYN-P0251,MS-123301331-565159,0.096335,8.9146,0.0,crosses_boundary
SYN-P0251,MS-123301331-96973,0.0,0.0,1.81,adjacent_no_overlap
SYN-P0251,MS-123301331-96983,0.474324,63.7763,0.0,crosses_boundary
SYN-P0252,MS-123301331-109171,0.006242,9.1119,0.0,crosses_boundary
SYN-P0252,MS-123301331-41937,0.74385,161.9573,0.0,partial_overlap
SYN-P0252,MS-123301331-430574,0.0,0.0,9.953,adjacent_no_overlap
SYN-P0252,MS-123301331-528295,0.873466,311.2518,0.0,partial_overlap
SYN-P0252,MS-123301331-77259,0.0,0.0,7.961,adjacent_no_overlap
SYN-P0253,MS-123301331-204280,0.505325,214.656,0.0,partial_overlap
SYN-P0253,MS-123301331-210710,0.52454,236.9273,0.0,crosses_boundary
SYN-P0253,MS-123301331-418262,0.0,0.0,6.276,adjacent_no_overlap
SYN-P0253,MS-123301331-522103,0.110625,179.2043,0.0,crosses_boundary
SYN-P0253,MS-123301331-531398,0.986401,196.5294,0.0,partial_overlap
SYN-P0253,MS-123301331-541033,0.0,0.0,9.148,adjacent_no_overlap
SYN-P0253,MS-123301331-624344,0.0,0.0,3.766,adjacent_no_overlap
SYN-P0254,MS-123301331-534706,1.0,29.4152,0.0,within_parcel
SYN-P0254,MS-123301331-537841,0.0,0.0,0.219,adjacent_no_overlap
SYN-P0255,MS-123301331-153506,0.0,0.0,1.883,adjacent_no_overlap
SYN-P0255,MS-123301331-357944,0.011305,3.5927,0.0,crosses_boundary
SYN-P0255,MS-123301331-364380,0.180406,212.8052,0.0,crosses_boundary
SYN-P0255,MS-123301331-367548,0.0,0.0,8.571,adjacent_no_overlap
SYN-P0255,MS-123301331-373615,0.0,0.0,6.775,adjacent_no_overlap
SYN-P0255,MS-123301331-534717,0.823947,275.6694,0.0,crosses_boundary
SYN-P0255,MS-123301331-568392,0.0,0.0,7.423,adjacent_no_overlap
SYN-P0255,MS-123301331-571640,0.0,0.0,8.733,adjacent_no_overlap
SYN-P0255,MS-123301331-587430,0.002417,1.3415,0.0,crosses_boundary
SYN-P0256,MS-123301331-154059,0.0,0.0,3.911,adjacent_no_overlap
SYN-P0256,MS-123301331-418262,0.204147,202.8028,0.0,crosses_boundary
SYN-P0256,MS-123301331-424453,0.046642,15.0209,0.0,crosses_boundary
SYN-P0256,MS-123301331-537827,0.924083,33.784,0.0,partial_overlap
SYN-P0256,MS-123301331-544173,0.678822,958.1149,0.0,crosses_boundary
SYN-P0256,MS-123301331-624344,0.568006,169.9922,0.0,crosses_boundary
SYN-P0257,MS-123301331-534706,0.0,0.0,1.969,adjacent_no_overlap
SYN-P0257,MS-123301331-537841,0.890862,59.2575,0.0,partial_overlap
SYN-P0257,MS-123301331-556846,0.073978,970.4813,0.0,crosses_boundary
SYN-P0258,MS-123301331-154059,0.0,0.0,9.431,adjacent_no_overlap
SYN-P0258,MS-123301331-210710,0.47546,214.7587,0.0,crosses_boundary
SYN-P0258,MS-123301331-279968,0.137582,38.4587,0.0,crosses_boundary
SYN-P0258,MS-123301331-418262,0.0,0.0,4.473,adjacent_no_overlap
SYN-P0258,MS-123301331-522103,0.0,0.0,4.208,adjacent_no_overlap
SYN-P0258,MS-123301331-541033,0.965066,543.8588,0.0,partial_overlap
SYN-P0258,MS-123301331-58174,0.000738,0.8425,0.0,partial_overlap
SYN-P0258,MS-123301331-590264,0.31417,184.855,0.0,crosses_boundary
SYN-P0259,MS-123301331-215557,0.0,0.0,4.236,adjacent_no_overlap
SYN-P0259,MS-123301331-541088,1.0,43.7087,0.0,within_parcel
SYN-P0260,MS-123301331-103223,0.133628,66.223,0.0,crosses_boundary
SYN-P0260,MS-123301331-370516,0.0,0.0,9.923,adjacent_no_overlap
SYN-P0260,MS-123301331-39592,0.021066,15.1533,0.0,crosses_boundary
SYN-P0260,MS-123301331-493460,0.0,0.0,1.972,adjacent_no_overlap
SYN-P0260,MS-123301331-544190,0.993284,241.7176,0.0,crosses_boundary
SYN-P0261,MS-123301331-147200,0.15057,100.3048,0.0,crosses_boundary
SYN-P0261,MS-123301331-279729,0.0,0.0,8.928,adjacent_no_overlap
SYN-P0261,MS-123301331-547495,1.0,191.3502,0.0,crosses_boundary
SYN-P0261,MS-123301331-90403,0.024198,9.7647,0.0,crosses_boundary
SYN-P0261,MS-123301331-96973,0.0,0.0,8.795,adjacent_no_overlap
SYN-P0262,MS-123301331-13770,0.0,0.0,8.107,adjacent_no_overlap
SYN-P0262,MS-123301331-351462,0.0,0.0,1.183,adjacent_no_overlap
SYN-P0262,MS-123301331-465345,0.0,0.0,6.88,adjacent_no_overlap
SYN-P0262,MS-123301331-550663,1.0,226.0547,0.0,within_parcel
SYN-P0262,MS-123301331-599561,0.280911,66.1117,0.0,crosses_boundary
SYN-P0263,MS-123301331-121801,0.86019,7289.2653,0.0,partial_overlap
SYN-P0263,MS-123301331-179404,1.0,97.789,0.0,within_parcel
SYN-P0263,MS-123301331-228405,0.084126,128.0295,0.0,crosses_boundary
SYN-P0263,MS-123301331-389432,1.0,66.4043,0.0,within_parcel
SYN-P0263,MS-123301331-3947,0.262171,424.3461,0.0,partial_overlap
SYN-P0263,MS-123301331-556846,0.917829,12040.5949,0.0,crosses_boundary
SYN-P0264,MS-123301331-351419,0.0,0.0,0.759,adjacent_no_overlap
SYN-P0264,MS-123301331-402392,0.60187,24.426,0.0,partial_overlap
SYN-P0264,MS-123301331-433742,0.0,0.0,7.08,adjacent_no_overlap
SYN-P0264,MS-123301331-440046,0.023912,32.3243,0.0,crosses_boundary
SYN-P0264,MS-123301331-522113,0.14018,80.3672,0.0,crosses_boundary
SYN-P0264,MS-123301331-556854,1.0,493.6188,0.0,within_parcel
SYN-P0264,MS-123301331-624349,0.981316,394.2118,0.0,partial_overlap
SYN-P0265,MS-123301331-261229,0.012013,5.4205,0.0,crosses_boundary
SYN-P0265,MS-123301331-261231,0.0,0.0,0.925,adjacent_no_overlap
SYN-P0265,MS-123301331-267311,0.0,0.0,9.379,adjacent_no_overlap
SYN-P0265,MS-123301331-273393,0.080037,14.7083,0.0,crosses_boundary
SYN-P0265,MS-123301331-559702,0.976247,181.7758,0.0,crosses_boundary
SYN-P0265,MS-123301331-83712,0.0,0.0,0.31,adjacent_no_overlap
SYN-P0266,MS-123301331-279729,0.0,0.0,8.167,adjacent_no_overlap
SYN-P0266,MS-123301331-386255,0.0,0.0,0.902,adjacent_no_overlap
SYN-P0266,MS-123301331-52148,0.0,0.0,5.73,adjacent_no_overlap
SYN-P0266,MS-123301331-522140,0.0,0.0,7.614,adjacent_no_overlap
SYN-P0266,MS-123301331-565162,1.0,72.1509,0.0,within_parcel
SYN-P0266,MS-123301331-618573,0.093734,38.1621,0.0,crosses_boundary
SYN-P0267,MS-123301331-10265,0.397945,60.7154,0.0,crosses_boundary
SYN-P0267,MS-123301331-109239,0.0,0.0,5.818,adjacent_no_overlap
SYN-P0267,MS-123301331-141495,0.009331,9.0111,0.0,crosses_boundary
SYN-P0267,MS-123301331-147216,0.0,0.0,3.412,adjacent_no_overlap
SYN-P0267,MS-123301331-166628,0.0,0.0,3.813,adjacent_no_overlap
SYN-P0267,MS-123301331-348217,0.574817,63.4992,0.0,crosses_boundary
SYN-P0267,MS-123301331-361187,0.0,0.0,5.467,adjacent_no_overlap
SYN-P0267,MS-123301331-565167,0.740894,98.4848,0.0,partial_overlap
SYN-P0267,MS-123301331-605848,0.0,0.0,3.148,adjacent_no_overlap
SYN-P0267,MS-123301331-83682,0.0,0.0,4.551,adjacent_no_overlap
SYN-P0268,MS-123301331-301314,0.0,0.0,1.343,adjacent_no_overlap
SYN-P0268,MS-123301331-468034,0.494182,248.7685,0.0,crosses_boundary
SYN-P0268,MS-123301331-565187,1.0,163.1408,0.0,within_parcel
SYN-P0268,MS-123301331-581245,0.0,0.0,0.033,adjacent_no_overlap
SYN-P0269,MS-123301331-217154,1.0,40.4853,0.0,within_parcel
SYN-P0269,MS-123301331-310330,1.0,58.5673,0.0,within_parcel
SYN-P0269,MS-123301331-351465,0.0,0.0,3.096,adjacent_no_overlap
SYN-P0269,MS-123301331-565189,1.0,27.6576,0.0,within_parcel
SYN-P0270,MS-123301331-173045,0.040976,55.3632,0.0,crosses_boundary
SYN-P0270,MS-123301331-23319,0.943675,199.2965,0.0,partial_overlap
SYN-P0270,MS-123301331-23323,0.0,0.0,1.222,adjacent_no_overlap
SYN-P0270,MS-123301331-502951,0.157929,206.0286,0.0,crosses_boundary
SYN-P0270,MS-123301331-565195,0.977545,366.4373,0.0,partial_overlap
SYN-P0270,MS-123301331-596224,0.179801,96.705,0.0,crosses_boundary
SYN-P0271,MS-123301331-140618,0.0,0.0,4.159,adjacent_no_overlap
SYN-P0271,MS-123301331-248500,0.0,0.0,7.55,adjacent_no_overlap
SYN-P0271,MS-123301331-364380,0.553488,652.8877,0.0,crosses_boundary
SYN-P0271,MS-123301331-373615,0.0,0.0,4.303,adjacent_no_overlap
SYN-P0271,MS-123301331-405632,0.0,0.0,6.995,adjacent_no_overlap
SYN-P0271,MS-123301331-534717,0.0,0.0,3.413,adjacent_no_overlap
SYN-P0271,MS-123301331-568392,1.0,142.3508,0.0,within_parcel
SYN-P0271,MS-123301331-64389,0.766936,507.0586,0.0,crosses_boundary
SYN-P0272,MS-123301331-221953,0.028088,5.7071,0.0,crosses_boundary
SYN-P0272,MS-123301331-443105,0.082436,707.9624,0.0,crosses_boundary
SYN-P0272,MS-123301331-568428,0.824077,412.7041,0.0,crosses_boundary
SYN-P0272,MS-123301331-581245,0.0,0.0,6.645,adjacent_no_overlap
SYN-P0272,MS-123301331-96508,0.0,0.0,6.967,adjacent_no_overlap
SYN-P0273,MS-123301331-329449,0.0,0.0,2.103,adjacent_no_overlap
SYN-P0273,MS-123301331-348185,0.0,0.0,1.132,adjacent_no_overlap
SYN-P0273,MS-123301331-480769,0.0,0.0,7.06,adjacent_no_overlap
SYN-P0273,MS-123301331-52082,0.0,0.0,5.946,adjacent_no_overlap
SYN-P0273,MS-123301331-571624,0.681825,1123.3128,0.0,crosses_boundary
SYN-P0274,MS-123301331-26828,0.0,0.0,2.849,adjacent_no_overlap
SYN-P0274,MS-123301331-402394,0.473614,151.7664,0.0,crosses_boundary
SYN-P0274,MS-123301331-45742,0.0,0.0,6.598,adjacent_no_overlap
SYN-P0274,MS-123301331-471195,0.0,0.0,2.37,adjacent_no_overlap
SYN-P0274,MS-123301331-571627,0.876109,484.9416,0.0,crosses_boundary
SYN-P0274,MS-123301331-57919,0.040739,21.0696,0.0,crosses_boundary
SYN-P0275,MS-123301331-153506,0.127192,121.1496,0.0,crosses_boundary
SYN-P0275,MS-123301331-354663,0.0,0.0,2.839,adjacent_no_overlap
SYN-P0275,MS-123301331-357944,0.251222,79.8365,0.0,crosses_boundary
SYN-P0275,MS-123301331-490264,0.000692,0.2836,0.0,partial_overlap
SYN-P0275,MS-123301331-534717,0.0,0.0,0.797,adjacent_no_overlap
SYN-P0275,MS-123301331-571640,0.855684,86.2648,0.0,crosses_boundary
SYN-P0276,MS-123301331-102972,0.0,0.0,1.744,adjacent_no_overlap
SYN-P0276,MS-123301331-127474,0.0,0.0,6.184,adjacent_no_overlap
SYN-P0276,MS-123301331-341845,0.211898,299.6546,0.0,crosses_boundary
SYN-P0276,MS-123301331-440101,0.0,0.0,0.618,adjacent_no_overlap
SYN-P0276,MS-123301331-571681,0.908299,582.185,0.0,crosses_boundary
SYN-P0276,MS-123301331-77232,0.0,0.0,6.102,adjacent_no_overlap
SYN-P0277,MS-123301331-29523,0.0,0.0,5.572,adjacent_no_overlap
SYN-P0277,MS-123301331-3947,0.0,0.0,9.63,adjacent_no_overlap
SYN-P0277,MS-123301331-577943,0.872246,1094.0221,0.0,crosses_boundary
SYN-P0278,MS-123301331-103223,0.002314,1.147,0.0,crosses_boundary
SYN-P0278,MS-123301331-134000,0.0,0.0,8.206,adjacent_no_overlap
SYN-P0278,MS-123301331-273327,0.0,0.0,2.936,adjacent_no_overlap
SYN-P0278,MS-123301331-29529,0.283516,80.3185,0.0,crosses_boundary
SYN-P0278,MS-123301331-370516,0.413605,1029.5994,0.0,crosses_boundary
SYN-P0278,MS-123301331-39592,0.0,0.0,2.417,adjacent_no_overlap
SYN-P0278,MS-123301331-415236,0.0,0.0,6.975,adjacent_no_overlap
SYN-P0278,MS-123301331-474406,0.000269,1.0424,0.0,crosses_boundary
SYN-P0278,MS-123301331-581200,0.915425,384.1726,0.0,partial_overlap
SYN-P0278,MS-123301331-618552,0.358532,189.9054,0.0,crosses_boundary
SYN-P0279,MS-123301331-221935,0.0,0.0,0.707,adjacent_no_overlap
SYN-P0279,MS-123301331-332730,0.483966,111.7429,0.0,partial_overlap
SYN-P0279,MS-123301331-392693,0.0,0.0,5.756,adjacent_no_overlap
SYN-P0279,MS-123301331-440090,0.0,0.0,3.664,adjacent_no_overlap
SYN-P0279,MS-123301331-509409,0.0,0.0,1.872,adjacent_no_overlap
SYN-P0279,MS-123301331-581241,0.899384,164.6781,0.0,crosses_boundary
SYN-P0279,MS-123301331-64178,0.0,0.0,0.162,adjacent_no_overlap
SYN-P0280,MS-123301331-191536,0.028192,51.1439,0.0,crosses_boundary
SYN-P0280,MS-123301331-298189,0.031322,10.3964,0.0,crosses_boundary
SYN-P0280,MS-123301331-443105,0.0,0.0,7.59,adjacent_no_overlap
SYN-P0280,MS-123301331-581252,1.0,44.1803,0.0,within_parcel
SYN-P0280,MS-123301331-90473,0.0,0.0,0.323,adjacent_no_overlap
SYN-P0281,MS-123301331-121877,0.110264,48.0609,0.0,partial_overlap
SYN-P0281,MS-123301331-128469,0.0,0.0,5.743,adjacent_no_overlap
SYN-P0281,MS-123301331-236368,0.004638,3.7408,0.0,crosses_boundary
SYN-P0281,MS-123301331-480791,0.974295,124.6424,0.0,crosses_boundary
SYN-P0281,MS-123301331-541059,0.801023,230.838,0.0,crosses_boundary
SYN-P0281,MS-123301331-58214,0.0,0.0,4.178,adjacent_no_overlap
SYN-P0281,MS-123301331-584403,0.847813,195.9445,0.0,crosses_boundary
SYN-P0281,MS-123301331-83672,0.0,0.0,5.132,adjacent_no_overlap
SYN-P0282,MS-123301331-51303,0.0,0.0,1.949,adjacent_no_overlap
SYN-P0282,MS-123301331-587445,0.874359,97.5609,0.0,crosses_boundary
SYN-P0283,MS-123301331-121883,0.0,0.0,5.105,adjacent_no_overlap
SYN-P0283,MS-123301331-248500,0.002722,3.5762,0.0,crosses_boundary
SYN-P0283,MS-123301331-405632,0.023398,22.0483,0.0,crosses_boundary
SYN-P0283,MS-123301331-590285,0.936047,567.777,0.0,partial_overlap
SYN-P0283,MS-123301331-609034,0.0,0.0,2.534,adjacent_no_overlap
SYN-P0284,MS-123301331-179909,1.0,32.7461,0.0,within_parcel
SYN-P0284,MS-123301331-590298,0.990191,438.3269,0.0,partial_overlap
SYN-P0285,MS-123301331-103273,0.649188,164.8343,0.0,crosses_boundary
SYN-P0285,MS-123301331-376923,0.0,0.0,2.933,adjacent_no_overlap
SYN-P0285,MS-123301331-4035,0.0,0.0,3.9,adjacent_no_overlap
SYN-P0285,MS-123301331-415258,0.0,0.0,8.019,adjacent_no_overlap
SYN-P0285,MS-123301331-418312,0.0,0.0,4.43,adjacent_no_overlap
SYN-P0285,MS-123301331-42029,0.0,0.0,7.146,adjacent_no_overlap
SYN-P0285,MS-123301331-593023,0.964364,268.5738,0.0,crosses_boundary
SYN-P0286,MS-123301331-261199,0.184691,48.1418,0.0,crosses_boundary
SYN-P0286,MS-123301331-502924,0.0,0.0,1.803,adjacent_no_overlap
SYN-P0286,MS-123301331-596197,0.688707,39.6353,0.0,partial_overlap
SYN-P0287,MS-123301331-248099,0.0,0.0,9.862,adjacent_no_overlap
SYN-P0287,MS-123301331-261199,0.0,0.0,2.789,adjacent_no_overlap
SYN-P0287,MS-123301331-329476,0.659983,217.7937,0.0,crosses_boundary
SYN-P0287,MS-123301331-502924,0.0,0.0,1.109,adjacent_no_overlap
SYN-P0287,MS-123301331-52148,0.0,0.0,9.985,adjacent_no_overlap
SYN-P0287,MS-123301331-599553,0.983761,58.1877,0.0,partial_overlap
SYN-P0288,MS-123301331-121520,0.018974,19.3513,0.0,crosses_boundary
SYN-P0288,MS-123301331-134000,0.484086,534.9346,0.0,crosses_boundary
SYN-P0288,MS-123301331-273327,0.0,0.0,5.702,adjacent_no_overlap
SYN-P0288,MS-123301331-348201,0.005721,15.3862,0.0,crosses_boundary
SYN-P0288,MS-123301331-39592,0.0,0.0,0.595,adjacent_no_overlap
SYN-P0288,MS-123301331-587419,0.982211,54.6967,0.0,partial_overlap
SYN-P0288,MS-123301331-602655,1.0,121.8524,0.0,within_parcel
SYN-P0288,MS-123301331-618552,0.0,0.0,7.321,adjacent_no_overlap
SYN-P0289,MS-123301331-147164,0.0,0.0,3.553,adjacent_no_overlap
SYN-P0289,MS-123301331-185546,0.0,0.0,2.376,adjacent_no_overlap
SYN-P0289,MS-123301331-215469,0.054127,82.4633,0.0,crosses_boundary
SYN-P0289,MS-123301331-462333,0.0,0.0,9.363,adjacent_no_overlap
SYN-P0289,MS-123301331-605828,0.877091,562.5888,0.0,crosses_boundary
SYN-P0290,MS-123301331-20306,0.350308,183.9397,0.0,crosses_boundary
SYN-P0290,MS-123301331-204302,0.136802,75.1613,0.0,crosses_boundary
SYN-P0290,MS-123301331-248045,0.0,0.0,8.402,adjacent_no_overlap
SYN-P0290,MS-123301331-307395,0.396718,183.9602,0.0,crosses_boundary
SYN-P0290,MS-123301331-402394,0.32201,103.1859,0.0,crosses_boundary
SYN-P0290,MS-123301331-471195,0.0,0.0,0.277,adjacent_no_overlap
SYN-P0290,MS-123301331-47637,0.0,0.0,4.095,adjacent_no_overlap
SYN-P0290,MS-123301331-571627,0.0,0.0,6.263,adjacent_no_overlap
SYN-P0290,MS-123301331-609010,0.96833,22.3154,0.0,partial_overlap
SYN-P0291,MS-123301331-109197,0.041347,31.8112,0.0,crosses_boundary
SYN-P0291,MS-123301331-134939,0.008538,5.1187,0.0,crosses_boundary
SYN-P0291,MS-123301331-351421,0.096755,12.6176,0.0,crosses_boundary
SYN-P0291,MS-123301331-370516,0.174021,433.1957,0.0,crosses_boundary
SYN-P0291,MS-123301331-474406,0.003888,15.0427,0.0,crosses_boundary
SYN-P0291,MS-123301331-568379,0.892352,239.8325,0.0,crosses_boundary
SYN-P0291,MS-123301331-612231,0.895835,59.3625,0.0,partial_overlap
SYN-P0292,MS-123301331-285381,0.00731,24.948,0.0,crosses_boundary
SYN-P0292,MS-123301331-298186,0.112564,805.8848,0.0,crosses_boundary
SYN-P0292,MS-123301331-612284,1.0,69.3275,0.0,within_parcel
SYN-P0293,MS-123301331-316794,0.0,0.0,6.917,adjacent_no_overlap
SYN-P0293,MS-123301331-376923,0.108739,44.0028,0.0,crosses_boundary
SYN-P0293,MS-123301331-465345,0.0,0.0,6.41,adjacent_no_overlap
SYN-P0293,MS-123301331-471237,0.269303,5.3694,0.0,crosses_boundary
SYN-P0293,MS-123301331-493483,0.0,0.0,2.165,adjacent_no_overlap
SYN-P0293,MS-123301331-58246,0.911453,356.8223,0.0,crosses_boundary
SYN-P0293,MS-123301331-615350,0.952124,42.9967,0.0,partial_overlap
SYN-P0293,MS-123301331-77190,0.0,0.0,6.82,adjacent_no_overlap
SYN-P0294,MS-123301331-147200,0.00639,4.257,0.0,crosses_boundary
SYN-P0294,MS-123301331-279729,0.0,0.0,4.394,adjacent_no_overlap
SYN-P0294,MS-123301331-386255,0.0,0.0,4.849,adjacent_no_overlap
SYN-P0294,MS-123301331-565162,0.0,0.0,3.502,adjacent_no_overlap
SYN-P0294,MS-123301331-618573,0.746099,303.7605,0.0,crosses_boundary
SYN-P0295,MS-123301331-128425,0.344804,146.2277,0.0,crosses_boundary
SYN-P0295,MS-123301331-20306,0.0,0.0,3.66,adjacent_no_overlap
SYN-P0295,MS-123301331-204302,0.0,0.0,2.515,adjacent_no_overlap
SYN-P0295,MS-123301331-354640,0.048092,28.577,0.0,crosses_boundary
SYN-P0295,MS-123301331-474401,0.0,0.0,8.374,adjacent_no_overlap
SYN-P0295,MS-123301331-47637,0.0,0.0,1.727,adjacent_no_overlap
SYN-P0295,MS-123301331-502885,3e-06,0.0017,0.0,partial_overlap
SYN-P0295,MS-123301331-621522,1.0,32.8568,0.0,within_parcel
SYN-P0296,MS-123301331-621558,1.0,27.684,0.0,within_parcel
SYN-P0297,MS-123301331-291837,0.0,0.0,4.81,adjacent_no_overlap
SYN-P0297,MS-123301331-341845,0.012723,17.9917,0.0,crosses_boundary
SYN-P0297,MS-123301331-443105,0.00222,19.0685,0.0,crosses_boundary
SYN-P0297,MS-123301331-474449,0.0,0.0,0.704,adjacent_no_overlap
SYN-P0297,MS-123301331-624401,0.996285,805.8922,0.0,crosses_boundary
SYN-P0298,MS-123301331-109197,0.0,0.0,6.735,adjacent_no_overlap
SYN-P0298,MS-123301331-254456,0.0,0.0,9.381,adjacent_no_overlap
SYN-P0298,MS-123301331-440046,0.0,0.0,6.818,adjacent_no_overlap
SYN-P0298,MS-123301331-462326,0.622356,117.039,0.0,crosses_boundary
SYN-P0298,MS-123301331-627466,0.602725,1021.6668,0.0,crosses_boundary
SYN-P0299,MS-123301331-23269,0.0,0.0,5.933,adjacent_no_overlap
SYN-P0299,MS-123301331-33068,0.038952,33.5828,0.0,crosses_boundary
SYN-P0299,MS-123301331-376901,0.0,0.0,0.055,adjacent_no_overlap
SYN-P0299,MS-123301331-440069,0.015945,8.7617,0.0,crosses_boundary
SYN-P0299,MS-123301331-627486,0.783319,145.1787,0.0,crosses_boundary
SYN-P0300,MS-123301331-10301,0.010096,1.8528,0.0,crosses_boundary
SYN-P0300,MS-123301331-197938,0.151486,710.5029,0.0,crosses_boundary
SYN-P0300,MS-123301331-307441,0.000218,0.0458,0.0,partial_overlap
SYN-P0300,MS-123301331-506140,0.143188,32.8863,0.0,crosses_boundary
SYN-P0300,MS-123301331-627520,1.0,275.8725,0.0,within_parcel
