{
"type": "FeatureCollection",
"name": "parcels",
"crs": { "type": "name", "properties": { "name": "urn:ogc:def:crs:OGC:1.3:CRS84" } },
"features": [
{ "type": "Feature", "properties": { "parcel_id": "SYN-P0001", "survey_number": "7402/A", "survey_subdivision": "A", "district": "DEMO-RANGAREDDY", "mandal": "DEMO-GACHIBOWLI", "village": "DEMO-KONDAPUR", "ward": "DEMO-WARD-02", "door_number": "101", "address": "Plot 8780, Demo Street 1, Kondapur", "area_sqm": 1607.1342, "land_use": "residential", "source": "BhuSetu synthetic integrated benchmark v1 (parcel registry)", "synthetic": true, "geometry_status": "reference" }, "geometry": { "type": "MultiPolygon", "coordinates": [ [ [ [ 78.350738849834883, 17.460444618495988 ], [ 78.351047958697023, 17.46027860736697 ], [ 78.351100988472993, 17.460223297924706 ], [ 78.350988384495608, 17.459964749216603 ], [ 78.350704915540391, 17.460116232920313 ], [ 78.350604989409547, 17.460176322346282 ], [ 78.350593214565635, 17.460193632235491 ], [ 78.350738849834883, 17.460444618495988 ] ] ], [ [ [ 78.350825683835467, 17.460510436901185 ], [ 78.350925236904857, 17.460406604573322 ], [ 78.350785304795892, 17.460481756939387 ], [ 78.350801992848176, 17.46050961202841 ], [ 78.350825683835467, 17.460510436901185 ] ] ] ] } },
{ "type": "Feature", "properties": { "parcel_id": "SYN-P0002", "survey_number": "6599/B", "survey_subdivision": "B", "district": "DEMO-RANGAREDDY", "mandal": "DEMO-MADHAPUR", "village": "DEMO-KONDAPUR", "ward": "DEMO-WARD-03", "door_number": "102", "address": "Plot 9292, Demo Street 2, Kondapur", "area_sqm": 1622.8985, "land_use": "commercial", "source": "BhuSetu synthetic integrated benchmark v1 (parcel registry)", "synthetic": true, "geometry_status": "reference" }, "geometry": { "type": "MultiPolygon", "coordinates": [ [ [ [ 78.363073004359094, 17.450898466282858 ], [ 78.36336611574545, 17.450887053854419 ], [ 78.363205121447123, 17.450381643997204 ], [ 78.36308420186765, 17.450484800084219 ], [ 78.363068388184573, 17.450527438191724 ], [ 78.363073004359094, 17.450898466282858 ] ] ], [ [ [ 78.363074285023515, 17.451001401834716 ], [ 78.363104348432785, 17.451033726250987 ], [ 78.36312002882535, 17.451018656171907 ], [ 78.363122129142866, 17.451016830774147 ], [ 78.363124409551418, 17.451015216690813 ], [ 78.363126847070461, 17.451013830187591 ], [ 78.36312941713625, 17.451012685236801 ], [ 78.363132093849373, 17.451011793376487 ], [ 78.363134850235582, 17.45101116359427 ], [ 78.363137658517815, 17.45101080223667 ], [ 78.363140490396006, 17.451010712945223 ], [ 78.363428278534656, 17.451015512741673 ], [ 78.363458104631491, 17.451015986176504 ], [ 78.363431660364952, 17.450943829009201 ], [ 78.363402390450972, 17.450939868313846 ], [ 78.36307367869226, 17.450952666873231 ], [ 78.363074285023515, 17.451001401834716 ] ] ], [ [ [ 78.363208530748722, 17.451145743792249 ], [ 78.363388690728016, 17.451069042988614 ], [ 78.363151498209362, 17.451065087012196 ], [ 78.363142002964935, 17.451074212682467 ], [ 78.363208530748722, 17.451145743792249 ] ] ] ] } },
{ "type": "Feature", "properties": { "parcel_id": "SYN-P0003", "survey_number": "2590/C", "survey_subdivision": "C", "district": "DEMO-RANGAREDDY", "mandal": "DEMO-SERILINGAMPALLY", "village": "DEMO-KONDAPUR", "ward": "DEMO-WARD-04", "door_number": "103", "address": "Plot 9159, Demo Street 3, Kondapur", "area_sqm": 414.4712, "land_use": "mixed_use", "source": "BhuSetu synthetic integrated benchmark v1 (parcel registry)", "synthetic": true, "geometry_status": "reference" }, "geometry": { "type": "Polygon", "coordinates": [ [ [ 78.359068834685971, 17.450427599311187 ], [ 78.359155512296795, 17.450305058520254 ], [ 78.359115699503022, 17.450209541365581 ], [ 78.35889948159803, 17.450350634787796 ], [ 78.358889000951336, 17.450444680672561 ], [ 78.359068834685971, 17.450427599311187 ] ] ] } },
{ "type": "Feature", "properties": { "parcel_id": "SYN-P0004", "survey_number": "1352/A", "survey_subdivision": "A", "district": "DEMO-RANGAREDDY", "mandal": "DEMO-GACHIBOWLI", "village": "DEMO-KONDAPUR", "ward": "DEMO-WARD-05", "door_number": "104", "address": "Plot 2184, Demo Street 4, Kondapur", "area_sqm": 5369.2745, "land_use": "residential", "source": "BhuSetu synthetic integrated benchmark v1 (parcel registry)", "synthetic": true, "geometry_status": "reference" }, "geometry": { "type": "MultiPolygon", "coordinates": [ [ [ [ 78.360896124552426, 17.45303991109499 ], [ 78.361354770236474, 17.451992013147272 ], [ 78.361295964841759, 17.451960567048783 ], [ 78.361140741466087, 17.451877592402806 ], [ 78.360451739041892, 17.453002841688889 ], [ 78.360896124552426, 17.45303991109499 ] ] ], [ [ [ 78.361390305353012, 17.451910823082613 ], [ 78.361366671303358, 17.451898493037646 ], [ 78.361348914644196, 17.451926858070543 ], [ 78.361376768146698, 17.451941752685585 ], [ 78.361390305353012, 17.451910823082613 ] ] ], [ [ [ 78.361463152889627, 17.451744381907346 ], [ 78.361395773227756, 17.451852006860026 ], [ 78.361412278988141, 17.451860618026657 ], [ 78.361463152889627, 17.451744381907346 ] ] ], [ [ [ 78.361372742127912, 17.451498694668054 ], [ 78.361213715334472, 17.451758413515279 ], [ 78.361346029941217, 17.451826266685764 ], [ 78.361526039901804, 17.451538738063526 ], [ 78.361372742127912, 17.451498694668054 ] ] ], [ [ [ 78.361169351390146, 17.451830867497215 ], [ 78.361299572536751, 17.451900477203356 ], [ 78.361316918320767, 17.451872768526087 ], [ 78.361185089496743, 17.451805164460275 ], [ 78.361169351390146, 17.451830867497215 ] ] ] ] } },
{ "type": "Feature", "properties": { "parcel_id": "SYN-P0005", "survey_number": "6345/B", "survey_subdivision": "B", "district": "DEMO-RANGAREDDY", "mandal": "DEMO-MADHAPUR", "village": "DEMO-KONDAPUR", "ward": "DEMO-WARD-06", "door_number": "105", "address": "Plot 3548, Demo Street 5, Kondapur", "area_sqm": 15109.6839, "land_use": "commercial", "source": "BhuSetu synthetic integrated benchmark v1 (parcel registry)", "synthetic": true, "geometry_status": "reference" }, "geometry": { "type": "MultiPolygon", "coordinates": [ [ [ [ 78.362905602869844, 17.460177021769447 ], [ 78.363172369123561, 17.460542473467623 ], [ 78.364000006981982, 17.460302605690572 ], [ 78.36400000973353, 17.459408897904183 ], [ 78.362883999995205, 17.459806298437737 ], [ 78.362905602869844, 17.460177021769447 ] ] ], [ [ [ 78.363396461335327, 17.460849463372437 ], [ 78.364000003278989, 17.461271358507926 ], [ 78.364000006786242, 17.460359204491134 ], [ 78.363206469852713, 17.460589189040494 ], [ 78.363396461335327, 17.460849463372437 ] ] ] ] } },
{ "type": "Feature", "properties": { "parcel_id": "SYN-P0006", "survey_number": "3556/C", "survey_subdivision": "C", "district": "DEMO-RANGAREDDY", "mandal": "DEMO-SERILINGAMPALLY", "village": "DEMO-KONDAPUR", "ward": "DEMO-WARD-07", "door_number": "106", "address": "Plot 754, Demo Street 6, Kondapur", "area_sqm": 467.2957, "land_use": "mixed_use", "source": "BhuSetu synthetic integrated benchmark v1 (parcel registry)", "synthetic": true, "geometry_status": "reference" }, "geometry": { "type": "MultiPolygon", "coordinates": [ [ [ [ 78.362427069800106, 17.451908991991495 ], [ 78.36244863424146, 17.451854311124276 ], [ 78.362205515339397, 17.451626253778272 ], [ 78.362117716403688, 17.451770980620143 ], [ 78.362427069800106, 17.451908991991495 ] ] ], [ [ [ 78.362579349510341, 17.451976928072522 ], [ 78.362492694098151, 17.451895641326562 ], [ 78.362478398335853, 17.451931891051725 ], [ 78.362579349510341, 17.451976928072522 ] ] ] ] } },
{ "type": "Feature", "properties": { "parcel_id": "SYN-P0007", "survey_number": "8387/A", "survey_subdivision": "A", "district": "DEMO-RANGAREDDY", "mandal": "DEMO-GACHIBOWLI", "village": "DEMO-KONDAPUR", "ward": "DEMO-WARD-08", "door_number": "107", "address": "Plot 4544, Demo Street 7, Kondapur", "area_sqm": 896.7035, "land_use": "residential", "source": "BhuSetu synthetic integrated benchmark v1 (parcel registry)", "synthetic": true, "geometry_status": "reference" }, "geometry": { "type": "MultiPolygon", "coordinates": [ [ [ [ 78.353185156022789, 17.461422623666092 ], [ 78.353377469187222, 17.461322416481959 ], [ 78.353380956312648, 17.461316549908528 ], [ 78.353366273955587, 17.461278268440207 ], [ 78.353209667456298, 17.461022452731154 ], [ 78.353070123771786, 17.461102466685233 ], [ 78.353102777228443, 17.461351497597523 ], [ 78.353184289285338, 17.461422424587624 ], [ 78.353185156022789, 17.461422623666092 ] ] ], [ [ [ 78.353301958645815, 17.461449451690822 ], [ 78.353324380014953, 17.461411731110331 ], [ 78.353267276419501, 17.461441485647789 ], [ 78.353301958645815, 17.461449451690822 ] ] ] ] } },
{ "type": "Feature", "properties": { "parcel_id": "SYN-P0008", "survey_number": "3217/B", "survey_subdivision": "B", "district": "DEMO-RANGAREDDY", "mandal": "DEMO-MADHAPUR", "village": "DEMO-KONDAPUR", "ward": "DEMO-WARD-01", "door_number": "108", "address": "Plot 5165, Demo Street 8, Kondapur", "area_sqm": 992.2238, "land_use": "commercial", "source": "BhuSetu synthetic integrated benchmark v1 (parcel registry)", "synthetic": true, "geometry_status": "shifted_geometry" }, "geometry": { "type": "MultiPolygon", "coordinates": [ [ [ [ 78.359613403670195, 17.450541961460662 ], [ 78.359902978319397, 17.450596867209967 ], [ 78.359994430650758, 17.450434485670456 ], [ 78.359994205706599, 17.450434269894792 ], [ 78.359549950505453, 17.450315733747615 ], [ 78.359494827100193, 17.450405957875713 ], [ 78.359500125814435, 17.450456493649483 ], [ 78.359613403670195, 17.450541961460662 ] ] ], [ [ [ 78.35949321702951, 17.450300596045153 ], [ 78.359491579101785, 17.450304164010831 ], [ 78.359493683023615, 17.450300720382408 ], [ 78.35949321702951, 17.450300596045153 ] ] ] ] } },
{ "type": "Feature", "properties": { "parcel_id": "SYN-P0009", "survey_number": "6753/C", "survey_subdivision": "C", "district": "DEMO-RANGAREDDY", "mandal": "DEMO-SERILINGAMPALLY", "village": "DEMO-KONDAPUR", "ward": "DEMO-WARD-02", "door_number": "109", "address": "Plot 4293, Demo Street 9, Kondapur", "area_sqm": 1653.7738, "land_use": "mixed_use", "source": "BhuSetu synthetic integrated benchmark v1 (parcel registry)", "synthetic": true, "geometry_status": "reference" }, "geometry": { "type": "MultiPolygon", "coordinates": [ [ [ [ 78.35000000865476, 17.459799635402433 ], [ 78.350038424863143, 17.459865479024149 ], [ 78.350285958428685, 17.459843391960767 ], [ 78.350343687944246, 17.459813618668502 ], [ 78.350342908128496, 17.459779259695637 ], [ 78.350084700937416, 17.459304489288364 ], [ 78.350000010083377, 17.459298165585736 ], [ 78.35000000865476, 17.459799635402433 ] ] ], [ [ [ 78.350336778521978, 17.459509187947233 ], [ 78.350171063094095, 17.459310937746704 ], [ 78.350151076469061, 17.459309445395945 ], [ 78.350340134903973, 17.459657070621272 ], [ 78.350336778521978, 17.459509187947233 ] ] ] ] } },
{ "type": "Feature", "properties": { "parcel_id": "SYN-P0010", "survey_number": "8476/A", "survey_subdivision": "A", "district": "DEMO-RANGAREDDY", "mandal": "DEMO-GACHIBOWLI", "village": "DEMO-KONDAPUR", "ward": "DEMO-WARD-03", "door_number": "110", "address": "Plot 391, Demo Street 10, Kondapur", "area_sqm": 854.4777, "land_use": "residential", "source": "BhuSetu synthetic integrated benchmark v1 (parcel registry)", "synthetic": true, "geometry_status": "reference" }, "geometry": { "type": "MultiPolygon", "coordinates": [ [ [ [ 78.355301310166993, 17.460538190424447 ], [ 78.355388222170689, 17.460686824467107 ], [ 78.355624400778666, 17.460562229863239 ], [ 78.355596227795559, 17.46047719693799 ], [ 78.355350827563512, 17.460353174383464 ], [ 78.355254403898172, 17.460406519725936 ], [ 78.355301310166993, 17.460538190424447 ] ] ], [ [ [ 78.355612112409545, 17.460643410337362 ], [ 78.355615665748218, 17.460628665279557 ], [ 78.355415495487293, 17.460734263864381 ], [ 78.355419351660672, 17.460741086679668 ], [ 78.355612112409545, 17.460643410337362 ] ] ], [ [ [ 78.355263574791977, 17.460309077693783 ], [ 78.355242782988014, 17.460350409999094 ], [ 78.355291752233256, 17.460323318300663 ], [ 78.355263574791977, 17.460309077693783 ] ] ] ] } },
{ "type": "Feature", "properties": { "parcel_id": "SYN-P0011", "survey_number": "2943/B", "survey_subdivision": "B", "district": "DEMO-RANGAREDDY", "mandal": "DEMO-MADHAPUR", "village": "DEMO-KONDAPUR", "ward": "DEMO-WARD-04", "door_number": "111", "address": "Plot 1927, Demo Street 11, Kondapur", "area_sqm": 891.5106, "land_use": "commercial", "source": "BhuSetu synthetic integrated benchmark v1 (parcel registry)", "synthetic": true, "geometry_status": "reference" }, "geometry": { "type": "MultiPolygon", "coordinates": [ [ [ [ 78.361308206615163, 17.461407784813382 ], [ 78.361401952247434, 17.461613918477774 ], [ 78.361695588444221, 17.461451679339707 ], [ 78.36157463092178, 17.461321410163197 ], [ 78.3613125076226, 17.46137535248668 ], [ 78.361308206615163, 17.461407784813382 ] ] ], [ [ [ 78.361277801558501, 17.461637057726769 ], [ 78.361343669715936, 17.461645764871417 ], [ 78.361352633023799, 17.461640915139018 ], [ 78.361294300054226, 17.461512648987593 ], [ 78.361277801558501, 17.461637057726769 ] ] ], [ [ [ 78.361512249396213, 17.461668049402242 ], [ 78.361674559253331, 17.461525817316755 ], [ 78.361435496736931, 17.461657903494078 ], [ 78.361512249396213, 17.461668049402242 ] ] ] ] } },
{ "type": "Feature", "properties": { "parcel_id": "SYN-P0012", "survey_number": "5362/C", "survey_subdivision": "C", "district": "DEMO-RANGAREDDY", "mandal": "DEMO-SERILINGAMPALLY", "village": "DEMO-KONDAPUR", "ward": "DEMO-WARD-05", "door_number": "112", "address": "Plot 2316, Demo Street 12, Kondapur", "area_sqm": 781.2216, "land_use": "mixed_use", "source": "BhuSetu synthetic integrated benchmark v1 (parcel registry)", "synthetic": true, "geometry_status": "shifted_geometry" }, "geometry": { "type": "MultiPolygon", "coordinates": [ [ [ [ 78.3522004613218, 17.460649566222319 ], [ 78.352237662946663, 17.460629891207876 ], [ 78.352229161660475, 17.460303210445655 ], [ 78.352129412020744, 17.460290524560666 ], [ 78.352077156485606, 17.460320908731955 ], [ 78.352076887587472, 17.460321048252514 ], [ 78.35207663059073, 17.460321207096737 ], [ 78.351919755302958, 17.460408024839357 ], [ 78.3522004613218, 17.460649566222319 ] ] ], [ [ [ 78.351993402311649, 17.46027322713768 ], [ 78.351964965341509, 17.460320460989731 ], [ 78.352024365465724, 17.460287587827612 ], [ 78.352017852712081, 17.460276336694125 ], [ 78.351993402311649, 17.46027322713768 ] ] ] ] } },
{ "type": "Feature", "properties": { "parcel_id": "SYN-P0013", "survey_number": "2235/A", "survey_subdivision": "A", "district": "DEMO-RANGAREDDY", "mandal": "DEMO-GACHIBOWLI", "village": "DEMO-KONDAPUR", "ward": "DEMO-WARD-06", "door_number": "113", "address": "Plot 4940, Demo Street 1, Kondapur", "area_sqm": 1117.6623, "land_use": "residential", "source": "BhuSetu synthetic integrated benchmark v1 (parcel registry)", "synthetic": true, "geometry_status": "reference" }, "geometry": { "type": "MultiPolygon", "coordinates": [ [ [ [ 78.352471506837205, 17.459191225049079 ], [ 78.352401192838897, 17.459225773460478 ], [ 78.352433843113459, 17.459246078196394 ], [ 78.352471506837205, 17.459191225049079 ] ] ], [ [ [ 78.352711768783237, 17.458841308396771 ], [ 78.352684970897741, 17.458827561807912 ], [ 78.352338341974303, 17.458830888073184 ], [ 78.352302960422506, 17.458848811957669 ], [ 78.352337778484895, 17.459186336959892 ], [ 78.352346515000718, 17.45919177007907 ], [ 78.352534580422869, 17.459099365079631 ], [ 78.352711768783237, 17.458841308396771 ] ] ] ] } },
{ "type": "Feature", "properties": { "parcel_id": "SYN-P0014", "survey_number": "5970/B", "survey_subdivision": "B", "district": "DEMO-RANGAREDDY", "mandal": "DEMO-MADHAPUR", "village": "DEMO-KONDAPUR", "ward": "DEMO-WARD-07", "door_number": "114", "address": "Plot 2858, Demo Street 2, Kondapur", "area_sqm": 474.9634, "land_use": "commercial", "source": "BhuSetu synthetic integrated benchmark v1 (parcel registry)", "synthetic": true, "geometry_status": "reference" }, "geometry": { "type": "MultiPolygon", "coordinates": [ [ [ [ 78.359245205369646, 17.450654147948395 ], [ 78.35924780218248, 17.450652005475863 ], [ 78.359435955898135, 17.450344042805384 ], [ 78.359264416212753, 17.450363782683635 ], [ 78.35917240062723, 17.45048664238201 ], [ 78.359226402831041, 17.450645454714632 ], [ 78.359245205369646, 17.450654147948395 ] ] ], [ [ [ 78.35945269843721, 17.450482957731271 ], [ 78.359447399736553, 17.450432421958016 ], [ 78.359379756516915, 17.45054313784793 ], [ 78.35945269843721, 17.450482957731271 ] ] ] ] } },
{ "type": "Feature", "properties": { "parcel_id": "SYN-P0015", "survey_number": "7085/C", "survey_subdivision": "C", "district": "DEMO-RANGAREDDY", "mandal": "DEMO-SERILINGAMPALLY", "village": "DEMO-KONDAPUR", "ward": "DEMO-WARD-08", "door_number": "115", "address": "Plot 6775, Demo Street 3, Kondapur", "area_sqm": 5003.7537, "land_use": "mixed_use", "source": "BhuSetu synthetic integrated benchmark v1 (parcel registry)", "synthetic": true, "geometry_status": "reference" }, "geometry": { "type": "MultiPolygon", "coordinates": [ [ [ [ 78.352982075770427, 17.450716010663129 ], [ 78.353353023082107, 17.450387392423774 ], [ 78.353365940899252, 17.450357592963773 ], [ 78.353367123811992, 17.450355200985417 ], [ 78.35336854435144, 17.450352931268089 ], [ 78.353370188948062, 17.450350805492995 ], [ 78.353372041892044, 17.450348843966324 ], [ 78.353444159872666, 17.450279621882263 ], [ 78.353476797448067, 17.450118065436452 ], [ 78.353360193092087, 17.450166927930329 ], [ 78.353357687752307, 17.450167844411592 ], [ 78.353355103116343, 17.450168528588524 ], [ 78.353352462506621, 17.450168974287426 ], [ 78.353226362487746, 17.450184374287176 ], [ 78.353223402714775, 17.450184584770689 ], [ 78.353220436277596, 17.450184495780235 ], [ 78.35321749597594, 17.450184108299773 ], [ 78.3530842007833, 17.45015962941153 ], [ 78.352971156799057, 17.450186696279737 ], [ 78.352902789037998, 17.450263127498165 ], [ 78.352887962054609, 17.450371409522262 ], [ 78.352914663513801, 17.450511422148345 ], [ 78.352915027689946, 17.45051405462268 ], [ 78.35291512159192, 17.450516708672478 ], [ 78.352914944317391, 17.450519358795439 ], [ 78.35291449756977, 17.450521979526961 ], [ 78.352901697577494, 17.450579279529823 ], [ 78.352900911226897, 17.450582065988844 ], [ 78.352899820421385, 17.450584756312349 ], [ 78.352898437547594, 17.450587319950355 ], [ 78.352864537551199, 17.450642719955102 ], [ 78.352863220206487, 17.450644675197569 ], [ 78.352861732802737, 17.450646514641409 ], [ 78.352860086327965, 17.45064822469795 ], [ 78.352783061134943, 17.45072162761608 ], [ 78.352790766046652, 17.450741391224732 ], [ 78.352982075770427, 17.450716010663129 ] ] ], [ [ [ 78.353500630247183, 17.450000092500989 ], [ 78.35250176130198, 17.450000072395934 ], [ 78.352761358239391, 17.450665958232225 ], [ 78.352817716185783, 17.450612250639715 ], [ 78.352847456855272, 17.450563647903305 ], [ 78.352858126783232, 17.450515883335402 ], [ 78.352831636507545, 17.450376977846641 ], [ 78.352831259143244, 17.450374187577456 ], [ 78.35283118533475, 17.450371374789565 ], [ 78.352831415878228, 17.450368569824558 ], [ 78.352847915895651, 17.4502480698293 ], [ 78.35284840021437, 17.45024549931172 ], [ 78.352849140214047, 17.450242985515683 ], [ 78.35285012901447, 17.450240551813362 ], [ 78.352851357422168, 17.450238220832251 ], [ 78.352852814015989, 17.450236014244783 ], [ 78.352854485253133, 17.45023395256684 ], [ 78.352934185253361, 17.450144852575665 ], [ 78.352936185340809, 17.450142836203725 ], [ 78.352938390472985, 17.450141027507769 ], [ 78.352940777360715, 17.450139445590018 ], [ 78.352943320795276, 17.450138107157656 ], [ 78.352945993914645, 17.450137026346304 ], [ 78.352948768487067, 17.450136214570769 ], [ 78.35307656846858, 17.45010561457276 ], [ 78.353079570744598, 17.45010505953579 ], [ 78.353082617954655, 17.450104819455714 ], [ 78.353085674341543, 17.450104897149714 ], [ 78.353088704040417, 17.450105291706102 ], [ 78.353223692815419, 17.450130081609 ], [ 78.353341319215261, 17.450115716447442 ], [ 78.353489845519931, 17.450053477189702 ], [ 78.353500630247183, 17.450000092500989 ] ] ] ] } },
{ "type": "Feature", "properties": { "parcel_id": "SYN-P0016", "survey_number": "8572/A", "survey_subdivision": "A", "district": "DEMO-RANGAREDDY", "mandal": "DEMO-GACHIBOWLI", "village": "DEMO-KONDAPUR", "ward": "DEMO-WARD-01", "door_number": "116", "address": "Plot 9024, Demo Street 4, Kondapur", "area_sqm": 705.6253, "land_use": "residential", "source": "BhuSetu synthetic integrated benchmark v1 (parcel registry)", "synthetic": true, "geometry_status": "reference" }, "geometry": { "type": "MultiPolygon", "coordinates": [ [ [ [ 78.350517112626918, 17.459827771772787 ], [ 78.350533768790243, 17.459818776615968 ], [ 78.350569606459189, 17.459758575056092 ], [ 78.350438177661658, 17.459826388626691 ], [ 78.350517112626918, 17.459827771772787 ] ] ], [ [ [ 78.350678676728137, 17.459575354099179 ], [ 78.350675978896433, 17.459570663329334 ], [ 78.350336778521978, 17.459509187947233 ], [ 78.350340134903973, 17.459657070621272 ], [ 78.350407400926642, 17.459780753585743 ], [ 78.350622460329461, 17.459669788899173 ], [ 78.350678676728137, 17.459575354099179 ] ] ], [ [ [ 78.350343687944246, 17.459813618668502 ], [ 78.350357672139154, 17.459806406486607 ], [ 78.350342908128496, 17.459779259695637 ], [ 78.350343687944246, 17.459813618668502 ] ] ] ] } },
{ "type": "Feature", "properties": { "parcel_id": "SYN-P0017", "survey_number": "5978/B", "survey_subdivision": "B", "district": "DEMO-RANGAREDDY", "mandal": "DEMO-MADHAPUR", "village": "DEMO-KONDAPUR", "ward": "DEMO-WARD-02", "door_number": "117", "address": "Plot 6745, Demo Street 5, Kondapur", "area_sqm": 641.4675, "land_use": "commercial", "source": "BhuSetu synthetic integrated benchmark v1 (parcel registry)", "synthetic": true, "geometry_status": "reference" }, "geometry": { "type": "MultiPolygon", "coordinates": [ [ [ [ 78.351558297851355, 17.458063081790311 ], [ 78.351409160578569, 17.45780557783268 ], [ 78.351262932922552, 17.457766930285434 ], [ 78.351409042167845, 17.458142209384814 ], [ 78.351558297851355, 17.458063081790311 ] ] ], [ [ [ 78.3516130650045, 17.458034047048102 ], [ 78.351531591848044, 17.457837935971654 ], [ 78.351485421183611, 17.457825733242917 ], [ 78.351607712721645, 17.458036884555732 ], [ 78.3516130650045, 17.458034047048102 ] ] ] ] } },
{ "type": "Feature", "properties": { "parcel_id": "SYN-P0018", "survey_number": "5978/B", "survey_subdivision": "B", "district": "DEMO-RANGAREDDY", "mandal": "DEMO-SERILINGAMPALLY", "village": "DEMO-KONDAPUR", "ward": "DEMO-WARD-03", "door_number": "118", "address": "Plot 1036, Demo Street 6, Kondapur", "area_sqm": 1536.8433, "land_use": "mixed_use", "source": "BhuSetu synthetic integrated benchmark v1 (parcel registry)", "synthetic": true, "geometry_status": "reference" }, "geometry": { "type": "MultiPolygon", "coordinates": [ [ [ [ 78.351945971358674, 17.460299688913459 ], [ 78.35197042176091, 17.460302798476107 ], [ 78.351927652666717, 17.460228912486905 ], [ 78.351945971358674, 17.460299688913459 ] ] ], [ [ [ 78.352181730724922, 17.46032967228124 ], [ 78.352225533725573, 17.460313496792988 ], [ 78.352339002144163, 17.460205601071888 ], [ 78.352360274286582, 17.460155685410257 ], [ 78.352344324675016, 17.460164445459835 ], [ 78.352081981077816, 17.460316986370948 ], [ 78.352181730724922, 17.46032967228124 ] ] ], [ [ [ 78.352424938342466, 17.460003949225463 ], [ 78.352251306657067, 17.459940368706402 ], [ 78.352341307249191, 17.460103676647304 ], [ 78.352395007619762, 17.460074182622137 ], [ 78.352424938342466, 17.460003949225463 ] ] ], [ [ [ 78.352052894445137, 17.459867713815363 ], [ 78.351937990683709, 17.459927132096418 ], [ 78.351875455332717, 17.460027173400047 ], [ 78.352025540837147, 17.460286454558492 ], [ 78.352292597608525, 17.460131173213501 ], [ 78.352171297077717, 17.459911070704113 ], [ 78.352052894445137, 17.459867713815363 ] ] ] ] } },
{ "type": "Feature", "properties": { "parcel_id": "SYN-P0019", "survey_number": "1144/A", "survey_subdivision": "A", "district": "DEMO-RANGAREDDY", "mandal": "DEMO-GACHIBOWLI", "village": "DEMO-KONDAPUR", "ward": "DEMO-WARD-04", "door_number": "119", "address": "Plot 6593, Demo Street 7, Kondapur", "area_sqm": 1579.7302, "land_use": "residential", "source": "BhuSetu synthetic integrated benchmark v1 (parcel registry)", "synthetic": true, "geometry_status": "reference" }, "geometry": { "type": "MultiPolygon", "coordinates": [ [ [ [ 78.355037068769548, 17.460833377817604 ], [ 78.355258942335468, 17.460951222566802 ], [ 78.355372970879529, 17.460772656697266 ], [ 78.355352585688024, 17.460736588691844 ], [ 78.355182447677009, 17.460445623976213 ], [ 78.354902309733305, 17.460592637831223 ], [ 78.354900002847614, 17.460601285390378 ], [ 78.355003568259761, 17.460785441787703 ], [ 78.355037068769548, 17.460833377817604 ] ] ], [ [ [ 78.355254403898172, 17.460406519725936 ], [ 78.355231671353025, 17.460419096246774 ], [ 78.355301310166993, 17.460538190424447 ], [ 78.355254403898172, 17.460406519725936 ] ] ] ] } },
{ "type": "Feature", "properties": { "parcel_id": "SYN-P0020", "survey_number": "4784/B", "survey_subdivision": "B", "district": "DEMO-RANGAREDDY", "mandal": "DEMO-MADHAPUR", "village": "DEMO-KONDAPUR", "ward": "DEMO-WARD-05", "door_number": "120", "address": "Plot 8242, Demo Street 8, Kondapur", "area_sqm": 2515.6684, "land_use": "commercial", "source": "BhuSetu synthetic integrated benchmark v1 (parcel registry)", "synthetic": true, "geometry_status": "reference" }, "geometry": { "type": "MultiPolygon", "coordinates": [ [ [ [ 78.355263664923541, 17.460307192717345 ], [ 78.355485770657637, 17.460204823795433 ], [ 78.356122176779877, 17.459632823506173 ], [ 78.355552028541567, 17.459914782136352 ], [ 78.355549506901923, 17.459915882422152 ], [ 78.355546885038095, 17.459916740187442 ], [ 78.355544188200071, 17.45991734717143 ], [ 78.355541442359879, 17.459917697528578 ], [ 78.355538673961505, 17.459917787884716 ], [ 78.355535909666088, 17.45991761736968 ], [ 78.355533176095364, 17.459917187625628 ], [ 78.35553049957511, 17.459916502791224 ], [ 78.355527905881686, 17.459915569461813 ], [ 78.35552541999381, 17.459914396625841 ], [ 78.355523065851912, 17.459912995578421 ], [ 78.355520866127691, 17.459911379812372 ], [ 78.355518842005694, 17.459909564888417 ], [ 78.355517012979305, 17.459907568285264 ], [ 78.355515396663051, 17.459905409231318 ], [ 78.355514008622961, 17.459903108519434 ], [ 78.355512862226576, 17.45990068830675 ], [ 78.355511968514335, 17.459898171901227 ], [ 78.355511336093173, 17.459895583537225 ], [ 78.35551097105359, 17.459892948142105 ], [ 78.355510876911154, 17.459890291096176 ], [ 78.355511054572489, 17.459887637988224 ], [ 78.355511502326593, 17.459885014369139 ], [ 78.355512215861353, 17.459882445505805 ], [ 78.355513188305011, 17.459879956137765 ], [ 78.355514410292415, 17.459877570238987 ], [ 78.355515870055143, 17.459875310786998 ], [ 78.355517553534909, 17.459873199541533 ], [ 78.355519444518805, 17.459871256835036 ], [ 78.355521524795677, 17.459869501376811 ], [ 78.355523774331331, 17.459867950072912 ], [ 78.355526171461491, 17.45986661786322 ], [ 78.35619937719602, 17.459533693334393 ], [ 78.356198580153674, 17.459532198593958 ], [ 78.35585292533851, 17.459703083719941 ], [ 78.355851945278047, 17.459703545446281 ], [ 78.355696236976527, 17.45977334916472 ], [ 78.355112389521508, 17.460034864135977 ], [ 78.355263664923541, 17.460307192717345 ] ] ], [ [ [ 78.356157361109638, 17.459454898061082 ], [ 78.355992790428189, 17.459539199974504 ], [ 78.355992342234003, 17.459539424636116 ], [ 78.355685120051135, 17.459690076361863 ], [ 78.355697195873418, 17.459713118329638 ], [ 78.355827560041931, 17.459654676319019 ], [ 78.356172861080253, 17.459483966088307 ], [ 78.356157361109638, 17.459454898061082 ] ] ], [ [ [ 78.355222576431615, 17.459913995497313 ], [ 78.355199820900808, 17.45993591051122 ], [ 78.355646021844024, 17.459736049544635 ], [ 78.355634754879205, 17.459714550951507 ], [ 78.355235280584992, 17.459906920706473 ], [ 78.355222576431615, 17.459913995497313 ] ] ] ] } },
{ "type": "Feature", "properties": { "parcel_id": "SYN-P0021", "survey_number": "7191/C", "survey_subdivision": "C", "district": "DEMO-RANGAREDDY", "mandal": "DEMO-SERILINGAMPALLY", "village": "DEMO-KONDAPUR", "ward": "DEMO-WARD-06", "door_number": "121", "address": "Plot 8059, Demo Street 9, Kondapur", "area_sqm": 13724.527, "land_use": "mixed_use", "source": "BhuSetu synthetic integrated benchmark v1 (parcel registry)", "synthetic": true, "geometry_status": "reference" }, "geometry": { "type": "Polygon", "coordinates": [ [ [ 78.359504011651396, 17.460799581358764 ], [ 78.35937452387553, 17.46200010919484 ], [ 78.361118987156615, 17.462000080669007 ], [ 78.361107253892385, 17.461835879774934 ], [ 78.360843661661534, 17.461978499383349 ], [ 78.360841184802126, 17.461979689761726 ], [ 78.360838598300816, 17.461980641401112 ], [ 78.360835927067015, 17.461981345136685 ], [ 78.360833196826192, 17.461981794191093 ], [ 78.360830433872067, 17.461981984239706 ], [ 78.360827664813428, 17.461981913452245 ], [ 78.36082491631781, 17.461981582510436 ], [ 78.36082221485475, 17.461980994601429 ], [ 78.360819586440826, 17.461980155387121 ], [ 78.360817056389109, 17.4619790729496 ], [ 78.360814649065389, 17.461977757713342 ], [ 78.360812387653482, 17.461976222344784 ], [ 78.36081029393209, 17.461974481630403 ], [ 78.360808388064839, 17.461972552334199 ], [ 78.360806688406285, 17.461970453036365 ], [ 78.360805211325058, 17.461968203954314 ], [ 78.360803971046295, 17.461965826747907 ], [ 78.36080297951446, 17.461963344310966 ], [ 78.360802246278624, 17.461960780550704 ], [ 78.360801778400202, 17.461958160157554 ], [ 78.360801580385115, 17.461955508367318 ], [ 78.360801654140332, 17.461952850718195 ], [ 78.360801998955537, 17.46195021280478 ], [ 78.360802611509982, 17.461947620031648 ], [ 78.360803485904412, 17.461945097368595 ], [ 78.360804613717903, 17.461942669110247 ], [ 78.360805984089026, 17.46194035864206 ], [ 78.360807583820318, 17.461938188215086 ], [ 78.36080939750552, 17.46193617873173 ], [ 78.360811407677843, 17.461934349544386 ], [ 78.360813594978197, 17.461932718269168 ], [ 78.36081593834173, 17.461931300616104 ], [ 78.361066012473202, 17.461795995144758 ], [ 78.359504011651396, 17.460799581358764 ] ] ] } },
{ "type": "Feature", "properties": { "parcel_id": "SYN-P0022", "survey_number": "4954/A", "survey_subdivision": "A", "district": "DEMO-RANGAREDDY", "mandal": "DEMO-GACHIBOWLI", "village": "DEMO-KONDAPUR", "ward": "DEMO-WARD-07", "door_number": "122", "address": "Plot 3876, Demo Street 10, Kondapur", "area_sqm": 907.2418, "land_use": "residential", "source": "BhuSetu synthetic integrated benchmark v1 (parcel registry)", "synthetic": true, "geometry_status": "reference" }, "geometry": { "type": "MultiPolygon", "coordinates": [ [ [ [ 78.353765662387673, 17.461412722930937 ], [ 78.353811411758031, 17.461493554813849 ], [ 78.354012161964363, 17.461389268015935 ], [ 78.353943360040589, 17.461090334349283 ], [ 78.353803594360471, 17.461162846010581 ], [ 78.353765662387673, 17.461412722930937 ] ] ], [ [ [ 78.354015212367145, 17.461568468411709 ], [ 78.354049163307479, 17.461550032819321 ], [ 78.354024827532058, 17.46144429786489 ], [ 78.353843112168292, 17.461538696331601 ], [ 78.354015212367145, 17.461568468411709 ] ] ] ] } },
{ "type": "Feature", "properties": { "parcel_id": "SYN-P0023", "survey_number": "3789/B", "survey_subdivision": "B", "district": "DEMO-RANGAREDDY", "mandal": "DEMO-MADHAPUR", "village": "DEMO-KONDAPUR", "ward": "DEMO-WARD-08", "door_number": "123", "address": "Plot 2911, Demo Street 11, Kondapur", "area_sqm": 1084.6032, "land_use": "commercial", "source": "BhuSetu synthetic integrated benchmark v1 (parcel registry)", "synthetic": true, "geometry_status": "reference" }, "geometry": { "type": "MultiPolygon", "coordinates": [ [ [ [ 78.352582304444439, 17.458204072143424 ], [ 78.352587691757279, 17.45822914677273 ], [ 78.352821233236767, 17.458101609906269 ], [ 78.35280036469193, 17.45806419440013 ], [ 78.352612013564681, 17.458151514583378 ], [ 78.352582304444439, 17.458204072143424 ] ] ], [ [ [ 78.352626465125724, 17.458409612829389 ], [ 78.352887805768177, 17.458483326331393 ], [ 78.352989195101088, 17.458431297191964 ], [ 78.352989978791612, 17.458404328573632 ], [ 78.35284787828644, 17.458149397339437 ], [ 78.352599678770147, 17.458284938931694 ], [ 78.352626465125724, 17.458409612829389 ] ] ], [ [ [ 78.352986871181216, 17.45851126852946 ], [ 78.352987382662846, 17.458493667311448 ], [ 78.35296506746694, 17.458505118620941 ], [ 78.352986871181216, 17.45851126852946 ] ] ], [ [ [ 78.352854369171965, 17.458039157699741 ], [ 78.352851241066645, 17.458040607902934 ], [ 78.352868630930885, 17.458071786417765 ], [ 78.352854369171965, 17.458039157699741 ] ] ] ] } },
{ "type": "Feature", "properties": { "parcel_id": "SYN-P0024", "survey_number": "6923/C", "survey_subdivision": "C", "district": "DEMO-RANGAREDDY", "mandal": "DEMO-SERILINGAMPALLY", "village": "DEMO-KONDAPUR", "ward": "DEMO-WARD-01", "door_number": "124", "address": "Plot 8622, Demo Street 12, Kondapur", "area_sqm": 967.1754, "land_use": "mixed_use", "source": "BhuSetu synthetic integrated benchmark v1 (parcel registry)", "synthetic": true, "geometry_status": "reference" }, "geometry": { "type": "Polygon", "coordinates": [ [ [ 78.35445002718572, 17.459875150038613 ], [ 78.354524567719622, 17.459835781985063 ], [ 78.354615792602175, 17.459744232413456 ], [ 78.354534557171419, 17.459487722329047 ], [ 78.354529380823564, 17.459490449082207 ], [ 78.354528743236799, 17.459490774826865 ], [ 78.354254444439164, 17.459626620470885 ], [ 78.354238873919101, 17.459664237034115 ], [ 78.35445002718572, 17.459875150038613 ] ] ] } },
{ "type": "Feature", "properties": { "parcel_id": "SYN-P0025", "survey_number": "5987/A", "survey_subdivision": "A", "district": "DEMO-RANGAREDDY", "mandal": "DEMO-GACHIBOWLI", "village": "DEMO-KONDAPUR", "ward": "DEMO-WARD-02", "door_number": "125", "address": "Plot 6386, Demo Street 1, Kondapur", "area_sqm": 20552.4755, "land_use": "residential", "source": "BhuSetu synthetic integrated benchmark v1 (parcel registry)", "synthetic": true, "geometry_status": "reference" }, "geometry": { "type": "MultiPolygon", "coordinates": [ [ [ [ 78.353910654397481, 17.450872701418497 ], [ 78.35413168568148, 17.450787290762314 ], [ 78.354569022928629, 17.450596536214057 ], [ 78.354569533872109, 17.450596319184278 ], [ 78.354755100081334, 17.450519596556433 ], [ 78.354801130935911, 17.450466289072516 ], [ 78.354806883749703, 17.450366259066399 ], [ 78.354737257557062, 17.450240780931033 ], [ 78.354641932629747, 17.4500948794295 ], [ 78.354567489723223, 17.45000010842805 ], [ 78.354050540388201, 17.450000101426006 ], [ 78.353962481103096, 17.450034904416079 ], [ 78.353538750311017, 17.450265455097032 ], [ 78.35346087121529, 17.450340207036607 ], [ 78.353910654397481, 17.450872701418497 ] ] ], [ [ [ 78.354099163913261, 17.451095875088917 ], [ 78.354094437925099, 17.451028006648908 ], [ 78.35409438225355, 17.451025589792792 ], [ 78.354094551273803, 17.451023177795634 ], [ 78.354094943639993, 17.451020789863648 ], [ 78.354109743649488, 17.450951089867036 ], [ 78.35411039677804, 17.450948615939343 ], [ 78.354111289551525, 17.450946211980185 ], [ 78.354112414046853, 17.45094389932391 ], [ 78.354113760284463, 17.450941698494606 ], [ 78.35411531631695, 17.450939629023928 ], [ 78.354117068335, 17.450937709277767 ], [ 78.354119000790021, 17.450935956293232 ], [ 78.354121096532111, 17.450934385627505 ], [ 78.354123336962203, 17.45093301121975 ], [ 78.354237736949983, 17.450869911226373 ], [ 78.354239607653142, 17.450868967002091 ], [ 78.354241546726456, 17.45086815978901 ], [ 78.354984181791735, 17.450590231626357 ], [ 78.354917353669009, 17.450000112403703 ], [ 78.354786646283713, 17.450000110990512 ], [ 78.354755198926384, 17.450041470326969 ], [ 78.354753011033836, 17.450044008120834 ], [ 78.354750518424083, 17.450046272287384 ], [ 78.354702182977107, 17.450085113279322 ], [ 78.354785611917066, 17.450212807064482 ], [ 78.354786611849931, 17.450214465022139 ], [ 78.354860411865616, 17.450347465014787 ], [ 78.354861511823273, 17.450349684492 ], [ 78.354862397683846, 17.450351990519867 ], [ 78.354863062156028, 17.450354364118013 ], [ 78.354863499770701, 17.450356785749921 ], [ 78.35486370692594, 17.450359235483745 ], [ 78.354863681916697, 17.450361693156278 ], [ 78.354856981934333, 17.450478193159626 ], [ 78.354856658473466, 17.450481050778013 ], [ 78.354856021386169, 17.450483859416039 ], [ 78.354855077844604, 17.45048658745446 ], [ 78.354853838471058, 17.450489204181434 ], [ 78.35485231721816, 17.450491680138263 ], [ 78.354850531211966, 17.450493987450983 ], [ 78.354794231212566, 17.450559187457372 ], [ 78.354792436750699, 17.450561076570828 ], [ 78.354790464758707, 17.450562794923378 ], [ 78.354788332796588, 17.450564327213673 ], [ 78.35478605984872, 17.450565659797181 ], [ 78.354783666154916, 17.450566780807719 ], [ 78.354592122721385, 17.450645974727738 ], [ 78.354154477019776, 17.450836863804614 ], [ 78.354153340968367, 17.450837330792186 ], [ 78.353947849733586, 17.450916736486636 ], [ 78.354099163913261, 17.451095875088917 ] ] ], [ [ [ 78.355000429868255, 17.452162861754562 ], [ 78.355068161340114, 17.451331802904061 ], [ 78.354990499799683, 17.450646022108966 ], [ 78.354264026630943, 17.45091790169576 ], [ 78.35416251156613, 17.450973894711996 ], [ 78.354151015621355, 17.451028034431765 ], [ 78.354156862088615, 17.45111199334799 ], [ 78.354156903436305, 17.451112743158632 ], [ 78.354159103681368, 17.451166836771431 ], [ 78.355000429868255, 17.452162861754562 ] ] ], [ [ [ 78.3546381862798, 17.450000109281078 ], [ 78.354669855913997, 17.450040426912363 ], [ 78.35471163547723, 17.450006854045032 ], [ 78.354716763127698, 17.45000011019966 ], [ 78.3546381862798, 17.450000109281078 ] ] ], [ [ [ 78.353758313993183, 17.450000096872696 ], [ 78.353476797448067, 17.450118065436452 ], [ 78.353444159872666, 17.450279621882263 ], [ 78.353501541888207, 17.450224543979115 ], [ 78.353503414319917, 17.450222901457604 ], [ 78.35350543282928, 17.450221426925509 ], [ 78.35350758111278, 17.450220132292593 ], [ 78.353911981412992, 17.450000099320629 ], [ 78.353758313993183, 17.450000096872696 ] ] ], [ [ [ 78.353500630247183, 17.450000092500989 ], [ 78.353489845519931, 17.450053477189702 ], [ 78.353617236361387, 17.450000094520654 ], [ 78.353500630247183, 17.450000092500989 ] ] ] ] } },
{ "type": "Feature", "properties": { "parcel_id": "SYN-P0026", "survey_number": "6974/B", "survey_subdivision": "B", "district": "DEMO-RANGAREDDY", "mandal": "DEMO-MADHAPUR", "village": "DEMO-KONDAPUR", "ward": "DEMO-WARD-03", "door_number": "126", "address": "Plot 5117, Demo Street 2, Kondapur", "area_sqm": 562.9942, "land_use": "commercial", "source": "BhuSetu synthetic integrated benchmark v1 (parcel registry)", "synthetic": true, "geometry_status": "reference" }, "geometry": { "type": "MultiPolygon", "coordinates": [ [ [ [ 78.352161729218068, 17.459158060110475 ], [ 78.352116344724834, 17.459073567416986 ], [ 78.352114325478894, 17.459141454715535 ], [ 78.352120672745727, 17.459151465639593 ], [ 78.352161729218068, 17.459158060110475 ] ] ], [ [ [ 78.352337778484895, 17.459186336959892 ], [ 78.352302960422506, 17.458848811957669 ], [ 78.352299642046148, 17.45884883057747 ], [ 78.352120415913689, 17.45893669301023 ], [ 78.352119677180255, 17.458961529469146 ], [ 78.352231238840318, 17.459169224692662 ], [ 78.352337778484895, 17.459186336959892 ] ] ], [ [ [ 78.352122999801978, 17.458849821658518 ], [ 78.352122252319447, 17.458874952347852 ], [ 78.352174099975571, 17.458849534968561 ], [ 78.352122999801978, 17.458849821658518 ] ] ] ] } },
{ "type": "Feature", "properties": { "parcel_id": "SYN-P0027", "survey_number": "4187/C", "survey_subdivision": "C", "district": "DEMO-RANGAREDDY", "mandal": "DEMO-SERILINGAMPALLY", "village": "DEMO-KONDAPUR", "ward": "DEMO-WARD-04", "door_number": "127", "address": "Plot 2455, Demo Street 3, Kondapur", "area_sqm": 393.6072, "land_use": "mixed_use", "source": "BhuSetu synthetic integrated benchmark v1 (parcel registry)", "synthetic": true, "geometry_status": "reference" }, "geometry": { "type": "MultiPolygon", "coordinates": [ [ [ [ 78.354012171605845, 17.459244888092378 ], [ 78.354195944313346, 17.459154565007552 ], [ 78.354146675812373, 17.459072356344233 ], [ 78.354131667800473, 17.45906979163512 ], [ 78.354036574077767, 17.459096684957743 ], [ 78.353971385364531, 17.459160716360834 ], [ 78.354012171605845, 17.459244888092378 ] ] ], [ [ [ 78.354062776290931, 17.459349322326407 ], [ 78.354248066657476, 17.459241535468355 ], [ 78.35422412522783, 17.45920158721465 ], [ 78.354035994574218, 17.459294052199454 ], [ 78.354062776290931, 17.459349322326407 ] ] ] ] } },
{ "type": "Feature", "properties": { "parcel_id": "SYN-P0028", "survey_number": "4425/A", "survey_subdivision": "A", "district": "DEMO-RANGAREDDY", "mandal": "DEMO-GACHIBOWLI", "village": "DEMO-KONDAPUR", "ward": "DEMO-WARD-05", "door_number": "128", "address": "Plot 4207, Demo Street 4, Kondapur", "area_sqm": 37632.9738, "land_use": "residential", "source": "BhuSetu synthetic integrated benchmark v1 (parcel registry)", "synthetic": true, "geometry_status": "reference" }, "geometry": { "type": "MultiPolygon", "coordinates": [ [ [ [ 78.357358338830068, 17.460804867609284 ], [ 78.358264705097881, 17.462000119365747 ], [ 78.358515590791626, 17.462000117609172 ], [ 78.358245921910935, 17.461376439515277 ], [ 78.357985489984742, 17.461573763631126 ], [ 78.357983234200006, 17.461575306589765 ], [ 78.357980831701553, 17.461576629908436 ], [ 78.357978305626744, 17.461577720842868 ], [ 78.357975680303085, 17.461578568886761 ], [ 78.357972981013887, 17.461579165872994 ], [ 78.35797023375477, 17.461579506052249 ], [ 78.357967464983389, 17.461579586148435 ], [ 78.357964701364537, 17.46157940539014 ], [ 78.35796196951334, 17.461578965518203 ], [ 78.357959295739079, 17.461578270768829 ], [ 78.357956705791636, 17.461577327832838 ], [ 78.357954224613664, 17.461576145791213 ], [ 78.357951876100245, 17.461574736027682 ], [ 78.357949682868835, 17.461573112119034 ], [ 78.357947666041483, 17.461571289704406 ], [ 78.357945845041328, 17.461569286334647 ], [ 78.35794423740559, 17.461567121303322 ], [ 78.357942858616681, 17.461564815460861 ], [ 78.357941721953082, 17.461562391013786 ], [ 78.357940838361472, 17.461559871310865 ], [ 78.357940216351309, 17.461557280618202 ], [ 78.357939861912897, 17.461554643885599 ], [ 78.357939778459624, 17.461551986506226 ], [ 78.357939966795215, 17.461549334072089 ], [ 78.35794042510588, 17.4615467121276 ], [ 78.357941148977801, 17.461544145923487 ], [ 78.357942131439714, 17.461541660173708 ], [ 78.357943363029946, 17.461539278817376 ], [ 78.357944831887608, 17.461537024788278 ], [ 78.357946523866815, 17.461534919793909 ], [ 78.357948422672877, 17.461532984106515 ], [ 78.357950510019194, 17.461531236367836 ], [ 78.358223725479036, 17.461324226415432 ], [ 78.358015805490382, 17.460819993703314 ], [ 78.357802734849955, 17.460317829416393 ], [ 78.357462588659516, 17.460433504213302 ], [ 78.357358338830068, 17.460804867609284 ] ] ], [ [ [ 78.35937452387553, 17.46200010919484 ], [ 78.359504011651396, 17.460799581358764 ], [ 78.359505178258715, 17.460605549070877 ], [ 78.359504806492183, 17.460605491847716 ], [ 78.35928614564753, 17.460595824138565 ], [ 78.358292001499407, 17.461341651775676 ], [ 78.358576712070914, 17.462000117133211 ], [ 78.35937452387553, 17.46200010919484 ] ] ], [ [ [ 78.359508504039198, 17.460052369329073 ], [ 78.359296570504597, 17.459809806064005 ], [ 78.35785600297676, 17.460299714254671 ], [ 78.358068141898826, 17.460799682306039 ], [ 78.358068245836208, 17.460799930772605 ], [ 78.358270055696636, 17.461289345311851 ], [ 78.359259616726661, 17.460546955951813 ], [ 78.35926195612214, 17.460545377347959 ], [ 78.359264449934457, 17.460544034032118 ], [ 78.359267072566055, 17.46054293979266 ], [ 78.359269797097113, 17.460542105861361 ], [ 78.359272595561876, 17.46054154079803 ], [ 78.359275439235674, 17.460541250402716 ], [ 78.359278298929851, 17.460541237656177 ], [ 78.359505504523383, 17.460551283154562 ], [ 78.359508504039198, 17.460052369329073 ] ] ] ] } },
{ "type": "Feature", "properties": { "parcel_id": "SYN-P0029", "survey_number": "2733/B", "survey_subdivision": "B", "district": "DEMO-RANGAREDDY", "mandal": "DEMO-MADHAPUR", "village": "DEMO-KONDAPUR", "ward": "DEMO-WARD-06", "door_number": "129", "address": "Plot 247, Demo Street 5, Kondapur", "area_sqm": 1220.7447, "land_use": "commercial", "source": "BhuSetu synthetic integrated benchmark v1 (parcel registry)", "synthetic": true, "geometry_status": "shifted_geometry" }, "geometry": { "type": "MultiPolygon", "coordinates": [ [ [ [ 78.351302921046241, 17.460602937799138 ], [ 78.351129546776306, 17.46029588900111 ], [ 78.350972667999713, 17.460380143065322 ], [ 78.350873114970369, 17.4604839754228 ], [ 78.350905834041001, 17.460514598281588 ], [ 78.351302921046241, 17.460602937799138 ] ] ], [ [ [ 78.351418459029844, 17.460301058329918 ], [ 78.351246246110946, 17.460234592674787 ], [ 78.351178975425825, 17.460269711892831 ], [ 78.351347416177546, 17.46056802320409 ], [ 78.351418459029844, 17.460301058329918 ] ] ], [ [ [ 78.351148419497164, 17.460196836364432 ], [ 78.351095389742511, 17.460252145822462 ], [ 78.351126947577271, 17.460235197196869 ], [ 78.351127243836444, 17.460235040316693 ], [ 78.351178318994897, 17.460208376121376 ], [ 78.351148419497164, 17.460196836364432 ] ] ] ] } },
{ "type": "Feature", "properties": { "parcel_id": "SYN-P0030", "survey_number": "4431/C", "survey_subdivision": "C", "district": "DEMO-RANGAREDDY", "mandal": "DEMO-SERILINGAMPALLY", "village": "DEMO-KONDAPUR", "ward": "DEMO-WARD-07", "door_number": "130", "address": "Plot 4602, Demo Street 6, Kondapur", "area_sqm": 1107.6529, "land_use": "mixed_use", "source": "BhuSetu synthetic integrated benchmark v1 (parcel registry)", "synthetic": true, "geometry_status": "shifted_geometry" }, "geometry": { "type": "MultiPolygon", "coordinates": [ [ [ [ 78.357224349504932, 17.450333751209413 ], [ 78.357181367214039, 17.450189691428008 ], [ 78.357097332366806, 17.450025855965578 ], [ 78.357091360403686, 17.450451382106834 ], [ 78.357224349504932, 17.450333751209413 ] ] ], [ [ [ 78.356971125292546, 17.449973659858358 ], [ 78.356832295888665, 17.450373266449947 ], [ 78.357034783054232, 17.450460108078197 ], [ 78.357041610156315, 17.449973659854713 ], [ 78.356971125292546, 17.449973659858358 ] ] ], [ [ [ 78.356814143596111, 17.450425515845982 ], [ 78.356817170488483, 17.450426124400835 ], [ 78.356814352108245, 17.450424915666801 ], [ 78.356814143596111, 17.450425515845982 ] ] ] ] } },
{ "type": "Feature", "properties": { "parcel_id": "SYN-P0031", "survey_number": "5109/A", "survey_subdivision": "A", "district": "DEMO-RANGAREDDY", "mandal": "DEMO-GACHIBOWLI", "village": "DEMO-KONDAPUR", "ward": "DEMO-WARD-08", "door_number": "131", "address": "Plot 9316, Demo Street 7, Kondapur", "area_sqm": 23995.8508, "land_use": "residential", "source": "BhuSetu synthetic integrated benchmark v1 (parcel registry)", "synthetic": true, "geometry_status": "reference" }, "geometry": { "type": "MultiPolygon", "coordinates": [ [ [ [ 78.358356893268365, 17.453463945437093 ], [ 78.358509144740708, 17.45344852222312 ], [ 78.35914356140276, 17.453134696665355 ], [ 78.359189464153431, 17.452936934331461 ], [ 78.359327713438859, 17.452229633709905 ], [ 78.359446015915125, 17.451454648092202 ], [ 78.359377193895554, 17.4510046969184 ], [ 78.359186408100982, 17.450909750489988 ], [ 78.359183760262553, 17.450908251788992 ], [ 78.359181297928004, 17.450906485599919 ], [ 78.35917905030324, 17.450904472871667 ], [ 78.359177044047485, 17.450902237477312 ], [ 78.359160744049007, 17.450881937475646 ], [ 78.35915926874668, 17.450879915957096 ], [ 78.359157991247116, 17.450877773954112 ], [ 78.359156922153716, 17.450875529245589 ], [ 78.359156070340106, 17.45087320046294 ], [ 78.359150870342546, 17.450856600462551 ], [ 78.359150230252354, 17.450854147088691 ], [ 78.359149831316728, 17.450851647112525 ], [ 78.359149677012525, 17.450849122322484 ], [ 78.35914937701628, 17.450824922322948 ], [ 78.359149484815163, 17.450822212762258 ], [ 78.359149874270273, 17.450819527116803 ], [ 78.359150541480048, 17.450816892291186 ], [ 78.359151479760428, 17.45081433468096 ], [ 78.359152679711741, 17.450811879908088 ], [ 78.359177279715169, 17.450767479911704 ], [ 78.359177580678093, 17.450766995638428 ], [ 78.359177852638311, 17.450766495809798 ], [ 78.359245711653031, 17.450655427165188 ], [ 78.359245205369646, 17.450654147948395 ], [ 78.359226402831041, 17.450645454714632 ], [ 78.358932628040705, 17.450665627684209 ], [ 78.358835952494672, 17.450842050902889 ], [ 78.358923286881733, 17.450837126802217 ], [ 78.35894065115211, 17.45082483650728 ], [ 78.358947804215958, 17.450806705974511 ], [ 78.358948911058107, 17.450804268873284 ], [ 78.358950261446523, 17.450801947638389 ], [ 78.358951842376243, 17.450799764624577 ], [ 78.35895363862204, 17.450797740855453 ], [ 78.358955632885085, 17.450795895821027 ], [ 78.358957805959548, 17.450794247289977 ], [ 78.358960136917517, 17.450792811138559 ], [ 78.358962603310616, 17.450791601197668 ], [ 78.358965181386139, 17.450790629119719 ], [ 78.358967846315807, 17.450789904266351 ], [ 78.358970572434899, 17.45078943361829 ], [ 78.358973333489431, 17.45078922170811 ], [ 78.358976102888946, 17.45078927057666 ], [ 78.358978853962611, 17.450789579753298 ], [ 78.358981560216094, 17.450790146260488 ], [ 78.358984195586714, 17.450790964642444 ], [ 78.358986734694412, 17.45079202701773 ], [ 78.358989153086199, 17.450793323155072 ], [ 78.358991427471651, 17.450794840571991 ], [ 78.358993535947221, 17.450796564654901 ], [ 78.358995458207076, 17.450798478799982 ], [ 78.358997175738835, 17.450800564572969 ], [ 78.358998672001746, 17.450802801886717 ], [ 78.358999932585945, 17.450805169194684 ], [ 78.359000945351312, 17.450807643698418 ], [ 78.359001700544354, 17.450810201567077 ], [ 78.359002190892127, 17.450812818167009 ], [ 78.359002411672321, 17.450815468298906 ], [ 78.35900236075868, 17.450818126440549 ], [ 78.359002038641535, 17.450820766992596 ], [ 78.35900144842303, 17.450823364525093 ], [ 78.359000595787265, 17.450825894022344 ], [ 78.35899049579001, 17.450851494024096 ], [ 78.358989421548586, 17.450853867788371 ], [ 78.358988116219649, 17.4508561323332 ], [ 78.358986591715791, 17.450858266992061 ], [ 78.358984861949835, 17.450860252283828 ], [ 78.358982942707797, 17.450862070090459 ], [ 78.358980851504924, 17.450863703822421 ], [ 78.358950051502532, 17.450885503824757 ], [ 78.358947794015506, 17.450886946278157 ], [ 78.358945402718419, 17.450888174119836 ], [ 78.358942899687932, 17.450889176014233 ], [ 78.358940308032231, 17.450889942711786 ], [ 78.358937651677749, 17.450890467134261 ], [ 78.358934955148186, 17.450890744440137 ], [ 78.358805262617722, 17.45089805677036 ], [ 78.358680066920883, 17.451126525566732 ], [ 78.358535727967748, 17.451458176274183 ], [ 78.358356893268365, 17.453463945437093 ] ] ], [ [ [ 78.359332433009257, 17.450874544171228 ], [ 78.359214079297928, 17.450816457492188 ], [ 78.359205908850797, 17.450831204154266 ], [ 78.359206075634191, 17.450844657848005 ], [ 78.359208631703709, 17.450852817604375 ], [ 78.359217940585395, 17.450864410872232 ], [ 78.359355520556704, 17.450932878909441 ], [ 78.359332433009257, 17.450874544171228 ] ] ], [ [ [ 78.359271437937878, 17.450720429269413 ], [ 78.359241673731077, 17.450769146025486 ], [ 78.359302542124482, 17.450799019559987 ], [ 78.359271437937878, 17.450720429269413 ] ] ] ] } },
{ "type": "Feature", "properties": { "parcel_id": "SYN-P0032", "survey_number": "3784/B", "survey_subdivision": "B", "district": "DEMO-RANGAREDDY", "mandal": "DEMO-MADHAPUR", "village": "DEMO-KONDAPUR", "ward": "DEMO-WARD-01", "door_number": "132", "address": "Plot 5967, Demo Street 8, Kondapur", "area_sqm": 844.0225, "land_use": "commercial", "source": "BhuSetu synthetic integrated benchmark v1 (parcel registry)", "synthetic": true, "geometry_status": "reference" }, "geometry": { "type": "MultiPolygon", "coordinates": [ [ [ [ 78.352329976745679, 17.458773119058602 ], [ 78.352380090575565, 17.458748551571993 ], [ 78.352466845970994, 17.458699373656184 ], [ 78.352467891447688, 17.458698809426156 ], [ 78.352571512283575, 17.458645635530118 ], [ 78.352511710830527, 17.458549746180378 ], [ 78.352332500816303, 17.458480049235884 ], [ 78.35228930410203, 17.458492239619076 ], [ 78.352329976745679, 17.458773119058602 ] ] ], [ [ [ 78.352338341974303, 17.458830888073184 ], [ 78.352684970897741, 17.458827561807912 ], [ 78.352600539680608, 17.458692179817231 ], [ 78.352495037540521, 17.458746319120522 ], [ 78.352408054023272, 17.458795626348461 ], [ 78.352406539307552, 17.458796425966458 ], [ 78.352338202781226, 17.458829926826805 ], [ 78.352338341974303, 17.458830888073184 ] ] ] ] } },
{ "type": "Feature", "properties": { "parcel_id": "SYN-P0033", "survey_number": "6076/C", "survey_subdivision": "C", "district": "DEMO-RANGAREDDY", "mandal": "DEMO-SERILINGAMPALLY", "village": "DEMO-KONDAPUR", "ward": "DEMO-WARD-02", "door_number": "133", "address": "Plot 2636, Demo Street 9, Kondapur", "area_sqm": 805.174, "land_use": "mixed_use", "source": "BhuSetu synthetic integrated benchmark v1 (parcel registry)", "synthetic": true, "geometry_status": "reference" }, "geometry": { "type": "MultiPolygon", "coordinates": [ [ [ [ 78.350411277262936, 17.460211136234278 ], [ 78.350589724387774, 17.460115775910413 ], [ 78.350517112626918, 17.459827771772787 ], [ 78.350438177661658, 17.459826388626691 ], [ 78.350408960635917, 17.459841463772065 ], [ 78.350328680592469, 17.459882867241362 ], [ 78.350391961702783, 17.460212994554123 ], [ 78.350411277262936, 17.460211136234278 ] ] ], [ [ [ 78.350593214565635, 17.460193632235491 ], [ 78.350604989409547, 17.460176322346282 ], [ 78.350603503029618, 17.460170426842843 ], [ 78.350552803544147, 17.46019752015275 ], [ 78.350593214565635, 17.460193632235491 ] ] ] ] } },
{ "type": "Feature", "properties": { "parcel_id": "SYN-P0034", "survey_number": "3780/A", "survey_subdivision": "A", "district": "DEMO-RANGAREDDY", "mandal": "DEMO-GACHIBOWLI", "village": "DEMO-KONDAPUR", "ward": "DEMO-WARD-03", "door_number": "134", "address": "Plot 7566, Demo Street 10, Kondapur", "area_sqm": 593.4222, "land_use": "residential", "source": "BhuSetu synthetic integrated benchmark v1 (parcel registry)", "synthetic": true, "geometry_status": "reference" }, "geometry": { "type": "MultiPolygon", "coordinates": [ [ [ [ 78.355038769582421, 17.460001551539925 ], [ 78.354845660066601, 17.460094544068436 ], [ 78.355041628998819, 17.460006766980111 ], [ 78.355038769582421, 17.460001551539925 ] ] ], [ [ [ 78.354947002185327, 17.459834171995873 ], [ 78.354780187771993, 17.459762621234955 ], [ 78.354701252787478, 17.459804310339759 ], [ 78.354813344010935, 17.460049486651638 ], [ 78.355012476307266, 17.459953593836605 ], [ 78.354947002185327, 17.459834171995873 ] ] ] ] } },
{ "type": "Feature", "properties": { "parcel_id": "SYN-P0035", "survey_number": "3780/A", "survey_subdivision": "A", "district": "DEMO-RANGAREDDY", "mandal": "DEMO-MADHAPUR", "village": "DEMO-KONDAPUR", "ward": "DEMO-WARD-04", "door_number": "135", "address": "Plot 5906, Demo Street 11, Kondapur", "area_sqm": 619.0979, "land_use": "commercial", "source": "BhuSetu synthetic integrated benchmark v1 (parcel registry)", "synthetic": true, "geometry_status": "reference" }, "geometry": { "type": "MultiPolygon", "coordinates": [ [ [ [ 78.356154660301826, 17.450469300684816 ], [ 78.356166168876456, 17.450440738772567 ], [ 78.356108431048355, 17.45046619136043 ], [ 78.356125356689645, 17.450474151265478 ], [ 78.356154660301826, 17.450469300684816 ] ] ], [ [ [ 78.35629531684333, 17.450120219324592 ], [ 78.356290046346757, 17.450113078400619 ], [ 78.355983198933231, 17.450255379285181 ], [ 78.356017657726412, 17.450446567076984 ], [ 78.356030833794833, 17.450440775238778 ], [ 78.356195382182932, 17.450368237310098 ], [ 78.35629531684333, 17.450120219324592 ] ] ] ] } },
{ "type": "Feature", "properties": { "parcel_id": "SYN-P0036", "survey_number": "3526/C", "survey_subdivision": "C", "district": "DEMO-RANGAREDDY", "mandal": "DEMO-SERILINGAMPALLY", "village": "DEMO-KONDAPUR", "ward": "DEMO-WARD-05", "door_number": "136", "address": "Plot 1012, Demo Street 12, Kondapur", "area_sqm": 699.6847, "land_use": "mixed_use", "source": "BhuSetu synthetic integrated benchmark v1 (parcel registry)", "synthetic": true, "geometry_status": "reference" }, "geometry": { "type": "MultiPolygon", "coordinates": [ [ [ [ 78.359531061378007, 17.450183512955853 ], [ 78.359619353095766, 17.450031298467785 ], [ 78.359623193548472, 17.450024692916532 ], [ 78.359596994180833, 17.450000106345893 ], [ 78.359461257760529, 17.450000108073851 ], [ 78.359475861296517, 17.450152375462803 ], [ 78.359531061378007, 17.450183512955853 ] ] ], [ [ [ 78.35989306398541, 17.450387712299545 ], [ 78.359833405356369, 17.450221964042431 ], [ 78.359665023668953, 17.450063948013351 ], [ 78.359579742156569, 17.450210972993066 ], [ 78.35989306398541, 17.450387712299545 ] ] ] ] } },
{ "type": "Feature", "properties": { "parcel_id": "SYN-P0037", "survey_number": "5183/A", "survey_subdivision": "A", "district": "DEMO-RANGAREDDY", "mandal": "DEMO-GACHIBOWLI", "village": "DEMO-KONDAPUR", "ward": "DEMO-WARD-06", "door_number": "137", "address": "Plot 3757, Demo Street 1, Kondapur", "area_sqm": 991.6045, "land_use": "residential", "source": "BhuSetu synthetic integrated benchmark v1 (parcel registry)", "synthetic": true, "geometry_status": "reference" }, "geometry": { "type": "MultiPolygon", "coordinates": [ [ [ [ 78.362635943425474, 17.451879803390707 ], [ 78.362553579308468, 17.451819858970701 ], [ 78.362544350887475, 17.451817668385704 ], [ 78.362529741257063, 17.451819265389545 ], [ 78.362525281999069, 17.451821437106087 ], [ 78.362517889381422, 17.451831753670859 ], [ 78.362492694098151, 17.451895641326562 ], [ 78.362579349510341, 17.451976928072522 ], [ 78.3626149377518, 17.45200040028001 ], [ 78.362635943425474, 17.451879803390707 ] ] ], [ [ [ 78.36267013706042, 17.451683491839283 ], [ 78.362254933903813, 17.451544792601808 ], [ 78.362205515339397, 17.451626253778272 ], [ 78.36244863424146, 17.451854311124276 ], [ 78.362466302619723, 17.451809509457153 ], [ 78.362467692713068, 17.451806537798131 ], [ 78.362469444355028, 17.451803747760088 ], [ 78.362482844355824, 17.451785047761799 ], [ 78.36248455285893, 17.45178290116089 ], [ 78.362486475592462, 17.451780928540593 ], [ 78.362488593439821, 17.451779149513495 ], [ 78.362490885344499, 17.451777581767388 ], [ 78.362493328519449, 17.451776240889458 ], [ 78.362508728517653, 17.451768740890227 ], [ 78.362511017268531, 17.451767746577261 ], [ 78.36251338906871, 17.451766951541988 ], [ 78.362515825127616, 17.45176636208307 ], [ 78.362518306145631, 17.451765982870498 ], [ 78.362543006141919, 17.451763282870395 ], [ 78.362545510303789, 17.451763116958723 ], [ 78.362548019920382, 17.451763165243683 ], [ 78.362550515143454, 17.451763427343401 ], [ 78.362552976238575, 17.451763901184961 ], [ 78.362572776236107, 17.451768601183932 ], [ 78.362575519810676, 17.451769396295987 ], [ 78.36257816523775, 17.45177045434669 ], [ 78.362580685243401, 17.451771764427722 ], [ 78.362583053846876, 17.451773313032401 ], [ 78.362646454759698, 17.451819456074546 ], [ 78.36267013706042, 17.451683491839283 ] ] ] ] } },
{ "type": "Feature", "properties": { "parcel_id": "SYN-P0038", "survey_number": "6412/B", "survey_subdivision": "B", "district": "DEMO-RANGAREDDY", "mandal": "DEMO-MADHAPUR", "village": "DEMO-KONDAPUR", "ward": "DEMO-WARD-07", "door_number": "138", "address": "Plot 5230, Demo Street 2, Kondapur", "area_sqm": 5912.6526, "land_use": "commercial", "source": "BhuSetu synthetic integrated benchmark v1 (parcel registry)", "synthetic": true, "geometry_status": "reference" }, "geometry": { "type": "Polygon", "coordinates": [ [ [ 78.356656761830649, 17.461620332219731 ], [ 78.35683257778787, 17.461530865107559 ], [ 78.356835085826305, 17.461529736497205 ], [ 78.35683769704805, 17.461528849262059 ], [ 78.35684038630562, 17.461528211946657 ], [ 78.356843127700031, 17.461527830688702 ], [ 78.35684589483013, 17.461527709159924 ], [ 78.356848661046982, 17.4615278485307 ], [ 78.356851399710408, 17.461528247458837 ], [ 78.356854084445587, 17.461528902102412 ], [ 78.356856689397063, 17.461529806156879 ], [ 78.35685918947776, 17.461530950915694 ], [ 78.356861560610511, 17.461532325354213 ], [ 78.356863779960022, 17.461533916235823 ], [ 78.356865826152756, 17.461535708239509 ], [ 78.356867679482747, 17.461537684107281 ], [ 78.356869322101417, 17.461539824810462 ], [ 78.356870738189443, 17.46154210973291 ], [ 78.356871914109121, 17.461544516869576 ], [ 78.356872838535679, 17.461547023038435 ], [ 78.356873502566387, 17.461549604103695 ], [ 78.35687389980626, 17.461552235208302 ], [ 78.356874026429637, 17.461554891013279 ], [ 78.356873881217069, 17.461557545941755 ], [ 78.356873465566991, 17.461560174425337 ], [ 78.356872783482373, 17.461562751150264 ], [ 78.356871841531984, 17.461565251301291 ], [ 78.356870648787392, 17.461567650800571 ], [ 78.356869216735333, 17.461569926539617 ], [ 78.356867559167256, 17.461572056601806 ], [ 78.356865692046426, 17.461574020473492 ], [ 78.356863633354266, 17.46157579924148 ], [ 78.356861402917104, 17.461577375775267 ], [ 78.356859022215261, 17.461578734891972 ], [ 78.35666917796604, 17.461675340539806 ], [ 78.356742485996577, 17.46200012322667 ], [ 78.356752461077605, 17.462000123239353 ], [ 78.357072799324925, 17.461837454143449 ], [ 78.357075308383543, 17.46183632761408 ], [ 78.357077920408216, 17.461835442545457 ], [ 78.35708061024377, 17.46183480746128 ], [ 78.357083351985608, 17.46183442847774 ], [ 78.357086119229251, 17.461834309244669 ], [ 78.357088885324686, 17.461834450910342 ], [ 78.357091623632869, 17.461834852110435 ], [ 78.357094307782432, 17.461835508981199 ], [ 78.357096911923534, 17.461836415196586 ], [ 78.357099410976915, 17.461837562029274 ], [ 78.357101780875325, 17.461838938434621 ], [ 78.357103998795296, 17.461840531157119 ], [ 78.357106043377129, 17.461842324857965 ], [ 78.357107894930309, 17.461844302262872 ], [ 78.357109535623422, 17.461846444328327 ], [ 78.357110949655663, 17.461848730425082 ], [ 78.357112123409124, 17.461851138536787 ], [ 78.357113045579908, 17.461853645472001 ], [ 78.357113707287013, 17.461856227087591 ], [ 78.357114102157794, 17.461858858521161 ], [ 78.357114226389456, 17.461861514430598 ], [ 78.357114078785528, 17.461864169238005 ], [ 78.357113660767538, 17.461866797376157 ], [ 78.357112976361194, 17.461869373534647 ], [ 78.357112032157715, 17.461871872903647 ], [ 78.357110837250275, 17.46187427141286 ], [ 78.357109403146481, 17.461876545963325 ], [ 78.357107743657537, 17.461878674649892 ], [ 78.357105874765224, 17.461880636972115 ], [ 78.35710381446799, 17.461882414031766 ], [ 78.35710158260764, 17.461883988714774 ], [ 78.357099200678206, 17.461885345856086 ], [ 78.356873173759979, 17.462000123353139 ], [ 78.357434770911425, 17.462000122917626 ], [ 78.357280955056268, 17.461039966862188 ], [ 78.356622708036483, 17.461469460518568 ], [ 78.356656761830649, 17.461620332219731 ] ] ] } },
{ "type": "Feature", "properties": { "parcel_id": "SYN-P0039", "survey_number": "6796/C", "survey_subdivision": "C", "district": "DEMO-RANGAREDDY", "mandal": "DEMO-SERILINGAMPALLY", "village": "DEMO-KONDAPUR", "ward": "DEMO-WARD-08", "door_number": "139", "address": "Plot 9182, Demo Street 3, Kondapur", "area_sqm": 3887.6327, "land_use": "mixed_use", "source": "BhuSetu synthetic integrated benchmark v1 (parcel registry)", "synthetic": true, "geometry_status": "reference" }, "geometry": { "type": "MultiPolygon", "coordinates": [ [ [ [ 78.361863538530613, 17.461029244257446 ], [ 78.361837366764448, 17.460965999990787 ], [ 78.361836471831083, 17.460963483970517 ], [ 78.361835838156836, 17.460960895875523 ], [ 78.361835471844316, 17.460958260630591 ], [ 78.36183537642134, 17.460955603614579 ], [ 78.361835552806824, 17.460952950415976 ], [ 78.361835999302087, 17.460950326586566 ], [ 78.36183671160714, 17.460947757395235 ], [ 78.36183768286206, 17.460945267584712 ], [ 78.361838903713135, 17.460942881133196 ], [ 78.361840362402916, 17.460940621023553 ], [ 78.361842044883389, 17.460938509021865 ], [ 78.361843934951352, 17.460936565467833 ], [ 78.361846014404435, 17.46093480907895 ], [ 78.361848263216359, 17.460933256770193 ], [ 78.361850659729839, 17.460931923491135 ], [ 78.361853180865154, 17.460930822082005 ], [ 78.36185580234239, 17.46092996314994 ], [ 78.361858498915311, 17.460929354966947 ], [ 78.36186124461446, 17.460929003390135 ], [ 78.361864012997231, 17.460928911805407 ], [ 78.361866777402653, 17.460929081094758 ], [ 78.361869511207956, 17.460929509627853 ], [ 78.361872188085144, 17.460930193277672 ], [ 78.361874782254404, 17.460931125460306 ], [ 78.361877268732499, 17.460932297198323 ], [ 78.361879623573273, 17.460933697207285 ], [ 78.361881824098347, 17.460935312004299 ], [ 78.361883849115443, 17.460937126038015 ], [ 78.361885679122565, 17.460939121838308 ], [ 78.361887296495695, 17.460941280184528 ], [ 78.361888685658698, 17.460943580290628 ], [ 78.361889833233121, 17.460946000005332 ], [ 78.36191912426635, 17.461016781949233 ], [ 78.362009780083511, 17.460996456899213 ], [ 78.361960800709554, 17.460868331430543 ], [ 78.361960565611284, 17.460867691783864 ], [ 78.361955165613466, 17.460852391783423 ], [ 78.361954315362709, 17.460849444855779 ], [ 78.361951715364469, 17.460837944855637 ], [ 78.361951608851157, 17.460837451658559 ], [ 78.361949508852717, 17.460827251658486 ], [ 78.361949155882428, 17.460825075380143 ], [ 78.361947655884393, 17.460812475380191 ], [ 78.36194747510568, 17.460809696068985 ], [ 78.361947592551033, 17.460806913629526 ], [ 78.361948006979588, 17.46080415746108 ], [ 78.361959623292293, 17.460747633361002 ], [ 78.36134956424948, 17.46053561167755 ], [ 78.361098102181288, 17.460594121815511 ], [ 78.361563895802405, 17.461096423776262 ], [ 78.361863538530613, 17.461029244257446 ] ] ], [ [ [ 78.362247655610858, 17.460943124939281 ], [ 78.362273115675407, 17.460856584530266 ], [ 78.362013328321737, 17.460766298053869 ], [ 78.362004242348902, 17.460810509773115 ], [ 78.362005113756283, 17.460817829585423 ], [ 78.362006940279656, 17.460826701263638 ], [ 78.362009146290433, 17.460836458612377 ], [ 78.36201392100925, 17.46084998697642 ], [ 78.362065166129653, 17.46098403931471 ], [ 78.362247655610858, 17.460943124939281 ] ] ], [ [ [ 78.3608984617685, 17.460378832762338 ], [ 78.36105557814092, 17.460548264618801 ], [ 78.361253478003789, 17.46050221737972 ], [ 78.3608984617685, 17.460378832762338 ] ] ] ] } },
{ "type": "Feature", "properties": { "parcel_id": "SYN-P0040", "survey_number": "2731/A", "survey_subdivision": "A", "district": "DEMO-RANGAREDDY", "mandal": "DEMO-GACHIBOWLI", "village": "DEMO-KONDAPUR", "ward": "DEMO-WARD-01", "door_number": "140", "address": "Plot 3940, Demo Street 4, Kondapur", "area_sqm": 2155.6278, "land_use": "residential", "source": "BhuSetu synthetic integrated benchmark v1 (parcel registry)", "synthetic": true, "geometry_status": "reference" }, "geometry": { "type": "MultiPolygon", "coordinates": [ [ [ [ 78.35091309610938, 17.459081072181981 ], [ 78.350924879814173, 17.459099617486842 ], [ 78.351167323666758, 17.458968053693759 ], [ 78.351135016568222, 17.458932037255451 ], [ 78.350917376751923, 17.459060089468192 ], [ 78.35091309610938, 17.459081072181981 ] ] ], [ [ [ 78.350888037302425, 17.459203904488078 ], [ 78.350982997110108, 17.459316337246893 ], [ 78.350896802154139, 17.459160941297839 ], [ 78.350888037302425, 17.459203904488078 ] ] ], [ [ [ 78.351238749851177, 17.459619148605729 ], [ 78.351261089513912, 17.459614566686231 ], [ 78.351442381845473, 17.459483354366331 ], [ 78.351474241835092, 17.459432688283876 ], [ 78.351296739712254, 17.459112328467778 ], [ 78.351204876282338, 17.459009917891184 ], [ 78.350952847100601, 17.459146683237986 ], [ 78.351115915361888, 17.459440669254903 ], [ 78.351115979909792, 17.459440786313184 ], [ 78.35116752409381, 17.459534817397561 ], [ 78.351238749851177, 17.459619148605729 ] ] ], [ [ [ 78.351519518986876, 17.459360685185004 ], [ 78.351463978932543, 17.459298768616634 ], [ 78.351508231167728, 17.459378635922857 ], [ 78.351519518986876, 17.459360685185004 ] ] ] ] } },
{ "type": "Feature", "properties": { "parcel_id": "SYN-P0041", "survey_number": "5168/B", "survey_subdivision": "B", "district": "DEMO-RANGAREDDY", "mandal": "DEMO-MADHAPUR", "village": "DEMO-KONDAPUR", "ward": "DEMO-WARD-02", "door_number": "141", "address": "Plot 5127, Demo Street 5, Kondapur", "area_sqm": 704.8109, "land_use": "commercial", "source": "BhuSetu synthetic integrated benchmark v1 (parcel registry)", "synthetic": true, "geometry_status": "reference" }, "geometry": { "type": "MultiPolygon", "coordinates": [ [ [ [ 78.354427071849614, 17.458768673271223 ], [ 78.354287422145163, 17.458767113707115 ], [ 78.354287365169924, 17.458767474046063 ], [ 78.354286683134447, 17.458770050775861 ], [ 78.354285741236595, 17.458772550935347 ], [ 78.354284548547355, 17.458774950446617 ], [ 78.354283116552949, 17.458777226201065 ], [ 78.354281459044302, 17.458779356281916 ], [ 78.354279591984096, 17.458781320175323 ], [ 78.354277533353141, 17.458783098967924 ], [ 78.354275302977186, 17.45878467552896 ], [ 78.354272922335994, 17.458786034675278 ], [ 78.354040071825793, 17.458904530619932 ], [ 78.354131667800473, 17.45906979163512 ], [ 78.354146675812373, 17.459072356344233 ], [ 78.354427071849614, 17.458768673271223 ] ] ], [ [ [ 78.353961893448655, 17.458763477923945 ], [ 78.354013559371992, 17.458856695766432 ], [ 78.354191693596277, 17.458766044584042 ], [ 78.353961893448655, 17.458763477923945 ] ] ] ] } },
{ "type": "Feature", "properties": { "parcel_id": "SYN-P0042", "survey_number": "8722/C", "survey_subdivision": "C", "district": "DEMO-RANGAREDDY", "mandal": "DEMO-SERILINGAMPALLY", "village": "DEMO-KONDAPUR", "ward": "DEMO-WARD-03", "door_number": "142", "address": "Plot 950, Demo Street 6, Kondapur", "area_sqm": 3327.7863, "land_use": "mixed_use", "source": "BhuSetu synthetic integrated benchmark v1 (parcel registry)", "synthetic": true, "geometry_status": "reference" }, "geometry": { "type": "MultiPolygon", "coordinates": [ [ [ [ 78.360983172859406, 17.453054407678597 ], [ 78.36155520442226, 17.452099194834609 ], [ 78.361354770236474, 17.451992013147272 ], [ 78.360896124552426, 17.45303991109499 ], [ 78.360983172859406, 17.453054407678597 ] ] ], [ [ [ 78.36160190268528, 17.45202121466718 ], [ 78.361390305353012, 17.451910823082613 ], [ 78.361376768146698, 17.451941752685585 ], [ 78.361583337978217, 17.452052215380419 ], [ 78.36160190268528, 17.45202121466718 ] ] ], [ [ [ 78.361786351039655, 17.451713208476971 ], [ 78.36177545138257, 17.451627490399993 ], [ 78.361628472650992, 17.451500851867422 ], [ 78.361608551328729, 17.451512137653499 ], [ 78.361463152889627, 17.451744381907346 ], [ 78.361412278988141, 17.451860618026657 ], [ 78.361630041669287, 17.451974226095338 ], [ 78.361786351039655, 17.451713208476971 ] ] ] ] } },
{ "type": "Feature", "properties": { "parcel_id": "SYN-P0043", "survey_number": "7345/A", "survey_subdivision": "A", "district": "DEMO-RANGAREDDY", "mandal": "DEMO-GACHIBOWLI", "village": "DEMO-KONDAPUR", "ward": "DEMO-WARD-04", "door_number": "143", "address": "Plot 8274, Demo Street 7, Kondapur", "area_sqm": 1551.5412, "land_use": "residential", "source": "BhuSetu synthetic integrated benchmark v1 (parcel registry)", "synthetic": true, "geometry_status": "reference" }, "geometry": { "type": "MultiPolygon", "coordinates": [ [ [ [ 78.350379328646909, 17.458287225863447 ], [ 78.350365721343778, 17.458259825832485 ], [ 78.350066152690886, 17.45840140841668 ], [ 78.350005511532032, 17.458440405946611 ], [ 78.350002634329002, 17.458442028341057 ], [ 78.350000012053329, 17.458443313249489 ], [ 78.350000011931314, 17.458504748958532 ], [ 78.350378449467911, 17.458291045815677 ], [ 78.350379328646909, 17.458287225863447 ] ] ], [ [ [ 78.350417747824721, 17.458120297837986 ], [ 78.350293474233609, 17.458025770612515 ], [ 78.350398863825333, 17.458202347244331 ], [ 78.350417747824721, 17.458120297837986 ] ] ], [ [ [ 78.350000013145277, 17.457802552290893 ], [ 78.350000012446699, 17.458233754309717 ], [ 78.350063515804734, 17.458342260129751 ], [ 78.350339470161856, 17.45821183814185 ], [ 78.350174323086122, 17.457935139560462 ], [ 78.350000013145277, 17.457802552290893 ] ] ], [ [ [ 78.350000012178327, 17.458378722863692 ], [ 78.350014612371254, 17.458369333671936 ], [ 78.350000012243413, 17.458344386976833 ], [ 78.350000012178327, 17.458378722863692 ] ] ] ] } },
{ "type": "Feature", "properties": { "parcel_id": "SYN-P0044", "survey_number": "8261/B", "survey_subdivision": "B", "district": "DEMO-RANGAREDDY", "mandal": "DEMO-MADHAPUR", "village": "DEMO-KONDAPUR", "ward": "DEMO-WARD-05", "door_number": "144", "address": "Plot 5807, Demo Street 8, Kondapur", "area_sqm": 4071.8311, "land_use": "commercial", "source": "BhuSetu synthetic integrated benchmark v1 (parcel registry)", "synthetic": true, "geometry_status": "reference" }, "geometry": { "type": "MultiPolygon", "coordinates": [ [ [ [ 78.362086121934524, 17.462000058250194 ], [ 78.362241820245998, 17.462000054200775 ], [ 78.362094783612619, 17.461486583159498 ], [ 78.362062886538808, 17.461375318604272 ], [ 78.362042744554827, 17.461357127872777 ], [ 78.36202032366829, 17.461353231043216 ], [ 78.361787508931442, 17.461461456875114 ], [ 78.361774596773316, 17.461470382729456 ], [ 78.361772182670748, 17.461471878542252 ], [ 78.361700082151231, 17.46151171544378 ], [ 78.362086121934524, 17.462000058250194 ] ] ], [ [ [ 78.362506783240903, 17.462000047028877 ], [ 78.362535107419077, 17.461848096217434 ], [ 78.362529873124302, 17.461724883759032 ], [ 78.36236472544492, 17.46141436828152 ], [ 78.362221783531538, 17.461469814695956 ], [ 78.362181901777532, 17.461485307607369 ], [ 78.362155868351238, 17.46149544638773 ], [ 78.362300366660747, 17.462000052646488 ], [ 78.362506783240903, 17.462000047028877 ] ] ], [ [ [ 78.362250417257627, 17.461199442101936 ], [ 78.362163222594702, 17.461240545187366 ], [ 78.362227656216362, 17.461409096739438 ], [ 78.362338959703393, 17.46136592269194 ], [ 78.362250417257627, 17.461199442101936 ] ] ], [ [ [ 78.362036451813054, 17.46130030413055 ], [ 78.362036749050006, 17.461301022403067 ], [ 78.362061029722653, 17.461305242468114 ], [ 78.362063668199056, 17.4613058277486 ], [ 78.362066236095501, 17.461306653004481 ], [ 78.362068709776452, 17.461307710639876 ], [ 78.362071066473547, 17.461308990920077 ], [ 78.362073284495168, 17.461310482061066 ], [ 78.362075343426113, 17.461312170338026 ], [ 78.362107343426629, 17.4613410703349 ], [ 78.362109135505065, 17.461342843452634 ], [ 78.362110751851077, 17.461344765871196 ], [ 78.362112179025459, 17.461346821606522 ], [ 78.362113405161892, 17.461348993566073 ], [ 78.362114420065566, 17.461351263690961 ], [ 78.362115215297976, 17.461353613106095 ], [ 78.362140795687864, 17.46144284349095 ], [ 78.362160709715766, 17.46143508792856 ], [ 78.362175293217192, 17.461429422661102 ], [ 78.362112271127614, 17.4612645634014 ], [ 78.362036451813054, 17.46130030413055 ] ] ] ] } },
{ "type": "Feature", "properties": { "parcel_id": "SYN-P0045", "survey_number": "8877/C", "survey_subdivision": "C", "district": "DEMO-RANGAREDDY", "mandal": "DEMO-SERILINGAMPALLY", "village": "DEMO-KONDAPUR", "ward": "DEMO-WARD-06", "door_number": "145", "address": "Plot 102, Demo Street 9, Kondapur", "area_sqm": 3900.1611, "land_use": "mixed_use", "source": "BhuSetu synthetic integrated benchmark v1 (parcel registry)", "synthetic": true, "geometry_status": "reference" }, "geometry": { "type": "Polygon", "coordinates": [ [ [ 78.350704776667342, 17.457963349996547 ], [ 78.350726631383651, 17.45800292286247 ], [ 78.351022272041973, 17.457855689123242 ], [ 78.350800071838975, 17.457438838921437 ], [ 78.350798932744667, 17.457436415551076 ], [ 78.350798046618422, 17.457433896688553 ], [ 78.350797421994102, 17.457431306591889 ], [ 78.350797064887175, 17.457428670205157 ], [ 78.350796978736781, 17.457426012918166 ], [ 78.350797164372551, 17.457423360322061 ], [ 78.35079762000673, 17.457420737962789 ], [ 78.350798341251277, 17.457418171095092 ], [ 78.35079932116021, 17.457415684439312 ], [ 78.350800550296483, 17.457413301943294 ], [ 78.350802016822811, 17.457411046551783 ], [ 78.35080370661575, 17.45740893998542 ], [ 78.350805603401668, 17.457407002531578 ], [ 78.350807688913477, 17.457405252848989 ], [ 78.350809943066579, 17.457403707788071 ], [ 78.350812344152232, 17.457402382228576 ], [ 78.350814869046701, 17.457401288936374 ], [ 78.350817493433823, 17.457400438440462 ], [ 78.350820192039379, 17.457399838931572 ], [ 78.350822938874344, 17.457399496183303 ], [ 78.350825707485157, 17.457399413496518 ], [ 78.350828471208629, 17.457399591667532 ], [ 78.350831203428598, 17.457400028980455 ], [ 78.350833877832301, 17.457400721223728 ], [ 78.350836468663786, 17.457401661730692 ], [ 78.350838950971905, 17.457402841443745 ], [ 78.350841300850732, 17.457404249001609 ], [ 78.350843495669608, 17.457405870848735 ], [ 78.350845514291251, 17.457407691365862 ], [ 78.350847337275212, 17.457409693020406 ], [ 78.350848947065174, 17.457411856535362 ], [ 78.350850328157961, 17.457414161074905 ], [ 78.35107238074832, 17.457830734120982 ], [ 78.35114882974429, 17.457792661159154 ], [ 78.351197350723496, 17.45772835786795 ], [ 78.351165395666399, 17.457483388858609 ], [ 78.350542784787137, 17.456941936020083 ], [ 78.350704776667342, 17.457963349996547 ] ] ] } },
{ "type": "Feature", "properties": { "parcel_id": "SYN-P0046", "survey_number": "2106/A", "survey_subdivision": "A", "district": "DEMO-RANGAREDDY", "mandal": "DEMO-GACHIBOWLI", "village": "DEMO-KONDAPUR", "ward": "DEMO-WARD-07", "door_number": "146", "address": "Plot 6490, Demo Street 10, Kondapur", "area_sqm": 1429.5306, "land_use": "residential", "source": "BhuSetu synthetic integrated benchmark v1 (parcel registry)", "synthetic": true, "geometry_status": "reference" }, "geometry": { "type": "MultiPolygon", "coordinates": [ [ [ [ 78.351021437731291, 17.458298350351455 ], [ 78.351165370211234, 17.458225148802853 ], [ 78.351161208635219, 17.458116334879254 ], [ 78.351022272041973, 17.457855689123242 ], [ 78.350726631383651, 17.45800292286247 ], [ 78.350807384429515, 17.45814914421975 ], [ 78.351021437731291, 17.458298350351455 ] ] ], [ [ [ 78.35114882974429, 17.457792661159154 ], [ 78.35107238074832, 17.457830734120982 ], [ 78.351156307396693, 17.457988180938454 ], [ 78.35114882974429, 17.457792661159154 ] ] ] ] } },
{ "type": "Feature", "properties": { "parcel_id": "SYN-P0047", "survey_number": "2935/B", "survey_subdivision": "B", "district": "DEMO-RANGAREDDY", "mandal": "DEMO-MADHAPUR", "village": "DEMO-KONDAPUR", "ward": "DEMO-WARD-08", "door_number": "147", "address": "Plot 2285, Demo Street 11, Kondapur", "area_sqm": 515.767, "land_use": "commercial", "source": "BhuSetu synthetic integrated benchmark v1 (parcel registry)", "synthetic": true, "geometry_status": "reference" }, "geometry": { "type": "MultiPolygon", "coordinates": [ [ [ [ 78.35792941640679, 17.45057360309989 ], [ 78.357782606743982, 17.450570568458655 ], [ 78.357793580878038, 17.450608640324141 ], [ 78.35783993927221, 17.450649198191744 ], [ 78.35792941640679, 17.45057360309989 ] ] ], [ [ [ 78.357939499917507, 17.450375269208468 ], [ 78.357886042644495, 17.450329743840392 ], [ 78.357708723388797, 17.450314249313774 ], [ 78.357766891624308, 17.45051604897191 ], [ 78.357937898249162, 17.450519583775762 ], [ 78.357939499917507, 17.450375269208468 ] ] ] ] } },
{ "type": "Feature", "properties": { "parcel_id": "SYN-P0048", "survey_number": "5983/C", "survey_subdivision": "C", "district": "DEMO-RANGAREDDY", "mandal": "DEMO-SERILINGAMPALLY", "village": "DEMO-KONDAPUR", "ward": "DEMO-WARD-01", "door_number": "148", "address": "Plot 3104, Demo Street 12, Kondapur", "area_sqm": 1495.7612, "land_use": "mixed_use", "source": "BhuSetu synthetic integrated benchmark v1 (parcel registry)", "synthetic": true, "geometry_status": "reference" }, "geometry": { "type": "MultiPolygon", "coordinates": [ [ [ [ 78.350763911579847, 17.45959631537599 ], [ 78.351053039016904, 17.459442611598249 ], [ 78.350982997110108, 17.459316337246893 ], [ 78.350888037302425, 17.459203904488078 ], [ 78.35067731846857, 17.459316667559943 ], [ 78.350680652736216, 17.459466673813242 ], [ 78.3507532619751, 17.459592920797082 ], [ 78.350763911579847, 17.45959631537599 ] ] ], [ [ [ 78.351108414196929, 17.459706125787019 ], [ 78.351173742691131, 17.459662530000731 ], [ 78.35107944808469, 17.459490510148758 ], [ 78.350836748614157, 17.459619532281664 ], [ 78.351108414196929, 17.459706125787019 ] ] ], [ [ [ 78.351238749851177, 17.459619148605729 ], [ 78.35116752409381, 17.459534817397561 ], [ 78.351220446654139, 17.459631362929752 ], [ 78.351238749851177, 17.459619148605729 ] ] ] ] } },
{ "type": "Feature", "properties": { "parcel_id": "SYN-P0049", "survey_number": "3473/A", "survey_subdivision": "A", "district": "DEMO-RANGAREDDY", "mandal": "DEMO-GACHIBOWLI", "village": "DEMO-KONDAPUR", "ward": "DEMO-WARD-02", "door_number": "149", "address": "Plot 4344, Demo Street 1, Kondapur", "area_sqm": 3372.1578, "land_use": "residential", "source": "BhuSetu synthetic integrated benchmark v1 (parcel registry)", "synthetic": true, "geometry_status": "reference" }, "geometry": { "type": "MultiPolygon", "coordinates": [ [ [ [ 78.359861216118006, 17.451242172808509 ], [ 78.359635220556953, 17.451133103646594 ], [ 78.359634908135504, 17.451132950524649 ], [ 78.359615360370569, 17.451123222436024 ], [ 78.359446015915125, 17.451454648092202 ], [ 78.359327713438859, 17.452229633709905 ], [ 78.359861216118006, 17.451242172808509 ] ] ], [ [ [ 78.359907396023118, 17.451156697694849 ], [ 78.359707898531269, 17.45105881443434 ], [ 78.359686465476187, 17.451097189394353 ], [ 78.359887205019604, 17.451194069554148 ], [ 78.359907396023118, 17.451156697694849 ] ] ], [ [ [ 78.360087355319692, 17.450823607197133 ], [ 78.359926588800036, 17.450703048389194 ], [ 78.359875623150131, 17.450786143769566 ], [ 78.359875551992431, 17.450786259132531 ], [ 78.359735753377393, 17.451011630436948 ], [ 78.35993338331248, 17.451108597365511 ], [ 78.360087355319692, 17.450823607197133 ] ] ], [ [ [ 78.359856793434105, 17.450650708763327 ], [ 78.359685083561885, 17.45098676605468 ], [ 78.359685386760333, 17.450986914860213 ], [ 78.359827012283972, 17.450758598461984 ], [ 78.359881720312941, 17.450669401464459 ], [ 78.359856793434105, 17.450650708763327 ] ] ] ] } },
{ "type": "Feature", "properties": { "parcel_id": "SYN-P0050", "survey_number": "7018/B", "survey_subdivision": "B", "district": "DEMO-RANGAREDDY", "mandal": "DEMO-MADHAPUR", "village": "DEMO-KONDAPUR", "ward": "DEMO-WARD-03", "door_number": "150", "address": "Plot 109, Demo Street 2, Kondapur", "area_sqm": 13645.8844, "land_use": "commercial", "source": "BhuSetu synthetic integrated benchmark v1 (parcel registry)", "synthetic": true, "geometry_status": "shifted_geometry" }, "geometry": { "type": "MultiPolygon", "coordinates": [ [ [ [ 78.356089444000162, 17.450926437051752 ], [ 78.355668750726522, 17.450763446143593 ], [ 78.355115589435911, 17.451305339986291 ], [ 78.355047858204443, 17.452136398885354 ], [ 78.355173505395243, 17.452920121493001 ], [ 78.356089444000162, 17.450926437051752 ] ] ], [ [ [ 78.356262322763612, 17.450550132915708 ], [ 78.356089619706268, 17.450468913029152 ], [ 78.355871561182965, 17.450564765462481 ], [ 78.355711491410446, 17.450721575835285 ], [ 78.356112231347709, 17.450876836087922 ], [ 78.356262322763612, 17.450550132915708 ] ] ], [ [ [ 78.356202088036767, 17.450442837454204 ], [ 78.356172784429162, 17.450447688042622 ], [ 78.356234319550595, 17.450476627163237 ], [ 78.356202088036767, 17.450442837454204 ] ] ] ] } },
{ "type": "Feature", "properties": { "parcel_id": "SYN-P0051", "survey_number": "5982/C", "survey_subdivision": "C", "district": "DEMO-RANGAREDDY", "mandal": "DEMO-SERILINGAMPALLY", "village": "DEMO-KONDAPUR", "ward": "DEMO-WARD-04", "door_number": "151", "address": "Plot 5358, Demo Street 3, Kondapur", "area_sqm": 3430.8813, "land_use": "mixed_use", "source": "BhuSetu synthetic integrated benchmark v1 (parcel registry)", "synthetic": true, "geometry_status": "reference" }, "geometry": { "type": "MultiPolygon", "coordinates": [ [ [ [ 78.36308420186765, 17.450484800084219 ], [ 78.363205121447123, 17.450381643997204 ], [ 78.363083561867199, 17.450000030176231 ], [ 78.362530369549958, 17.450000046345533 ], [ 78.362578380115991, 17.450172830025391 ], [ 78.362735934964917, 17.450468046046868 ], [ 78.36308420186765, 17.450484800084219 ] ] ], [ [ [ 78.363377343076408, 17.450069413891871 ], [ 78.363360182610364, 17.450000021513155 ], [ 78.363142590687602, 17.450000028359916 ], [ 78.36324509848744, 17.450321832368871 ], [ 78.363377343076408, 17.450069413891871 ] ] ] ] } },
{ "type": "Feature", "properties": { "parcel_id": "SYN-P0052", "survey_number": "5982/C", "survey_subdivision": "C", "district": "DEMO-RANGAREDDY", "mandal": "DEMO-GACHIBOWLI", "village": "DEMO-KONDAPUR", "ward": "DEMO-WARD-05", "door_number": "152", "address": "Plot 3561, Demo Street 4, Kondapur", "area_sqm": 3103.5049, "land_use": "residential", "source": "BhuSetu synthetic integrated benchmark v1 (parcel registry)", "synthetic": true, "geometry_status": "reference" }, "geometry": { "type": "MultiPolygon", "coordinates": [ [ [ [ 78.360978599694633, 17.450655136967075 ], [ 78.361005076246386, 17.450623336120113 ], [ 78.360841403071191, 17.450454743992886 ], [ 78.360817658575272, 17.45043382997375 ], [ 78.3608158307444, 17.450641481467343 ], [ 78.360978599694633, 17.450655136967075 ] ] ], [ [ [ 78.361502323655799, 17.450026091853154 ], [ 78.361322156573223, 17.450000076304537 ], [ 78.360821476432235, 17.450000086566128 ], [ 78.360818300898458, 17.450360857536015 ], [ 78.36088038350097, 17.450415539545816 ], [ 78.360881949558376, 17.450417031258276 ], [ 78.361040698173127, 17.45058055078572 ], [ 78.361502323655799, 17.450026091853154 ] ] ] ] } },
{ "type": "Feature", "properties": { "parcel_id": "SYN-P0053", "survey_number": "6161/B", "survey_subdivision": "B", "district": "DEMO-RANGAREDDY", "mandal": "DEMO-MADHAPUR", "village": "DEMO-KONDAPUR", "ward": "DEMO-WARD-06", "door_number": "153", "address": "Plot 7076, Demo Street 5, Kondapur", "area_sqm": 1053.0971, "land_use": "commercial", "source": "BhuSetu synthetic integrated benchmark v1 (parcel registry)", "synthetic": true, "geometry_status": "reference" }, "geometry": { "type": "MultiPolygon", "coordinates": [ [ [ [ 78.356186891809713, 17.45050309040089 ], [ 78.3563789225596, 17.450593399696199 ], [ 78.356536109626518, 17.450366811890696 ], [ 78.356528485508548, 17.450349041637537 ], [ 78.356451564420396, 17.45031492738012 ], [ 78.356166168876456, 17.450440738772567 ], [ 78.356154660301826, 17.450469300684816 ], [ 78.356186891809713, 17.45050309040089 ] ] ], [ [ [ 78.356381053204842, 17.450005406610654 ], [ 78.356328809085639, 17.450071867508466 ], [ 78.356470276829327, 17.450263539960378 ], [ 78.356496860252292, 17.450275329627381 ], [ 78.356381053204842, 17.450005406610654 ] ] ], [ [ [ 78.356195382182932, 17.450368237310098 ], [ 78.356408900233077, 17.450274111761154 ], [ 78.35629531684333, 17.450120219324592 ], [ 78.356195382182932, 17.450368237310098 ] ] ] ] } },
{ "type": "Feature", "properties": { "parcel_id": "SYN-P0054", "survey_number": "7768/C", "survey_subdivision": "C", "district": "DEMO-RANGAREDDY", "mandal": "DEMO-SERILINGAMPALLY", "village": "DEMO-KONDAPUR", "ward": "DEMO-WARD-07", "door_number": "154", "address": "Plot 2539, Demo Street 6, Kondapur", "area_sqm": 2039.4423, "land_use": "mixed_use", "source": "BhuSetu synthetic integrated benchmark v1 (parcel registry)", "synthetic": true, "geometry_status": "reference" }, "geometry": { "type": "MultiPolygon", "coordinates": [ [ [ [ 78.35301616038457, 17.458621061274531 ], [ 78.353130878453086, 17.458635018588975 ], [ 78.353029294688852, 17.458472159643026 ], [ 78.352987382662846, 17.458493667311448 ], [ 78.352986871181216, 17.45851126852946 ], [ 78.35301616038457, 17.458621061274531 ] ] ], [ [ [ 78.353545336795406, 17.458685443611191 ], [ 78.353536004154535, 17.458562353140238 ], [ 78.353455573258444, 17.458426807756627 ], [ 78.353333541118772, 17.458221182402102 ], [ 78.353019324309059, 17.458342116376155 ], [ 78.35306426725414, 17.458422744789161 ], [ 78.353202076972281, 17.458643681010294 ], [ 78.353545336795406, 17.458685443611191 ] ] ], [ [ [ 78.35352521489537, 17.45842005096808 ], [ 78.353518643803667, 17.458423614365465 ], [ 78.353526487257966, 17.458436832469236 ], [ 78.35352521489537, 17.45842005096808 ] ] ], [ [ [ 78.353505129675952, 17.45815514208493 ], [ 78.353386428590539, 17.458200827305596 ], [ 78.353490704563157, 17.45837653327326 ], [ 78.353520682836447, 17.458360276534428 ], [ 78.353505129675952, 17.45815514208493 ] ] ], [ [ [ 78.352989195101088, 17.458431297191964 ], [ 78.353001493478118, 17.458424986127941 ], [ 78.352989978791612, 17.458404328573632 ], [ 78.352989195101088, 17.458431297191964 ] ] ] ] } },
{ "type": "Feature", "properties": { "parcel_id": "SYN-P0055", "survey_number": "5055/A", "survey_subdivision": "A", "district": "DEMO-RANGAREDDY", "mandal": "DEMO-GACHIBOWLI", "village": "DEMO-KONDAPUR", "ward": "DEMO-WARD-08", "door_number": "155", "address": "Plot 8886, Demo Street 7, Kondapur", "area_sqm": 1157.3616, "land_use": "residential", "source": "BhuSetu synthetic integrated benchmark v1 (parcel registry)", "synthetic": true, "geometry_status": "shifted_geometry" }, "geometry": { "type": "MultiPolygon", "coordinates": [ [ [ [ 78.355008376030426, 17.461619917664684 ], [ 78.354835661257042, 17.461537931419375 ], [ 78.354697587630653, 17.461859759935589 ], [ 78.355052672364494, 17.461674948677285 ], [ 78.355008376030426, 17.461619917664684 ] ] ], [ [ [ 78.354648726888357, 17.46197364650595 ], [ 78.355035751347103, 17.461973650704365 ], [ 78.355052022776846, 17.46173692279136 ], [ 78.35466354161538, 17.46193911576766 ], [ 78.354648726888357, 17.46197364650595 ] ] ] ] } },
{ "type": "Feature", "properties": { "parcel_id": "SYN-P0056", "survey_number": "2735/B", "survey_subdivision": "B", "district": "DEMO-RANGAREDDY", "mandal": "DEMO-MADHAPUR", "village": "DEMO-KONDAPUR", "ward": "DEMO-WARD-01", "door_number": "156", "address": "Plot 2234, Demo Street 8, Kondapur", "area_sqm": 516.0133, "land_use": "commercial", "source": "BhuSetu synthetic integrated benchmark v1 (parcel registry)", "synthetic": true, "geometry_status": "reference" }, "geometry": { "type": "Polygon", "coordinates": [ [ [ 78.362031369007084, 17.451805637219653 ], [ 78.362103628597552, 17.451686525447553 ], [ 78.361890259908336, 17.451574001270075 ], [ 78.36177545138257, 17.451627490399993 ], [ 78.361786351039655, 17.451713208476971 ], [ 78.362031369007084, 17.451805637219653 ] ] ] } },
{ "type": "Feature", "properties": { "parcel_id": "SYN-P0057", "survey_number": "7473/C", "survey_subdivision": "C", "district": "DEMO-RANGAREDDY", "mandal": "DEMO-SERILINGAMPALLY", "village": "DEMO-KONDAPUR", "ward": "DEMO-WARD-02", "door_number": "157", "address": "Plot 7526, Demo Street 9, Kondapur", "area_sqm": 1290.0552, "land_use": "mixed_use", "source": "BhuSetu synthetic integrated benchmark v1 (parcel registry)", "synthetic": true, "geometry_status": "reference" }, "geometry": { "type": "MultiPolygon", "coordinates": [ [ [ [ 78.353592927643987, 17.461663126355987 ], [ 78.353582130462513, 17.461643595228313 ], [ 78.353417638400387, 17.461363137610824 ], [ 78.353324380014953, 17.461411731110331 ], [ 78.353301958645815, 17.461449451690822 ], [ 78.353396904160547, 17.461764300593732 ], [ 78.353592927643987, 17.461663126355987 ] ] ], [ [ [ 78.353765662387673, 17.461412722930937 ], [ 78.353510201360749, 17.461315060333341 ], [ 78.3534672827289, 17.461337326755814 ], [ 78.353617878938408, 17.461594091960279 ], [ 78.353811411758031, 17.461493554813849 ], [ 78.353765662387673, 17.461412722930937 ] ] ], [ [ [ 78.353380956312648, 17.461316549908528 ], [ 78.353377469187222, 17.461322416481959 ], [ 78.353389472009795, 17.461316162250412 ], [ 78.353388175329911, 17.461314044136095 ], [ 78.353380956312648, 17.461316549908528 ] ] ] ] } },
{ "type": "Feature", "properties": { "parcel_id": "SYN-P0058", "survey_number": "7488/A", "survey_subdivision": "A", "district": "DEMO-RANGAREDDY", "mandal": "DEMO-GACHIBOWLI", "village": "DEMO-KONDAPUR", "ward": "DEMO-WARD-03", "door_number": "158", "address": "Plot 7865, Demo Street 10, Kondapur", "area_sqm": 3502.3622, "land_use": "residential", "source": "BhuSetu synthetic integrated benchmark v1 (parcel registry)", "synthetic": true, "geometry_status": "reference" }, "geometry": { "type": "Polygon", "coordinates": [ [ [ 78.355870117156073, 17.46083265713574 ], [ 78.356064267937413, 17.460734719477717 ], [ 78.356066780190886, 17.460733599562321 ], [ 78.356069394718943, 17.460732721377834 ], [ 78.356072086342152, 17.46073209338164 ], [ 78.356074829138777, 17.460731721621691 ], [ 78.356077596694234, 17.460731609678227 ], [ 78.356080362355399, 17.460731758629336 ], [ 78.356081642647723, 17.460731949663497 ], [ 78.356649916200752, 17.460362617443881 ], [ 78.356804318051829, 17.46021012011893 ], [ 78.35670799093424, 17.460124966211698 ], [ 78.355906516448016, 17.460459088632263 ], [ 78.355906420944152, 17.460461539596682 ], [ 78.355906046602556, 17.46046417379031 ], [ 78.355905405045988, 17.460466760083627 ], [ 78.355904502452972, 17.460469273569206 ], [ 78.355903347515948, 17.460471690040833 ], [ 78.355901951357637, 17.460473986226535 ], [ 78.355900327423711, 17.460476140012766 ], [ 78.355898491353614, 17.460478130657425 ], [ 78.355896460829698, 17.460479938989476 ], [ 78.35589425540698, 17.460481547593698 ], [ 78.355891896324934, 17.460482940978356 ], [ 78.355615665748218, 17.460628665279557 ], [ 78.355612112409545, 17.460643410337362 ], [ 78.355870117156073, 17.46083265713574 ] ] ] } },
{ "type": "Feature", "properties": { "parcel_id": "SYN-P0059", "survey_number": "8582/B", "survey_subdivision": "B", "district": "DEMO-RANGAREDDY", "mandal": "DEMO-MADHAPUR", "village": "DEMO-KONDAPUR", "ward": "DEMO-WARD-04", "door_number": "159", "address": "Plot 3255, Demo Street 11, Kondapur", "area_sqm": 1084.354, "land_use": "commercial", "source": "BhuSetu synthetic integrated benchmark v1 (parcel registry)", "synthetic": true, "geometry_status": "reference" }, "geometry": { "type": "MultiPolygon", "coordinates": [ [ [ [ 78.360154539612637, 17.450222553705018 ], [ 78.360256205279967, 17.450054873732853 ], [ 78.360256242133744, 17.450054819355824 ], [ 78.360256273919148, 17.450054761148593 ], [ 78.360289785855073, 17.450000096081872 ], [ 78.360195201374367, 17.450000097625587 ], [ 78.360147801493341, 17.450218777724086 ], [ 78.360154539612637, 17.450222553705018 ] ] ], [ [ [ 78.360435940535396, 17.450380247907198 ], [ 78.360519136912671, 17.450232624881306 ], [ 78.360345274039247, 17.450137964010363 ], [ 78.360344529589284, 17.450137544113883 ], [ 78.360290518071196, 17.450106003039291 ], [ 78.360203288981808, 17.450249872398476 ], [ 78.360435940535396, 17.450380247907198 ] ] ], [ [ [ 78.360650187093867, 17.450000089787085 ], [ 78.36035528362406, 17.4500000949865 ], [ 78.360319030723375, 17.45005923119194 ], [ 78.360373501528017, 17.450091040470717 ], [ 78.360546000295514, 17.450184958629642 ], [ 78.360650187093867, 17.450000089787085 ] ] ] ] } },
{ "type": "Feature", "properties": { "parcel_id": "SYN-P0060", "survey_number": "4165/C", "survey_subdivision": "C", "district": "DEMO-RANGAREDDY", "mandal": "DEMO-SERILINGAMPALLY", "village": "DEMO-KONDAPUR", "ward": "DEMO-WARD-05", "door_number": "160", "address": "Plot 4691, Demo Street 12, Kondapur", "area_sqm": 2438.975, "land_use": "mixed_use", "source": "BhuSetu synthetic integrated benchmark v1 (parcel registry)", "synthetic": true, "geometry_status": "reference" }, "geometry": { "type": "MultiPolygon", "coordinates": [ [ [ [ 78.350418589759471, 17.459185252266785 ], [ 78.350433191836686, 17.459148524002519 ], [ 78.350206802543653, 17.458754894096927 ], [ 78.350128428105521, 17.458751613646378 ], [ 78.350000011257833, 17.458819888793531 ], [ 78.350000010760411, 17.459031677172277 ], [ 78.350151076469061, 17.459309445395945 ], [ 78.350171063094095, 17.459310937746704 ], [ 78.350418589759471, 17.459185252266785 ] ] ], [ [ [ 78.350553098346623, 17.458846925233409 ], [ 78.35053172570602, 17.458768493793329 ], [ 78.350272874685942, 17.458757659597019 ], [ 78.350459547278135, 17.459082232727038 ], [ 78.350553098346623, 17.458846925233409 ] ] ], [ [ [ 78.350000011422367, 17.458746238554497 ], [ 78.350000011396489, 17.458757949369605 ], [ 78.350020430418297, 17.458747093230759 ], [ 78.350000011422367, 17.458746238554497 ] ] ], [ [ [ 78.350000010083377, 17.459298165585736 ], [ 78.350084700937416, 17.459304489288364 ], [ 78.350000010469955, 17.459148766814668 ], [ 78.350000010083377, 17.459298165585736 ] ] ] ] } },
{ "type": "Feature", "properties": { "parcel_id": "SYN-P0061", "survey_number": "3516/A", "survey_subdivision": "A", "district": "DEMO-RANGAREDDY", "mandal": "DEMO-GACHIBOWLI", "village": "DEMO-KONDAPUR", "ward": "DEMO-WARD-06", "door_number": "161", "address": "Plot 8777, Demo Street 1, Kondapur", "area_sqm": 1109.5414, "land_use": "residential", "source": "BhuSetu synthetic integrated benchmark v1 (parcel registry)", "synthetic": true, "geometry_status": "reference" }, "geometry": { "type": "Polygon", "coordinates": [ [ [ 78.352938161615413, 17.461527122363499 ], [ 78.353184289285338, 17.461422424587624 ], [ 78.353102777228443, 17.461351497597523 ], [ 78.352831039371026, 17.461239556586481 ], [ 78.352702517047931, 17.461313250480199 ], [ 78.352659968330485, 17.461350476732804 ], [ 78.352767518803986, 17.461539821279967 ], [ 78.352938161615413, 17.461527122363499 ] ] ] } },
{ "type": "Feature", "properties": { "parcel_id": "SYN-P0062", "survey_number": "2253/B", "survey_subdivision": "B", "district": "DEMO-RANGAREDDY", "mandal": "DEMO-MADHAPUR", "village": "DEMO-KONDAPUR", "ward": "DEMO-WARD-07", "door_number": "162", "address": "Plot 8756, Demo Street 2, Kondapur", "area_sqm": 2400.7084, "land_use": "commercial", "source": "BhuSetu synthetic integrated benchmark v1 (parcel registry)", "synthetic": true, "geometry_status": "reference" }, "geometry": { "type": "MultiPolygon", "coordinates": [ [ [ [ 78.351014556892665, 17.462000033176498 ], [ 78.351269767628224, 17.461889546409854 ], [ 78.351326310133871, 17.461863392093491 ], [ 78.351284221466642, 17.461783645112135 ], [ 78.351161240950958, 17.461550789289557 ], [ 78.351015178668519, 17.461528556469631 ], [ 78.351012467432824, 17.461528011698434 ], [ 78.351010114256241, 17.461527301791051 ], [ 78.350944660012701, 17.461715205975523 ], [ 78.35092369268223, 17.462000030416554 ], [ 78.351014556892665, 17.462000033176498 ] ] ], [ [ [ 78.35122092001923, 17.462000039290192 ], [ 78.351315476204633, 17.461959449595231 ], [ 78.351322383770821, 17.461925354339257 ], [ 78.351293954791714, 17.461938504452529 ], [ 78.351293306121121, 17.461938794832964 ], [ 78.351151843821086, 17.462000037267632 ], [ 78.35122092001923, 17.462000039290192 ] ] ], [ [ [ 78.351353849868573, 17.461770039690453 ], [ 78.351323292078632, 17.461456153810023 ], [ 78.351321509487207, 17.461455976086569 ], [ 78.351318795619306, 17.461455443527345 ], [ 78.351316149207449, 17.461454658228579 ], [ 78.351313595738048, 17.461453627753126 ], [ 78.351311159802407, 17.461452362025042 ], [ 78.351308864859931, 17.461450873233971 ], [ 78.35130673301218, 17.461449175717803 ], [ 78.351304784790003, 17.461447285824555 ], [ 78.351303038955834, 17.461445221754918 ], [ 78.351301512323033, 17.461443003387039 ], [ 78.351220816054962, 17.461312209404674 ], [ 78.351144602601025, 17.461188826594899 ], [ 78.351128904344947, 17.461186281295966 ], [ 78.35102810144754, 17.461475664585095 ], [ 78.351184321307841, 17.461499443523422 ], [ 78.351186930402577, 17.461499962885316 ], [ 78.351189476844937, 17.461500716062929 ], [ 78.35119193794192, 17.46150169634419 ], [ 78.351194291761161, 17.461502894993213 ], [ 78.351196517326244, 17.461504301328048 ], [ 78.351198594803748, 17.461505902815965 ], [ 78.351200505679955, 17.46150768518509 ], [ 78.351202232925772, 17.461509632551572 ], [ 78.351203761148668, 17.46151172756122 ], [ 78.351205076729627, 17.461513951544038 ], [ 78.351334580301099, 17.461759158239339 ], [ 78.351350097779687, 17.461788559780981 ], [ 78.351353849868573, 17.461770039690453 ] ] ], [ [ [ 78.351299715349427, 17.461213976345881 ], [ 78.351217534956731, 17.461200651754481 ], [ 78.3512693876594, 17.461284596617666 ], [ 78.351313560567604, 17.461356192862116 ], [ 78.351299715349427, 17.461213976345881 ] ] ] ] } },
{ "type": "Feature", "properties": { "parcel_id": "SYN-P0063", "survey_number": "1328/C", "survey_subdivision": "C", "district": "DEMO-RANGAREDDY", "mandal": "DEMO-SERILINGAMPALLY", "village": "DEMO-KONDAPUR", "ward": "DEMO-WARD-08", "door_number": "163", "address": "Plot 7516, Demo Street 3, Kondapur", "area_sqm": 17607.4684, "land_use": "mixed_use", "source": "BhuSetu synthetic integrated benchmark v1 (parcel registry)", "synthetic": true, "geometry_status": "shifted_geometry" }, "geometry": { "type": "MultiPolygon", "coordinates": [ [ [ [ 78.358404321601412, 17.453437481749557 ], [ 78.358583155718875, 17.451431712465595 ], [ 78.358468659269775, 17.450893239331105 ], [ 78.358407581642865, 17.450896680708805 ], [ 78.358406853543215, 17.450896695396537 ], [ 78.358406419386668, 17.450896723153829 ], [ 78.358406043715135, 17.450896711732938 ], [ 78.358405458892932, 17.45089672353037 ], [ 78.358336507727159, 17.450895624325163 ], [ 78.357856894776845, 17.45088957138686 ], [ 78.3578375946542, 17.451058577273777 ], [ 78.357855359090721, 17.45161337101824 ], [ 78.358173946988543, 17.453501447034427 ], [ 78.358404321601412, 17.453437481749557 ] ] ], [ [ [ 78.358396190110625, 17.450552418098198 ], [ 78.358329757806189, 17.450554653913944 ], [ 78.358426084710601, 17.450841362791607 ], [ 78.358457255256582, 17.45083960650587 ], [ 78.358396190110625, 17.450552418098198 ] ] ], [ [ [ 78.358240092477317, 17.450515497472505 ], [ 78.358240313865906, 17.450516113893041 ], [ 78.35835717278691, 17.450841764194774 ], [ 78.358366959474267, 17.450841920212209 ], [ 78.358264602800816, 17.450537263889981 ], [ 78.35825651488905, 17.45051389443757 ], [ 78.358240092477317, 17.450515497472505 ] ] ], [ [ [ 78.357887366872845, 17.450622734532633 ], [ 78.357863073874171, 17.450835462614499 ], [ 78.358297172913439, 17.450840941166565 ], [ 78.358193348719951, 17.450551614441157 ], [ 78.357976843976431, 17.450547139414851 ], [ 78.357887366872845, 17.450622734532633 ] ] ] ] } },
{ "type": "Feature", "properties": { "parcel_id": "SYN-P0064", "survey_number": "5372/A", "survey_subdivision": "A", "district": "DEMO-RANGAREDDY", "mandal": "DEMO-GACHIBOWLI", "village": "DEMO-KONDAPUR", "ward": "DEMO-WARD-01", "door_number": "164", "address": "Plot 2259, Demo Street 4, Kondapur", "area_sqm": 1383.8145, "land_use": "residential", "source": "BhuSetu synthetic integrated benchmark v1 (parcel registry)", "synthetic": true, "geometry_status": "reference" }, "geometry": { "type": "MultiPolygon", "coordinates": [ [ [ [ 78.354538011393458, 17.461531399129104 ], [ 78.354817723798305, 17.461386910301009 ], [ 78.354846556303983, 17.461291734056502 ], [ 78.354700223396065, 17.461193297522488 ], [ 78.354473774235956, 17.46124863167968 ], [ 78.354383066290808, 17.461325731224338 ], [ 78.354339280052699, 17.461476603700483 ], [ 78.35439143736987, 17.461528003282446 ], [ 78.354538011393458, 17.461531399129104 ] ] ], [ [ [ 78.354772308208439, 17.461536827124963 ], [ 78.354795625588167, 17.461459856514438 ], [ 78.354652015034574, 17.461534040306137 ], [ 78.354772308208439, 17.461536827124963 ] ] ] ] } },
{ "type": "Feature", "properties": { "parcel_id": "SYN-P0065", "survey_number": "8016/B", "survey_subdivision": "B", "district": "DEMO-RANGAREDDY", "mandal": "DEMO-MADHAPUR", "village": "DEMO-KONDAPUR", "ward": "DEMO-WARD-02", "door_number": "165", "address": "Plot 8383, Demo Street 5, Kondapur", "area_sqm": 5562.3363, "land_use": "commercial", "source": "BhuSetu synthetic integrated benchmark v1 (parcel registry)", "synthetic": true, "geometry_status": "reference" }, "geometry": { "type": "MultiPolygon", "coordinates": [ [ [ [ 78.352113435927336, 17.457727541873027 ], [ 78.35216676312443, 17.457738122558496 ], [ 78.352200807439758, 17.457729239096469 ], [ 78.35202205757821, 17.457416737303866 ], [ 78.352021745268118, 17.457416175763491 ], [ 78.351985345177525, 17.457348834948561 ], [ 78.351982665715838, 17.45735121788729 ], [ 78.351915307587632, 17.457464492377362 ], [ 78.351925828175581, 17.457493913021764 ], [ 78.352113435927336, 17.457727541873027 ] ] ], [ [ [ 78.352561105974857, 17.457635223022979 ], [ 78.35226343459621, 17.457101519746399 ], [ 78.352028295058503, 17.457310638106971 ], [ 78.352071702010633, 17.457390941701828 ], [ 78.352256843290846, 17.457714617187754 ], [ 78.352561105974857, 17.457635223022979 ] ] ], [ [ [ 78.352940276719337, 17.45753628160686 ], [ 78.352718264238533, 17.457141588765193 ], [ 78.352316160097118, 17.45708124913849 ], [ 78.352617002427181, 17.457620637368095 ], [ 78.352940276719337, 17.45753628160686 ] ] ], [ [ [ 78.353045184273086, 17.457508906711045 ], [ 78.353329287695033, 17.457233277161372 ], [ 78.352788331595065, 17.457152102966152 ], [ 78.35299621892527, 17.457521683885879 ], [ 78.353045184273086, 17.457508906711045 ] ] ] ] } },
{ "type": "Feature", "properties": { "parcel_id": "SYN-P0066", "survey_number": "1081/C", "survey_subdivision": "C", "district": "DEMO-RANGAREDDY", "mandal": "DEMO-SERILINGAMPALLY", "village": "DEMO-KONDAPUR", "ward": "DEMO-WARD-03", "door_number": "166", "address": "Plot 6523, Demo Street 6, Kondapur", "area_sqm": 413.7733, "land_use": "mixed_use", "source": "BhuSetu synthetic integrated benchmark v1 (parcel registry)", "synthetic": true, "geometry_status": "shifted_geometry" }, "geometry": { "type": "MultiPolygon", "coordinates": [ [ [ [ 78.354110206745233, 17.459322859968079 ], [ 78.354083425015986, 17.459267589845986 ], [ 78.354059623750089, 17.45927928800128 ], [ 78.353887313777221, 17.459366111799639 ], [ 78.353900283528716, 17.45939767698896 ], [ 78.353992099018413, 17.459399907581016 ], [ 78.354095083211106, 17.459352597907262 ], [ 78.354110206745233, 17.459322859968079 ] ] ], [ [ [ 78.354018815775959, 17.459134254019069 ], [ 78.35400489137588, 17.459131547316936 ], [ 78.354057666378665, 17.459219377105661 ], [ 78.354059602036429, 17.459218425743217 ], [ 78.354018815775959, 17.459134254019069 ] ] ], [ [ [ 78.353927414001305, 17.459116486816299 ], [ 78.353825927323683, 17.459216712120469 ], [ 78.353866482455061, 17.459315413458409 ], [ 78.354007506856092, 17.459244353889719 ], [ 78.353931105561486, 17.459117204403864 ], [ 78.353927414001305, 17.459116486816299 ] ] ] ] } },
{ "type": "Feature", "properties": { "parcel_id": "SYN-P0067", "survey_number": "6702/A", "survey_subdivision": "A", "district": "DEMO-RANGAREDDY", "mandal": "DEMO-GACHIBOWLI", "village": "DEMO-KONDAPUR", "ward": "DEMO-WARD-04", "door_number": "167", "address": "Plot 8581, Demo Street 7, Kondapur", "area_sqm": 1954.5737, "land_use": "residential", "source": "BhuSetu synthetic integrated benchmark v1 (parcel registry)", "synthetic": true, "geometry_status": "reference" }, "geometry": { "type": "MultiPolygon", "coordinates": [ [ [ [ 78.354026724652812, 17.460985492725825 ], [ 78.354390827609635, 17.460796591793248 ], [ 78.354373295050138, 17.460701043233012 ], [ 78.354241830891539, 17.460632035392756 ], [ 78.35402599623464, 17.460759722592588 ], [ 78.353999143597747, 17.460959157990906 ], [ 78.354026724652812, 17.460985492725825 ] ] ], [ [ [ 78.354295469635844, 17.461242093238226 ], [ 78.35445716146819, 17.461158096055705 ], [ 78.354401146856262, 17.460852829369824 ], [ 78.354068520474399, 17.461025399877048 ], [ 78.354295469635844, 17.461242093238226 ] ] ], [ [ [ 78.354383066290808, 17.461325731224338 ], [ 78.354473774235956, 17.46124863167968 ], [ 78.35446748261721, 17.461214343863819 ], [ 78.354337258709734, 17.461281993793008 ], [ 78.354383066290808, 17.461325731224338 ] ] ] ] } },
{ "type": "Feature", "properties": { "parcel_id": "SYN-P0068", "survey_number": "5652/B", "survey_subdivision": "B", "district": "DEMO-RANGAREDDY", "mandal": "DEMO-MADHAPUR", "village": "DEMO-KONDAPUR", "ward": "DEMO-WARD-05", "door_number": "168", "address": "Plot 8615, Demo Street 8, Kondapur", "area_sqm": 1464.6732, "land_use": "commercial", "source": "BhuSetu synthetic integrated benchmark v1 (parcel registry)", "synthetic": true, "geometry_status": "shifted_geometry" }, "geometry": { "type": "MultiPolygon", "coordinates": [ [ [ [ 78.354900773355908, 17.461264704920058 ], [ 78.355130961415014, 17.461181730261476 ], [ 78.355191502993961, 17.461122878768737 ], [ 78.355066814855022, 17.460901172809063 ], [ 78.354766298757738, 17.461057289028847 ], [ 78.354747654297739, 17.461166835068394 ], [ 78.354893987217238, 17.461265271568273 ], [ 78.354900773355908, 17.461264704920058 ] ] ], [ [ [ 78.355327718967999, 17.46099046519009 ], [ 78.35530637310795, 17.46092475995928 ], [ 78.355084499533319, 17.46080691526301 ], [ 78.355079733583537, 17.460810073957798 ], [ 78.355103069815712, 17.460851569536544 ], [ 78.355232979617426, 17.461082559976067 ], [ 78.355327718967999, 17.46099046519009 ] ] ], [ [ [ 78.354920744534482, 17.460915445866721 ], [ 78.355040000277228, 17.460853493166514 ], [ 78.355033000693581, 17.460841046771812 ], [ 78.354920744534482, 17.460915445866721 ] ] ] ] } },
{ "type": "Feature", "properties": { "parcel_id": "SYN-P0069", "survey_number": "5652/B", "survey_subdivision": "B", "district": "DEMO-RANGAREDDY", "mandal": "DEMO-SERILINGAMPALLY", "village": "DEMO-KONDAPUR", "ward": "DEMO-WARD-06", "door_number": "169", "address": "Plot 1956, Demo Street 9, Kondapur", "area_sqm": 789.0137, "land_use": "mixed_use", "source": "BhuSetu synthetic integrated benchmark v1 (parcel registry)", "synthetic": true, "geometry_status": "reference" }, "geometry": { "type": "Polygon", "coordinates": [ [ [ 78.356421601201887, 17.460795201195431 ], [ 78.356220692502347, 17.461074644924782 ], [ 78.356346374222539, 17.461010666951196 ], [ 78.356348882082798, 17.461009537992965 ], [ 78.356351493162421, 17.461008650395524 ], [ 78.356354182315286, 17.46100801270693 ], [ 78.356356923643418, 17.461007631068455 ], [ 78.356359690746302, 17.46100750915549 ], [ 78.356362456975276, 17.461007648142143 ], [ 78.356365195690032, 17.46100804668988 ], [ 78.356367880515265, 17.46100870096047 ], [ 78.356370485594638, 17.461009604652951 ], [ 78.356372985839855, 17.461010749064254 ], [ 78.356375357172155, 17.461012123173084 ], [ 78.35637757675434, 17.461013713746041 ], [ 78.356379623210614, 17.461015505465035 ], [ 78.356381476832482, 17.461017481074833 ], [ 78.356383119768552, 17.461019621549237 ], [ 78.356384536196458, 17.461021906274325 ], [ 78.356385712475188, 17.461024313246945 ], [ 78.356386637276557, 17.461026819286634 ], [ 78.356387301694184, 17.461029400258862 ], [ 78.356387699329375, 17.461032031307468 ], [ 78.356387826352673, 17.461034687093992 ], [ 78.356387681540738, 17.461037342041781 ], [ 78.356387266288209, 17.461039970582227 ], [ 78.356386584594162, 17.461042547401032 ], [ 78.3563856430237, 17.461045047682049 ], [ 78.356384450644612, 17.461047447346164 ], [ 78.356383018940207, 17.461049723283313 ], [ 78.35638136169851, 17.461051853574979 ], [ 78.356379494879704, 17.461053817705263 ], [ 78.356377436462282, 17.461055596758534 ], [ 78.356375206269931, 17.461057173601517 ], [ 78.356372825780596, 17.461058533048341 ], [ 78.356151144077856, 17.461171379487944 ], [ 78.356127157220811, 17.46120474265684 ], [ 78.356319611920398, 17.461428086187777 ], [ 78.356342598793972, 17.461414861735399 ], [ 78.356421601201887, 17.460795201195431 ] ] ] } },
{ "type": "Feature", "properties": { "parcel_id": "SYN-P0070", "survey_number": "2038/A", "survey_subdivision": "A", "district": "DEMO-RANGAREDDY", "mandal": "DEMO-GACHIBOWLI", "village": "DEMO-KONDAPUR", "ward": "DEMO-WARD-07", "door_number": "170", "address": "Plot 684, Demo Street 10, Kondapur", "area_sqm": 5723.0053, "land_use": "residential", "source": "BhuSetu synthetic integrated benchmark v1 (parcel registry)", "synthetic": true, "geometry_status": "reference" }, "geometry": { "type": "MultiPolygon", "coordinates": [ [ [ [ 78.363458104631491, 17.451015986176504 ], [ 78.363502634732896, 17.451016693002252 ], [ 78.363507988625202, 17.450954157443402 ], [ 78.363431660364952, 17.450943829009201 ], [ 78.363458104631491, 17.451015986176504 ] ] ], [ [ [ 78.363599173133125, 17.451028214295466 ], [ 78.363598975154048, 17.450951329615211 ], [ 78.363598297894683, 17.450859737719966 ], [ 78.363566083363622, 17.45093717076973 ], [ 78.363558075424436, 17.451030706978816 ], [ 78.363599173133125, 17.451028214295466 ] ] ], [ [ [ 78.363722491871059, 17.4510207346401 ], [ 78.363723769583842, 17.451007760952756 ], [ 78.363734346482957, 17.45086547201613 ], [ 78.363734440103258, 17.450864790354249 ], [ 78.363734590581714, 17.45086335963763 ], [ 78.36373472373063, 17.450862725225463 ], [ 78.363734787705653, 17.450862259414713 ], [ 78.363779487736181, 17.450640259425185 ], [ 78.363779643251604, 17.450639691991633 ], [ 78.363779917615275, 17.450638457001293 ], [ 78.363780286378798, 17.450637345395108 ], [ 78.36378043948622, 17.450636786747619 ], [ 78.363858130234902, 17.450414413315727 ], [ 78.363877621021572, 17.450358239891351 ], [ 78.363878030909021, 17.450357138474356 ], [ 78.363942913072407, 17.450193997797097 ], [ 78.363961781301896, 17.450083949182847 ], [ 78.36396201901951, 17.450000001334594 ], [ 78.363834113132128, 17.450000005775621 ], [ 78.363835719487298, 17.450078266377865 ], [ 78.363835628345413, 17.450081039664806 ], [ 78.363835242143381, 17.45008378945818 ], [ 78.363787042177535, 17.450330689469666 ], [ 78.363786145835334, 17.450334064936779 ], [ 78.363653756778973, 17.450725493440348 ], [ 78.363655424383197, 17.450951007726985 ], [ 78.36365542163999, 17.450951070395487 ], [ 78.363655425007849, 17.450951133035929 ], [ 78.363655614700775, 17.451024790952907 ], [ 78.363722491871059, 17.4510207346401 ] ] ], [ [ [ 78.364000004407202, 17.451003902378631 ], [ 78.364000003831151, 17.450861529910206 ], [ 78.363789037893085, 17.450891062783757 ], [ 78.363780053539628, 17.451011927984379 ], [ 78.363780014518511, 17.451012237777878 ], [ 78.363779999841327, 17.451012549509038 ], [ 78.363779534472116, 17.451017274807047 ], [ 78.364000004407202, 17.451003902378631 ] ] ], [ [ [ 78.364000002936308, 17.45064787676948 ], [ 78.363831062980523, 17.45066965787111 ], [ 78.363797753604189, 17.450835087132578 ], [ 78.364000003605298, 17.450806774371134 ], [ 78.364000002936308, 17.45064787676948 ] ] ], [ [ [ 78.364000002021285, 17.450437880102658 ], [ 78.363905936130465, 17.450447998050091 ], [ 78.363848374233982, 17.45061275703463 ], [ 78.364000002701488, 17.450593207850567 ], [ 78.364000002021285, 17.450437880102658 ] ] ], [ [ [ 78.364000000917684, 17.450194705896827 ], [ 78.36399815038321, 17.450205499115992 ], [ 78.363997547977533, 17.450208166165087 ], [ 78.363996669076357, 17.450210761511173 ], [ 78.363930986425729, 17.450375915061091 ], [ 78.363925627949712, 17.450391358474295 ], [ 78.364000001777939, 17.450383358641982 ], [ 78.364000000917684, 17.450194705896827 ] ] ], [ [ [ 78.363629808476006, 17.450000012698485 ], [ 78.363632402082786, 17.450061809547925 ], [ 78.36363239028708, 17.450064242354063 ], [ 78.363632151155073, 17.450066664335004 ], [ 78.36363168661515, 17.450069055959037 ], [ 78.363631000413534, 17.450071397939286 ], [ 78.363630098083988, 17.450073671389195 ], [ 78.363620798085989, 17.450094271390714 ], [ 78.363619627866342, 17.450096561481224 ], [ 78.363618238440083, 17.450098735784842 ], [ 78.363616642124128, 17.450100775026911 ], [ 78.363614853069436, 17.450102661130025 ], [ 78.363602553069072, 17.450114461131232 ], [ 78.363600538370093, 17.450116215993461 ], [ 78.363598357004477, 17.450117776523786 ], [ 78.363596029239446, 17.450119128223204 ], [ 78.363593576702399, 17.450120258533005 ], [ 78.36359102218006, 17.450121156951393 ], [ 78.363588389406658, 17.45012181513108 ], [ 78.363449689386258, 17.450149715132483 ], [ 78.363446732213461, 17.450150154417262 ], [ 78.363443743206602, 17.450150290734314 ], [ 78.363440755962102, 17.450150122551456 ], [ 78.363437804056616, 17.450149651759062 ], [ 78.363434920669576, 17.450148883648833 ], [ 78.363432138210271, 17.450147826854348 ], [ 78.363412138208503, 17.450139026852892 ], [ 78.363409590217898, 17.450137751265942 ], [ 78.36340719056912, 17.450136233609051 ], [ 78.363404964137999, 17.450134489614964 ], [ 78.363402934004768, 17.450132537362723 ], [ 78.363401121214736, 17.450130397090291 ], [ 78.363399544560039, 17.450128090984691 ], [ 78.363388744561973, 17.450110390983596 ], [ 78.36338745494119, 17.45010801537881 ], [ 78.363386416053928, 17.450105529142807 ], [ 78.363385638057352, 17.450102956583706 ], [ 78.363377343076408, 17.450069413891871 ], [ 78.36324509848744, 17.450321832368871 ], [ 78.363425536766755, 17.450888282289455 ], [ 78.363520303162062, 17.450901105696691 ], [ 78.363598941894509, 17.450712084191757 ], [ 78.363731892716075, 17.450318995080458 ], [ 78.363779223347933, 17.450076548522532 ], [ 78.363777652316244, 17.450000007709797 ], [ 78.363629808476006, 17.450000012698485 ] ] ], [ [ [ 78.363418200462903, 17.450000019647323 ], [ 78.363439587580558, 17.450086503362517 ], [ 78.363443755718038, 17.450093334475234 ], [ 78.363447210214758, 17.45009485445367 ], [ 78.363568588571766, 17.450070438761298 ], [ 78.363571141266704, 17.450067989834594 ], [ 78.363575738398453, 17.450057806943612 ], [ 78.363573312877151, 17.45000001457576 ], [ 78.363418200462903, 17.450000019647323 ] ] ] ] } },
{ "type": "Feature", "properties": { "parcel_id": "SYN-P0071", "survey_number": "6218/B", "survey_subdivision": "B", "district": "DEMO-RANGAREDDY", "mandal": "DEMO-MADHAPUR", "village": "DEMO-KONDAPUR", "ward": "DEMO-WARD-08", "door_number": "171", "address": "Plot 3268, Demo Street 11, Kondapur", "area_sqm": 1350.0988, "land_use": "commercial", "source": "BhuSetu synthetic integrated benchmark v1 (parcel registry)", "synthetic": true, "geometry_status": "reference" }, "geometry": { "type": "MultiPolygon", "coordinates": [ [ [ [ 78.354186441576147, 17.46171300583342 ], [ 78.354415172782865, 17.46159485269073 ], [ 78.35439143736987, 17.461528003282446 ], [ 78.354339280052699, 17.461476603700483 ], [ 78.354119627038102, 17.461542234046469 ], [ 78.354186441576147, 17.46171300583342 ] ] ], [ [ [ 78.354298769504183, 17.462000105019026 ], [ 78.354431344948523, 17.462000106778415 ], [ 78.354539141342542, 17.461944002254874 ], [ 78.354433633929844, 17.461646847407717 ], [ 78.354206468165088, 17.461764191891003 ], [ 78.354298769504183, 17.462000105019026 ] ] ], [ [ [ 78.354559062345785, 17.46200010838961 ], [ 78.354557612353702, 17.461996024587631 ], [ 78.354549766168319, 17.46200010827511 ], [ 78.354559062345785, 17.46200010838961 ] ] ] ] } },
{ "type": "Feature", "properties": { "parcel_id": "SYN-P0072", "survey_number": "3939/C", "survey_subdivision": "C", "district": "DEMO-RANGAREDDY", "mandal": "DEMO-SERILINGAMPALLY", "village": "DEMO-KONDAPUR", "ward": "DEMO-WARD-01", "door_number": "172", "address": "Plot 9259, Demo Street 12, Kondapur", "area_sqm": 1023.9925, "land_use": "mixed_use", "source": "BhuSetu synthetic integrated benchmark v1 (parcel registry)", "synthetic": true, "geometry_status": "reference" }, "geometry": { "type": "MultiPolygon", "coordinates": [ [ [ [ 78.354700223396065, 17.461193297522488 ], [ 78.354718867888835, 17.461083751491859 ], [ 78.35446748261721, 17.461214343863819 ], [ 78.354473774235956, 17.46124863167968 ], [ 78.354700223396065, 17.461193297522488 ] ] ], [ [ [ 78.354526853455653, 17.460787611052123 ], [ 78.354401146856262, 17.460852829369824 ], [ 78.35445716146819, 17.461158096055705 ], [ 78.354714622650917, 17.461024347257979 ], [ 78.354526853455653, 17.460787611052123 ] ] ], [ [ [ 78.354472754630748, 17.460719404043363 ], [ 78.354373295050138, 17.460701043233012 ], [ 78.354390827609635, 17.460796591793248 ], [ 78.3544922437775, 17.460743975681854 ], [ 78.354472754630748, 17.460719404043363 ] ] ] ] } },
{ "type": "Feature", "properties": { "parcel_id": "SYN-P0073", "survey_number": "7413/A", "survey_subdivision": "A", "district": "DEMO-RANGAREDDY", "mandal": "DEMO-GACHIBOWLI", "village": "DEMO-KONDAPUR", "ward": "DEMO-WARD-02", "door_number": "173", "address": "Plot 7614, Demo Street 1, Kondapur", "area_sqm": 593.2526, "land_use": "residential", "source": "BhuSetu synthetic integrated benchmark v1 (parcel registry)", "synthetic": true, "geometry_status": "reference" }, "geometry": { "type": "MultiPolygon", "coordinates": [ [ [ [ 78.361526039901804, 17.451538738063526 ], [ 78.361618290368426, 17.451391386581228 ], [ 78.361412107076831, 17.451273365872531 ], [ 78.36128707349431, 17.451407278114541 ], [ 78.361372742127912, 17.451498694668054 ], [ 78.361526039901804, 17.451538738063526 ] ] ], [ [ [ 78.361628472650992, 17.451500851867422 ], [ 78.361633727746209, 17.451471923397715 ], [ 78.361608551328729, 17.451512137653499 ], [ 78.361628472650992, 17.451500851867422 ] ] ] ] } },
{ "type": "Feature", "properties": { "parcel_id": "SYN-P0074", "survey_number": "8124/B", "survey_subdivision": "B", "district": "DEMO-RANGAREDDY", "mandal": "DEMO-MADHAPUR", "village": "DEMO-KONDAPUR", "ward": "DEMO-WARD-03", "door_number": "174", "address": "Plot 5796, Demo Street 2, Kondapur", "area_sqm": 406.8934, "land_use": "commercial", "source": "BhuSetu synthetic integrated benchmark v1 (parcel registry)", "synthetic": true, "geometry_status": "reference" }, "geometry": { "type": "Polygon", "coordinates": [ [ [ 78.355983198933231, 17.450255379285181 ], [ 78.355867246371531, 17.450246288316045 ], [ 78.355840162831711, 17.450524588835339 ], [ 78.356017657726412, 17.450446567076984 ], [ 78.355983198933231, 17.450255379285181 ] ] ] } },
{ "type": "Feature", "properties": { "parcel_id": "SYN-P0075", "survey_number": "7477/C", "survey_subdivision": "C", "district": "DEMO-RANGAREDDY", "mandal": "DEMO-SERILINGAMPALLY", "village": "DEMO-KONDAPUR", "ward": "DEMO-WARD-04", "door_number": "175", "address": "Plot 5886, Demo Street 3, Kondapur", "area_sqm": 71329.6154, "land_use": "mixed_use", "source": "BhuSetu synthetic integrated benchmark v1 (parcel registry)", "synthetic": true, "geometry_status": "reference" }, "geometry": { "type": "MultiPolygon", "coordinates": [ [ [ [ 78.35631587853716, 17.459698000723552 ], [ 78.35670799093424, 17.460124966211698 ], [ 78.356804318051829, 17.46021012011893 ], [ 78.357462588659516, 17.460433504213302 ], [ 78.357802734849955, 17.460317829416393 ], [ 78.357596962360063, 17.459832863060896 ], [ 78.357440270852976, 17.459483304975521 ], [ 78.35732567151841, 17.459227606373862 ], [ 78.357256272171, 17.459072807777165 ], [ 78.357256244533531, 17.45907274591891 ], [ 78.357255964555648, 17.459072117115959 ], [ 78.356229230871747, 17.459579881144158 ], [ 78.35631587853716, 17.459698000723552 ] ] ], [ [ [ 78.359296570504597, 17.459809806064005 ], [ 78.359157654604331, 17.458388351317673 ], [ 78.358934614529474, 17.458207111433655 ], [ 78.358867003044665, 17.458190656533883 ], [ 78.357305840276226, 17.45904625439595 ], [ 78.357308141685195, 17.459051423131804 ], [ 78.357377529110479, 17.459206195031406 ], [ 78.357492128814187, 17.459461894283898 ], [ 78.357648928528263, 17.459811693527854 ], [ 78.357649141764952, 17.459812182344418 ], [ 78.35785600297676, 17.460299714254671 ], [ 78.359296570504597, 17.459809806064005 ] ] ], [ [ [ 78.358780965316313, 17.458169717123134 ], [ 78.357282873703198, 17.458994875870893 ], [ 78.357283439587817, 17.458996138039247 ], [ 78.35878816717009, 17.45817146987406 ], [ 78.358780965316313, 17.458169717123134 ] ] ], [ [ [ 78.358635850244696, 17.458134399686436 ], [ 78.357233505485027, 17.458903620826732 ], [ 78.357232790568361, 17.4589039999085 ], [ 78.356157361109638, 17.459454898061082 ], [ 78.356172861080253, 17.459483966088307 ], [ 78.357233505654278, 17.458959597584343 ], [ 78.358702305662476, 17.458150573313802 ], [ 78.358635850244696, 17.458134399686436 ] ] ], [ [ [ 78.358263267447015, 17.458043721673711 ], [ 78.358201590073051, 17.458049176731301 ], [ 78.35819884627216, 17.4580492906267 ], [ 78.35819610392663, 17.458049148053114 ], [ 78.358193388998444, 17.45804875036027 ], [ 78.358190727190063, 17.458048101313167 ], [ 78.358188143701028, 17.458047207056396 ], [ 78.358185662989413, 17.458046076055965 ], [ 78.358107336646114, 17.45800577150629 ], [ 78.357856325470252, 17.457944680561642 ], [ 78.35769635903381, 17.458086594292478 ], [ 78.357694169099076, 17.458088348693348 ], [ 78.357691805853648, 17.458089881989427 ], [ 78.357689293434092, 17.458091178520679 ], [ 78.357686657500523, 17.458092225045228 ], [ 78.357683924974552, 17.458093010874585 ], [ 78.357610024963819, 17.458110410875701 ], [ 78.357607639317237, 17.45811086896423 ], [ 78.357605221432024, 17.458111128174689 ], [ 78.357602789271681, 17.458111186581284 ], [ 78.357600360905735, 17.458111043750094 ], [ 78.35748119353994, 17.458099069070407 ], [ 78.357295968658534, 17.458134177687835 ], [ 78.357293247378138, 17.45813456237385 ], [ 78.357290500007124, 17.458134691010137 ], [ 78.357194430893756, 17.458134691009189 ], [ 78.357126568567224, 17.458153191374553 ], [ 78.3570843384325, 17.458215304870613 ], [ 78.357082654270513, 17.45821752698534 ], [ 78.35708074424106, 17.458219573924975 ], [ 78.357078627994682, 17.458221424630405 ], [ 78.357076327303488, 17.458223060061442 ], [ 78.357073865837208, 17.458224463392618 ], [ 78.35707126891964, 17.458225620186301 ], [ 78.357068563268058, 17.458226518541341 ], [ 78.3570657767185, 17.458227149215364 ], [ 78.356593376648433, 17.458310049218269 ], [ 78.3565909060721, 17.458310375279247 ], [ 78.356381906040724, 17.458328975277812 ], [ 78.356377953944687, 17.458329060169028 ], [ 78.356211883084342, 17.458321450275434 ], [ 78.356100329728477, 17.459269904124781 ], [ 78.356131865127253, 17.459406542380361 ], [ 78.357205849119012, 17.458856384667556 ], [ 78.358557044853612, 17.458115220345384 ], [ 78.358263267447015, 17.458043721673711 ] ] ], [ [ [ 78.356300726292034, 17.457566072071586 ], [ 78.356218228753349, 17.458267497362865 ], [ 78.356378666902486, 17.458274849140718 ], [ 78.356584451129208, 17.458256535324608 ], [ 78.357043690683369, 17.458175944814538 ], [ 78.357085061575134, 17.458115095133401 ], [ 78.357086759854496, 17.458112856262634 ], [ 78.357088687405508, 17.458110795496747 ], [ 78.357090824085518, 17.458108934370454 ], [ 78.357093147566488, 17.45810729233229 ], [ 78.357095633568349, 17.458105886541357 ], [ 78.357098256112721, 17.458104731687964 ], [ 78.357100987794325, 17.458103839840188 ], [ 78.357182787782691, 17.458081539841871 ], [ 78.357185321796564, 17.458080968775921 ], [ 78.357187899845954, 17.458080624182408 ], [ 78.357190500007121, 17.458080508991781 ], [ 78.357287739514561, 17.458080508990516 ], [ 78.357474431314529, 17.458045122313727 ], [ 78.357477216547963, 17.458044731692283 ], [ 78.357480028467904, 17.458044609266512 ], [ 78.357482839110261, 17.458044756253912 ], [ 78.357601349641683, 17.45805666492878 ], [ 78.357663394630677, 17.458042056229658 ], [ 78.357791061848729, 17.457928796685088 ], [ 78.356300726292034, 17.457566072071586 ] ] ], [ [ [ 78.35619937719602, 17.459533693334393 ], [ 78.357233664343198, 17.459022193782193 ], [ 78.357233030593733, 17.45902078024487 ], [ 78.356198580153674, 17.459532198593958 ], [ 78.35619937719602, 17.459533693334393 ] ] ] ] } },
{ "type": "Feature", "properties": { "parcel_id": "SYN-P0076", "survey_number": "5740/A", "survey_subdivision": "A", "district": "DEMO-RANGAREDDY", "mandal": "DEMO-GACHIBOWLI", "village": "DEMO-KONDAPUR", "ward": "DEMO-WARD-05", "door_number": "176", "address": "Plot 900, Demo Street 4, Kondapur", "area_sqm": 11925.0654, "land_use": "residential", "source": "BhuSetu synthetic integrated benchmark v1 (parcel registry)", "synthetic": true, "geometry_status": "reference" }, "geometry": { "type": "MultiPolygon", "coordinates": [ [ [ [ 78.361066012473202, 17.461795995144758 ], [ 78.361158750178035, 17.461745818208314 ], [ 78.361205169599273, 17.461678781369454 ], [ 78.36070803456461, 17.460973122446447 ], [ 78.360439475859849, 17.460737422155631 ], [ 78.360338182381341, 17.460733569820579 ], [ 78.36033483044406, 17.460733249275691 ], [ 78.359505178258715, 17.460605549070877 ], [ 78.359504011651396, 17.460799581358764 ], [ 78.361066012473202, 17.461795995144758 ] ] ], [ [ [ 78.359678755001312, 17.460069771389229 ], [ 78.359508504039198, 17.460052369329073 ], [ 78.359505504523383, 17.460551283154562 ], [ 78.359508998896217, 17.460551437650121 ], [ 78.359512169667084, 17.460551750758352 ], [ 78.36034210356793, 17.460679494298734 ], [ 78.360374893469185, 17.460680741349371 ], [ 78.359678755001312, 17.460069771389229 ] ] ] ] } },
{ "type": "Feature", "properties": { "parcel_id": "SYN-P0077", "survey_number": "4985/B", "survey_subdivision": "B", "district": "DEMO-RANGAREDDY", "mandal": "DEMO-MADHAPUR", "village": "DEMO-KONDAPUR", "ward": "DEMO-WARD-06", "door_number": "177", "address": "Plot 3019, Demo Street 5, Kondapur", "area_sqm": 1001.8756, "land_use": "commercial", "source": "BhuSetu synthetic integrated benchmark v1 (parcel registry)", "synthetic": true, "geometry_status": "reference" }, "geometry": { "type": "MultiPolygon", "coordinates": [ [ [ [ 78.351544202039747, 17.459346467434525 ], [ 78.351746976598236, 17.459383047345199 ], [ 78.351851342197904, 17.459330502978172 ], [ 78.35175059807915, 17.459147699007158 ], [ 78.35160643393607, 17.459219181943819 ], [ 78.351544202039747, 17.459346467434525 ] ] ], [ [ [ 78.352082741234241, 17.459214001471878 ], [ 78.352120672745727, 17.459151465639593 ], [ 78.352114325478894, 17.459141454715535 ], [ 78.35190247197437, 17.459072393051002 ], [ 78.351800754939617, 17.459122828984906 ], [ 78.351901334215654, 17.459305333743465 ], [ 78.352082741234241, 17.459214001471878 ] ] ] ] } },
{ "type": "Feature", "properties": { "parcel_id": "SYN-P0078", "survey_number": "2432/C", "survey_subdivision": "C", "district": "DEMO-RANGAREDDY", "mandal": "DEMO-SERILINGAMPALLY", "village": "DEMO-KONDAPUR", "ward": "DEMO-WARD-07", "door_number": "178", "address": "Plot 4900, Demo Street 6, Kondapur", "area_sqm": 15228.0652, "land_use": "mixed_use", "source": "BhuSetu synthetic integrated benchmark v1 (parcel registry)", "synthetic": true, "geometry_status": "reference" }, "geometry": { "type": "MultiPolygon", "coordinates": [ [ [ [ 78.363586679537875, 17.453875149605334 ], [ 78.363595671534952, 17.454080397153252 ], [ 78.363670711971054, 17.454868569584278 ], [ 78.363812915370133, 17.45541698796622 ], [ 78.363900884744737, 17.455365558257459 ], [ 78.363859914493119, 17.455289318639146 ], [ 78.363859537899017, 17.455288524451721 ], [ 78.363859133594033, 17.455287742915459 ], [ 78.363858964498263, 17.455287315224918 ], [ 78.363858767067512, 17.455286898869463 ], [ 78.363858473391033, 17.455286073077446 ], [ 78.363858150845147, 17.455285257268638 ], [ 78.363801250869514, 17.455116857264048 ], [ 78.363800276739127, 17.455113058660892 ], [ 78.363712576815502, 17.454619958658594 ], [ 78.363712292501305, 17.454617876310945 ], [ 78.36366409258008, 17.454113876314569 ], [ 78.363663986391856, 17.454112189037236 ], [ 78.363653858597758, 17.453778574500298 ], [ 78.363586679537875, 17.453875149605334 ] ] ], [ [ [ 78.36288751834158, 17.454880239642183 ], [ 78.363442418256398, 17.455632251440431 ], [ 78.363594745537299, 17.455541763968174 ], [ 78.363595193897325, 17.455541503123449 ], [ 78.36376233924274, 17.45544628805143 ], [ 78.363615409807167, 17.454879642699748 ], [ 78.363615260566007, 17.454878916813048 ], [ 78.363615078533726, 17.454878197852402 ], [ 78.363614992594421, 17.454877613439383 ], [ 78.363614873544947, 17.454877034400486 ], [ 78.363614799151421, 17.454876297968926 ], [ 78.363614691417396, 17.454875565345191 ], [ 78.363539391541011, 17.454084665350923 ], [ 78.363539299345305, 17.454083338161414 ], [ 78.363533526190366, 17.453951561561919 ], [ 78.36288751834158, 17.454880239642183 ] ] ], [ [ [ 78.363491051171039, 17.455698159441322 ], [ 78.363574752282403, 17.455645626263312 ], [ 78.363578009516985, 17.455643865802855 ], [ 78.363689409503522, 17.455592665808044 ], [ 78.363691842597518, 17.455591679065627 ], [ 78.363694361139565, 17.455590914940835 ], [ 78.36369694307416, 17.45559038012529 ], [ 78.363776043062401, 17.455577680125618 ], [ 78.363779033685105, 17.455577356103753 ], [ 78.363782043252485, 17.455577339549066 ], [ 78.363799221192934, 17.455578125065095 ], [ 78.363837502974306, 17.455554500760638 ], [ 78.363788015002584, 17.455494668497629 ], [ 78.363624231548229, 17.455587968452015 ], [ 78.3634751078785, 17.455676552875804 ], [ 78.363491051171039, 17.455698159441322 ] ] ], [ [ [ 78.363526614148569, 17.455746354848664 ], [ 78.363645930999795, 17.455672722769602 ], [ 78.363604079966294, 17.455691957703831 ], [ 78.363523700444361, 17.455742406160049 ], [ 78.363526614148569, 17.455746354848664 ] ] ], [ [ [ 78.364000014312836, 17.456387910191804 ], [ 78.3640000143549, 17.455787778079969 ], [ 78.363904115361393, 17.455646046451061 ], [ 78.363859592180361, 17.455635129461985 ], [ 78.363814566743059, 17.455633070539815 ], [ 78.363559273759378, 17.45579061555101 ], [ 78.364000014312836, 17.456387910191804 ] ] ], [ [ [ 78.364000014291975, 17.455549890951044 ], [ 78.363998938765448, 17.455548004416908 ], [ 78.363998614462034, 17.455547418652881 ], [ 78.363990127110739, 17.455531624974672 ], [ 78.363919587725576, 17.455570115914952 ], [ 78.363928912030602, 17.455583226023464 ], [ 78.363929081848568, 17.455583491933762 ], [ 78.36392927199185, 17.455583744853467 ], [ 78.363939450644139, 17.455598788160099 ], [ 78.363959286396096, 17.455603651837464 ], [ 78.363961977285854, 17.455604450863088 ], [ 78.363964571804132, 17.455605503324723 ], [ 78.363967044113295, 17.455606798741375 ], [ 78.364000014317071, 17.455626183760614 ], [ 78.364000014291975, 17.455549890951044 ] ] ], [ [ [ 78.364000014214923, 17.455371046404341 ], [ 78.363975160678692, 17.455385576599969 ], [ 78.36400001424397, 17.455431825355486 ], [ 78.364000014214923, 17.455371046404341 ] ] ], [ [ [ 78.364000014125907, 17.455213507959758 ], [ 78.363996232691676, 17.455203712670013 ], [ 78.363996139257054, 17.455203467007347 ], [ 78.363916339287087, 17.454990467000481 ], [ 78.363915549123249, 17.454987992587029 ], [ 78.363915008565272, 17.454985457096605 ], [ 78.363887908591309, 17.454817957096218 ], [ 78.363887907527044, 17.454817947400741 ], [ 78.36388790548493, 17.454817937850667 ], [ 78.363868407270132, 17.454696848820156 ], [ 78.363845209068245, 17.454553559788703 ], [ 78.363845152282465, 17.454553046724964 ], [ 78.363845065877754, 17.454552550667824 ], [ 78.363845010804354, 17.454551768460256 ], [ 78.363844921011577, 17.45455095717605 ], [ 78.363811821097627, 17.453999157182839 ], [ 78.363811814918932, 17.453999050515012 ], [ 78.36379637225113, 17.453722617877911 ], [ 78.363709112541656, 17.453738352144985 ], [ 78.363720387949016, 17.454109765729424 ], [ 78.363768407419528, 17.454611877218497 ], [ 78.363855579441321, 17.455102008192487 ], [ 78.363911139711348, 17.455266443082273 ], [ 78.36394921796591, 17.45533730108022 ], [ 78.364000014181443, 17.455307603932507 ], [ 78.364000014125907, 17.455213507959758 ] ] ], [ [ [ 78.364000013811435, 17.454814196607185 ], [ 78.363947295258882, 17.454831917612275 ], [ 78.363970376250265, 17.454974576730439 ], [ 78.364000014015303, 17.455053685065892 ], [ 78.364000013811435, 17.454814196607185 ] ] ], [ [ [ 78.364000013519998, 17.454538462412419 ], [ 78.363904686239962, 17.454568065106429 ], [ 78.363924194495539, 17.45468856214551 ], [ 78.36393850948464, 17.454777461820967 ], [ 78.364000013755756, 17.454756787545175 ], [ 78.364000013519998, 17.454538462412419 ] ] ], [ [ [ 78.364000012234797, 17.453685898294463 ], [ 78.363852340609355, 17.453712525900347 ], [ 78.363868182101371, 17.45399609614115 ], [ 78.363899178592078, 17.454512827821159 ], [ 78.364000013452227, 17.45448151480425 ], [ 78.364000012234797, 17.453685898294463 ] ] ], [ [ [ 78.363886071607737, 17.455526078032083 ], [ 78.363964228051728, 17.45548343072323 ], [ 78.363926827446775, 17.455413833782224 ], [ 78.363836777319634, 17.455466479962183 ], [ 78.363886071607737, 17.455526078032083 ] ] ] ] } },
{ "type": "Feature", "properties": { "parcel_id": "SYN-P0079", "survey_number": "6712/A", "survey_subdivision": "A", "district": "DEMO-RANGAREDDY", "mandal": "DEMO-GACHIBOWLI", "village": "DEMO-KONDAPUR", "ward": "DEMO-WARD-08", "door_number": "179", "address": "Plot 5631, Demo Street 7, Kondapur", "area_sqm": 631.6334, "land_use": "residential", "source": "BhuSetu synthetic integrated benchmark v1 (parcel registry)", "synthetic": true, "geometry_status": "reference" }, "geometry": { "type": "MultiPolygon", "coordinates": [ [ [ [ 78.355222576431615, 17.459913995497313 ], [ 78.355222144161502, 17.459913246625057 ], [ 78.355038769582421, 17.460001551539925 ], [ 78.355041628998819, 17.460006766980111 ], [ 78.355199820900808, 17.45993591051122 ], [ 78.355222576431615, 17.459913995497313 ] ] ], [ [ [ 78.3550522561939, 17.459618929290109 ], [ 78.354953234428251, 17.459671227348366 ], [ 78.354947002185327, 17.459834171995873 ], [ 78.355012476307266, 17.459953593836605 ], [ 78.355194763806153, 17.459865812410019 ], [ 78.3550522561939, 17.459618929290109 ] ] ], [ [ [ 78.355012519733208, 17.459550088909612 ], [ 78.354957167752957, 17.459568388459882 ], [ 78.354955648554323, 17.459608108764741 ], [ 78.355024898683695, 17.459571534500569 ], [ 78.355012519733208, 17.459550088909612 ] ] ] ] } },
{ "type": "Feature", "properties": { "parcel_id": "SYN-P0080", "survey_number": "7442/B", "survey_subdivision": "B", "district": "DEMO-RANGAREDDY", "mandal": "DEMO-MADHAPUR", "village": "DEMO-KONDAPUR", "ward": "DEMO-WARD-01", "door_number": "180", "address": "Plot 8857, Demo Street 8, Kondapur", "area_sqm": 1671.6892, "land_use": "commercial", "source": "BhuSetu synthetic integrated benchmark v1 (parcel registry)", "synthetic": true, "geometry_status": "reference" }, "geometry": { "type": "MultiPolygon", "coordinates": [ [ [ [ 78.353307355793206, 17.459574030278098 ], [ 78.353401316771738, 17.459739963071392 ], [ 78.35365118281041, 17.459785441424213 ], [ 78.353681249883707, 17.459593593566396 ], [ 78.353613711816223, 17.459476632225503 ], [ 78.353613525152895, 17.459476303631664 ], [ 78.353602792239656, 17.459457095368805 ], [ 78.353369074285453, 17.459213627685617 ], [ 78.353292874871329, 17.459246685438142 ], [ 78.353307355793206, 17.459574030278098 ] ] ], [ [ [ 78.353313993127941, 17.459724069135344 ], [ 78.353329682629138, 17.459726924813101 ], [ 78.353312800593713, 17.459697111544592 ], [ 78.353313993127941, 17.459724069135344 ] ] ] ] } },
{ "type": "Feature", "properties": { "parcel_id": "SYN-P0081", "survey_number": "7961/C", "survey_subdivision": "C", "district": "DEMO-RANGAREDDY", "mandal": "DEMO-SERILINGAMPALLY", "village": "DEMO-KONDAPUR", "ward": "DEMO-WARD-02", "door_number": "181", "address": "Plot 5532, Demo Street 9, Kondapur", "area_sqm": 45029.5217, "land_use": "mixed_use", "source": "BhuSetu synthetic integrated benchmark v1 (parcel registry)", "synthetic": true, "geometry_status": "reference" }, "geometry": { "type": "MultiPolygon", "coordinates": [ [ [ [ 78.355948382670135, 17.453927010230203 ], [ 78.355952702984752, 17.453880023774214 ], [ 78.35585327029149, 17.453681247676151 ], [ 78.355774756085523, 17.453688370773872 ], [ 78.355772909546729, 17.453688479845368 ], [ 78.355609509522381, 17.45369297984276 ], [ 78.355608700009057, 17.453692990987317 ], [ 78.355482600012863, 17.453692990984795 ], [ 78.355305875133084, 17.453692990981601 ], [ 78.355185729369296, 17.453699329530313 ], [ 78.355210992988006, 17.454087122011938 ], [ 78.355948382670135, 17.453927010230203 ] ] ], [ [ [ 78.356869918121347, 17.453726909914185 ], [ 78.35675586863978, 17.453687991721861 ], [ 78.35654436470405, 17.453666033905019 ], [ 78.356543925315535, 17.453665984942333 ], [ 78.356396156020281, 17.453648391003849 ], [ 78.356240080034965, 17.453648391000442 ], [ 78.35604082745202, 17.453661687732325 ], [ 78.355912882943656, 17.453675235703834 ], [ 78.356006944633336, 17.453863274481513 ], [ 78.35600810499966, 17.453865952993304 ], [ 78.356008960324985, 17.453868735234042 ], [ 78.356009500802557, 17.453871589303812 ], [ 78.35600972023542, 17.453874482479126 ], [ 78.356009616107684, 17.453877381588111 ], [ 78.356006207341821, 17.4539144544426 ], [ 78.356869918121347, 17.453726909914185 ] ] ], [ [ [ 78.356886859907362, 17.451226344143095 ], [ 78.356859375976043, 17.451153196270159 ], [ 78.356645320086358, 17.45117976726414 ], [ 78.356642275227344, 17.451179985387391 ], [ 78.356639223636734, 17.451179886543262 ], [ 78.35663620102585, 17.45117947188848 ], [ 78.356501401008146, 17.451153771882272 ], [ 78.356498688254632, 17.451153119097835 ], [ 78.356496056124854, 17.451152211837183 ], [ 78.35649353046135, 17.451151059007909 ], [ 78.356313196700668, 17.451057964302745 ], [ 78.356251314023368, 17.451033989007218 ], [ 78.355147555663763, 17.453113369665882 ], [ 78.355182206342377, 17.453645251649551 ], [ 78.35530355088865, 17.453638849851497 ], [ 78.355305100012842, 17.453638809018678 ], [ 78.355482600009054, 17.453638809015143 ], [ 78.355608295150532, 17.453638809012755 ], [ 78.35577036532068, 17.453634345632942 ], [ 78.355867324215225, 17.453625549156165 ], [ 78.356035204856738, 17.453607772380408 ], [ 78.3560363423084, 17.453607674246108 ], [ 78.356237142278317, 17.453594274244079 ], [ 78.356239100011464, 17.45359420899991 ], [ 78.356397899987954, 17.453594208996734 ], [ 78.356401374703751, 17.453594415062899 ], [ 78.356550655188443, 17.453612188923703 ], [ 78.356765235264191, 17.453634466087312 ], [ 78.356768488129106, 17.453634989838505 ], [ 78.356771655126892, 17.453635874232145 ], [ 78.356899986113234, 17.453679665828655 ], [ 78.35690849474588, 17.453681016488808 ], [ 78.356886859907362, 17.451226344143095 ] ] ], [ [ [ 78.35677410249032, 17.450926242464163 ], [ 78.356642056495474, 17.450777483571592 ], [ 78.356487669097788, 17.450704877724824 ], [ 78.356427132324853, 17.450702757547042 ], [ 78.356277038376703, 17.450985525919041 ], [ 78.356335764739441, 17.451008278354465 ], [ 78.356338569548114, 17.451009541004968 ], [ 78.356516545955841, 17.451101418749406 ], [ 78.356642664645051, 17.451125463630525 ], [ 78.356839763305402, 17.451100997552274 ], [ 78.35677410249032, 17.450926242464163 ] ] ] ] } },
{ "type": "Feature", "properties": { "parcel_id": "SYN-P0082", "survey_number": "5061/A", "survey_subdivision": "A", "district": "DEMO-RANGAREDDY", "mandal": "DEMO-GACHIBOWLI", "village": "DEMO-KONDAPUR", "ward": "DEMO-WARD-03", "door_number": "182", "address": "Plot 5529, Demo Street 10, Kondapur", "area_sqm": 635.4354, "land_use": "residential", "source": "BhuSetu synthetic integrated benchmark v1 (parcel registry)", "synthetic": true, "geometry_status": "reference" }, "geometry": { "type": "MultiPolygon", "coordinates": [ [ [ [ 78.357483627078722, 17.450494577681685 ], [ 78.357480111580841, 17.450371498936818 ], [ 78.357393654431903, 17.450461467739096 ], [ 78.357483627078722, 17.450494577681685 ] ] ], [ [ [ 78.357793580878038, 17.450608640324141 ], [ 78.357782606743982, 17.450570568458655 ], [ 78.357684620118746, 17.450568542957811 ], [ 78.357793580878038, 17.450608640324141 ] ] ], [ [ [ 78.357708723388797, 17.450314249313774 ], [ 78.357610714634717, 17.450235590879355 ], [ 78.357534952479313, 17.450314430478578 ], [ 78.357540577745425, 17.450511370709922 ], [ 78.357766891624308, 17.45051604897191 ], [ 78.357708723388797, 17.450314249313774 ] ] ] ] } },
{ "type": "Feature", "properties": { "parcel_id": "SYN-P0083", "survey_number": "8724/B", "survey_subdivision": "B", "district": "DEMO-RANGAREDDY", "mandal": "DEMO-MADHAPUR", "village": "DEMO-KONDAPUR", "ward": "DEMO-WARD-04", "door_number": "183", "address": "Plot 4185, Demo Street 11, Kondapur", "area_sqm": 995.2988, "land_use": "commercial", "source": "BhuSetu synthetic integrated benchmark v1 (parcel registry)", "synthetic": true, "geometry_status": "reference" }, "geometry": { "type": "MultiPolygon", "coordinates": [ [ [ [ 78.357393654431903, 17.450461467739096 ], [ 78.357480111580841, 17.450371498936818 ], [ 78.357474985728715, 17.450192041619335 ], [ 78.357473461037287, 17.45013860257513 ], [ 78.357133939657402, 17.45021615492098 ], [ 78.357176921912611, 17.450360214708095 ], [ 78.357392911075664, 17.450461752904758 ], [ 78.357393654431903, 17.450461467739096 ] ] ], [ [ [ 78.357610714634717, 17.450235590879355 ], [ 78.357612407669023, 17.450220733108782 ], [ 78.357532227189864, 17.4502190184946 ], [ 78.357534952479313, 17.450314430478578 ], [ 78.357610714634717, 17.450235590879355 ] ] ], [ [ [ 78.357625729643559, 17.450103821669202 ], [ 78.357529566236494, 17.450125787147662 ], [ 78.357530679051948, 17.450164789874034 ], [ 78.357618568201318, 17.4501666693298 ], [ 78.357625729643559, 17.450103821669202 ] ] ] ] } },
{ "type": "Feature", "properties": { "parcel_id": "SYN-P0084", "survey_number": "8425/C", "survey_subdivision": "C", "district": "DEMO-RANGAREDDY", "mandal": "DEMO-SERILINGAMPALLY", "village": "DEMO-KONDAPUR", "ward": "DEMO-WARD-05", "door_number": "184", "address": "Plot 7660, Demo Street 12, Kondapur", "area_sqm": 1109.6214, "land_use": "mixed_use", "source": "BhuSetu synthetic integrated benchmark v1 (parcel registry)", "synthetic": true, "geometry_status": "reference" }, "geometry": { "type": "MultiPolygon", "coordinates": [ [ [ [ 78.360483694058033, 17.450625849483178 ], [ 78.360435940535396, 17.450380247907198 ], [ 78.360203288981808, 17.450249872398476 ], [ 78.360097394746688, 17.450424526293762 ], [ 78.360097325295087, 17.450424640202634 ], [ 78.360065920075542, 17.450475861843298 ], [ 78.360378556508095, 17.450622579277848 ], [ 78.360483694058033, 17.450625849483178 ] ] ], [ [ [ 78.360147801493341, 17.450218777724086 ], [ 78.359994284423422, 17.450442243786451 ], [ 78.360015055935762, 17.450451991700074 ], [ 78.360048639838567, 17.450397216668019 ], [ 78.360154539612637, 17.450222553705018 ], [ 78.360147801493341, 17.450218777724086 ] ] ] ] } },
{ "type": "Feature", "properties": { "parcel_id": "SYN-P0085", "survey_number": "1808/A", "survey_subdivision": "A", "district": "DEMO-RANGAREDDY", "mandal": "DEMO-GACHIBOWLI", "village": "DEMO-KONDAPUR", "ward": "DEMO-WARD-06", "door_number": "185", "address": "Plot 1327, Demo Street 1, Kondapur", "area_sqm": 806.7027, "land_use": "residential", "source": "BhuSetu synthetic integrated benchmark v1 (parcel registry)", "synthetic": true, "geometry_status": "reference" }, "geometry": { "type": "MultiPolygon", "coordinates": [ [ [ [ 78.351467045467089, 17.460223267046096 ], [ 78.351453173659067, 17.460198973530847 ], [ 78.351456666586969, 17.460228467451021 ], [ 78.351467045467089, 17.460223267046096 ] ] ], [ [ [ 78.351821561555823, 17.460045633934776 ], [ 78.351803670779034, 17.460014726543342 ], [ 78.351414255339819, 17.459870351038496 ], [ 78.351435442398113, 17.460049252549133 ], [ 78.351458430695871, 17.460095442050783 ], [ 78.351517099140679, 17.460198187317125 ], [ 78.351821561555823, 17.460045633934776 ] ] ] ] } },
{ "type": "Feature", "properties": { "parcel_id": "SYN-P0086", "survey_number": "1808/A", "survey_subdivision": "A", "district": "DEMO-RANGAREDDY", "mandal": "DEMO-MADHAPUR", "village": "DEMO-KONDAPUR", "ward": "DEMO-WARD-07", "door_number": "186", "address": "Plot 2556, Demo Street 2, Kondapur", "area_sqm": 7316.1737, "land_use": "commercial", "source": "BhuSetu synthetic integrated benchmark v1 (parcel registry)", "synthetic": true, "geometry_status": "reference" }, "geometry": { "type": "MultiPolygon", "coordinates": [ [ [ [ 78.353023276337183, 17.457569786291504 ], [ 78.353230483011956, 17.45793815549057 ], [ 78.35330031428596, 17.458055739635139 ], [ 78.35350216865352, 17.457953919269087 ], [ 78.353504680887028, 17.457952799402985 ], [ 78.353507295388354, 17.457951921269313 ], [ 78.353509986978452, 17.457951293324982 ], [ 78.35351272973584, 17.457950921617439 ], [ 78.353515497246264, 17.457950809726427 ], [ 78.353518262857108, 17.457950958729519 ], [ 78.353520999934048, 17.457951367191743 ], [ 78.353523682117526, 17.457952031179385 ], [ 78.353526283576684, 17.457952944297865 ], [ 78.353528779258042, 17.45795409775338 ], [ 78.353531145126851, 17.457955480437537 ], [ 78.353533358398437, 17.457957079034315 ], [ 78.353535397757867, 17.457958878148371 ], [ 78.353537243564944, 17.457960860453248 ], [ 78.35353887804358, 17.457963006858286 ], [ 78.353540285452794, 17.457965296692425 ], [ 78.353541452238503, 17.457967707903325 ], [ 78.353542367163882, 17.457970217269693 ], [ 78.353543021417707, 17.457972800624983 ], [ 78.353543408699124, 17.457975433090045 ], [ 78.353543525278425, 17.457978089312839 ], [ 78.353543370032853, 17.457980743712454 ], [ 78.353542944457487, 17.457983370725579 ], [ 78.353542252650868, 17.457985945052645 ], [ 78.353541301275442, 17.457988441901445 ], [ 78.353540099493458, 17.457990837226014 ], [ 78.353538658878747, 17.457993107958 ], [ 78.353536993305212, 17.457995232229024 ], [ 78.353535118813227, 17.457997189581203 ], [ 78.353533053455195, 17.457998961164154 ], [ 78.353530817121595, 17.458000529916546 ], [ 78.353528431349588, 17.45800188073045 ], [ 78.353328278081705, 17.458102843018747 ], [ 78.353386428590539, 17.458200827305596 ], [ 78.353505129675952, 17.45815514208493 ], [ 78.353852607337885, 17.456977445244227 ], [ 78.353329287695033, 17.457233277161372 ], [ 78.353045184273086, 17.457508906711045 ], [ 78.353023276337183, 17.457569786291504 ] ] ], [ [ [ 78.352854369171965, 17.458039157699741 ], [ 78.352868630930885, 17.458071786417765 ], [ 78.352871203240412, 17.458076398344232 ], [ 78.353166937450581, 17.457939236356872 ], [ 78.352998246817165, 17.457639340323247 ], [ 78.352854369171965, 17.458039157699741 ] ] ], [ [ [ 78.353333541118772, 17.458221182402102 ], [ 78.353264775818644, 17.458105311990625 ], [ 78.353194336981659, 17.457986704784162 ], [ 78.352897861901795, 17.458124210388547 ], [ 78.353019324309059, 17.458342116376155 ], [ 78.353333541118772, 17.458221182402102 ] ] ] ] } },
{ "type": "Feature", "properties": { "parcel_id": "SYN-P0087", "survey_number": "7826/C", "survey_subdivision": "C", "district": "DEMO-RANGAREDDY", "mandal": "DEMO-SERILINGAMPALLY", "village": "DEMO-KONDAPUR", "ward": "DEMO-WARD-08", "door_number": "187", "address": "Plot 348, Demo Street 3, Kondapur", "area_sqm": 2160.1997, "land_use": "mixed_use", "source": "BhuSetu synthetic integrated benchmark v1 (parcel registry)", "synthetic": true, "geometry_status": "reference" }, "geometry": { "type": "Polygon", "coordinates": [ [ [ 78.354146675812373, 17.459072356344233 ], [ 78.354195944313346, 17.459154565007552 ], [ 78.35453893442903, 17.458985986870221 ], [ 78.354541458917936, 17.458984892651596 ], [ 78.354544082997094, 17.458984041193485 ], [ 78.354546781395186, 17.458983440695892 ], [ 78.354549528125162, 17.458983096941903 ], [ 78.354552296734539, 17.458983013242108 ], [ 78.354555060560116, 17.458983190402563 ], [ 78.354557792984693, 17.458983626717107 ], [ 78.354560467693616, 17.458984317983802 ], [ 78.354563058927951, 17.45898525754539 ], [ 78.354565541732711, 17.458986436353367 ], [ 78.35456789219711, 17.458987843055176 ], [ 78.354570087684934, 17.458989464103528 ], [ 78.354572107052405, 17.458991283886828 ], [ 78.354573930851927, 17.458993284879586 ], [ 78.354575541519296, 17.458995447811152 ], [ 78.354576923542908, 17.458997751851314 ], [ 78.354578063613133, 17.45900017481091 ], [ 78.354578950750408, 17.459002693355515 ], [ 78.354579576411155, 17.459005283230184 ], [ 78.354579934569884, 17.459007919492997 ], [ 78.354580021777323, 17.459010576755297 ], [ 78.354579837193626, 17.459013229426212 ], [ 78.354579382596398, 17.459015851959052 ], [ 78.35457866236365, 17.459018419097376 ], [ 78.354577683431614, 17.45902090611828 ], [ 78.354576455227942, 17.459023289070362 ], [ 78.354574989580883, 17.459025545004462 ], [ 78.354573300605438, 17.459027652194731 ], [ 78.354571404567324, 17.459029590347754 ], [ 78.354569319726465, 17.459031340798063 ], [ 78.35456706616101, 17.459032886687847 ], [ 78.354564665574017, 17.459034213129339 ], [ 78.35422412522783, 17.45920158721465 ], [ 78.354248066657476, 17.459241535468355 ], [ 78.354572369099216, 17.459273791968435 ], [ 78.354686793881683, 17.459058653585789 ], [ 78.354665284569663, 17.45870861798597 ], [ 78.354427071849614, 17.458768673271223 ], [ 78.354146675812373, 17.459072356344233 ] ] ] } },
{ "type": "Feature", "properties": { "parcel_id": "SYN-P0088", "survey_number": "8837/A", "survey_subdivision": "A", "district": "DEMO-RANGAREDDY", "mandal": "DEMO-GACHIBOWLI", "village": "DEMO-KONDAPUR", "ward": "DEMO-WARD-01", "door_number": "188", "address": "Plot 1375, Demo Street 4, Kondapur", "area_sqm": 1385.2723, "land_use": "residential", "source": "BhuSetu synthetic integrated benchmark v1 (parcel registry)", "synthetic": true, "geometry_status": "reference" }, "geometry": { "type": "MultiPolygon", "coordinates": [ [ [ [ 78.352711768783237, 17.458841308396771 ], [ 78.352823472359134, 17.458838946209834 ], [ 78.35301616038457, 17.458621061274531 ], [ 78.352986871181216, 17.45851126852946 ], [ 78.35296506746694, 17.458505118620941 ], [ 78.352600539680608, 17.458692179817231 ], [ 78.352684970897741, 17.458827561807912 ], [ 78.352711768783237, 17.458841308396771 ] ] ], [ [ [ 78.352626465125724, 17.458409612829389 ], [ 78.352511710830527, 17.458549746180378 ], [ 78.352571512283575, 17.458645635530118 ], [ 78.352887805768177, 17.458483326331393 ], [ 78.352626465125724, 17.458409612829389 ] ] ] ] } },
{ "type": "Feature", "properties": { "parcel_id": "SYN-P0089", "survey_number": "4354/B", "survey_subdivision": "B", "district": "DEMO-RANGAREDDY", "mandal": "DEMO-MADHAPUR", "village": "DEMO-KONDAPUR", "ward": "DEMO-WARD-02", "door_number": "189", "address": "Plot 4928, Demo Street 5, Kondapur", "area_sqm": 1915.1308, "land_use": "commercial", "source": "BhuSetu synthetic integrated benchmark v1 (parcel registry)", "synthetic": true, "geometry_status": "reference" }, "geometry": { "type": "MultiPolygon", "coordinates": [ [ [ [ 78.353139150435467, 17.459810191211904 ], [ 78.353174041290089, 17.459801914322295 ], [ 78.353313993127941, 17.459724069135344 ], [ 78.353312800593713, 17.459697111544592 ], [ 78.353074263438415, 17.459275859639607 ], [ 78.353043863347906, 17.459291114951487 ], [ 78.352920665820193, 17.45935284809174 ], [ 78.352821194846996, 17.459464405327768 ], [ 78.352840730639343, 17.459499048391351 ], [ 78.353139150435467, 17.459810191211904 ] ] ], [ [ [ 78.353292874871329, 17.459246685438142 ], [ 78.353149884998501, 17.459236597104695 ], [ 78.353124012865536, 17.459250250289056 ], [ 78.353307355793206, 17.459574030278098 ], [ 78.353292874871329, 17.459246685438142 ] ] ], [ [ [ 78.3530317534088, 17.459228262514586 ], [ 78.353019184768485, 17.459242358353379 ], [ 78.353045361116344, 17.459229222588753 ], [ 78.3530317534088, 17.459228262514586 ] ] ] ] } },
{ "type": "Feature", "properties": { "parcel_id": "SYN-P0090", "survey_number": "1229/C", "survey_subdivision": "C", "district": "DEMO-RANGAREDDY", "mandal": "DEMO-SERILINGAMPALLY", "village": "DEMO-KONDAPUR", "ward": "DEMO-WARD-03", "door_number": "190", "address": "Plot 7361, Demo Street 6, Kondapur", "area_sqm": 251.029, "land_use": "mixed_use", "source": "BhuSetu synthetic integrated benchmark v1 (parcel registry)", "synthetic": true, "geometry_status": "reference" }, "geometry": { "type": "MultiPolygon", "coordinates": [ [ [ [ 78.357939499917507, 17.450375269208468 ], [ 78.358046384871372, 17.450300919654332 ], [ 78.358020721610174, 17.450229464170448 ], [ 78.357891935695321, 17.450226710404927 ], [ 78.357886042644495, 17.450329743840392 ], [ 78.357939499917507, 17.450375269208468 ] ] ], [ [ [ 78.358110729994621, 17.450256160896298 ], [ 78.358101560667023, 17.450229666674804 ], [ 78.358080532021148, 17.450229744655545 ], [ 78.358094159249148, 17.450267687586027 ], [ 78.358110729994621, 17.450256160896298 ] ] ], [ [ [ 78.358258981007538, 17.450153036647208 ], [ 78.358135672711072, 17.450156377317906 ], [ 78.358141907944827, 17.450174385101676 ], [ 78.35823489158436, 17.450169793403859 ], [ 78.358258981007538, 17.450153036647208 ] ] ], [ [ [ 78.35805772814129, 17.450158488953946 ], [ 78.358062569237148, 17.450175628771412 ], [ 78.358082826987541, 17.450175553650439 ], [ 78.35807673996672, 17.450157973897738 ], [ 78.35805772814129, 17.450158488953946 ] ] ], [ [ [ 78.357895586413932, 17.450162881519571 ], [ 78.357895031644148, 17.450172581078629 ], [ 78.358003878449068, 17.45017490849613 ], [ 78.35799968493474, 17.450160061412053 ], [ 78.357895586413932, 17.450162881519571 ] ] ] ] } },
{ "type": "Feature", "properties": { "parcel_id": "SYN-P0091", "survey_number": "3470/A", "survey_subdivision": "A", "district": "DEMO-RANGAREDDY", "mandal": "DEMO-GACHIBOWLI", "village": "DEMO-KONDAPUR", "ward": "DEMO-WARD-04", "door_number": "191", "address": "Plot 4687, Demo Street 7, Kondapur", "area_sqm": 1190.876, "land_use": "residential", "source": "BhuSetu synthetic integrated benchmark v1 (parcel registry)", "synthetic": true, "geometry_status": "reference" }, "geometry": { "type": "MultiPolygon", "coordinates": [ [ [ [ 78.351985345177525, 17.457348834948561 ], [ 78.351974991656149, 17.457329680741083 ], [ 78.351982665715838, 17.45735121788729 ], [ 78.351985345177525, 17.457348834948561 ] ] ], [ [ [ 78.35226343459621, 17.457101519746399 ], [ 78.35224665902706, 17.45707144227184 ], [ 78.351775264788628, 17.456769148457425 ], [ 78.3518519820676, 17.45698445539136 ], [ 78.352028295058503, 17.457310638106971 ], [ 78.35226343459621, 17.457101519746399 ] ] ] ] } },
{ "type": "Feature", "properties": { "parcel_id": "SYN-P0092", "survey_number": "5884/B", "survey_subdivision": "B", "district": "DEMO-RANGAREDDY", "mandal": "DEMO-MADHAPUR", "village": "DEMO-KONDAPUR", "ward": "DEMO-WARD-05", "door_number": "192", "address": "Plot 5106, Demo Street 8, Kondapur", "area_sqm": 723.0593, "land_use": "commercial", "source": "BhuSetu synthetic integrated benchmark v1 (parcel registry)", "synthetic": true, "geometry_status": "reference" }, "geometry": { "type": "MultiPolygon", "coordinates": [ [ [ [ 78.352413651167893, 17.460538154565668 ], [ 78.352541564181351, 17.460470271794712 ], [ 78.352339002144163, 17.460205601071888 ], [ 78.352225533725573, 17.460313496792988 ], [ 78.352413651167893, 17.460538154565668 ] ] ], [ [ [ 78.352556306177249, 17.460708518749403 ], [ 78.352588499250317, 17.460619548195179 ], [ 78.352595232221631, 17.460540395149618 ], [ 78.352575261851285, 17.46051430161279 ], [ 78.352449544119963, 17.460581019366334 ], [ 78.352556306177249, 17.460708518749403 ] ] ] ] } },
{ "type": "Feature", "properties": { "parcel_id": "SYN-P0093", "survey_number": "1429/C", "survey_subdivision": "C", "district": "DEMO-RANGAREDDY", "mandal": "DEMO-SERILINGAMPALLY", "village": "DEMO-KONDAPUR", "ward": "DEMO-WARD-06", "door_number": "193", "address": "Plot 8230, Demo Street 9, Kondapur", "area_sqm": 1340.7491, "land_use": "mixed_use", "source": "BhuSetu synthetic integrated benchmark v1 (parcel registry)", "synthetic": true, "geometry_status": "reference" }, "geometry": { "type": "MultiPolygon", "coordinates": [ [ [ [ 78.361277801558501, 17.461637057726769 ], [ 78.361294300054226, 17.461512648987593 ], [ 78.361196864445304, 17.461298401161571 ], [ 78.36070803456461, 17.460973122446447 ], [ 78.361205169599273, 17.461678781369454 ], [ 78.361277801558501, 17.461637057726769 ] ] ], [ [ [ 78.3613125076226, 17.46137535248668 ], [ 78.361285190258513, 17.461357174967418 ], [ 78.361308206615163, 17.461407784813382 ], [ 78.3613125076226, 17.46137535248668 ] ] ] ] } },
{ "type": "Feature", "properties": { "parcel_id": "SYN-P0094", "survey_number": "5446/A", "survey_subdivision": "A", "district": "DEMO-RANGAREDDY", "mandal": "DEMO-GACHIBOWLI", "village": "DEMO-KONDAPUR", "ward": "DEMO-WARD-07", "door_number": "194", "address": "Plot 4509, Demo Street 10, Kondapur", "area_sqm": 14918.7531, "land_use": "residential", "source": "BhuSetu synthetic integrated benchmark v1 (parcel registry)", "synthetic": true, "geometry_status": "reference" }, "geometry": { "type": "MultiPolygon", "coordinates": [ [ [ [ 78.363407502449832, 17.456648230406955 ], [ 78.363441068515343, 17.456651635899089 ], [ 78.363559839554171, 17.456645814708459 ], [ 78.363671232843984, 17.456595764283779 ], [ 78.363671320920716, 17.456595724887006 ], [ 78.364000014292287, 17.456449360182113 ], [ 78.364000014312836, 17.456387910191804 ], [ 78.363559273759378, 17.45579061555101 ], [ 78.363271885848022, 17.45596796603866 ], [ 78.363158591454294, 17.456044823045296 ], [ 78.363156684095344, 17.456046009410169 ], [ 78.36315468346892, 17.456047044635238 ], [ 78.363012983451966, 17.456113444641989 ], [ 78.363009385432946, 17.456114845419748 ], [ 78.362792860058576, 17.456182911446003 ], [ 78.362813104912846, 17.456236508175799 ], [ 78.363407502449832, 17.456648230406955 ] ] ], [ [ [ 78.363670650247087, 17.456830504308076 ], [ 78.364000014178984, 17.456696979654481 ], [ 78.364000014269465, 17.456509089783616 ], [ 78.363695123155679, 17.456644855487074 ], [ 78.363578767144617, 17.456697135721122 ], [ 78.363576243027083, 17.45669813008438 ], [ 78.363573630672931, 17.456698885891921 ], [ 78.363570954492261, 17.456699396081397 ], [ 78.363568239491599, 17.456699655885544 ], [ 78.363487460783134, 17.4567036150079 ], [ 78.363670650247087, 17.456830504308076 ] ] ], [ [ [ 78.363769611530614, 17.456899051392188 ], [ 78.364000014113685, 17.456805812127698 ], [ 78.364000014144864, 17.456755797014495 ], [ 78.363724214669247, 17.456867606556234 ], [ 78.363769611530614, 17.456899051392188 ] ] ], [ [ [ 78.364000013925519, 17.457058642859916 ], [ 78.364000014074477, 17.456864613644168 ], [ 78.363823196790989, 17.456936168023599 ], [ 78.364000013925519, 17.457058642859916 ] ] ], [ [ [ 78.363523700444361, 17.455742406160049 ], [ 78.363405847702495, 17.455816373749336 ], [ 78.363403857358236, 17.455817513805361 ], [ 78.362978757310771, 17.456038813828421 ], [ 78.362975413571263, 17.456040292363866 ], [ 78.36276786710765, 17.456116744450192 ], [ 78.362773610047014, 17.456131948462588 ], [ 78.362989965250421, 17.456063935925666 ], [ 78.363127869122664, 17.455999314773525 ], [ 78.363239808539859, 17.455923376962097 ], [ 78.363240834956002, 17.455922712569244 ], [ 78.363526614148569, 17.455746354848664 ], [ 78.363523700444361, 17.455742406160049 ] ] ], [ [ [ 78.3634751078785, 17.455676552875804 ], [ 78.3632256544265, 17.455824736056329 ], [ 78.363224131029085, 17.455825579168263 ], [ 78.363003631004247, 17.455938979180047 ], [ 78.363001133733022, 17.455940116128609 ], [ 78.362740435548147, 17.456044121370827 ], [ 78.362748623183194, 17.456065797550398 ], [ 78.362953464223565, 17.455990342031825 ], [ 78.363375923067537, 17.45577041697107 ], [ 78.363491051171039, 17.455698159441322 ], [ 78.3634751078785, 17.455676552875804 ] ] ], [ [ [ 78.36288751834158, 17.454880239642183 ], [ 78.362480479330088, 17.455355903546899 ], [ 78.362721174494425, 17.455993129087918 ], [ 78.362978188600096, 17.455890593597122 ], [ 78.363196693587071, 17.455778219602436 ], [ 78.363442418256398, 17.455632251440431 ], [ 78.36288751834158, 17.454880239642183 ] ] ] ] } },
{ "type": "Feature", "properties": { "parcel_id": "SYN-P0095", "survey_number": "1362/B", "survey_subdivision": "B", "district": "DEMO-RANGAREDDY", "mandal": "DEMO-MADHAPUR", "village": "DEMO-KONDAPUR", "ward": "DEMO-WARD-08", "door_number": "195", "address": "Plot 2385, Demo Street 11, Kondapur", "area_sqm": 988.8733, "land_use": "commercial", "source": "BhuSetu synthetic integrated benchmark v1 (parcel registry)", "synthetic": true, "geometry_status": "reference" }, "geometry": { "type": "MultiPolygon", "coordinates": [ [ [ [ 78.357473461037287, 17.45013860257513 ], [ 78.357469510006169, 17.450000122764937 ], [ 78.357050637386038, 17.450000123313284 ], [ 78.35704990484686, 17.45005231944295 ], [ 78.357133939657402, 17.45021615492098 ], [ 78.357473461037287, 17.45013860257513 ] ] ], [ [ [ 78.357625729643559, 17.450103821669202 ], [ 78.35765194678909, 17.450019957978725 ], [ 78.357650143892315, 17.450000122255933 ], [ 78.357525980804553, 17.450000122623461 ], [ 78.357529566236494, 17.450125787147662 ], [ 78.357625729643559, 17.450103821669202 ] ] ] ] } },
{ "type": "Feature", "properties": { "parcel_id": "SYN-P0096", "survey_number": "1492/C", "survey_subdivision": "C", "district": "DEMO-RANGAREDDY", "mandal": "DEMO-SERILINGAMPALLY", "village": "DEMO-KONDAPUR", "ward": "DEMO-WARD-01", "door_number": "196", "address": "Plot 1433, Demo Street 12, Kondapur", "area_sqm": 682.6428, "land_use": "mixed_use", "source": "BhuSetu synthetic integrated benchmark v1 (parcel registry)", "synthetic": true, "geometry_status": "reference" }, "geometry": { "type": "MultiPolygon", "coordinates": [ [ [ [ 78.354006500994018, 17.459688695835386 ], [ 78.354029331328306, 17.459677138060034 ], [ 78.354029556821018, 17.459677025148512 ], [ 78.354234141670645, 17.459575705514801 ], [ 78.354047652746786, 17.459379060260563 ], [ 78.353944668529536, 17.459426369905945 ], [ 78.354006500994018, 17.459688695835386 ] ] ], [ [ [ 78.354032439240214, 17.459798739399162 ], [ 78.354238873919101, 17.459664237034115 ], [ 78.354254444439164, 17.459626620470885 ], [ 78.354055556193501, 17.459725118882776 ], [ 78.354019400561995, 17.459743422539901 ], [ 78.354032439240214, 17.459798739399162 ] ] ] ] } },
{ "type": "Feature", "properties": { "parcel_id": "SYN-P0097", "survey_number": "2918/A", "survey_subdivision": "A", "district": "DEMO-RANGAREDDY", "mandal": "DEMO-GACHIBOWLI", "village": "DEMO-KONDAPUR", "ward": "DEMO-WARD-02", "door_number": "197", "address": "Plot 7425, Demo Street 1, Kondapur", "area_sqm": 1097.1547, "land_use": "residential", "source": "BhuSetu synthetic integrated benchmark v1 (parcel registry)", "synthetic": true, "geometry_status": "reference" }, "geometry": { "type": "Polygon", "coordinates": [ [ [ 78.36110221484185, 17.451404603969472 ], [ 78.36128707349431, 17.451407278114541 ], [ 78.361412107076831, 17.451273365872531 ], [ 78.36137181280877, 17.450980598969235 ], [ 78.361340664571543, 17.450951543363409 ], [ 78.361219749100272, 17.45105017503635 ], [ 78.361160022890047, 17.451119475907685 ], [ 78.36110221484185, 17.451404603969472 ] ] ] } },
{ "type": "Feature", "properties": { "parcel_id": "SYN-P0098", "survey_number": "7684/B", "survey_subdivision": "B", "district": "DEMO-RANGAREDDY", "mandal": "DEMO-MADHAPUR", "village": "DEMO-KONDAPUR", "ward": "DEMO-WARD-03", "door_number": "198", "address": "Plot 1054, Demo Street 2, Kondapur", "area_sqm": 2032.4259, "land_use": "commercial", "source": "BhuSetu synthetic integrated benchmark v1 (parcel registry)", "synthetic": true, "geometry_status": "reference" }, "geometry": { "type": "Polygon", "coordinates": [ [ [ 78.361219749100272, 17.45105017503635 ], [ 78.361340664571543, 17.450951543363409 ], [ 78.361306128685158, 17.450919327685725 ], [ 78.361305848892755, 17.450919063031677 ], [ 78.361107548898531, 17.450728863012102 ], [ 78.361106850425315, 17.450728168765643 ], [ 78.361094877561868, 17.450715836107808 ], [ 78.360978599694633, 17.450655136967075 ], [ 78.3608158307444, 17.450641481467343 ], [ 78.360676374460013, 17.450732231738673 ], [ 78.360659860687676, 17.450819923000903 ], [ 78.360723849823373, 17.450942958789764 ], [ 78.361219749100272, 17.45105017503635 ] ] ] } },
{ "type": "Feature", "properties": { "parcel_id": "SYN-P0099", "survey_number": "8705/C", "survey_subdivision": "C", "district": "DEMO-RANGAREDDY", "mandal": "DEMO-SERILINGAMPALLY", "village": "DEMO-KONDAPUR", "ward": "DEMO-WARD-04", "door_number": "199", "address": "Plot 1305, Demo Street 3, Kondapur", "area_sqm": 1006.4272, "land_use": "mixed_use", "source": "BhuSetu synthetic integrated benchmark v1 (parcel registry)", "synthetic": true, "geometry_status": "shifted_geometry" }, "geometry": { "type": "MultiPolygon", "coordinates": [ [ [ [ 78.352389133262136, 17.459457975556443 ], [ 78.352275268632084, 17.459254664597012 ], [ 78.352275042270023, 17.459254251937729 ], [ 78.352209159827154, 17.459131598236219 ], [ 78.352168103357471, 17.4591250037757 ], [ 78.352130171867685, 17.459187539620135 ], [ 78.352188436243381, 17.459525720274826 ], [ 78.352389133262136, 17.459457975556443 ] ] ], [ [ [ 78.352540022038852, 17.459407043296764 ], [ 78.352481273717402, 17.459219616255123 ], [ 78.352448623440722, 17.459199311526881 ], [ 78.352338627519103, 17.459253357404489 ], [ 78.352443034579451, 17.459439781272163 ], [ 78.352540022038852, 17.459407043296764 ] ] ], [ [ [ 78.352385209082613, 17.459159875041212 ], [ 78.352278669444914, 17.459142762800877 ], [ 78.352312321804249, 17.459205413542172 ], [ 78.352393945599005, 17.45916530815833 ], [ 78.352385209082613, 17.459159875041212 ] ] ] ] } },
{ "type": "Feature", "properties": { "parcel_id": "SYN-P0100", "survey_number": "7252/A", "survey_subdivision": "A", "district": "DEMO-RANGAREDDY", "mandal": "DEMO-GACHIBOWLI", "village": "DEMO-KONDAPUR", "ward": "DEMO-WARD-05", "door_number": "200", "address": "Plot 1819, Demo Street 4, Kondapur", "area_sqm": 1435.2305, "land_use": "residential", "source": "BhuSetu synthetic integrated benchmark v1 (parcel registry)", "synthetic": true, "geometry_status": "reference" }, "geometry": { "type": "MultiPolygon", "coordinates": [ [ [ [ 78.350038424863143, 17.459865479024149 ], [ 78.350085774540204, 17.459946634136855 ], [ 78.350285958428685, 17.459843391960767 ], [ 78.350038424863143, 17.459865479024149 ] ] ], [ [ [ 78.350000008056512, 17.459990958932799 ], [ 78.350036056240654, 17.45997231353887 ], [ 78.350000008311596, 17.459910529063759 ], [ 78.350000008056512, 17.459990958932799 ] ] ], [ [ [ 78.350000007232453, 17.460240382768731 ], [ 78.350264560130967, 17.460289540165949 ], [ 78.350315236611465, 17.460262459264396 ], [ 78.350391961702783, 17.460212994554123 ], [ 78.350328680592469, 17.459882867241362 ], [ 78.350088075666903, 17.460006956018628 ], [ 78.350000007857801, 17.460052507798427 ], [ 78.350000007232453, 17.460240382768731 ] ] ] ] } },
{ "type": "Feature", "properties": { "parcel_id": "SYN-P0101", "survey_number": "2853/B", "survey_subdivision": "B", "district": "DEMO-RANGAREDDY", "mandal": "DEMO-MADHAPUR", "village": "DEMO-KONDAPUR", "ward": "DEMO-WARD-06", "door_number": "201", "address": "Plot 9495, Demo Street 5, Kondapur", "area_sqm": 17911.9812, "land_use": "commercial", "source": "BhuSetu synthetic integrated benchmark v1 (parcel registry)", "synthetic": true, "geometry_status": "reference" }, "geometry": { "type": "MultiPolygon", "coordinates": [ [ [ [ 78.361539532481714, 17.456490466464995 ], [ 78.3618696530432, 17.456336338305562 ], [ 78.361870960792672, 17.456335766774853 ], [ 78.362257360743243, 17.456178166790163 ], [ 78.362257566362715, 17.456178083843394 ], [ 78.362721174494425, 17.455993129087918 ], [ 78.362480479330088, 17.455355903546899 ], [ 78.361509223557306, 17.455544427107135 ], [ 78.361499077270182, 17.455974213422483 ], [ 78.361539532481714, 17.456490466464995 ] ] ], [ [ [ 78.361548316170669, 17.45660255597949 ], [ 78.361849498122538, 17.456463971057662 ], [ 78.361894378909895, 17.456443320099897 ], [ 78.361820404408945, 17.456471120640746 ], [ 78.361547554298525, 17.456592833654874 ], [ 78.361548316170669, 17.45660255597949 ] ] ], [ [ [ 78.361553136696827, 17.456664071181244 ], [ 78.361768762211881, 17.456562480902139 ], [ 78.361771305641824, 17.456561427903267 ], [ 78.361773944359811, 17.456560619251515 ], [ 78.361776652953552, 17.456560062734656 ], [ 78.361779405337828, 17.456559763712228 ], [ 78.361782175005686, 17.456559725064004 ], [ 78.361784935283708, 17.456559947162162 ], [ 78.361787659588927, 17.456560427867803 ], [ 78.361790321684822, 17.456561162551456 ], [ 78.361792895933945, 17.456562144137724 ], [ 78.361795357544878, 17.456563363173409 ], [ 78.361797682810973, 17.456564807918525 ], [ 78.361799849338652, 17.456566464459399 ], [ 78.361801836263055, 17.456568316842642 ], [ 78.361803624449038, 17.456570347228787 ], [ 78.361805196675363, 17.456572536064122 ], [ 78.361806537800646, 17.456574862268969 ], [ 78.361807634909084, 17.456577303440703 ], [ 78.361808477434948, 17.456579836069512 ], [ 78.36180905726421, 17.456582435764798 ], [ 78.361809368812814, 17.456585077490079 ], [ 78.361809409080337, 17.456587735804074 ], [ 78.361809177678992, 17.456590385105802 ], [ 78.361808676837285, 17.456592999881014 ], [ 78.361807911378577, 17.456595554947981 ], [ 78.361806888674636, 17.456598025700032 ], [ 78.361805618574678, 17.456600388342451 ], [ 78.361804113310441, 17.456602620121711 ], [ 78.361802387378432, 17.456604699544528 ], [ 78.361800457400321, 17.456606606584948 ], [ 78.361798341962867, 17.456608322877106 ], [ 78.361796061438881, 17.456609831892166 ], [ 78.361793637791067, 17.456611119097474 ], [ 78.361557698140231, 17.456722280200346 ], [ 78.361627050627902, 17.45760729364758 ], [ 78.361679649449854, 17.457619596239407 ], [ 78.361953799262722, 17.457285070385293 ], [ 78.36193831548529, 17.457011368153218 ], [ 78.361921751231606, 17.456718436408586 ], [ 78.361846131867921, 17.456525606977753 ], [ 78.361552860899479, 17.456660551704744 ], [ 78.361553136696827, 17.456664071181244 ] ] ], [ [ [ 78.362128333503946, 17.457072097518576 ], [ 78.362125264494253, 17.457058425827153 ], [ 78.361996541557943, 17.457041258061178 ], [ 78.362006683818095, 17.457220538853122 ], [ 78.362128333503946, 17.457072097518576 ] ] ], [ [ [ 78.362449156748113, 17.456680615735081 ], [ 78.362264104975111, 17.456682736020845 ], [ 78.362205550663376, 17.456753067084218 ], [ 78.362175454849705, 17.456891170393099 ], [ 78.362176709809376, 17.457013066907894 ], [ 78.362449156748113, 17.456680615735081 ] ] ], [ [ [ 78.362813104912846, 17.456236508175799 ], [ 78.362792860058576, 17.456182911446003 ], [ 78.362302601294232, 17.456337026069662 ], [ 78.362155961467849, 17.456395245783614 ], [ 78.362268345196085, 17.456628501352725 ], [ 78.362493983572406, 17.456625915996167 ], [ 78.362813104912846, 17.456236508175799 ] ] ], [ [ [ 78.36276786710765, 17.456116744450192 ], [ 78.362540602520724, 17.456200459592139 ], [ 78.362463551371832, 17.456229416718976 ], [ 78.362773610047014, 17.456131948462588 ], [ 78.36276786710765, 17.456116744450192 ] ] ], [ [ [ 78.362740435548147, 17.456044121370827 ], [ 78.362279336620446, 17.456228075072794 ], [ 78.361893700665931, 17.456385363439416 ], [ 78.361893438101617, 17.456385486026949 ], [ 78.362520108707031, 17.456149973770692 ], [ 78.362520286488831, 17.456149907621043 ], [ 78.362748623183194, 17.456065797550398 ], [ 78.362740435548147, 17.456044121370827 ] ] ], [ [ [ 78.362103739576582, 17.456415946478391 ], [ 78.361965989352512, 17.456470456798005 ], [ 78.361897229720881, 17.456502095125316 ], [ 78.361976116682357, 17.456703256776635 ], [ 78.361976165276303, 17.456703401927506 ], [ 78.361976226816722, 17.456703542480977 ], [ 78.361976588862589, 17.45670466718656 ], [ 78.361976964062137, 17.456705787913698 ], [ 78.361976997598845, 17.456705936937176 ], [ 78.36197704448918, 17.456706082603329 ], [ 78.361977289933321, 17.456707235953097 ], [ 78.361977548874123, 17.456708386581013 ], [ 78.361977567030607, 17.456708538041905 ], [ 78.36197759881928, 17.456708687417908 ], [ 78.361977725297947, 17.456709858304453 ], [ 78.361977865486239, 17.456711027751979 ], [ 78.361977868087635, 17.456711180191633 ], [ 78.361977884468502, 17.456711331838921 ], [ 78.361993423952356, 17.456986139447007 ], [ 78.362120151842603, 17.457003041136495 ], [ 78.36211897539927, 17.456888767678777 ], [ 78.362119109879487, 17.456885845171609 ], [ 78.36211957189451, 17.456882953620131 ], [ 78.362151671914489, 17.456735653627387 ], [ 78.362152332934158, 17.456733199554968 ], [ 78.362153230030174, 17.456730815520437 ], [ 78.362154355349077, 17.456728522394197 ], [ 78.362155699039562, 17.456726340250857 ], [ 78.362157249338637, 17.45672428819341 ], [ 78.362217457290967, 17.456651970922128 ], [ 78.362103739576582, 17.456415946478391 ] ] ] ] } },
{ "type": "Feature", "properties": { "parcel_id": "SYN-P0102", "survey_number": "2602/C", "survey_subdivision": "C", "district": "DEMO-RANGAREDDY", "mandal": "DEMO-SERILINGAMPALLY", "village": "DEMO-KONDAPUR", "ward": "DEMO-WARD-07", "door_number": "202", "address": "Plot 5084, Demo Street 6, Kondapur", "area_sqm": 9580.0908, "land_use": "mixed_use", "source": "BhuSetu synthetic integrated benchmark v1 (parcel registry)", "synthetic": true, "geometry_status": "reference" }, "geometry": { "type": "MultiPolygon", "coordinates": [ [ [ [ 78.362682319458273, 17.458871669280665 ], [ 78.36267974578611, 17.458866119347341 ], [ 78.362643336607007, 17.458843684643355 ], [ 78.362533270291678, 17.458824332321111 ], [ 78.362471175565247, 17.458825329562551 ], [ 78.362478323457424, 17.459082808353283 ], [ 78.362682319458273, 17.458871669280665 ] ] ], [ [ [ 78.362868301584712, 17.458679174181082 ], [ 78.362846389342124, 17.458587561492227 ], [ 78.362845946910781, 17.458585259891475 ], [ 78.362845713107575, 17.458582930228754 ], [ 78.362845689677485, 17.458580589891518 ], [ 78.362851697570051, 17.458409042243858 ], [ 78.362843386853243, 17.458403016973087 ], [ 78.362841017462955, 17.458401094017621 ], [ 78.36283888230507, 17.458398933065656 ], [ 78.362837007182378, 17.458396560231677 ], [ 78.362823007184247, 17.458376660230247 ], [ 78.36282140926248, 17.458374094150084 ], [ 78.362820115647423, 17.458371374713778 ], [ 78.362819142091126, 17.458368535035316 ], [ 78.362812642094582, 17.458345335034863 ], [ 78.362811989650083, 17.45834234156311 ], [ 78.362811692888215, 17.458339296586697 ], [ 78.362811755590883, 17.458336238910043 ], [ 78.362813655594451, 17.458312338910808 ], [ 78.36281406059895, 17.45830939025716 ], [ 78.362814799931883, 17.458306501983333 ], [ 78.362815864682474, 17.458303708900189 ], [ 78.362825664684649, 17.458281808901777 ], [ 78.362827044443236, 17.45827914056828 ], [ 78.362828721095283, 17.458276633759489 ], [ 78.362830674368908, 17.458274318784412 ], [ 78.362847274368747, 17.458256718786185 ], [ 78.362849472400228, 17.458254630650579 ], [ 78.362851895258416, 17.458252785850608 ], [ 78.362854513856647, 17.458251206533273 ], [ 78.362874183454053, 17.458240740142113 ], [ 78.362631232991674, 17.457909412155995 ], [ 78.362603646131902, 17.457961408885826 ], [ 78.362627372793469, 17.458331034084583 ], [ 78.362627408729153, 17.458333653339224 ], [ 78.362627180934282, 17.458336263680849 ], [ 78.362626691538509, 17.458338840704748 ], [ 78.362625945117372, 17.458341360317657 ], [ 78.362624948649284, 17.458343798963057 ], [ 78.362623711450496, 17.458346133841442 ], [ 78.362622245087877, 17.458348343123419 ], [ 78.362620563270838, 17.458350406153887 ], [ 78.362588263270894, 17.458386306157436 ], [ 78.362586273227635, 17.458388302445165 ], [ 78.3625840816905, 17.458390093814984 ], [ 78.362581711452862, 17.45839166163552 ], [ 78.362579187166688, 17.458392989600444 ], [ 78.362576535086177, 17.458394063898069 ], [ 78.362573782794655, 17.458394873355015 ], [ 78.362570958917686, 17.458395409552413 ], [ 78.362458790647594, 17.458411053202948 ], [ 78.362457881697622, 17.458424535987948 ], [ 78.362445650152637, 17.458664728751746 ], [ 78.362465709319636, 17.458771227541359 ], [ 78.362535127751414, 17.45877011267871 ], [ 78.362537918309471, 17.458770200417433 ], [ 78.362540686183934, 17.458770552334794 ], [ 78.362658986168185, 17.45879135232957 ], [ 78.362661661686715, 17.458791953254615 ], [ 78.362664263649123, 17.458792801020135 ], [ 78.362666767397073, 17.458793887592005 ], [ 78.362669149202972, 17.45879520267297 ], [ 78.362717349200537, 17.458824902668866 ], [ 78.362719575353637, 17.45882642536229 ], [ 78.362721637599705, 17.458828147597544 ], [ 78.362723017022887, 17.45882954656846 ], [ 78.362868301584712, 17.458679174181082 ] ] ], [ [ [ 78.363054418883351, 17.458486538535396 ], [ 78.362991021626272, 17.458400079791065 ], [ 78.362990323779002, 17.458400684448435 ], [ 78.362970823777701, 17.458415784450033 ], [ 78.362968292875422, 17.458417531932213 ], [ 78.362965576611714, 17.458419000852388 ], [ 78.362962708126489, 17.4584201732889 ], [ 78.362939108123285, 17.458428373289635 ], [ 78.36293612913127, 17.458429233380738 ], [ 78.362933069617839, 17.458429773610806 ], [ 78.362929966745696, 17.458429987417876 ], [ 78.362907435857196, 17.458430345050726 ], [ 78.36290223393425, 17.458578880534269 ], [ 78.362914728967851, 17.458631120841428 ], [ 78.363054418883351, 17.458486538535396 ] ] ], [ [ [ 78.362908570740458, 17.458287636304291 ], [ 78.362899582259203, 17.458289177186451 ], [ 78.362885982383133, 17.458296413817727 ], [ 78.362875680288781, 17.458307336521166 ], [ 78.362869587361075, 17.458320952353368 ], [ 78.36286841175658, 17.458335740248874 ], [ 78.362872432822087, 17.458350092351672 ], [ 78.362881162997283, 17.458362501669573 ], [ 78.362893606330061, 17.458371523084935 ], [ 78.362908512269385, 17.458376138312637 ], [ 78.362924322201579, 17.458375887361022 ], [ 78.362939051533886, 17.458370769541936 ], [ 78.362951186800842, 17.458361372489438 ], [ 78.362956576766209, 17.458353105175867 ], [ 78.362908570740458, 17.458287636304291 ] ] ], [ [ [ 78.362417510355115, 17.457617943035537 ], [ 78.362196355040879, 17.457623371967223 ], [ 78.362177678729893, 17.457918506813307 ], [ 78.362507294867129, 17.457938965088953 ], [ 78.362556323284636, 17.45793120040792 ], [ 78.362594477458615, 17.457859286032605 ], [ 78.362417510355115, 17.457617943035537 ] ] ], [ [ [ 78.362029704266874, 17.45762746275523 ], [ 78.362037984597322, 17.457773831200036 ], [ 78.362037998880197, 17.457776489759802 ], [ 78.362037741592445, 17.457779136861557 ], [ 78.362037215211856, 17.457781747012238 ], [ 78.362036424807755, 17.457784295074681 ], [ 78.362035377992157, 17.457786756509659 ], [ 78.362034084846456, 17.457789107612172 ], [ 78.362032557824378, 17.457791325739834 ], [ 78.362030811631911, 17.457793389530849 ], [ 78.362028863085925, 17.457795279109789 ], [ 78.362026730951897, 17.457796976278939 ], [ 78.362024435763516, 17.457798464693667 ], [ 78.362021999624687, 17.457799730019694 ], [ 78.362019445996765, 17.457800760071237 ], [ 78.36201679947257, 17.457801544928351 ], [ 78.362014085539599, 17.457802077032404 ], [ 78.362011330334539, 17.457802351258984 ], [ 78.36200856039153, 17.45780236496709 ], [ 78.362005802386648, 17.457802118024738 ], [ 78.362003082880975, 17.457801612810112 ], [ 78.362000428064874, 17.457800854188712 ], [ 78.361997863505678, 17.457799849466472 ], [ 78.361995413901496, 17.457798608319433 ], [ 78.361993102843371, 17.457797142700517 ], [ 78.361990952588044, 17.457795466724445 ], [ 78.361988983843659, 17.457793596531797 ], [ 78.361987215570295, 17.457791550133535 ], [ 78.361985664797402, 17.457789347237611 ], [ 78.361984346459735, 17.457787009059125 ], [ 78.361983273253628, 17.45778455811601 ], [ 78.361982455514621, 17.457782018012189 ], [ 78.361981901117971, 17.457779413210265 ], [ 78.36198161540284, 17.457776768795895 ], [ 78.36197324733152, 17.457628848575638 ], [ 78.361704508435309, 17.457635444954988 ], [ 78.36202437056015, 17.458302216180769 ], [ 78.362027682313183, 17.45817263566591 ], [ 78.362027944734493, 17.458169555594065 ], [ 78.362028570925276, 17.45816652424654 ], [ 78.362029552737212, 17.458163581068902 ], [ 78.362119889886188, 17.457937984027115 ], [ 78.362139710839656, 17.457624762432086 ], [ 78.362029704266874, 17.45762746275523 ] ] ], [ [ [ 78.362423264315751, 17.459133727112835 ], [ 78.362414041060063, 17.458801486549817 ], [ 78.362389523953041, 17.458671319310863 ], [ 78.362389133354895, 17.458668259779071 ], [ 78.362389107396069, 17.458665177465594 ], [ 78.362401507432992, 17.458421677472366 ], [ 78.362401532681432, 17.458421250735046 ], [ 78.362402245876197, 17.458410671706552 ], [ 78.362234425464237, 17.458387654358866 ], [ 78.362078723553822, 17.458384800530514 ], [ 78.362077972308995, 17.458413951705658 ], [ 78.362423264315751, 17.459133727112835 ] ] ], [ [ [ 78.362513295349984, 17.457992929673658 ], [ 78.362510096003319, 17.45799325796094 ], [ 78.36250687851647, 17.457993234647354 ], [ 78.362166698441342, 17.457972120683028 ], [ 78.362083998016672, 17.458178646819441 ], [ 78.362080113651103, 17.458330633920262 ], [ 78.362237238918112, 17.45833351382996 ], [ 78.362240693009582, 17.45833378133846 ], [ 78.362432066358494, 17.458360029063044 ], [ 78.362552419552216, 17.458343243899176 ], [ 78.362570319982169, 17.458323348376961 ], [ 78.362548749705354, 17.457987314734172 ], [ 78.362513295349984, 17.457992929673658 ] ] ] ] } },
{ "type": "Feature", "properties": { "parcel_id": "SYN-P0103", "survey_number": "2602/C", "survey_subdivision": "C", "district": "DEMO-RANGAREDDY", "mandal": "DEMO-GACHIBOWLI", "village": "DEMO-KONDAPUR", "ward": "DEMO-WARD-08", "door_number": "203", "address": "Plot 9011, Demo Street 7, Kondapur", "area_sqm": 259.9701, "land_use": "residential", "source": "BhuSetu synthetic integrated benchmark v1 (parcel registry)", "synthetic": true, "geometry_status": "reference" }, "geometry": { "type": "MultiPolygon", "coordinates": [ [ [ [ 78.354947002185327, 17.459834171995873 ], [ 78.354953234428251, 17.459671227348366 ], [ 78.354780187771993, 17.459762621234955 ], [ 78.354947002185327, 17.459834171995873 ] ] ], [ [ [ 78.354957167752957, 17.459568388459882 ], [ 78.35490066135614, 17.459560043475008 ], [ 78.354770299105411, 17.459706000359844 ], [ 78.354955648554323, 17.459608108764741 ], [ 78.354957167752957, 17.459568388459882 ] ] ] ] } },
{ "type": "Feature", "properties": { "parcel_id": "SYN-P0104", "survey_number": "1317/B", "survey_subdivision": "B", "district": "DEMO-RANGAREDDY", "mandal": "DEMO-MADHAPUR", "village": "DEMO-KONDAPUR", "ward": "DEMO-WARD-01", "door_number": "204", "address": "Plot 6210, Demo Street 8, Kondapur", "area_sqm": 4121.3271, "land_use": "commercial", "source": "BhuSetu synthetic integrated benchmark v1 (parcel registry)", "synthetic": true, "geometry_status": "reference" }, "geometry": { "type": "MultiPolygon", "coordinates": [ [ [ [ 78.350884774756722, 17.461435732727228 ], [ 78.350883445523507, 17.461435679706849 ], [ 78.350880702501541, 17.461435309482706 ], [ 78.350878010497397, 17.461434682994668 ], [ 78.350875395436574, 17.461433806276162 ], [ 78.350872882503552, 17.461432687770458 ], [ 78.350870495899244, 17.461431338249398 ], [ 78.35086825860796, 17.461429770709607 ], [ 78.350866192176042, 17.461428000247359 ], [ 78.350864316504342, 17.461426043913168 ], [ 78.350862649656634, 17.461423920547624 ], [ 78.35086120768554, 17.461421650599878 ], [ 78.350851907687442, 17.461405250598951 ], [ 78.350851892199614, 17.461405223249667 ], [ 78.350709884520839, 17.461154113942783 ], [ 78.350234011344611, 17.462000008112256 ], [ 78.35092369268223, 17.462000030416554 ], [ 78.350944660012701, 17.461715205975523 ], [ 78.350884774756722, 17.461435732727228 ] ] ], [ [ [ 78.350823953903344, 17.461151892633669 ], [ 78.350743721162658, 17.461093966813326 ], [ 78.350741916486484, 17.461097174759818 ], [ 78.3508551237706, 17.461297356928341 ], [ 78.350823953903344, 17.461151892633669 ] ] ] ] } },
{ "type": "Feature", "properties": { "parcel_id": "SYN-P0105", "survey_number": "1627/C", "survey_subdivision": "C", "district": "DEMO-RANGAREDDY", "mandal": "DEMO-SERILINGAMPALLY", "village": "DEMO-KONDAPUR", "ward": "DEMO-WARD-02", "door_number": "205", "address": "Plot 5403, Demo Street 9, Kondapur", "area_sqm": 879.3478, "land_use": "mixed_use", "source": "BhuSetu synthetic integrated benchmark v1 (parcel registry)", "synthetic": true, "geometry_status": "reference" }, "geometry": { "type": "MultiPolygon", "coordinates": [ [ [ [ 78.35175059807915, 17.459147699007158 ], [ 78.351628125036711, 17.458925466610463 ], [ 78.35160643393607, 17.459219181943819 ], [ 78.35175059807915, 17.459147699007158 ] ] ], [ [ [ 78.35190247197437, 17.459072393051002 ], [ 78.351931480145268, 17.458872632613751 ], [ 78.351637968651303, 17.458792175351896 ], [ 78.351635671665974, 17.458823278602257 ], [ 78.351800754939617, 17.459122828984906 ], [ 78.35190247197437, 17.459072393051002 ] ] ] ] } },
{ "type": "Feature", "properties": { "parcel_id": "SYN-P0106", "survey_number": "4332/A", "survey_subdivision": "A", "district": "DEMO-RANGAREDDY", "mandal": "DEMO-GACHIBOWLI", "village": "DEMO-KONDAPUR", "ward": "DEMO-WARD-03", "door_number": "206", "address": "Plot 6633, Demo Street 10, Kondapur", "area_sqm": 3114.0431, "land_use": "residential", "source": "BhuSetu synthetic integrated benchmark v1 (parcel registry)", "synthetic": true, "geometry_status": "reference" }, "geometry": { "type": "MultiPolygon", "coordinates": [ [ [ [ 78.352873661205479, 17.458932758713395 ], [ 78.35321268924865, 17.458766177323117 ], [ 78.353130878453086, 17.458635018588975 ], [ 78.35301616038457, 17.458621061274531 ], [ 78.352823472359134, 17.458838946209834 ], [ 78.352873661205479, 17.458932758713395 ] ] ], [ [ [ 78.3530317534088, 17.459228262514586 ], [ 78.353045361116344, 17.459229222588753 ], [ 78.3530724596677, 17.45921562403975 ], [ 78.353377665222794, 17.459054561339215 ], [ 78.353333909679236, 17.458977453637388 ], [ 78.353240767613627, 17.458813250199309 ], [ 78.35289944734275, 17.458980957874282 ], [ 78.3530317534088, 17.459228262514586 ] ] ], [ [ [ 78.353292874871329, 17.459246685438142 ], [ 78.353369074285453, 17.459213627685617 ], [ 78.35342881292199, 17.459145731033125 ], [ 78.353404505575682, 17.459102228993512 ], [ 78.353149884998501, 17.459236597104695 ], [ 78.353292874871329, 17.459246685438142 ] ] ], [ [ [ 78.35358326500014, 17.458719791173056 ], [ 78.353545336795406, 17.458685443611191 ], [ 78.353202076972281, 17.458643681010294 ], [ 78.353276617869952, 17.458763184576302 ], [ 78.353277190295827, 17.458764146369653 ], [ 78.353383489201534, 17.458951544391468 ], [ 78.353440688095176, 17.4590523424155 ], [ 78.353440774797193, 17.459052496386935 ], [ 78.353454860891517, 17.45907770579149 ], [ 78.35358326500014, 17.458719791173056 ] ] ] ] } },
{ "type": "Feature", "properties": { "parcel_id": "SYN-P0107", "survey_number": "8059/B", "survey_subdivision": "B", "district": "DEMO-RANGAREDDY", "mandal": "DEMO-MADHAPUR", "village": "DEMO-KONDAPUR", "ward": "DEMO-WARD-04", "door_number": "207", "address": "Plot 8830, Demo Street 11, Kondapur", "area_sqm": 1645.8372, "land_use": "commercial", "source": "BhuSetu synthetic integrated benchmark v1 (parcel registry)", "synthetic": true, "geometry_status": "reference" }, "geometry": { "type": "MultiPolygon", "coordinates": [ [ [ [ 78.353318737087591, 17.460460528570479 ], [ 78.353046576859299, 17.459977906903045 ], [ 78.353202489718399, 17.460383556908749 ], [ 78.353318737087591, 17.460460528570479 ] ] ], [ [ [ 78.353537932121029, 17.460271161515404 ], [ 78.353174041290089, 17.459801914322295 ], [ 78.353139150435467, 17.459810191211904 ], [ 78.353071693630255, 17.459908616954952 ], [ 78.353405121117135, 17.460499883457036 ], [ 78.353537932121029, 17.460271161515404 ] ] ] ] } },
{ "type": "Feature", "properties": { "parcel_id": "SYN-P0108", "survey_number": "7316/C", "survey_subdivision": "C", "district": "DEMO-RANGAREDDY", "mandal": "DEMO-SERILINGAMPALLY", "village": "DEMO-KONDAPUR", "ward": "DEMO-WARD-05", "door_number": "208", "address": "Plot 5003, Demo Street 12, Kondapur", "area_sqm": 477.4972, "land_use": "mixed_use", "source": "BhuSetu synthetic integrated benchmark v1 (parcel registry)", "synthetic": true, "geometry_status": "reference" }, "geometry": { "type": "MultiPolygon", "coordinates": [ [ [ [ 78.353883675145212, 17.459143666723605 ], [ 78.353873921579321, 17.459127434505685 ], [ 78.353879983584832, 17.459142949135103 ], [ 78.353883675145212, 17.459143666723605 ] ] ], [ [ [ 78.353971385364531, 17.459160716360834 ], [ 78.354036574077767, 17.459096684957743 ], [ 78.353947525954908, 17.458951626419857 ], [ 78.353860163705249, 17.458996084253609 ], [ 78.353957460963684, 17.459158009655201 ], [ 78.353971385364531, 17.459160716360834 ] ] ], [ [ [ 78.353812534849865, 17.458731726756938 ], [ 78.353758374352921, 17.458712715663818 ], [ 78.353715612870786, 17.45872227060066 ], [ 78.353752897229839, 17.45881769364318 ], [ 78.353831934633718, 17.458949122971941 ], [ 78.35391884019549, 17.458904897542986 ], [ 78.353812534849865, 17.458731726756938 ] ] ] ] } },
{ "type": "Feature", "properties": { "parcel_id": "SYN-P0109", "survey_number": "2797/A", "survey_subdivision": "A", "district": "DEMO-RANGAREDDY", "mandal": "DEMO-GACHIBOWLI", "village": "DEMO-KONDAPUR", "ward": "DEMO-WARD-06", "door_number": "209", "address": "Plot 6157, Demo Street 1, Kondapur", "area_sqm": 2284.9121, "land_use": "residential", "source": "BhuSetu synthetic integrated benchmark v1 (parcel registry)", "synthetic": true, "geometry_status": "reference" }, "geometry": { "type": "MultiPolygon", "coordinates": [ [ [ [ 78.356362100854724, 17.461488562436333 ], [ 78.356298006163712, 17.461503686376698 ], [ 78.356295312108969, 17.461505236277009 ], [ 78.35629517788179, 17.461505313014605 ], [ 78.356258881641466, 17.46152593314185 ], [ 78.356350375443895, 17.461679865306699 ], [ 78.356393012752008, 17.461503818816773 ], [ 78.356362100854724, 17.461488562436333 ] ] ], [ [ [ 78.355899559924836, 17.46159770419003 ], [ 78.355920978418325, 17.461636062378155 ], [ 78.356084103857015, 17.461554159115725 ], [ 78.355899559924836, 17.46159770419003 ] ] ], [ [ [ 78.355803919549871, 17.461620271460372 ], [ 78.355755600884493, 17.461721866654841 ], [ 78.355871167848449, 17.461661561873186 ], [ 78.355842967319532, 17.461611057768369 ], [ 78.355803919549871, 17.461620271460372 ] ] ], [ [ [ 78.355723990895356, 17.462000119293489 ], [ 78.356058648754257, 17.462000121162163 ], [ 78.355897741755314, 17.461709367440342 ], [ 78.355743541213727, 17.46178983184419 ], [ 78.355723990895356, 17.462000119293489 ] ] ], [ [ [ 78.35627281106801, 17.462000122062019 ], [ 78.35633155945726, 17.461757555065461 ], [ 78.356209568237873, 17.461552313004194 ], [ 78.355947552363048, 17.461683868035141 ], [ 78.356122571353779, 17.462000121454931 ], [ 78.35627281106801, 17.462000122062019 ] ] ] ] } },
{ "type": "Feature", "properties": { "parcel_id": "SYN-P0110", "survey_number": "2617/B", "survey_subdivision": "B", "district": "DEMO-RANGAREDDY", "mandal": "DEMO-MADHAPUR", "village": "DEMO-KONDAPUR", "ward": "DEMO-WARD-07", "door_number": "210", "address": "Plot 9323, Demo Street 2, Kondapur", "area_sqm": 1040.7043, "land_use": "commercial", "source": "BhuSetu synthetic integrated benchmark v1 (parcel registry)", "synthetic": true, "geometry_status": "reference" }, "geometry": { "type": "MultiPolygon", "coordinates": [ [ [ [ 78.35823489158436, 17.450169793403859 ], [ 78.358370892333454, 17.450163077365151 ], [ 78.358363587232347, 17.450119244451709 ], [ 78.358258981007538, 17.450153036647208 ], [ 78.35823489158436, 17.450169793403859 ] ] ], [ [ [ 78.358094159249148, 17.450267687586027 ], [ 78.358192664945406, 17.450541961226708 ], [ 78.358209087359398, 17.450540358196086 ], [ 78.358110729994621, 17.450256160896298 ], [ 78.358094159249148, 17.450267687586027 ] ] ], [ [ [ 78.357939499917507, 17.450375269208468 ], [ 78.357937898249162, 17.450519583775762 ], [ 78.358126317002089, 17.450523478328094 ], [ 78.358046384871372, 17.450300919654332 ], [ 78.357939499917507, 17.450375269208468 ] ] ], [ [ [ 78.358402587317357, 17.45035325713852 ], [ 78.358379860347739, 17.450216888266382 ], [ 78.358160372174723, 17.450227727062853 ], [ 78.358264125360336, 17.450527514984437 ], [ 78.358338930878716, 17.450524997384846 ], [ 78.358402587317357, 17.45035325713852 ] ] ] ] } },
{ "type": "Feature", "properties": { "parcel_id": "SYN-P0111", "survey_number": "3400/C", "survey_subdivision": "C", "district": "DEMO-RANGAREDDY", "mandal": "DEMO-SERILINGAMPALLY", "village": "DEMO-KONDAPUR", "ward": "DEMO-WARD-08", "door_number": "211", "address": "Plot 7083, Demo Street 3, Kondapur", "area_sqm": 1671.1112, "land_use": "mixed_use", "source": "BhuSetu synthetic integrated benchmark v1 (parcel registry)", "synthetic": true, "geometry_status": "reference" }, "geometry": { "type": "MultiPolygon", "coordinates": [ [ [ [ 78.351803670779034, 17.460014726543342 ], [ 78.351641725982972, 17.459734956708001 ], [ 78.35164147855923, 17.459734519872075 ], [ 78.351561326226488, 17.459589859746455 ], [ 78.351442381845473, 17.459483354366331 ], [ 78.351261089513912, 17.459614566686231 ], [ 78.351414255339819, 17.459870351038496 ], [ 78.351803670779034, 17.460014726543342 ] ] ], [ [ [ 78.351937990683709, 17.459927132096418 ], [ 78.351688220415056, 17.459703483359679 ], [ 78.351691199814155, 17.459708860616729 ], [ 78.351875455332717, 17.460027173400047 ], [ 78.351937990683709, 17.459927132096418 ] ] ] ] } },
{ "type": "Feature", "properties": { "parcel_id": "SYN-P0112", "survey_number": "3387/A", "survey_subdivision": "A", "district": "DEMO-RANGAREDDY", "mandal": "DEMO-GACHIBOWLI", "village": "DEMO-KONDAPUR", "ward": "DEMO-WARD-01", "door_number": "212", "address": "Plot 5955, Demo Street 4, Kondapur", "area_sqm": 1036.7302, "land_use": "residential", "source": "BhuSetu synthetic integrated benchmark v1 (parcel registry)", "synthetic": true, "geometry_status": "reference" }, "geometry": { "type": "MultiPolygon", "coordinates": [ [ [ [ 78.35519694738656, 17.461663269474816 ], [ 78.355004591748624, 17.461763385302795 ], [ 78.354988320250683, 17.462000113202766 ], [ 78.355214752695417, 17.462000115367797 ], [ 78.355370281748236, 17.461920765459009 ], [ 78.35519694738656, 17.461663269474816 ] ] ], [ [ [ 78.355407015336311, 17.462000117003409 ], [ 78.355394640192856, 17.461969699496134 ], [ 78.35533502184127, 17.462000116412757 ], [ 78.355407015336311, 17.462000117003409 ] ] ] ] } },
{ "type": "Feature", "properties": { "parcel_id": "SYN-P0113", "survey_number": "2561/B", "survey_subdivision": "B", "district": "DEMO-RANGAREDDY", "mandal": "DEMO-MADHAPUR", "village": "DEMO-KONDAPUR", "ward": "DEMO-WARD-02", "door_number": "213", "address": "Plot 8795, Demo Street 5, Kondapur", "area_sqm": 51919.7157, "land_use": "commercial", "source": "BhuSetu synthetic integrated benchmark v1 (parcel registry)", "synthetic": true, "geometry_status": "reference" }, "geometry": { "type": "Polygon", "coordinates": [ [ [ 78.359296570504597, 17.459809806064005 ], [ 78.359508504039198, 17.460052369329073 ], [ 78.359678755001312, 17.460069771389229 ], [ 78.36039898706008, 17.460058265310511 ], [ 78.361641604940431, 17.459655001332937 ], [ 78.361056012478073, 17.45771694172868 ], [ 78.360105143222441, 17.457835717760521 ], [ 78.359157654604331, 17.458388351317673 ], [ 78.359296570504597, 17.459809806064005 ] ] ] } },
{ "type": "Feature", "properties": { "parcel_id": "SYN-P0114", "survey_number": "6831/C", "survey_subdivision": "C", "district": "DEMO-RANGAREDDY", "mandal": "DEMO-SERILINGAMPALLY", "village": "DEMO-KONDAPUR", "ward": "DEMO-WARD-03", "door_number": "214", "address": "Plot 7172, Demo Street 6, Kondapur", "area_sqm": 2151.0318, "land_use": "mixed_use", "source": "BhuSetu synthetic integrated benchmark v1 (parcel registry)", "synthetic": true, "geometry_status": "reference" }, "geometry": { "type": "MultiPolygon", "coordinates": [ [ [ [ 78.351409160578569, 17.45780557783268 ], [ 78.351216443258707, 17.457472826460403 ], [ 78.351165395666399, 17.457483388858609 ], [ 78.351197350723496, 17.45772835786795 ], [ 78.351262932922552, 17.457766930285434 ], [ 78.351409160578569, 17.45780557783268 ] ] ], [ [ [ 78.351531591848044, 17.457837935971654 ], [ 78.351744721392308, 17.457651952747192 ], [ 78.351714516369768, 17.457596806463403 ], [ 78.351602810049599, 17.457392881762591 ], [ 78.351274118787003, 17.457460892639922 ], [ 78.351485421183611, 17.457825733242917 ], [ 78.351531591848044, 17.457837935971654 ] ] ], [ [ [ 78.351925828175581, 17.457493913021764 ], [ 78.351915307587632, 17.457464492377362 ], [ 78.351678128904965, 17.457377297138503 ], [ 78.351660095452203, 17.457381028538851 ], [ 78.351764483909747, 17.457571594048972 ], [ 78.351787873383927, 17.457614296945945 ], [ 78.351925828175581, 17.457493913021764 ] ] ] ] } },
{ "type": "Feature", "properties": { "parcel_id": "SYN-P0115", "survey_number": "2052/A", "survey_subdivision": "A", "district": "DEMO-RANGAREDDY", "mandal": "DEMO-GACHIBOWLI", "village": "DEMO-KONDAPUR", "ward": "DEMO-WARD-04", "door_number": "215", "address": "Plot 7023, Demo Street 7, Kondapur", "area_sqm": 760.8072, "land_use": "residential", "source": "BhuSetu synthetic integrated benchmark v1 (parcel registry)", "synthetic": true, "geometry_status": "reference" }, "geometry": { "type": "MultiPolygon", "coordinates": [ [ [ [ 78.353602792239656, 17.459457095368805 ], [ 78.35342881292199, 17.459145731033125 ], [ 78.353369074285453, 17.459213627685617 ], [ 78.353602792239656, 17.459457095368805 ] ] ], [ [ [ 78.353852853030389, 17.459424139290245 ], [ 78.353839883286312, 17.459392574098754 ], [ 78.35367708392846, 17.459474605382276 ], [ 78.353709587542767, 17.459530894594511 ], [ 78.353852853030389, 17.459424139290245 ] ] ], [ [ [ 78.353778496867974, 17.459243174409298 ], [ 78.353502617802491, 17.459163174662056 ], [ 78.35365005174836, 17.459427031534801 ], [ 78.353819051976117, 17.459341875754028 ], [ 78.353778496867974, 17.459243174409298 ] ] ] ] } },
{ "type": "Feature", "properties": { "parcel_id": "SYN-P0116", "survey_number": "3268/B", "survey_subdivision": "B", "district": "DEMO-RANGAREDDY", "mandal": "DEMO-MADHAPUR", "village": "DEMO-KONDAPUR", "ward": "DEMO-WARD-05", "door_number": "216", "address": "Plot 1978, Demo Street 8, Kondapur", "area_sqm": 8632.2147, "land_use": "commercial", "source": "BhuSetu synthetic integrated benchmark v1 (parcel registry)", "synthetic": true, "geometry_status": "reference" }, "geometry": { "type": "MultiPolygon", "coordinates": [ [ [ [ 78.360451739041892, 17.453002841688889 ], [ 78.361140741466087, 17.451877592402806 ], [ 78.360792890460544, 17.451691647998263 ], [ 78.360746567753594, 17.451669304198884 ], [ 78.360735297931214, 17.451677692052552 ], [ 78.359974276469543, 17.452979875358025 ], [ 78.360451739041892, 17.453002841688889 ] ] ], [ [ [ 78.361185089496743, 17.451805164460275 ], [ 78.360817383382994, 17.451616597819804 ], [ 78.360796003536478, 17.451632510334523 ], [ 78.360818773931342, 17.451643493651247 ], [ 78.360819833229485, 17.451644031942511 ], [ 78.361169351390146, 17.451830867497215 ], [ 78.361185089496743, 17.451805164460275 ] ] ], [ [ [ 78.361372742127912, 17.451498694668054 ], [ 78.36128707349431, 17.451407278114541 ], [ 78.36110221484185, 17.451404603969472 ], [ 78.360866250590334, 17.451580227091124 ], [ 78.361213715334472, 17.451758413515279 ], [ 78.361372742127912, 17.451498694668054 ] ] ] ] } },
{ "type": "Feature", "properties": { "parcel_id": "SYN-P0117", "survey_number": "2437/C", "survey_subdivision": "C", "district": "DEMO-RANGAREDDY", "mandal": "DEMO-SERILINGAMPALLY", "village": "DEMO-KONDAPUR", "ward": "DEMO-WARD-06", "door_number": "217", "address": "Plot 9435, Demo Street 9, Kondapur", "area_sqm": 2700.2966, "land_use": "mixed_use", "source": "BhuSetu synthetic integrated benchmark v1 (parcel registry)", "synthetic": true, "geometry_status": "reference" }, "geometry": { "type": "MultiPolygon", "coordinates": [ [ [ [ 78.361774782961803, 17.450540481165312 ], [ 78.361839696364072, 17.450365487506307 ], [ 78.361833782541481, 17.450354303694073 ], [ 78.361727355972576, 17.450189886171454 ], [ 78.361167091292856, 17.450709374955519 ], [ 78.361345612166289, 17.450880603704316 ], [ 78.36138832883951, 17.450920450550125 ], [ 78.361774782961803, 17.450540481165312 ] ] ], [ [ [ 78.361918859353239, 17.450152079201079 ], [ 78.361901998340699, 17.450027953207048 ], [ 78.361768887154, 17.450151377419218 ], [ 78.361864389837308, 17.450298918685995 ], [ 78.361918859353239, 17.450152079201079 ] ] ] ] } },
{ "type": "Feature", "properties": { "parcel_id": "SYN-P0118", "survey_number": "8631/A", "survey_subdivision": "A", "district": "DEMO-RANGAREDDY", "mandal": "DEMO-GACHIBOWLI", "village": "DEMO-KONDAPUR", "ward": "DEMO-WARD-07", "door_number": "218", "address": "Plot 8851, Demo Street 10, Kondapur", "area_sqm": 18919.0472, "land_use": "residential", "source": "BhuSetu synthetic integrated benchmark v1 (parcel registry)", "synthetic": true, "geometry_status": "reference" }, "geometry": { "type": "MultiPolygon", "coordinates": [ [ [ [ 78.362738826628018, 17.459695814127105 ], [ 78.362746675959798, 17.459693680763959 ], [ 78.362756253406005, 17.45962486224413 ], [ 78.362738068952268, 17.459352004328757 ], [ 78.362573481681778, 17.459356380722266 ], [ 78.362569547230677, 17.45935622158818 ], [ 78.362487047219062, 17.459347321585259 ], [ 78.362484279277751, 17.459346888420562 ], [ 78.362481569785004, 17.459346193765803 ], [ 78.362478945488618, 17.459345244478524 ], [ 78.362476432295253, 17.459344049929967 ], [ 78.362474055014829, 17.459342621912548 ], [ 78.362471837115521, 17.459340974523467 ], [ 78.362437537115426, 17.459312774520203 ], [ 78.362436323884737, 17.459311679349064 ], [ 78.362446663998938, 17.459473462846333 ], [ 78.362738826628018, 17.459695814127105 ] ] ], [ [ [ 78.362883999995205, 17.459806298437737 ], [ 78.36400000973353, 17.459408897904183 ], [ 78.36400001051959, 17.459106719948718 ], [ 78.363863636576184, 17.459111076221514 ], [ 78.363374036503131, 17.459126676214037 ], [ 78.363373981601598, 17.459126675375995 ], [ 78.363373926861755, 17.459126679502681 ], [ 78.363372596902593, 17.459126654239018 ], [ 78.363371266850734, 17.459126633936204 ], [ 78.363371212299157, 17.459126627937319 ], [ 78.36337115740146, 17.459126626894495 ], [ 78.363224657380329, 17.459116926890182 ], [ 78.363222103136607, 17.459116645115461 ], [ 78.363219586202874, 17.459116141439463 ], [ 78.363217127461866, 17.459115420041137 ], [ 78.363158927455601, 17.459095520037454 ], [ 78.363156185567775, 17.459094423265224 ], [ 78.363153578955448, 17.459093056004118 ], [ 78.363151136486977, 17.459091433396608 ], [ 78.363148885212851, 17.459089573413163 ], [ 78.363146850066002, 17.459087496653204 ], [ 78.363088150070098, 17.459020896647242 ], [ 78.363086163436748, 17.459018353999529 ], [ 78.362879663465563, 17.458718953978373 ], [ 78.362878361408733, 17.458716868513626 ], [ 78.362877259396313, 17.458714679408796 ], [ 78.362876366303652, 17.458712404294467 ], [ 78.362875689323488, 17.458710061493875 ], [ 78.362868301584712, 17.458679174181082 ], [ 78.362723017022887, 17.45882954656846 ], [ 78.362723516596233, 17.458830053221224 ], [ 78.362725194719516, 17.458832124359859 ], [ 78.362726656229867, 17.458834341587568 ], [ 78.362727887419283, 17.458836684108235 ], [ 78.362763687429378, 17.45891388410482 ], [ 78.362764603011243, 17.458916120560264 ], [ 78.362765308515662, 17.45891842608518 ], [ 78.362765798392275, 17.458920782541568 ], [ 78.362766068787124, 17.458923171390783 ], [ 78.362792668825378, 17.459322471033811 ], [ 78.362812768848315, 17.45962407067498 ], [ 78.362812809662657, 17.459626733221924 ], [ 78.3628125779355, 17.459629386752777 ], [ 78.362800177948372, 17.459718486756309 ], [ 78.362799685543266, 17.459721066244711 ], [ 78.362798935591087, 17.459723587953746 ], [ 78.362797935119076, 17.459726028254284 ], [ 78.362796693501934, 17.45972836428005 ], [ 78.362795222373947, 17.45973057414184 ], [ 78.36279353551997, 17.459732637132625 ], [ 78.362791648746281, 17.459734533921633 ], [ 78.362790716934711, 17.459735305313178 ], [ 78.362883999995205, 17.459806298437737 ] ] ], [ [ [ 78.364000011705585, 17.458584784365193 ], [ 78.363834141050205, 17.45861822438 ], [ 78.363887706580101, 17.45905609506713 ], [ 78.364000010652902, 17.459052507659891 ], [ 78.364000011705585, 17.458584784365193 ] ] ], [ [ [ 78.364000011846969, 17.458515349984964 ], [ 78.363981297406525, 17.458521241704201 ], [ 78.363978081328952, 17.458522056240298 ], [ 78.363865481312317, 17.458543856241299 ], [ 78.363862795699106, 17.458544248203328 ], [ 78.363860083265735, 17.458544390569202 ], [ 78.363857369134962, 17.45854428202033 ], [ 78.363854678445207, 17.458543923562083 ], [ 78.363852036117905, 17.458543318514536 ], [ 78.363849466626462, 17.4585424724817 ], [ 78.363846993769698, 17.458541393299573 ], [ 78.363844640451362, 17.458540090963631 ], [ 78.363842428468075, 17.458538577536192 ], [ 78.363803428467349, 17.458509077532572 ], [ 78.363801174551469, 17.458507177876871 ], [ 78.363799143399916, 17.458505059382102 ], [ 78.363797357951015, 17.458502745972947 ], [ 78.363641858135409, 17.458277115169029 ], [ 78.363476709654776, 17.458357840716154 ], [ 78.363474492486489, 17.458358811181053 ], [ 78.363472196368946, 17.458359594484211 ], [ 78.363469838415881, 17.458360184787406 ], [ 78.363222438379552, 17.458411284790081 ], [ 78.363221542077767, 17.45841142616252 ], [ 78.363220651267909, 17.458411596536095 ], [ 78.363220176157611, 17.458411641607203 ], [ 78.363219705051321, 17.458411715914128 ], [ 78.363218798627983, 17.458411772285846 ], [ 78.363217894708342, 17.458411858035713 ], [ 78.363217417282968, 17.458411858193582 ], [ 78.363216940856688, 17.458411887823182 ], [ 78.363216033041127, 17.458411858651289 ], [ 78.363215124716987, 17.458411858951617 ], [ 78.363214649574431, 17.458411814194729 ], [ 78.363214172416377, 17.458411798861651 ], [ 78.363213271951381, 17.458411684427077 ], [ 78.363212367970377, 17.458411599274989 ], [ 78.363211899686505, 17.45841151003437 ], [ 78.363211426391985, 17.45841144988627 ], [ 78.363210541949499, 17.458411251291114 ], [ 78.363209651017485, 17.45841108150665 ], [ 78.36320919410214, 17.458410948641752 ], [ 78.363208729229243, 17.458410844257894 ], [ 78.363207869326942, 17.458410563414724 ], [ 78.363207000024076, 17.45841031063301 ], [ 78.363206558877621, 17.458410135423382 ], [ 78.363206106903306, 17.458409987809048 ], [ 78.363205279822495, 17.458409627422526 ], [ 78.36320444052069, 17.458409294077992 ], [ 78.363204019391603, 17.45840907821102 ], [ 78.363203584668625, 17.458408888787812 ], [ 78.363202798374544, 17.458408452328669 ], [ 78.363201997156708, 17.458408041631618 ], [ 78.363201600100695, 17.458407787186186 ], [ 78.363201186815687, 17.458407557778358 ], [ 78.363200448880804, 17.458407049449928 ], [ 78.363199693463102, 17.458406565355581 ], [ 78.363199324304006, 17.45840627478216 ], [ 78.363198936437158, 17.458406007599034 ], [ 78.363198253968207, 17.458405432296832 ], [ 78.363197551625703, 17.45840487946727 ], [ 78.363197213918738, 17.458404555564243 ], [ 78.363196855205388, 17.458404253178937 ], [ 78.363196234774904, 17.458403616443412 ], [ 78.363195592271566, 17.458403000202711 ], [ 78.363195289269029, 17.458402646089443 ], [ 78.363194963163792, 17.458402311414094 ], [ 78.363194410746843, 17.458401619377341 ], [ 78.363193834270334, 17.458400945660255 ], [ 78.36319356889031, 17.458400564747041 ], [ 78.363193278533771, 17.458400201004764 ], [ 78.363192799450445, 17.458399460331506 ], [ 78.363192294552533, 17.458398735626272 ], [ 78.363192069350774, 17.458398331581513 ], [ 78.363191817539217, 17.458397942275337 ], [ 78.363191416403339, 17.45839716009867 ], [ 78.363190987946453, 17.458396391384586 ], [ 78.363188632450033, 17.458391615641489 ], [ 78.363129555943971, 17.458433397679169 ], [ 78.363299775314417, 17.458562190861759 ], [ 78.363422721261983, 17.458586947574076 ], [ 78.363696660856036, 17.458590570072463 ], [ 78.363797298486915, 17.458570287268419 ], [ 78.364000011818632, 17.458529419660927 ], [ 78.364000011846969, 17.458515349984964 ] ] ], [ [ [ 78.364000013053754, 17.457817760245735 ], [ 78.363246093327206, 17.458350976224249 ], [ 78.363454366890196, 17.458307957692583 ], [ 78.363638690326383, 17.458217859292851 ], [ 78.363641190778168, 17.458216780452251 ], [ 78.363643788480402, 17.458215939516407 ], [ 78.363646458928073, 17.458215344418171 ], [ 78.363649176929925, 17.458215000771308 ], [ 78.363651916846109, 17.458214911817564 ], [ 78.363654652830036, 17.458215078396059 ], [ 78.363657359072249, 17.458215498935413 ], [ 78.363660010043816, 17.458216169468532 ], [ 78.363662580737213, 17.458217083670046 ], [ 78.363665046902184, 17.458218232915979 ], [ 78.363667385274553, 17.458219606365081 ], [ 78.363669573795647, 17.458221191061156 ], [ 78.363671591820378, 17.458222972055221 ], [ 78.363673420311997, 17.458224932546518 ], [ 78.363675042021711, 17.458227054041075 ], [ 78.363841937323897, 17.458469219669929 ], [ 78.363867117107503, 17.45848826591541 ], [ 78.363965285588762, 17.458469259934457 ], [ 78.364000011960201, 17.458458327302374 ], [ 78.364000013053754, 17.457817760245735 ] ] ], [ [ [ 78.363054418883351, 17.458486538535396 ], [ 78.362914728967851, 17.458631120841428 ], [ 78.362929564411971, 17.458693146109834 ], [ 78.36313232107338, 17.458987118655489 ], [ 78.363185037559873, 17.459046929857255 ], [ 78.363232415541603, 17.459063129543409 ], [ 78.363373604359239, 17.459072477877839 ], [ 78.363831087051807, 17.459057901248169 ], [ 78.363778668566852, 17.4586294059735 ], [ 78.36370520065438, 17.45864421290284 ], [ 78.363702122475161, 17.458644664828661 ], [ 78.363699011160747, 17.45864478856609 ], [ 78.36341921111952, 17.458641088559979 ], [ 78.363416493261624, 17.458640926534631 ], [ 78.363413804318782, 17.458640513898867 ], [ 78.363281704301585, 17.458613913892609 ], [ 78.363279186671775, 17.458613289472208 ], [ 78.363276739596586, 17.458612445329837 ], [ 78.363274383844143, 17.458611388629695 ], [ 78.363272139407528, 17.458610128339906 ], [ 78.363270025335112, 17.458608675156455 ], [ 78.36308242512672, 17.458466731063865 ], [ 78.363054418883351, 17.458486538535396 ] ] ], [ [ [ 78.362478323457424, 17.459082808353283 ], [ 78.362483782480012, 17.459279452087603 ], [ 78.362501974117265, 17.459294408475422 ], [ 78.362573891339864, 17.459302166815569 ], [ 78.362734463797281, 17.459297897169982 ], [ 78.362710054208733, 17.4589314771952 ], [ 78.362682319458273, 17.458871669280665 ], [ 78.362478323457424, 17.459082808353283 ] ] ] ] } },
{ "type": "Feature", "properties": { "parcel_id": "SYN-P0119", "survey_number": "3790/B", "survey_subdivision": "B", "district": "DEMO-RANGAREDDY", "mandal": "DEMO-MADHAPUR", "village": "DEMO-KONDAPUR", "ward": "DEMO-WARD-08", "door_number": "219", "address": "Plot 373, Demo Street 11, Kondapur", "area_sqm": 23709.6242, "land_use": "commercial", "source": "BhuSetu synthetic integrated benchmark v1 (parcel registry)", "synthetic": true, "geometry_status": "reference" }, "geometry": { "type": "MultiPolygon", "coordinates": [ [ [ [ 78.353505129675952, 17.45815514208493 ], [ 78.353520682836447, 17.458360276534428 ], [ 78.353735815100379, 17.458243613511442 ], [ 78.353738290704825, 17.458242420858049 ], [ 78.353740876186961, 17.458241466841319 ], [ 78.353743546647223, 17.458240760648927 ], [ 78.353746276367616, 17.458240309081912 ], [ 78.353749039059466, 17.458240116489094 ], [ 78.353751808116527, 17.458240184725248 ], [ 78.353754556871309, 17.45824051313323 ], [ 78.353757258851772, 17.458241098550292 ], [ 78.353759888036407, 17.458241935338556 ], [ 78.353762419104726, 17.458243015439301 ], [ 78.353764827681175, 17.458244328450565 ], [ 78.353767090569832, 17.45824586172732 ], [ 78.353769185977868, 17.45824760050332 ], [ 78.353771093725342, 17.458249528033168 ], [ 78.353772795439596, 17.458251625753736 ], [ 78.353774274732189, 17.458253873462802 ], [ 78.353775517356738, 17.458256249513727 ], [ 78.353776511346069, 17.458258731023836 ], [ 78.35377724712751, 17.458261294094815 ], [ 78.35377771761506, 17.458263914042927 ], [ 78.353777918277672, 17.458266565636627 ], [ 78.35377784718284, 17.458269223339602 ], [ 78.353777505015245, 17.458271861556714 ], [ 78.353776895070098, 17.458274454880531 ], [ 78.353776023221542, 17.458276978335874 ], [ 78.353774897865932, 17.458279407620502 ], [ 78.353773529841035, 17.458281719339084 ], [ 78.353771932321678, 17.458283891228472 ], [ 78.353770120692843, 17.458285902372204 ], [ 78.353768112401539, 17.458287733401846 ], [ 78.353765926788668, 17.458289366683591 ], [ 78.353763584902893, 17.458290786488021 ], [ 78.35352521489537, 17.45842005096808 ], [ 78.353526487257966, 17.458436832469236 ], [ 78.353665184238153, 17.458670569865728 ], [ 78.353867936719951, 17.458567583751933 ], [ 78.354471956129899, 17.457767462899977 ], [ 78.354358981317517, 17.457685512699275 ], [ 78.354356691832308, 17.457683660899175 ], [ 78.354354619596563, 17.457681586755701 ], [ 78.354352787926416, 17.457679313606445 ], [ 78.354351217431244, 17.457676867028177 ], [ 78.354245491748514, 17.457490727476941 ], [ 78.353926263387848, 17.457256626647748 ], [ 78.353924067895079, 17.457254839276377 ], [ 78.353922073516657, 17.457252846554891 ], [ 78.353920301000343, 17.45725066921381 ], [ 78.353918768785817, 17.457248329904292 ], [ 78.353917492812883, 17.457245852962476 ], [ 78.353916486355644, 17.457243264156276 ], [ 78.353915759884387, 17.457240590417381 ], [ 78.353915320956645, 17.457237859561008 ], [ 78.353915174138677, 17.457235099996613 ], [ 78.353915174159098, 17.457102899999374 ], [ 78.353915311011875, 17.457100235503447 ], [ 78.353915720242625, 17.457097596845088 ], [ 78.353916397883054, 17.457095009611258 ], [ 78.353917337362077, 17.457092498890272 ], [ 78.353918529569597, 17.457090089028515 ], [ 78.353919962944801, 17.45708780339432 ], [ 78.354046572613228, 17.456906733710071 ], [ 78.354130819956424, 17.456755379800139 ], [ 78.353852607337885, 17.456977445244227 ], [ 78.353505129675952, 17.45815514208493 ] ] ], [ [ [ 78.353545336795406, 17.458685443611191 ], [ 78.35358326500014, 17.458719791173056 ], [ 78.353629944999085, 17.45872066569417 ], [ 78.353629672808225, 17.458720207070908 ], [ 78.353536004154535, 17.458562353140238 ], [ 78.353545336795406, 17.458685443611191 ] ] ], [ [ [ 78.353715612870786, 17.45872227060066 ], [ 78.353758374352921, 17.458712715663818 ], [ 78.353792877546454, 17.458667011005211 ], [ 78.353693137325237, 17.458717673019443 ], [ 78.353695643947134, 17.458721896505068 ], [ 78.353715612870786, 17.45872227060066 ] ] ], [ [ [ 78.355397419920067, 17.456541518006656 ], [ 78.355114741936617, 17.455970018849811 ], [ 78.354228994829484, 17.456677017740205 ], [ 78.354226011060476, 17.45669603428609 ], [ 78.354225353728609, 17.456699048392402 ], [ 78.354224344255002, 17.4567019714274 ], [ 78.354222995682903, 17.45670476562297 ], [ 78.354095695700451, 17.456933465641676 ], [ 78.354094237050873, 17.45693579658689 ], [ 78.353971625843215, 17.457111147973844 ], [ 78.353971625860495, 17.457221705485381 ], [ 78.354284536600332, 17.457451173320532 ], [ 78.35428678903213, 17.457453012195998 ], [ 78.354288828660273, 17.457455067154349 ], [ 78.354290633098884, 17.457457315641445 ], [ 78.354292182543389, 17.457459732979117 ], [ 78.354397871190329, 17.457645807238602 ], [ 78.354505084813582, 17.457723578343149 ], [ 78.355397419920067, 17.456541518006656 ] ] ] ] } },
{ "type": "Feature", "properties": { "parcel_id": "SYN-P0120", "survey_number": "3790/B", "survey_subdivision": "B", "district": "DEMO-RANGAREDDY", "mandal": "DEMO-SERILINGAMPALLY", "village": "DEMO-KONDAPUR", "ward": "DEMO-WARD-01", "door_number": "220", "address": "Plot 4321, Demo Street 12, Kondapur", "area_sqm": 665.5652, "land_use": "mixed_use", "source": "BhuSetu synthetic integrated benchmark v1 (parcel registry)", "synthetic": true, "geometry_status": "shifted_geometry" }, "geometry": { "type": "Polygon", "coordinates": [ [ [ 78.361207450258462, 17.451093011408762 ], [ 78.361267176442709, 17.451023710519422 ], [ 78.360771277190139, 17.450916494396886 ], [ 78.360838169985684, 17.451109380885079 ], [ 78.361207450258462, 17.451093011408762 ] ] ] } },
{ "type": "Feature", "properties": { "parcel_id": "SYN-P0121", "survey_number": "6451/A", "survey_subdivision": "A", "district": "DEMO-RANGAREDDY", "mandal": "DEMO-GACHIBOWLI", "village": "DEMO-KONDAPUR", "ward": "DEMO-WARD-02", "door_number": "221", "address": "Plot 1189, Demo Street 1, Kondapur", "area_sqm": 1604.7795, "land_use": "residential", "source": "BhuSetu synthetic integrated benchmark v1 (parcel registry)", "synthetic": true, "geometry_status": "reference" }, "geometry": { "type": "MultiPolygon", "coordinates": [ [ [ [ 78.360746567753594, 17.451669304198884 ], [ 78.360736645936186, 17.451664518399333 ], [ 78.360735297931214, 17.451677692052552 ], [ 78.360746567753594, 17.451669304198884 ] ] ], [ [ [ 78.360817383382994, 17.451616597819804 ], [ 78.360745330405578, 17.451579647574064 ], [ 78.360742559042038, 17.451606731328756 ], [ 78.360796003536478, 17.451632510334523 ], [ 78.360817383382994, 17.451616597819804 ] ] ], [ [ [ 78.36110221484185, 17.451404603969472 ], [ 78.361160022890047, 17.451119475907685 ], [ 78.360790742572192, 17.451135845288036 ], [ 78.360751302944323, 17.451521279588938 ], [ 78.360866250590334, 17.451580227091124 ], [ 78.36110221484185, 17.451404603969472 ] ] ] ] } },
{ "type": "Feature", "properties": { "parcel_id": "SYN-P0122", "survey_number": "1066/B", "survey_subdivision": "B", "district": "DEMO-RANGAREDDY", "mandal": "DEMO-MADHAPUR", "village": "DEMO-KONDAPUR", "ward": "DEMO-WARD-03", "door_number": "222", "address": "Plot 8333, Demo Street 2, Kondapur", "area_sqm": 945.7852, "land_use": "commercial", "source": "BhuSetu synthetic integrated benchmark v1 (parcel registry)", "synthetic": true, "geometry_status": "reference" }, "geometry": { "type": "MultiPolygon", "coordinates": [ [ [ [ 78.354615792602175, 17.459744232413456 ], [ 78.354672606099015, 17.459757596424446 ], [ 78.354770299105411, 17.459706000359844 ], [ 78.35490066135614, 17.459560043475008 ], [ 78.354689460259763, 17.459406123671101 ], [ 78.354534557171419, 17.459487722329047 ], [ 78.354615792602175, 17.459744232413456 ] ] ], [ [ [ 78.354573569067824, 17.459321663930876 ], [ 78.354523147390736, 17.459431926527994 ], [ 78.354640234166709, 17.459370248458729 ], [ 78.354573569067824, 17.459321663930876 ] ] ] ] } },
{ "type": "Feature", "properties": { "parcel_id": "SYN-P0123", "survey_number": "3872/C", "survey_subdivision": "C", "district": "DEMO-RANGAREDDY", "mandal": "DEMO-SERILINGAMPALLY", "village": "DEMO-KONDAPUR", "ward": "DEMO-WARD-04", "door_number": "223", "address": "Plot 6350, Demo Street 3, Kondapur", "area_sqm": 1750.6852, "land_use": "mixed_use", "source": "BhuSetu synthetic integrated benchmark v1 (parcel registry)", "synthetic": true, "geometry_status": "reference" }, "geometry": { "type": "Polygon", "coordinates": [ [ [ 78.355263574791977, 17.460309077693783 ], [ 78.355263664923541, 17.460307192717345 ], [ 78.355112389521508, 17.460034864135977 ], [ 78.354816356394849, 17.460167461293413 ], [ 78.354731630698666, 17.460208710816911 ], [ 78.354901227062243, 17.460531453510001 ], [ 78.355179579295296, 17.460385376717877 ], [ 78.355242782988014, 17.460350409999094 ], [ 78.355263574791977, 17.460309077693783 ] ] ] } },
{ "type": "Feature", "properties": { "parcel_id": "SYN-P0124", "survey_number": "8511/A", "survey_subdivision": "A", "district": "DEMO-RANGAREDDY", "mandal": "DEMO-GACHIBOWLI", "village": "DEMO-KONDAPUR", "ward": "DEMO-WARD-05", "door_number": "224", "address": "Plot 5838, Demo Street 4, Kondapur", "area_sqm": 27971.438, "land_use": "residential", "source": "BhuSetu synthetic integrated benchmark v1 (parcel registry)", "synthetic": true, "geometry_status": "reference" }, "geometry": { "type": "MultiPolygon", "coordinates": [ [ [ [ 78.355276839531697, 17.459335915054989 ], [ 78.355583240059815, 17.459311354414261 ], [ 78.355247966703075, 17.459028549114304 ], [ 78.355245897116077, 17.459026614488028 ], [ 78.355244044407556, 17.45902448695599 ], [ 78.355242427986099, 17.459022188805726 ], [ 78.355196076333996, 17.458948408073532 ], [ 78.355015915754294, 17.458926271657905 ], [ 78.355012947281764, 17.458925750833203 ], [ 78.355010053705556, 17.458924928823688 ], [ 78.355007268098646, 17.458923815024779 ], [ 78.355004622300015, 17.458922422166967 ], [ 78.355002146550589, 17.458920766170362 ], [ 78.354809946546695, 17.458776966152652 ], [ 78.354807848106574, 17.458775230738588 ], [ 78.354805936998872, 17.458773306269769 ], [ 78.354804231628606, 17.458771211279903 ], [ 78.354802748419417, 17.458768965944884 ], [ 78.354801501655416, 17.458766591888512 ], [ 78.354800503343625, 17.458764111974265 ], [ 78.354799763098299, 17.458761550085075 ], [ 78.354799288048412, 17.458758930893335 ], [ 78.354799082768949, 17.458756279623284 ], [ 78.354799149236854, 17.458753621808103 ], [ 78.354799486811942, 17.458750983044016 ], [ 78.354800092243252, 17.458748388743761 ], [ 78.354800959700043, 17.458745863891838 ], [ 78.354802080828307, 17.458743432803963 ], [ 78.354803444830907, 17.45874111889286 ], [ 78.354805038571783, 17.458738944442715 ], [ 78.354806846702331, 17.458736930394693 ], [ 78.354808851809238, 17.458735096145141 ], [ 78.354811034582269, 17.458733459358914 ], [ 78.354813374000088, 17.458732035799127 ], [ 78.354815847532862, 17.458730839175445 ], [ 78.354818431359107, 17.458729881012012 ], [ 78.354821100595188, 17.458729170536444 ], [ 78.354823829534922, 17.458728714591022 ], [ 78.354826591897108, 17.458728517566755 ], [ 78.354829361078714, 17.458728581361083 ], [ 78.354832110411024, 17.458728905359624 ], [ 78.354834813416488, 17.458729486442131 ], [ 78.354837444063676, 17.458730319012435 ], [ 78.354839977018045, 17.458731395052446 ], [ 78.354842387885824, 17.458732704199299 ], [ 78.354844653449106, 17.458734233845245 ], [ 78.355030754598545, 17.458873470804967 ], [ 78.355191038290712, 17.458893164933425 ], [ 78.355207500292877, 17.45881942421876 ], [ 78.355208348499573, 17.458816458123717 ], [ 78.355209541541598, 17.458813603425234 ], [ 78.355394305360932, 17.458435221406305 ], [ 78.355390384145011, 17.458370666407919 ], [ 78.355153738498643, 17.458284011361005 ], [ 78.355151651731148, 17.458283153445066 ], [ 78.355149643545815, 17.458282137349855 ], [ 78.354940534948341, 17.458165787066417 ], [ 78.354665284569663, 17.45870861798597 ], [ 78.354686793881683, 17.459058653585789 ], [ 78.355276839531697, 17.459335915054989 ] ] ], [ [ [ 78.356100329728477, 17.459269904124781 ], [ 78.356211883084342, 17.458321450275434 ], [ 78.355857810248935, 17.45830522507228 ], [ 78.355841633133949, 17.458349746715978 ], [ 78.355823665136569, 17.458410857681255 ], [ 78.355822793438307, 17.458413352035699 ], [ 78.355821673760659, 17.458415753473368 ], [ 78.355820316663568, 17.458418039345791 ], [ 78.355818734946098, 17.458420188094362 ], [ 78.355816943525795, 17.458422179453748 ], [ 78.355814959297945, 17.458423994642999 ], [ 78.355812800976253, 17.458425616542627 ], [ 78.355810488916319, 17.458427029856143 ], [ 78.355808044923748, 17.458428221254266 ], [ 78.355805492048333, 17.458429179500651 ], [ 78.355802854366885, 17.458429895557845 ], [ 78.355730254356303, 17.45844599555879 ], [ 78.355727689464743, 17.458446445722199 ], [ 78.355725092236185, 17.458446666800565 ], [ 78.355722484833834, 17.458446656907331 ], [ 78.355719889507668, 17.458446416126922 ], [ 78.355717328404594, 17.458445946514026 ], [ 78.355714823379557, 17.458445252076025 ], [ 78.355621987332867, 17.458414992223521 ], [ 78.355447769168478, 17.458384446422741 ], [ 78.355451078232306, 17.45843892328082 ], [ 78.355451102282018, 17.45844161219744 ], [ 78.355450848474476, 17.45844429015639 ], [ 78.355450319310251, 17.458446930773601 ], [ 78.355449520002793, 17.458449508032935 ], [ 78.355448458427134, 17.458451996542472 ], [ 78.355262025039622, 17.458833797932581 ], [ 78.355243140025195, 17.458918392509286 ], [ 78.355288515611235, 17.45899061954659 ], [ 78.355655076004396, 17.459299815516061 ], [ 78.355664117280611, 17.459304871327692 ], [ 78.356100329728477, 17.459269904124781 ] ] ], [ [ [ 78.356300726292034, 17.457566072071586 ], [ 78.355991549914407, 17.457259153391455 ], [ 78.355973275628855, 17.457315594261591 ], [ 78.355940630626421, 17.457695824860604 ], [ 78.355940163123535, 17.457698983143313 ], [ 78.355921302797668, 17.457788265573395 ], [ 78.356013515094148, 17.457800984501961 ], [ 78.356016234257638, 17.457801491348746 ], [ 78.356018888566609, 17.457802251562192 ], [ 78.356021452458549, 17.457803257821027 ], [ 78.356023901241855, 17.457804500434442 ], [ 78.356026211333386, 17.457805967435402 ], [ 78.356028360485695, 17.457807644695876 ], [ 78.356030328001296, 17.457809516062952 ], [ 78.356032094931905, 17.457811563514326 ], [ 78.356033644261032, 17.457813767331942 ], [ 78.356034961067763, 17.457816106291826 ], [ 78.356036032670545, 17.457818557868539 ], [ 78.356036848749227, 17.457821098452037 ], [ 78.356037401444524, 17.457823703575137 ], [ 78.356037685433677, 17.457826348149059 ], [ 78.356037697981691, 17.457829006705119 ], [ 78.356037438967718, 17.457831653639964 ], [ 78.356036910886175, 17.457834263462175 ], [ 78.356036118822786, 17.457836811037716 ], [ 78.356035070405539, 17.457839271832039 ], [ 78.356033775731262, 17.457841622146365 ], [ 78.356032247268345, 17.457843839345852 ], [ 78.356030499736761, 17.457845902077665 ], [ 78.356028549966169, 17.45784779047656 ], [ 78.356026416733911, 17.457849486356213 ], [ 78.356024120584237, 17.457850973384371 ], [ 78.35602168363026, 17.457852237240157 ], [ 78.356019129341249, 17.457853265751911 ], [ 78.356016482316363, 17.457854049014518 ], [ 78.35601376804793, 17.457854579484746 ], [ 78.356011012675893, 17.457854852053838 ], [ 78.356008242735911, 17.457854864096827 ], [ 78.356005484904117, 17.457854615497741 ], [ 78.355898617854024, 17.457839875216887 ], [ 78.355831398963986, 17.45791170290547 ], [ 78.355829603134495, 17.457913455018311 ], [ 78.355827649248027, 17.457915043708692 ], [ 78.355825553386623, 17.457916455900442 ], [ 78.355823332800853, 17.457917679970109 ], [ 78.355821005767922, 17.457918705842626 ], [ 78.355818591441135, 17.457919525074239 ], [ 78.355596991409939, 17.457984025079377 ], [ 78.355594460442731, 17.457984640637559 ], [ 78.355591881041306, 17.457985029097642 ], [ 78.355589275276543, 17.457985187135733 ], [ 78.355027506551565, 17.457994266444977 ], [ 78.354965303367834, 17.45811694019195 ], [ 78.355175987683779, 17.458234167207422 ], [ 78.355425131163173, 17.458325398691578 ], [ 78.355634172301151, 17.458362050038467 ], [ 78.355638176627934, 17.458363047928987 ], [ 78.355725371344164, 17.458391468991298 ], [ 78.355773871292413, 17.458380713493369 ], [ 78.355787534873841, 17.458334242318898 ], [ 78.355788048152249, 17.458332679151138 ], [ 78.355811448159585, 17.458268279155345 ], [ 78.35581249362609, 17.458265802196898 ], [ 78.355813788281978, 17.458263436156628 ], [ 78.355815319528276, 17.458261204059731 ], [ 78.355817072463552, 17.458259127627965 ], [ 78.355819030029096, 17.458257227068184 ], [ 78.355821173174746, 17.45825552087576 ], [ 78.355823481044411, 17.458254025654572 ], [ 78.35582593117897, 17.458252755955403 ], [ 78.355828499734855, 17.458251724134396 ], [ 78.355831161716068, 17.458250940232748 ], [ 78.355833891217443, 17.458250411879021 ], [ 78.355836661676747, 17.458250144214929 ], [ 78.35583944613316, 17.458250139845219 ], [ 78.356218228753349, 17.458267497362865 ], [ 78.356300726292034, 17.457566072071586 ] ] ], [ [ [ 78.355598230993152, 17.456868704614745 ], [ 78.355055211027278, 17.457939629110665 ], [ 78.35558438208659, 17.457931076590846 ], [ 78.355794667085888, 17.457869869990045 ], [ 78.355861564334788, 17.457798386002292 ], [ 78.355884506090362, 17.457689782762429 ], [ 78.355917269432027, 17.457308175147993 ], [ 78.355917691446649, 17.457305236866691 ], [ 78.355918445605269, 17.457302360476188 ], [ 78.355946813892984, 17.457214743931871 ], [ 78.355598230993152, 17.456868704614745 ] ] ] ] } },
{ "type": "Feature", "properties": { "parcel_id": "SYN-P0125", "survey_number": "3800/B", "survey_subdivision": "B", "district": "DEMO-RANGAREDDY", "mandal": "DEMO-MADHAPUR", "village": "DEMO-KONDAPUR", "ward": "DEMO-WARD-06", "door_number": "225", "address": "Plot 6819, Demo Street 5, Kondapur", "area_sqm": 10576.0377, "land_use": "commercial", "source": "BhuSetu synthetic integrated benchmark v1 (parcel registry)", "synthetic": true, "geometry_status": "reference" }, "geometry": { "type": "MultiPolygon", "coordinates": [ [ [ [ 78.361563895802405, 17.461096423776262 ], [ 78.361098102181288, 17.460594121815511 ], [ 78.360480050259483, 17.460737928436547 ], [ 78.360477488518839, 17.460738405368208 ], [ 78.360474891834997, 17.460738653203411 ], [ 78.36047228240092, 17.460738669824 ], [ 78.360439475859849, 17.460737422155631 ], [ 78.36070803456461, 17.460973122446447 ], [ 78.361196864445304, 17.461298401161571 ], [ 78.361186830315603, 17.461276337431141 ], [ 78.361185848105734, 17.461273851583272 ], [ 78.361185124494298, 17.46127128530512 ], [ 78.3611846664501, 17.461268663311337 ], [ 78.361184478384317, 17.461266010853148 ], [ 78.361184562108093, 17.461263353475189 ], [ 78.361184916815148, 17.461260716769456 ], [ 78.361185539089448, 17.461258126128861 ], [ 78.361186422938076, 17.461255606502682 ], [ 78.361187559849171, 17.461253182156298 ], [ 78.361188938873582, 17.461250876437479 ], [ 78.361190546730597, 17.461248711551558 ], [ 78.361192367935629, 17.461246708347577 ], [ 78.361194384949485, 17.461244886117449 ], [ 78.361196578347247, 17.461243262410253 ], [ 78.36119892700529, 17.461241852863182 ], [ 78.361201408304737, 17.461240671050927 ], [ 78.361203998349353, 17.461239728355 ], [ 78.361206672195593, 17.461239033854053 ], [ 78.361209404092861, 17.461238594236534 ], [ 78.361212167731523, 17.461238413736172 ], [ 78.361214936496225, 17.461238494091308 ], [ 78.361217683722245, 17.461238834528078 ], [ 78.361220382952339, 17.461239431767876 ], [ 78.361223008191445, 17.461240280058973 ], [ 78.3612255341571, 17.461241371231857 ], [ 78.361227936522809, 17.461242694777944 ], [ 78.361230192152561, 17.461244237950794 ], [ 78.361232279323389, 17.461245985888773 ], [ 78.361234177934676, 17.461247921758321 ], [ 78.361235869701773, 17.461250026915938 ], [ 78.361237338332018, 17.461252281087823 ], [ 78.361238569681717, 17.461254662565068 ], [ 78.361285190258513, 17.461357174967418 ], [ 78.3613125076226, 17.46137535248668 ], [ 78.36157463092178, 17.461321410163197 ], [ 78.361563895802405, 17.461096423776262 ] ] ], [ [ [ 78.3608984617685, 17.460378832762338 ], [ 78.36039898706008, 17.460058265310511 ], [ 78.359678755001312, 17.460069771389229 ], [ 78.360374893469185, 17.460680741349371 ], [ 78.36047057974514, 17.460684380415493 ], [ 78.36105557814092, 17.460548264618801 ], [ 78.3608984617685, 17.460378832762338 ] ] ] ] } },
{ "type": "Feature", "properties": { "parcel_id": "SYN-P0126", "survey_number": "8407/C", "survey_subdivision": "C", "district": "DEMO-RANGAREDDY", "mandal": "DEMO-SERILINGAMPALLY", "village": "DEMO-KONDAPUR", "ward": "DEMO-WARD-07", "door_number": "226", "address": "Plot 8847, Demo Street 6, Kondapur", "area_sqm": 8877.5787, "land_use": "mixed_use", "source": "BhuSetu synthetic integrated benchmark v1 (parcel registry)", "synthetic": true, "geometry_status": "reference" }, "geometry": { "type": "MultiPolygon", "coordinates": [ [ [ [ 78.355867246371531, 17.450246288316045 ], [ 78.355756177851319, 17.450121727145675 ], [ 78.355739021067919, 17.450128858048821 ], [ 78.355428526395372, 17.450258055828293 ], [ 78.355425934074987, 17.450258992316428 ], [ 78.355423258603722, 17.450259680410415 ], [ 78.355420525747817, 17.450260113483537 ], [ 78.355417761826189, 17.450260287365069 ], [ 78.355414993456947, 17.450260200380423 ], [ 78.35541224730099, 17.45025985336731 ], [ 78.355409549805316, 17.450259249667671 ], [ 78.355406926948277, 17.45025839509545 ], [ 78.355404403989453, 17.450257297880679 ], [ 78.35540200522631, 17.45025596859012 ], [ 78.355399753760267, 17.450254420025576 ], [ 78.355397671274162, 17.450252667100575 ], [ 78.355395777823475, 17.450250726696758 ], [ 78.355394091643177, 17.450248617501273 ], [ 78.355392628972069, 17.450246359826824 ], [ 78.355391403896519, 17.450243975416068 ], [ 78.355390428214662, 17.450241487232173 ], [ 78.355389711322772, 17.450238919237723 ], [ 78.355389260124952, 17.450236296163908 ], [ 78.355389078966468, 17.450233643272362 ], [ 78.355389169591959, 17.450230986111873 ], [ 78.355389531128637, 17.450228350272361 ], [ 78.3553901600947, 17.450225761138377 ], [ 78.355391050432857, 17.450223243644722 ], [ 78.355392193568633, 17.450220822036218 ], [ 78.355393578493008, 17.450218519634273 ], [ 78.355395191868425, 17.450216358612249 ], [ 78.355397018157149, 17.450214359781999 ], [ 78.355399039771086, 17.450212542393338 ], [ 78.355401237240912, 17.450210923948685 ], [ 78.355403589403863, 17.450209520034569 ], [ 78.355406073607284, 17.450208344171426 ], [ 78.355690425356883, 17.450090024564467 ], [ 78.355649811649542, 17.450002439337528 ], [ 78.355647742407783, 17.450000118717686 ], [ 78.354917353669009, 17.450000112403703 ], [ 78.354984181791735, 17.450590231626357 ], [ 78.355004146625745, 17.450582759815681 ], [ 78.355006838559206, 17.45058189928157 ], [ 78.355009606903238, 17.450581302502929 ], [ 78.355012423682922, 17.450580975510373 ], [ 78.355144523663114, 17.450572075509047 ], [ 78.355147235347374, 17.450572018210217 ], [ 78.355149940240892, 17.450572211004893 ], [ 78.35515261336468, 17.450572652112665 ], [ 78.355280813348216, 17.450599952106401 ], [ 78.35528306766912, 17.45060052691705 ], [ 78.355285264843758, 17.450601278425722 ], [ 78.3556640635436, 17.450748038928772 ], [ 78.355824133377624, 17.450591228603166 ], [ 78.355755652286931, 17.450621330877038 ], [ 78.355753080401044, 17.450622317921848 ], [ 78.355750420102865, 17.450623058252052 ], [ 78.35574769701249, 17.45062354473782 ], [ 78.355744937354828, 17.450623772694048 ], [ 78.35574216770685, 17.450623739925408 ], [ 78.355739414741834, 17.450623446747468 ], [ 78.355736704972315, 17.450622895983674 ], [ 78.355734064494911, 17.450622092938229 ], [ 78.355731518738821, 17.450621045344864 ], [ 78.355729092221111, 17.450619763292504 ], [ 78.35572680831045, 17.450618259128017 ], [ 78.355724689002159, 17.45061654733734 ], [ 78.355722754706363, 17.450614644405945 ], [ 78.355721024051348, 17.450612568660109 ], [ 78.355719513704273, 17.45061034009041 ], [ 78.355718238210628, 17.450607980159198 ], [ 78.355717209854049, 17.450605511593899 ], [ 78.355716438538238, 17.450602958168151 ], [ 78.355715931691279, 17.45060034447285 ], [ 78.355715694194473, 17.450597695679296 ], [ 78.355715728334971, 17.450595037296811 ], [ 78.355716033783992, 17.450592394927103 ], [ 78.355716607599888, 17.45058979401761 ], [ 78.355717444256484, 17.450587259616512 ], [ 78.355718535696283, 17.450584816131478 ], [ 78.355719871408141, 17.450582487094586 ], [ 78.355721438528448, 17.45058029493574 ], [ 78.355723221964908, 17.450578260766626 ], [ 78.355725204542111, 17.450576404177404 ], [ 78.355727367166736, 17.450574743048016 ], [ 78.355729689011511, 17.450573293376049 ], [ 78.355732147715827, 17.450572069122639 ], [ 78.355840162831711, 17.450524588835339 ], [ 78.355867246371531, 17.450246288316045 ] ] ], [ [ [ 78.355068161340114, 17.451331802904061 ], [ 78.355621322843263, 17.450789909224479 ], [ 78.355266303656947, 17.450652361733951 ], [ 78.355144387868449, 17.450626399945421 ], [ 78.35502065613548, 17.450634736146039 ], [ 78.354990499799683, 17.450646022108966 ], [ 78.355068161340114, 17.451331802904061 ] ] ] ] } },
{ "type": "Feature", "properties": { "parcel_id": "SYN-P0127", "survey_number": "6866/A", "survey_subdivision": "A", "district": "DEMO-RANGAREDDY", "mandal": "DEMO-GACHIBOWLI", "village": "DEMO-KONDAPUR", "ward": "DEMO-WARD-08", "door_number": "227", "address": "Plot 6113, Demo Street 7, Kondapur", "area_sqm": 1265.4831, "land_use": "residential", "source": "BhuSetu synthetic integrated benchmark v1 (parcel registry)", "synthetic": true, "geometry_status": "reference" }, "geometry": { "type": "MultiPolygon", "coordinates": [ [ [ [ 78.350336778521978, 17.459509187947233 ], [ 78.350675978896433, 17.459570663329334 ], [ 78.350469058858678, 17.459210886923064 ], [ 78.350418589759471, 17.459185252266785 ], [ 78.350171063094095, 17.459310937746704 ], [ 78.350336778521978, 17.459509187947233 ] ] ], [ [ [ 78.35067731846857, 17.459316667559943 ], [ 78.350560151160778, 17.459257155183909 ], [ 78.350680652736216, 17.459466673813242 ], [ 78.35067731846857, 17.459316667559943 ] ] ] ] } },
{ "type": "Feature", "properties": { "parcel_id": "SYN-P0128", "survey_number": "7115/B", "survey_subdivision": "B", "district": "DEMO-RANGAREDDY", "mandal": "DEMO-MADHAPUR", "village": "DEMO-KONDAPUR", "ward": "DEMO-WARD-01", "door_number": "228", "address": "Plot 7299, Demo Street 8, Kondapur", "area_sqm": 9679.6489, "land_use": "commercial", "source": "BhuSetu synthetic integrated benchmark v1 (parcel registry)", "synthetic": true, "geometry_status": "reference" }, "geometry": { "type": "Polygon", "coordinates": [ [ [ 78.350686634933837, 17.458046190967028 ], [ 78.350447060984564, 17.457612387529746 ], [ 78.350445885377127, 17.457609980277045 ], [ 78.350444961267826, 17.457607474019667 ], [ 78.350444297556294, 17.457604892894256 ], [ 78.350443900634474, 17.457602261758446 ], [ 78.350443774324916, 17.457599605951533 ], [ 78.350443919843997, 17.457596951050363 ], [ 78.350444335790343, 17.457594322623109 ], [ 78.350445018158112, 17.457591745982935 ], [ 78.350445960375723, 17.457589245944312 ], [ 78.350447153369103, 17.457586846583965 ], [ 78.350448585649062, 17.457584571009036 ], [ 78.350450243421975, 17.457582441134562 ], [ 78.350452110722543, 17.457580477472373 ], [ 78.350454169567683, 17.457578698933613 ], [ 78.350456400129573, 17.457577122646587 ], [ 78.350458780926701, 17.457575763791784 ], [ 78.350461289030676, 17.457574635455721 ], [ 78.350463900287096, 17.457573748504888 ], [ 78.350466589548162, 17.4575731114811 ], [ 78.350469330914819, 17.457572730519242 ], [ 78.350472097986213, 17.457572609288185 ], [ 78.350474864113977, 17.45757274895546 ], [ 78.350477602658771, 17.457573148175978 ], [ 78.350480287246924, 17.457573803105056 ], [ 78.350482892024388, 17.457574707435352 ], [ 78.350485391905764, 17.457575852457694 ], [ 78.350487762815831, 17.457577227144885 ], [ 78.350489981921413, 17.457578818257932 ], [ 78.350492027851331, 17.457580610473578 ], [ 78.350493880902135, 17.457582586531785 ], [ 78.350495523227991, 17.457584727402054 ], [ 78.350496939012302, 17.457587012466629 ], [ 78.350704776667342, 17.457963349996547 ], [ 78.350542784787137, 17.456941936020083 ], [ 78.350000014434059, 17.456194960680538 ], [ 78.350000013145277, 17.457802552290893 ], [ 78.350174323086122, 17.457935139560462 ], [ 78.350013608073141, 17.457665865946034 ], [ 78.350012350817792, 17.457663497005946 ], [ 78.350011341541176, 17.457661021195637 ], [ 78.350010589963162, 17.457658462358534 ], [ 78.350010103321878, 17.457655845137616 ], [ 78.350009886303909, 17.457653194738153 ], [ 78.350009940999243, 17.457650536684952 ], [ 78.350010266881156, 17.457647896576511 ], [ 78.350010860811167, 17.457645299838507 ], [ 78.350011717069435, 17.457642771478966 ], [ 78.350012827409699, 17.457640335847337 ], [ 78.350014181138761, 17.457638016400097 ], [ 78.350015765219482, 17.457635835474782 ], [ 78.350017564396282, 17.457633814074896 ], [ 78.350019561342108, 17.45763197166761 ], [ 78.350021736825312, 17.457630325996309 ], [ 78.350024069894744, 17.457628892909703 ], [ 78.350026538081721, 17.457627686209189 ], [ 78.350029117616259, 17.457626717515961 ], [ 78.350031783656036, 17.457625996159063 ], [ 78.350034510525632, 17.457625529085544 ], [ 78.350037271963828, 17.457625320793568 ], [ 78.350040041376459, 17.45762537328913 ], [ 78.350042792092609, 17.457625686066656 ], [ 78.350045497621352, 17.457626256113926 ], [ 78.350048131907002, 17.457627077941076 ], [ 78.350050669579957, 17.457628143633467 ], [ 78.350053086201029, 17.457629442927921 ], [ 78.35005535849686, 17.457630963311502 ], [ 78.350057464583983, 17.457632690142102 ], [ 78.35005938417963, 17.457634606789412 ], [ 78.35006109879707, 17.45763669479506 ], [ 78.350062591923589, 17.457638934050433 ], [ 78.350293474233609, 17.458025770612515 ], [ 78.350417747824721, 17.458120297837986 ], [ 78.350686634933837, 17.458046190967028 ] ] ] } },
{ "type": "Feature", "properties": { "parcel_id": "SYN-P0129", "survey_number": "5370/C", "survey_subdivision": "C", "district": "DEMO-RANGAREDDY", "mandal": "DEMO-SERILINGAMPALLY", "village": "DEMO-KONDAPUR", "ward": "DEMO-WARD-02", "door_number": "229", "address": "Plot 5613, Demo Street 9, Kondapur", "area_sqm": 1330.4183, "land_use": "mixed_use", "source": "BhuSetu synthetic integrated benchmark v1 (parcel registry)", "synthetic": true, "geometry_status": "reference" }, "geometry": { "type": "MultiPolygon", "coordinates": [ [ [ [ 78.351549754494357, 17.458510795409733 ], [ 78.351500659365058, 17.458446963500776 ], [ 78.351398377168621, 17.458500303306966 ], [ 78.351184702971736, 17.458611763272263 ], [ 78.351549754494357, 17.458510795409733 ] ] ], [ [ [ 78.351339620258386, 17.458237585276525 ], [ 78.351287260057333, 17.458233848270588 ], [ 78.351396849120718, 17.458439436981742 ], [ 78.351466809455346, 17.45840295290688 ], [ 78.351339620258386, 17.458237585276525 ] ] ], [ [ [ 78.351165370211234, 17.458225148802853 ], [ 78.351021437731291, 17.458298350351455 ], [ 78.351000261151498, 17.458498389514943 ], [ 78.351063681363485, 17.458613225330541 ], [ 78.351347232402787, 17.458465315291235 ], [ 78.351221341141326, 17.458229143544404 ], [ 78.351165370211234, 17.458225148802853 ] ] ] ] } },
{ "type": "Feature", "properties": { "parcel_id": "SYN-P0130", "survey_number": "8959/A", "survey_subdivision": "A", "district": "DEMO-RANGAREDDY", "mandal": "DEMO-GACHIBOWLI", "village": "DEMO-KONDAPUR", "ward": "DEMO-WARD-03", "door_number": "230", "address": "Plot 1838, Demo Street 10, Kondapur", "area_sqm": 475.2685, "land_use": "residential", "source": "BhuSetu synthetic integrated benchmark v1 (parcel registry)", "synthetic": true, "geometry_status": "shifted_geometry" }, "geometry": { "type": "MultiPolygon", "coordinates": [ [ [ [ 78.352163775315177, 17.459047105551303 ], [ 78.35209359845318, 17.458916456614386 ], [ 78.352043357370775, 17.458824885482603 ], [ 78.351978910699515, 17.458846170788309 ], [ 78.351949902587833, 17.459045931240549 ], [ 78.35216175608852, 17.459114992852903 ], [ 78.352163775315177, 17.459047105551303 ] ] ], [ [ [ 78.352167846465207, 17.458910231138368 ], [ 78.352156701732838, 17.458915694641554 ], [ 78.352167107738822, 17.458935067598414 ], [ 78.352167846465207, 17.458910231138368 ] ] ], [ [ [ 78.35217043032884, 17.458823359782741 ], [ 78.352130370401468, 17.458796146966112 ], [ 78.3520973705416, 17.458807046109776 ], [ 78.352130616818329, 17.458867641894159 ], [ 78.352169682853443, 17.458848490473205 ], [ 78.35217043032884, 17.458823359782741 ] ] ] ] } },
{ "type": "Feature", "properties": { "parcel_id": "SYN-P0131", "survey_number": "6726/B", "survey_subdivision": "B", "district": "DEMO-RANGAREDDY", "mandal": "DEMO-MADHAPUR", "village": "DEMO-KONDAPUR", "ward": "DEMO-WARD-04", "door_number": "231", "address": "Plot 828, Demo Street 11, Kondapur", "area_sqm": 1515.4568, "land_use": "commercial", "source": "BhuSetu synthetic integrated benchmark v1 (parcel registry)", "synthetic": true, "geometry_status": "reference" }, "geometry": { "type": "MultiPolygon", "coordinates": [ [ [ [ 78.355842967319532, 17.461611057768369 ], [ 78.355782427590356, 17.461502637552211 ], [ 78.355803919549871, 17.461620271460372 ], [ 78.355842967319532, 17.461611057768369 ] ] ], [ [ [ 78.356084103857015, 17.461554159115725 ], [ 78.356206859559123, 17.46149252485263 ], [ 78.356266354897301, 17.461458725175369 ], [ 78.356319611920398, 17.461428086187777 ], [ 78.356127157220811, 17.46120474265684 ], [ 78.356098179197019, 17.461198308086338 ], [ 78.355810621450175, 17.461344322303855 ], [ 78.355775869007559, 17.461376186924948 ], [ 78.355899559924836, 17.46159770419003 ], [ 78.356084103857015, 17.461554159115725 ] ] ], [ [ [ 78.356362100854724, 17.461488562436333 ], [ 78.356352225378245, 17.461472493834627 ], [ 78.356298006163712, 17.461503686376698 ], [ 78.356362100854724, 17.461488562436333 ] ] ], [ [ [ 78.355994883774301, 17.461175371299618 ], [ 78.355960444984717, 17.461206948430359 ], [ 78.356014189791054, 17.461179658212146 ], [ 78.355994883774301, 17.461175371299618 ] ] ] ] } },
{ "type": "Feature", "properties": { "parcel_id": "SYN-P0132", "survey_number": "3882/C", "survey_subdivision": "C", "district": "DEMO-RANGAREDDY", "mandal": "DEMO-SERILINGAMPALLY", "village": "DEMO-KONDAPUR", "ward": "DEMO-WARD-05", "door_number": "232", "address": "Plot 1904, Demo Street 12, Kondapur", "area_sqm": 1904.5828, "land_use": "mixed_use", "source": "BhuSetu synthetic integrated benchmark v1 (parcel registry)", "synthetic": true, "geometry_status": "reference" }, "geometry": { "type": "MultiPolygon", "coordinates": [ [ [ [ 78.35228653028652, 17.461251498857756 ], [ 78.352360453597285, 17.46103062606069 ], [ 78.352100480272995, 17.461168047901868 ], [ 78.352222174426487, 17.461281254308435 ], [ 78.35228653028652, 17.461251498857756 ] ] ], [ [ [ 78.352441833843358, 17.460787472152415 ], [ 78.352209813123906, 17.460707860374946 ], [ 78.351912776772124, 17.46086495503847 ], [ 78.351905454820496, 17.460887729917456 ], [ 78.352016785259906, 17.461090190213049 ], [ 78.352058079944783, 17.461128604804067 ], [ 78.352385605753895, 17.460955474679828 ], [ 78.352441833843358, 17.460787472152415 ] ] ], [ [ [ 78.35188098052005, 17.460963857002749 ], [ 78.351886104928326, 17.460968624020087 ], [ 78.35188190402576, 17.460960984448295 ], [ 78.35188098052005, 17.460963857002749 ] ] ] ] } },
{ "type": "Feature", "properties": { "parcel_id": "SYN-P0133", "survey_number": "5255/A", "survey_subdivision": "A", "district": "DEMO-RANGAREDDY", "mandal": "DEMO-GACHIBOWLI", "village": "DEMO-KONDAPUR", "ward": "DEMO-WARD-06", "door_number": "233", "address": "Plot 3924, Demo Street 1, Kondapur", "area_sqm": 2369.9336, "land_use": "residential", "source": "BhuSetu synthetic integrated benchmark v1 (parcel registry)", "synthetic": true, "geometry_status": "reference" }, "geometry": { "type": "Polygon", "coordinates": [ [ [ 78.362361786535175, 17.451093408908097 ], [ 78.362168023208383, 17.451209460382824 ], [ 78.362220320125559, 17.451494172207301 ], [ 78.362396008528563, 17.451204568040275 ], [ 78.362397518075099, 17.451202338952406 ], [ 78.362399247987014, 17.451200262615096 ], [ 78.362401181604312, 17.451198359024584 ], [ 78.362403300305218, 17.451196646513502 ], [ 78.362405583685486, 17.451195141574249 ], [ 78.362408009754901, 17.451193858700204 ], [ 78.362410555149111, 17.451192810246162 ], [ 78.362413195354577, 17.451192006309288 ], [ 78.362415904944712, 17.451191454631935 ], [ 78.362418657824648, 17.451191160527056 ], [ 78.362421427482715, 17.451191126827041 ], [ 78.362424187245551, 17.451191353856448 ], [ 78.362426910535191, 17.451191839428851 ], [ 78.362429571124821, 17.451192578867936 ], [ 78.362432143391558, 17.451193565052506 ], [ 78.362434602563084, 17.451194788485061 ], [ 78.362436924956199, 17.451196237383282 ], [ 78.362439088205036, 17.451197897793516 ], [ 78.362441071476283, 17.451199753725074 ], [ 78.362442855669983, 17.451201787304349 ], [ 78.362444423603364, 17.451203978946861 ], [ 78.362445760176342, 17.451206307545888 ], [ 78.362446852517024, 17.451208750675782 ], [ 78.362447690105526, 17.451211284807833 ], [ 78.362448264875439, 17.45121388553699 ], [ 78.362448571291338, 17.451216527816808 ], [ 78.362448606402339, 17.451219186200678 ], [ 78.362448369870236, 17.451221835086923 ], [ 78.36244786397296, 17.451224448965302 ], [ 78.362447093582603, 17.451227002662748 ], [ 78.362446066118409, 17.451229471585737 ], [ 78.362444791475383, 17.451231831957198 ], [ 78.362254933903813, 17.451544792601808 ], [ 78.36267013706042, 17.451683491839283 ], [ 78.362821822606421, 17.45145501085095 ], [ 78.362361786535175, 17.451093408908097 ] ] ] } },
{ "type": "Feature", "properties": { "parcel_id": "SYN-P0134", "survey_number": "1369/B", "survey_subdivision": "B", "district": "DEMO-RANGAREDDY", "mandal": "DEMO-MADHAPUR", "village": "DEMO-KONDAPUR", "ward": "DEMO-WARD-07", "door_number": "234", "address": "Plot 8746, Demo Street 2, Kondapur", "area_sqm": 42475.4483, "land_use": "commercial", "source": "BhuSetu synthetic integrated benchmark v1 (parcel registry)", "synthetic": true, "geometry_status": "reference" }, "geometry": { "type": "MultiPolygon", "coordinates": [ [ [ [ 78.362480479330088, 17.455355903546899 ], [ 78.36288751834158, 17.454880239642183 ], [ 78.363533526190366, 17.453951561561919 ], [ 78.363521424665493, 17.453675335571088 ], [ 78.362963662839661, 17.453430705548826 ], [ 78.361283642773401, 17.453144949799533 ], [ 78.361370069306332, 17.454267058108613 ], [ 78.361439356060956, 17.454253736612138 ], [ 78.361441945277662, 17.454253357744431 ], [ 78.361444559936103, 17.454253210863865 ], [ 78.361447177522663, 17.454253297235137 ], [ 78.361674977490054, 17.454270997228083 ], [ 78.361678217024775, 17.454271431445687 ], [ 78.361681382467239, 17.454272222472447 ], [ 78.361873782445429, 17.454331922460899 ], [ 78.361876263387273, 17.454332817806812 ], [ 78.361878645888893, 17.454333932567266 ], [ 78.362002445880094, 17.454398932557439 ], [ 78.362002677879644, 17.454399055728715 ], [ 78.362077377874513, 17.454439155722742 ], [ 78.362079621565698, 17.454440496237229 ], [ 78.362081724790826, 17.454442032295812 ], [ 78.362083669110262, 17.454443750431398 ], [ 78.362188869113623, 17.454545850420974 ], [ 78.362190663642068, 17.45454776627459 ], [ 78.362192260450584, 17.454549837074044 ], [ 78.362193645098699, 17.454552044092409 ], [ 78.36219480506459, 17.454554367370921 ], [ 78.362240705078563, 17.454658767366656 ], [ 78.362241604789475, 17.454661109597073 ], [ 78.362242276052982, 17.454663521371881 ], [ 78.362242713169394, 17.454665982212799 ], [ 78.362242912427163, 17.454668471224927 ], [ 78.362242872134388, 17.454670967274154 ], [ 78.362237572146825, 17.454753467276596 ], [ 78.362237294867455, 17.45475593538373 ], [ 78.362236783370761, 17.454758368768431 ], [ 78.362236041951505, 17.454760746998925 ], [ 78.362235076834921, 17.454763050106575 ], [ 78.362233896124536, 17.454765258753504 ], [ 78.362232509734142, 17.454767354394946 ], [ 78.362230929304403, 17.454769319435005 ], [ 78.36214612930489, 17.454865319444473 ], [ 78.362144246812576, 17.454867250924494 ], [ 78.362142177062253, 17.454868997013605 ], [ 78.362139939781159, 17.454870541069454 ], [ 78.362028739770622, 17.454939641076827 ], [ 78.362026107334444, 17.454941090340014 ], [ 78.362023328001897, 17.454942259963744 ], [ 78.361892727984454, 17.454989359968057 ], [ 78.361889920033377, 17.454990215013389 ], [ 78.361887034524841, 17.45499078450257 ], [ 78.361884102890272, 17.454991062232249 ], [ 78.361881157063522, 17.454991045177159 ], [ 78.361731438497358, 17.454982666520397 ], [ 78.361458152868025, 17.454974488395958 ], [ 78.361425736332038, 17.454989803711516 ], [ 78.361467280308091, 17.455529184322828 ], [ 78.361509223557306, 17.455544427107135 ], [ 78.362480479330088, 17.455355903546899 ] ] ], [ [ [ 78.363653858597758, 17.453778574500298 ], [ 78.363652469298458, 17.453732810428146 ], [ 78.363579032501391, 17.453700601802399 ], [ 78.363586679537875, 17.453875149605334 ], [ 78.363653858597758, 17.453778574500298 ] ] ], [ [ [ 78.361421248261195, 17.454931533438202 ], [ 78.36143953455273, 17.454922894008067 ], [ 78.36144206468397, 17.454921842687263 ], [ 78.361444689609968, 17.454921033305467 ], [ 78.361447384285796, 17.454920473585172 ], [ 78.361450123001035, 17.45492016886676 ], [ 78.361452879625091, 17.454920122057615 ], [ 78.361733579583955, 17.454928522050793 ], [ 78.361734342957163, 17.454928554826889 ], [ 78.361878471431808, 17.454936620643558 ], [ 78.362000618793431, 17.454892569027002 ], [ 78.362105764083068, 17.454827231442739 ], [ 78.362181805102452, 17.454741147281513 ], [ 78.362186120315499, 17.454673976669763 ], [ 78.362144908403835, 17.454580239739808 ], [ 78.362046337972245, 17.454484573936686 ], [ 78.361975237815059, 17.454446406378416 ], [ 78.361853887171179, 17.45438269238522 ], [ 78.361667145676492, 17.454324748164538 ], [ 78.361446565285902, 17.454307609122257 ], [ 78.361374263303688, 17.45432151033987 ], [ 78.361421248261195, 17.454931533438202 ] ] ] ] } },
{ "type": "Feature", "properties": { "parcel_id": "SYN-P0135", "survey_number": "5488/C", "survey_subdivision": "C", "district": "DEMO-RANGAREDDY", "mandal": "DEMO-SERILINGAMPALLY", "village": "DEMO-KONDAPUR", "ward": "DEMO-WARD-08", "door_number": "235", "address": "Plot 7461, Demo Street 3, Kondapur", "area_sqm": 395.026, "land_use": "mixed_use", "source": "BhuSetu synthetic integrated benchmark v1 (parcel registry)", "synthetic": true, "geometry_status": "shifted_geometry" }, "geometry": { "type": "Polygon", "coordinates": [ [ [ 78.357367887628669, 17.450707522814835 ], [ 78.357365317065273, 17.450653092859973 ], [ 78.35708995346755, 17.45064958298526 ], [ 78.357084850618548, 17.450730592976328 ], [ 78.357082439370359, 17.450825608224463 ], [ 78.357102948028029, 17.450825867156002 ], [ 78.357367887628669, 17.450707522814835 ] ] ] } },
{ "type": "Feature", "properties": { "parcel_id": "SYN-P0136", "survey_number": "4428/A", "survey_subdivision": "A", "district": "DEMO-RANGAREDDY", "mandal": "DEMO-GACHIBOWLI", "village": "DEMO-KONDAPUR", "ward": "DEMO-WARD-01", "door_number": "236", "address": "Plot 8199, Demo Street 4, Kondapur", "area_sqm": 1169.2434, "land_use": "residential", "source": "BhuSetu synthetic integrated benchmark v1 (parcel registry)", "synthetic": true, "geometry_status": "shifted_geometry" }, "geometry": { "type": "MultiPolygon", "coordinates": [ [ [ [ 78.360423177458685, 17.450945271305745 ], [ 78.360603283139852, 17.450639226948518 ], [ 78.360531121362271, 17.450599385140489 ], [ 78.360425983822935, 17.450596114962185 ], [ 78.360184685918526, 17.450808359390038 ], [ 78.360236577162482, 17.450886047462259 ], [ 78.360423177458685, 17.450945271305745 ] ] ], [ [ [ 78.36070326602308, 17.450796669643296 ], [ 78.360707288027001, 17.450793458619977 ], [ 78.360723801772949, 17.45070576735019 ], [ 78.360652216692387, 17.450666244014791 ], [ 78.360514061653006, 17.450901004010415 ], [ 78.36070326602308, 17.450796669643296 ] ] ] ] } },
{ "type": "Feature", "properties": { "parcel_id": "SYN-P0137", "survey_number": "4428/A", "survey_subdivision": "A", "district": "DEMO-RANGAREDDY", "mandal": "DEMO-MADHAPUR", "village": "DEMO-KONDAPUR", "ward": "DEMO-WARD-02", "door_number": "237", "address": "Plot 9266, Demo Street 5, Kondapur", "area_sqm": 6026.6788, "land_use": "commercial", "source": "BhuSetu synthetic integrated benchmark v1 (parcel registry)", "synthetic": true, "geometry_status": "shifted_geometry" }, "geometry": { "type": "MultiPolygon", "coordinates": [ [ [ [ 78.360236577162482, 17.450886047462259 ], [ 78.360108750907671, 17.451144906678785 ], [ 78.360261567525967, 17.451219885624905 ], [ 78.360423177458685, 17.450945271305745 ], [ 78.360236577162482, 17.450886047462259 ] ] ], [ [ [ 78.360066189612212, 17.451231096769956 ], [ 78.36021318829232, 17.451302040359046 ], [ 78.360233770236974, 17.451267097907682 ], [ 78.360084562719891, 17.451193889742822 ], [ 78.360066189612212, 17.451231096769956 ] ] ], [ [ [ 78.359236892247438, 17.452910470409236 ], [ 78.359190989557234, 17.453108232762364 ], [ 78.359452685564818, 17.453046588863803 ], [ 78.360232298508862, 17.451371903784793 ], [ 78.360211848152375, 17.451362039455073 ], [ 78.36004200568658, 17.451280071142747 ], [ 78.359236892247438, 17.452910470409236 ] ] ] ] } },
{ "type": "Feature", "properties": { "parcel_id": "SYN-P0138", "survey_number": "2704/C", "survey_subdivision": "C", "district": "DEMO-RANGAREDDY", "mandal": "DEMO-SERILINGAMPALLY", "village": "DEMO-KONDAPUR", "ward": "DEMO-WARD-03", "door_number": "238", "address": "Plot 5179, Demo Street 6, Kondapur", "area_sqm": 950.3259, "land_use": "mixed_use", "source": "BhuSetu synthetic integrated benchmark v1 (parcel registry)", "synthetic": true, "geometry_status": "reference" }, "geometry": { "type": "Polygon", "coordinates": [ [ [ 78.351010114256241, 17.461527301791051 ], [ 78.351009824887683, 17.461527214494211 ], [ 78.351007276482278, 17.46152617253448 ], [ 78.351004846759139, 17.461524895853913 ], [ 78.351002559117831, 17.461523396747626 ], [ 78.351000435589583, 17.461521689652841 ], [ 78.350998496625152, 17.461519791009824 ], [ 78.350996760897814, 17.461517719103551 ], [ 78.35099524512357, 17.46151549388761 ], [ 78.350993963900152, 17.461513136792057 ], [ 78.350992929566431, 17.461510670517022 ], [ 78.350992152083592, 17.461508118814066 ], [ 78.350991638939206, 17.461505506257502 ], [ 78.350991395075141, 17.461502858007666 ], [ 78.350991422839911, 17.461500199568658 ], [ 78.350991721966111, 17.461497556542714 ], [ 78.350992289573, 17.461494954383582 ], [ 78.350993120194204, 17.461492418151487 ], [ 78.350994205830361, 17.461489972271735 ], [ 78.35099553602619, 17.461487640299477 ], [ 78.350997097971202, 17.461485444692869 ], [ 78.350998876622967, 17.461483406596798 ], [ 78.351000854852131, 17.461481545639227 ], [ 78.351003013607254, 17.461479879742214 ], [ 78.351005332098367, 17.461478424949235 ], [ 78.351007787997119, 17.461477195270749 ], [ 78.351010357651873, 17.461476202549214 ], [ 78.351013016315463, 17.461475456345088 ], [ 78.351015738383509, 17.461474963844722 ], [ 78.351018497641022, 17.461474729791163 ], [ 78.351021267514867, 17.46147475643847 ], [ 78.35102402132965, 17.461475043530026 ], [ 78.35102810144754, 17.461475664585095 ], [ 78.351128904344947, 17.461186281295966 ], [ 78.351121599403427, 17.461179110522362 ], [ 78.350823953903344, 17.461151892633669 ], [ 78.3508551237706, 17.461297356928341 ], [ 78.350901500061426, 17.461379363067753 ], [ 78.350910792311282, 17.46139574939652 ], [ 78.350911995519382, 17.46139814406537 ], [ 78.350912948376447, 17.461400640393656 ], [ 78.350913641705958, 17.461403214340358 ], [ 78.350914068830747, 17.461405841116999 ], [ 78.350914225637368, 17.461408495426262 ], [ 78.350914110615648, 17.461411151705697 ], [ 78.350913724873308, 17.461413784373885 ], [ 78.350913072125252, 17.461416368076783 ], [ 78.350912158657806, 17.461418877931926 ], [ 78.35091099326813, 17.461421289768026 ], [ 78.350909587179558, 17.461423580357764 ], [ 78.350907953933529, 17.461425727641526 ], [ 78.350906109259, 17.46142771093978 ], [ 78.350904070921288, 17.461429511152271 ], [ 78.350901858550657, 17.46143111094197 ], [ 78.350899493453468, 17.461432494902017 ], [ 78.35089699840691, 17.461433649704116 ], [ 78.350894397439632, 17.461434564226899 ], [ 78.350891715600383, 17.461435229662989 ], [ 78.350888978716782, 17.461435639603881 ], [ 78.350886213146495, 17.461435790101625 ], [ 78.350884774756722, 17.461435732727228 ], [ 78.350944660012701, 17.461715205975523 ], [ 78.351010114256241, 17.461527301791051 ] ] ] } },
{ "type": "Feature", "properties": { "parcel_id": "SYN-P0139", "survey_number": "7566/A", "survey_subdivision": "A", "district": "DEMO-RANGAREDDY", "mandal": "DEMO-GACHIBOWLI", "village": "DEMO-KONDAPUR", "ward": "DEMO-WARD-04", "door_number": "239", "address": "Plot 1102, Demo Street 7, Kondapur", "area_sqm": 1152.0913, "land_use": "residential", "source": "BhuSetu synthetic integrated benchmark v1 (parcel registry)", "synthetic": true, "geometry_status": "reference" }, "geometry": { "type": "MultiPolygon", "coordinates": [ [ [ [ 78.359881720312941, 17.450669401464459 ], [ 78.35998607578739, 17.450499258016251 ], [ 78.360015055935762, 17.450451991700074 ], [ 78.359994284423422, 17.450442243786451 ], [ 78.359947003333886, 17.450460949880714 ], [ 78.359855550946989, 17.450623331390553 ], [ 78.359856793434105, 17.450650708763327 ], [ 78.359881720312941, 17.450669401464459 ] ] ], [ [ [ 78.360087355319692, 17.450823607197133 ], [ 78.36013725851771, 17.450834823635471 ], [ 78.360378556508095, 17.450622579277848 ], [ 78.360065920075542, 17.450475861843298 ], [ 78.36003472313331, 17.450526743747375 ], [ 78.359926588800036, 17.450703048389194 ], [ 78.360087355319692, 17.450823607197133 ] ] ] ] } },
{ "type": "Feature", "properties": { "parcel_id": "SYN-P0140", "survey_number": "5546/B", "survey_subdivision": "B", "district": "DEMO-RANGAREDDY", "mandal": "DEMO-MADHAPUR", "village": "DEMO-KONDAPUR", "ward": "DEMO-WARD-05", "door_number": "240", "address": "Plot 8459, Demo Street 8, Kondapur", "area_sqm": 1779.9562, "land_use": "commercial", "source": "BhuSetu synthetic integrated benchmark v1 (parcel registry)", "synthetic": true, "geometry_status": "reference" }, "geometry": { "type": "MultiPolygon", "coordinates": [ [ [ [ 78.353537932121029, 17.460271161515404 ], [ 78.353599544885043, 17.460203493762201 ], [ 78.353329682629138, 17.459726924813101 ], [ 78.353313993127941, 17.459724069135344 ], [ 78.353174041290089, 17.459801914322295 ], [ 78.353537932121029, 17.460271161515404 ] ] ], [ [ [ 78.35380178899878, 17.459981373586075 ], [ 78.35365118281041, 17.459785441424213 ], [ 78.353401316771738, 17.459739963071392 ], [ 78.353639159427573, 17.46015998606331 ], [ 78.35380178899878, 17.459981373586075 ] ] ] ] } },
{ "type": "Feature", "properties": { "parcel_id": "SYN-P0141", "survey_number": "4884/C", "survey_subdivision": "C", "district": "DEMO-RANGAREDDY", "mandal": "DEMO-SERILINGAMPALLY", "village": "DEMO-KONDAPUR", "ward": "DEMO-WARD-06", "door_number": "241", "address": "Plot 1070, Demo Street 9, Kondapur", "area_sqm": 51476.6524, "land_use": "mixed_use", "source": "BhuSetu synthetic integrated benchmark v1 (parcel registry)", "synthetic": true, "geometry_status": "reference" }, "geometry": { "type": "MultiPolygon", "coordinates": [ [ [ [ 78.359889677613083, 17.454755025209302 ], [ 78.360393552825343, 17.45505593646098 ], [ 78.360377829118178, 17.454980944778164 ], [ 78.360377461100271, 17.454978711197164 ], [ 78.360377288444099, 17.45497645593883 ], [ 78.360377312352639, 17.454974194716726 ], [ 78.360384129634966, 17.454848223554141 ], [ 78.360376526892978, 17.454728751602811 ], [ 78.360376484072361, 17.454726390507677 ], [ 78.360376655639641, 17.454724034803366 ], [ 78.360391355657768, 17.45460013480794 ], [ 78.360391754717213, 17.45459773481458 ], [ 78.360392376267001, 17.454595378805269 ], [ 78.360393215304867, 17.454593085741262 ], [ 78.360415815310446, 17.454539185745062 ], [ 78.360416848231552, 17.454537005788929 ], [ 78.360418077694945, 17.45453492190288 ], [ 78.360419494093279, 17.454532950370968 ], [ 78.360421086358485, 17.454531106599223 ], [ 78.360461786358101, 17.454488006603547 ], [ 78.360463673034275, 17.454486189532766 ], [ 78.360465730319476, 17.454484551889802 ], [ 78.360467939766679, 17.454483108358929 ], [ 78.360470281564389, 17.454481871883843 ], [ 78.360539181556163, 17.454449471887152 ], [ 78.360541500723926, 17.454448502454611 ], [ 78.360543901005769, 17.45444773620374 ], [ 78.360694103365631, 17.454406862771123 ], [ 78.360871405923348, 17.454357290012158 ], [ 78.360873478348708, 17.454356791411819 ], [ 78.360875584130781, 17.454356444699556 ], [ 78.361051573606574, 17.454334011745967 ], [ 78.361254985083661, 17.454289195631773 ], [ 78.361255756088042, 17.45428903661054 ], [ 78.361370069306332, 17.454267058108613 ], [ 78.361283642773401, 17.453144949799533 ], [ 78.361170782134081, 17.453103329402328 ], [ 78.360983172859406, 17.453054407678597 ], [ 78.360896124552426, 17.45303991109499 ], [ 78.360451739041892, 17.453002841688889 ], [ 78.359974276469543, 17.452979875358025 ], [ 78.359689447841518, 17.453022253994408 ], [ 78.359405257456316, 17.453073052836675 ], [ 78.35914356140276, 17.453134696665355 ], [ 78.358509144740708, 17.45344852222312 ], [ 78.359889677613083, 17.454755025209302 ] ] ], [ [ [ 78.361016993817145, 17.455428248742461 ], [ 78.361030485810218, 17.45541573732099 ], [ 78.361040911878746, 17.455222002534782 ], [ 78.361041224991993, 17.455219142758718 ], [ 78.361041852153051, 17.45521633094598 ], [ 78.361042786296139, 17.455213598775256 ], [ 78.361044016896926, 17.455210977027946 ], [ 78.361045530091104, 17.455208495241408 ], [ 78.361118430096298, 17.45510229525096 ], [ 78.36111911699237, 17.455101394164831 ], [ 78.361119789039208, 17.455100482821955 ], [ 78.361119934527423, 17.455100321703487 ], [ 78.361120065696866, 17.455100149632358 ], [ 78.361120841306189, 17.455099317506399 ], [ 78.361121603185197, 17.455098473776147 ], [ 78.361121764426571, 17.455098327120613 ], [ 78.361121912536703, 17.455098168218097 ], [ 78.361122769389738, 17.455097413066145 ], [ 78.36112361376361, 17.455096645074093 ], [ 78.361123789205351, 17.455096514293874 ], [ 78.361123952829715, 17.455096370090292 ], [ 78.361124882674474, 17.455095699184902 ], [ 78.361125801411475, 17.455095014327188 ], [ 78.361243401401396, 17.45501591433565 ], [ 78.361245225486996, 17.455014785231796 ], [ 78.361247134575635, 17.455013793998802 ], [ 78.361421248261195, 17.454931533438202 ], [ 78.361374263303688, 17.45432151033987 ], [ 78.361267230572693, 17.454342089048225 ], [ 78.361062914887754, 17.454387104370831 ], [ 78.361060315896268, 17.454387555300631 ], [ 78.360885138378706, 17.454409884750415 ], [ 78.36070979405325, 17.454458909991601 ], [ 78.360709599017312, 17.454458963793119 ], [ 78.360561739999042, 17.454499199545651 ], [ 78.360499978858471, 17.454528242520432 ], [ 78.360466301361242, 17.454563905917492 ], [ 78.360447011839852, 17.454609910586747 ], [ 78.360433023531186, 17.45472781219399 ], [ 78.360440573125985, 17.454846448394544 ], [ 78.360440587629057, 17.454849505275732 ], [ 78.360433871986615, 17.45497359902491 ], [ 78.36045937825638, 17.455095246856551 ], [ 78.361016993817145, 17.455428248742461 ] ] ], [ [ [ 78.361126198057093, 17.455493464010445 ], [ 78.361467280308091, 17.455529184322828 ], [ 78.361425736332038, 17.454989803711516 ], [ 78.36127401714397, 17.455061483907485 ], [ 78.361162607752291, 17.455136419989572 ], [ 78.361096892239871, 17.45523215371583 ], [ 78.361086288153203, 17.455429197467037 ], [ 78.361086027559153, 17.455431727376869 ], [ 78.361085521033502, 17.455434222702024 ], [ 78.361084773036708, 17.455436661468536 ], [ 78.361083790155689, 17.45543902220048 ], [ 78.36108258104575, 17.455441284109135 ], [ 78.361081156354345, 17.455443427276002 ], [ 78.3610795286274, 17.45544543282822 ], [ 78.361077712198764, 17.455447283104817 ], [ 78.361066412929731, 17.45545776116818 ], [ 78.361126198057093, 17.455493464010445 ] ] ] ] } },
{ "type": "Feature", "properties": { "parcel_id": "SYN-P0142", "survey_number": "5235/A", "survey_subdivision": "A", "district": "DEMO-RANGAREDDY", "mandal": "DEMO-GACHIBOWLI", "village": "DEMO-KONDAPUR", "ward": "DEMO-WARD-07", "door_number": "242", "address": "Plot 1682, Demo Street 10, Kondapur", "area_sqm": 1470.5866, "land_use": "residential", "source": "BhuSetu synthetic integrated benchmark v1 (parcel registry)", "synthetic": true, "geometry_status": "reference" }, "geometry": { "type": "MultiPolygon", "coordinates": [ [ [ [ 78.351466809455346, 17.45840295290688 ], [ 78.351688274458709, 17.458287459390917 ], [ 78.351657729427401, 17.458234762309811 ], [ 78.351558297851355, 17.458063081790311 ], [ 78.351409042167845, 17.458142209384814 ], [ 78.351339620258386, 17.458237585276525 ], [ 78.351466809455346, 17.45840295290688 ] ] ], [ [ [ 78.351549754494357, 17.458510795409733 ], [ 78.351621618356944, 17.458539863031014 ], [ 78.351703181139399, 17.458490117514636 ], [ 78.351748309355685, 17.458396752381397 ], [ 78.351715003037896, 17.458335183738676 ], [ 78.351500659365058, 17.458446963500776 ], [ 78.351549754494357, 17.458510795409733 ] ] ], [ [ [ 78.351874739607126, 17.458135181948929 ], [ 78.3516130650045, 17.458034047048102 ], [ 78.351607712721645, 17.458036884555732 ], [ 78.351707068219994, 17.458208433630187 ], [ 78.351751465879687, 17.458285029573066 ], [ 78.351751575645068, 17.458285225530556 ], [ 78.351751601378069, 17.458285266104184 ], [ 78.351751627100455, 17.45828531739075 ], [ 78.351751850678724, 17.458285716531517 ], [ 78.351778324372688, 17.458334654665414 ], [ 78.351874739607126, 17.458135181948929 ] ] ] ] } },
{ "type": "Feature", "properties": { "parcel_id": "SYN-P0143", "survey_number": "7980/B", "survey_subdivision": "B", "district": "DEMO-RANGAREDDY", "mandal": "DEMO-MADHAPUR", "village": "DEMO-KONDAPUR", "ward": "DEMO-WARD-08", "door_number": "243", "address": "Plot 8030, Demo Street 11, Kondapur", "area_sqm": 737.1089, "land_use": "commercial", "source": "BhuSetu synthetic integrated benchmark v1 (parcel registry)", "synthetic": true, "geometry_status": "reference" }, "geometry": { "type": "MultiPolygon", "coordinates": [ [ [ [ 78.356487669097788, 17.450704877724824 ], [ 78.356411753926821, 17.450669176010461 ], [ 78.356427132324853, 17.450702757547042 ], [ 78.356487669097788, 17.450704877724824 ] ] ], [ [ [ 78.356705775733246, 17.450537224528631 ], [ 78.356716247792406, 17.450468586174459 ], [ 78.356536109626518, 17.450366811890696 ], [ 78.3563789225596, 17.450593399696199 ], [ 78.356591359804412, 17.450693305569626 ], [ 78.356705775733246, 17.450537224528631 ] ] ] ] } },
{ "type": "Feature", "properties": { "parcel_id": "SYN-P0144", "survey_number": "3868/C", "survey_subdivision": "C", "district": "DEMO-RANGAREDDY", "mandal": "DEMO-SERILINGAMPALLY", "village": "DEMO-KONDAPUR", "ward": "DEMO-WARD-01", "door_number": "244", "address": "Plot 8831, Demo Street 12, Kondapur", "area_sqm": 1903.4848, "land_use": "mixed_use", "source": "BhuSetu synthetic integrated benchmark v1 (parcel registry)", "synthetic": true, "geometry_status": "reference" }, "geometry": { "type": "MultiPolygon", "coordinates": [ [ [ [ 78.361695588444221, 17.461451679339707 ], [ 78.361737406874013, 17.461428573862609 ], [ 78.361598437355738, 17.461137381733881 ], [ 78.361597408775111, 17.461134913221798 ], [ 78.361596637245583, 17.461132359833574 ], [ 78.361596130197412, 17.461129746159752 ], [ 78.361595892513733, 17.461127097371438 ], [ 78.361595926483574, 17.461124438977919 ], [ 78.361596231779771, 17.461121796580958 ], [ 78.361596805462128, 17.461119195628292 ], [ 78.361597642005762, 17.461116661168521 ], [ 78.361598733354299, 17.461114217609843 ], [ 78.361600068997447, 17.4611118884851 ], [ 78.361601636072237, 17.461109696224995 ], [ 78.361603419486869, 17.461107661942204 ], [ 78.36160540206609, 17.461105805227984 ], [ 78.361607564716579, 17.461104143963482 ], [ 78.361609886610822, 17.461102694147595 ], [ 78.361612345387726, 17.461101469742822 ], [ 78.361614917367945, 17.461100482540857 ], [ 78.361617577781885, 17.46109974204899 ], [ 78.36162030100833, 17.461099255398565 ], [ 78.361623060821145, 17.461099027276287 ], [ 78.361625830641813, 17.461099059879089 ], [ 78.361628583795479, 17.461099352893008 ], [ 78.361631293767772, 17.461099903496155 ], [ 78.361633934460173, 17.46110070638592 ], [ 78.361636480441405, 17.461101753830054 ], [ 78.361638907192273, 17.461103035741083 ], [ 78.361641191341832, 17.461104539773523 ], [ 78.361643310892504, 17.461106251442715 ], [ 78.361645245431816, 17.461108154264359 ], [ 78.361646976329126, 17.46111022991326 ], [ 78.361648486914945, 17.461112458399764 ], [ 78.361649762641491, 17.461114818262363 ], [ 78.361786652309178, 17.461401652166245 ], [ 78.361980381455908, 17.461311595580408 ], [ 78.361863538530613, 17.461029244257446 ], [ 78.361563895802405, 17.461096423776262 ], [ 78.36157463092178, 17.461321410163197 ], [ 78.361695588444221, 17.461451679339707 ] ] ], [ [ [ 78.362112271127614, 17.4612645634014 ], [ 78.362009780083511, 17.460996456899213 ], [ 78.36191912426635, 17.461016781949233 ], [ 78.362036451813054, 17.46130030413055 ], [ 78.362112271127614, 17.4612645634014 ] ] ], [ [ [ 78.362250417257627, 17.461199442101936 ], [ 78.362247655610858, 17.460943124939281 ], [ 78.362065166129653, 17.46098403931471 ], [ 78.362163222594702, 17.461240545187366 ], [ 78.362250417257627, 17.461199442101936 ] ] ] ] } },
{ "type": "Feature", "properties": { "parcel_id": "SYN-P0145", "survey_number": "5447/A", "survey_subdivision": "A", "district": "DEMO-RANGAREDDY", "mandal": "DEMO-GACHIBOWLI", "village": "DEMO-KONDAPUR", "ward": "DEMO-WARD-02", "door_number": "245", "address": "Plot 3343, Demo Street 1, Kondapur", "area_sqm": 1289.3951, "land_use": "residential", "source": "BhuSetu synthetic integrated benchmark v1 (parcel registry)", "synthetic": true, "geometry_status": "reference" }, "geometry": { "type": "Polygon", "coordinates": [ [ [ 78.354573569067824, 17.459321663930876 ], [ 78.354572369099216, 17.459273791968435 ], [ 78.354248066657476, 17.459241535468355 ], [ 78.354062776290931, 17.459349322326407 ], [ 78.354047652746786, 17.459379060260563 ], [ 78.354234141670645, 17.459575705514801 ], [ 78.354502535801487, 17.459442784129887 ], [ 78.354523147390736, 17.459431926527994 ], [ 78.354573569067824, 17.459321663930876 ] ] ] } },
{ "type": "Feature", "properties": { "parcel_id": "SYN-P0146", "survey_number": "3180/B", "survey_subdivision": "B", "district": "DEMO-RANGAREDDY", "mandal": "DEMO-MADHAPUR", "village": "DEMO-KONDAPUR", "ward": "DEMO-WARD-03", "door_number": "246", "address": "Plot 475, Demo Street 2, Kondapur", "area_sqm": 9250.7298, "land_use": "commercial", "source": "BhuSetu synthetic integrated benchmark v1 (parcel registry)", "synthetic": true, "geometry_status": "reference" }, "geometry": { "type": "MultiPolygon", "coordinates": [ [ [ [ 78.362338959703393, 17.46136592269194 ], [ 78.362830644601218, 17.461175199618975 ], [ 78.362830054594653, 17.461175029326863 ], [ 78.362829495706308, 17.46117480864886 ], [ 78.362828924950364, 17.461174617993301 ], [ 78.362828215607905, 17.461174303199844 ], [ 78.362827492879319, 17.461174017829226 ], [ 78.362826959219063, 17.461173745636994 ], [ 78.362826410682288, 17.461173502206222 ], [ 78.362825736904, 17.46117312219792 ], [ 78.362825046799188, 17.461172770211483 ], [ 78.362824543506463, 17.461172449126401 ], [ 78.362824022471557, 17.461172155264748 ], [ 78.362823390746271, 17.46117171370128 ], [ 78.362822739911337, 17.461171298488861 ], [ 78.36282227183311, 17.461170931603132 ], [ 78.362821783317941, 17.461170590140693 ], [ 78.362821199729538, 17.461170091274571 ], [ 78.362820594432378, 17.461169616834862 ], [ 78.362820166076503, 17.461169207681802 ], [ 78.362819714785729, 17.461168821907027 ], [ 78.362819184954475, 17.461168270542601 ], [ 78.362818631024425, 17.461167741444743 ], [ 78.362818246516198, 17.461167293964731 ], [ 78.362817836795998, 17.461166867592844 ], [ 78.362817365824441, 17.461166269040032 ], [ 78.362816868596184, 17.461165690379545 ], [ 78.362816531638629, 17.461165208882054 ], [ 78.362816167434815, 17.461164746019254 ], [ 78.362815759858677, 17.461164106042471 ], [ 78.36281532412076, 17.461163483392145 ], [ 78.362809924121677, 17.46115488339159 ], [ 78.3628086436063, 17.461152604316251 ], [ 78.362807595641797, 17.461150218318931 ], [ 78.362601495717598, 17.460610218300996 ], [ 78.36260067170916, 17.460607680059827 ], [ 78.362600110887129, 17.460605076523002 ], [ 78.362599818652512, 17.460602432763991 ], [ 78.362599797819684, 17.460599774243651 ], [ 78.362600048589243, 17.46059712656497 ], [ 78.362600568546142, 17.460594515226553 ], [ 78.362601352682915, 17.460591965377002 ], [ 78.362602393447858, 17.460589501572766 ], [ 78.36260368081787, 17.460587147541613 ], [ 78.362605202394832, 17.460584925954151 ], [ 78.362606943525151, 17.46058285820547 ], [ 78.362608887440729, 17.460580964209122 ], [ 78.362611015420669, 17.460579262205325 ], [ 78.362613306971326, 17.460577768585281 ], [ 78.362615740023841, 17.460576497733385 ], [ 78.362618291146589, 17.460575461888617 ], [ 78.362620935770863, 17.46057467102673 ], [ 78.362623648427515, 17.460574132764158 ], [ 78.362626402992163, 17.460573852284664 ], [ 78.362629172936877, 17.460573832289402 ], [ 78.362631931585597, 17.46057407297096 ], [ 78.362634652371014, 17.460574572011453 ], [ 78.362637309090502, 17.460575324604818 ], [ 78.362639876158369, 17.460576323503204 ], [ 78.362642328852417, 17.460577559086655 ], [ 78.362644643551846, 17.460579019455853 ], [ 78.362646797964814, 17.460580690546632 ], [ 78.362648771343203, 17.460582556265496 ], [ 78.362650544682211, 17.460584598644562 ], [ 78.362652100903688, 17.460586798014585 ], [ 78.362653425020341, 17.460589133194443 ], [ 78.362654504280172, 17.460591581695105 ], [ 78.362855362562939, 17.461117847761045 ], [ 78.362876406611207, 17.461108612274128 ], [ 78.362867581936783, 17.461084244126244 ], [ 78.362734198429834, 17.460788666971812 ], [ 78.362733209841892, 17.460786137282252 ], [ 78.36273248870117, 17.460783525665413 ], [ 78.362732042180056, 17.460780858096204 ], [ 78.3627318747196, 17.460778161106056 ], [ 78.362731987985342, 17.460775461518978 ], [ 78.36273238085073, 17.460772786184833 ], [ 78.362733049408362, 17.460770161712276 ], [ 78.362733987008767, 17.46076761420407 ], [ 78.362735184326695, 17.460765168997508 ], [ 78.362736629453707, 17.460762850412401 ], [ 78.362738308016688, 17.460760681509171 ], [ 78.362740203320769, 17.460758683859556 ], [ 78.362872203316712, 17.460632783872541 ], [ 78.362874253434526, 17.460631011013326 ], [ 78.362876474124448, 17.460629438760606 ], [ 78.362878844161813, 17.460628082141486 ], [ 78.362881340894504, 17.460626954122151 ], [ 78.362883940459497, 17.46062606548384 ], [ 78.363172369123561, 17.460542473467623 ], [ 78.362905602869844, 17.460177021769447 ], [ 78.362273115675407, 17.460856584530266 ], [ 78.362247655610858, 17.460943124939281 ], [ 78.362250417257627, 17.461199442101936 ], [ 78.362338959703393, 17.46136592269194 ] ] ], [ [ [ 78.362529873124302, 17.461724883759032 ], [ 78.362681053768938, 17.46157216326268 ], [ 78.3626058798136, 17.461352245039766 ], [ 78.362605146504848, 17.461349681295577 ], [ 78.362604678551278, 17.461347060911304 ], [ 78.362604480459638, 17.461344409122706 ], [ 78.362604554137533, 17.461341751467931 ], [ 78.362604898875489, 17.461339113541669 ], [ 78.362605511353451, 17.461336520748564 ], [ 78.362606385672876, 17.461333998058642 ], [ 78.362607513413622, 17.461331569766788 ], [ 78.362608883714927, 17.461329259258758 ], [ 78.362610483379996, 17.461327088786017 ], [ 78.36261229700321, 17.461325079251388 ], [ 78.362614307118378, 17.46132325000778 ], [ 78.362616494367003, 17.461321618671807 ], [ 78.36261883768465, 17.461320200954134 ], [ 78.36262131450394, 17.461319010508149 ], [ 78.362623900971741, 17.461318058798469 ], [ 78.362626572178968, 17.461317354990594 ], [ 78.362629302400435, 17.461316905862589 ], [ 78.362632065342652, 17.46131671573978 ], [ 78.362634834396957, 17.461316786453164 ], [ 78.362637582895886, 17.461317117321734 ], [ 78.362640284369874, 17.461317705159058 ], [ 78.362642912802272, 17.461318544303932 ], [ 78.362645442879867, 17.461319626674939 ], [ 78.362647850236584, 17.461320941848253 ], [ 78.362650111688325, 17.461322477158056 ], [ 78.36265220545603, 17.461324217818472 ], [ 78.362654111375619, 17.461326147066004 ], [ 78.362655811091983, 17.461328246320939 ], [ 78.36265728823598, 17.461330495366312 ], [ 78.362658528581846, 17.461332872542595 ], [ 78.362659520184408, 17.461335354956272 ], [ 78.362725217526076, 17.461527549598237 ], [ 78.362946121925873, 17.461304394266932 ], [ 78.362926555583996, 17.461247166628635 ], [ 78.362910456978383, 17.461202662361906 ], [ 78.362892484893521, 17.461209614199348 ], [ 78.362871218359317, 17.461217901158388 ], [ 78.36287117685491, 17.461217917294665 ], [ 78.36236472544492, 17.46141436828152 ], [ 78.362529873124302, 17.461724883759032 ] ] ], [ [ [ 78.363396461335327, 17.460849463372437 ], [ 78.363206469852713, 17.460589189040494 ], [ 78.362907001355296, 17.460675980618831 ], [ 78.362793653741761, 17.460784090214617 ], [ 78.362919801606751, 17.461063633011801 ], [ 78.362920170151298, 17.461064573790196 ], [ 78.362920562076852, 17.461065505823015 ], [ 78.362938161897219, 17.461114105306446 ], [ 78.362954065329816, 17.461158014771481 ], [ 78.362979965340003, 17.461229614769291 ], [ 78.362980033196322, 17.461229837002556 ], [ 78.362980119585856, 17.461230053230032 ], [ 78.362990284001867, 17.461259782091751 ], [ 78.363396461335327, 17.460849463372437 ] ] ] ] } },
{ "type": "Feature", "properties": { "parcel_id": "SYN-P0147", "survey_number": "7206/C", "survey_subdivision": "C", "district": "DEMO-RANGAREDDY", "mandal": "DEMO-SERILINGAMPALLY", "village": "DEMO-KONDAPUR", "ward": "DEMO-WARD-04", "door_number": "247", "address": "Plot 7648, Demo Street 3, Kondapur", "area_sqm": 9414.4575, "land_use": "mixed_use", "source": "BhuSetu synthetic integrated benchmark v1 (parcel registry)", "synthetic": true, "geometry_status": "reference" }, "geometry": { "type": "MultiPolygon", "coordinates": [ [ [ [ 78.362594477458615, 17.457859286032605 ], [ 78.362599030190353, 17.457850704873199 ], [ 78.362605148223366, 17.457597040747949 ], [ 78.362417510355115, 17.457617943035537 ], [ 78.362594477458615, 17.457859286032605 ] ] ], [ [ [ 78.362874183454053, 17.458240740142113 ], [ 78.362876313854244, 17.458239606534487 ], [ 78.362879101992732, 17.458238309554897 ], [ 78.362882021442957, 17.458237313689029 ], [ 78.362885037028022, 17.458236630936234 ], [ 78.362909537024407, 17.458232430936366 ], [ 78.362912560235273, 17.458232072925679 ], [ 78.36291451442834, 17.458232045181976 ], [ 78.362923742017031, 17.458158733150015 ], [ 78.362934539950686, 17.458054637437666 ], [ 78.362865274950835, 17.457843330305625 ], [ 78.362864338360225, 17.45783953969071 ], [ 78.362819302151138, 17.457573184425936 ], [ 78.362661767662928, 17.457590733478327 ], [ 78.362655318579058, 17.457858126956207 ], [ 78.362655147029386, 17.457860547090945 ], [ 78.362654750616883, 17.457862942796101 ], [ 78.362654132519694, 17.457865294864476 ], [ 78.362653297693328, 17.457867584438706 ], [ 78.362652252830898, 17.457869793162484 ], [ 78.362631232991674, 17.457909412155995 ], [ 78.362874183454053, 17.458240740142113 ] ] ], [ [ [ 78.362956576766209, 17.458353105175867 ], [ 78.362959460419631, 17.458348682128985 ], [ 78.362962934337176, 17.458334228159412 ], [ 78.362961326312373, 17.458319570374023 ], [ 78.362954815778039, 17.458306239275785 ], [ 78.362944102674859, 17.458295526171135 ], [ 78.362930347335279, 17.458288741862855 ], [ 78.362914923006969, 17.458286547344283 ], [ 78.362908570740458, 17.458287636304291 ], [ 78.362956576766209, 17.458353105175867 ] ] ], [ [ [ 78.363054418883351, 17.458486538535396 ], [ 78.36308242512672, 17.458466731063865 ], [ 78.362992566554112, 17.458398741171514 ], [ 78.362991021626272, 17.458400079791065 ], [ 78.363054418883351, 17.458486538535396 ] ] ], [ [ [ 78.363188632450033, 17.458391615641489 ], [ 78.363045487983854, 17.458101391370505 ], [ 78.363045393847273, 17.458101198553194 ], [ 78.362981993864068, 17.457969998547096 ], [ 78.362980859411408, 17.457967273059392 ], [ 78.362980038802775, 17.457964445779353 ], [ 78.362942738827499, 17.457802445777386 ], [ 78.362942389777018, 17.457800641862477 ], [ 78.362913589805515, 17.457617441862169 ], [ 78.362913437439417, 17.457616312106296 ], [ 78.362907472698012, 17.45756336233217 ], [ 78.362875435576058, 17.457566931234076 ], [ 78.362919735695044, 17.457828932597049 ], [ 78.362990125078781, 17.458043669684795 ], [ 78.362990842034193, 17.458046317025929 ], [ 78.362991277196997, 17.458049020262443 ], [ 78.362991426130961, 17.45805175183661 ], [ 78.362991287317811, 17.45805448390178 ], [ 78.362979887334063, 17.458164383905615 ], [ 78.36297982245388, 17.458164949133081 ], [ 78.362969479265942, 17.458247124651407 ], [ 78.362974101095944, 17.458249404196053 ], [ 78.36297678877466, 17.458250915252847 ], [ 78.362979286617048, 17.458252701341333 ], [ 78.362981564204972, 17.458254740710938 ], [ 78.362998764205642, 17.458271940709228 ], [ 78.363000767042095, 17.458274175103238 ], [ 78.363002505113371, 17.458276605107319 ], [ 78.363003957845407, 17.458279201956799 ], [ 78.363014457848138, 17.458300701955793 ], [ 78.363015628847748, 17.45830349352261 ], [ 78.363016470037692, 17.458306392519468 ], [ 78.363016971038476, 17.458309363175385 ], [ 78.363019571042187, 17.458333063175512 ], [ 78.363019725772205, 17.458336052605858 ], [ 78.363019535962621, 17.458339040173431 ], [ 78.363019003930347, 17.458341989410314 ], [ 78.363017425626666, 17.458348556285781 ], [ 78.363129555943971, 17.458433397679169 ], [ 78.363188632450033, 17.458391615641489 ] ] ], [ [ [ 78.364000013053754, 17.457817760245735 ], [ 78.36400001354319, 17.457441651195555 ], [ 78.362963550177724, 17.457557115346567 ], [ 78.362969498753912, 17.457609921473995 ], [ 78.362998067537447, 17.457791650500472 ], [ 78.363034498434814, 17.457949875739999 ], [ 78.363096559476375, 17.458078304856866 ], [ 78.363232437713293, 17.458353796758281 ], [ 78.363246093327206, 17.458350976224249 ], [ 78.364000013053754, 17.457817760245735 ] ] ] ] } },
{ "type": "Feature", "properties": { "parcel_id": "SYN-P0148", "survey_number": "5551/A", "survey_subdivision": "A", "district": "DEMO-RANGAREDDY", "mandal": "DEMO-GACHIBOWLI", "village": "DEMO-KONDAPUR", "ward": "DEMO-WARD-05", "door_number": "248", "address": "Plot 9221, Demo Street 4, Kondapur", "area_sqm": 3848.8955, "land_use": "residential", "source": "BhuSetu synthetic integrated benchmark v1 (parcel registry)", "synthetic": true, "geometry_status": "reference" }, "geometry": { "type": "MultiPolygon", "coordinates": [ [ [ [ 78.361884854247066, 17.450965490576301 ], [ 78.361904904024826, 17.45093345084366 ], [ 78.36190644501994, 17.450931241671892 ], [ 78.361908204194847, 17.450929188113644 ], [ 78.361910164607707, 17.450927309945801 ], [ 78.361912307378688, 17.450925625256144 ], [ 78.361914611871754, 17.450924150269138 ], [ 78.361917055893343, 17.450922899189738 ], [ 78.361919615906231, 17.450921884066485 ], [ 78.361922267256091, 17.450921114675587 ], [ 78.361924984409001, 17.450920598426702 ], [ 78.361927741197292, 17.450920340291567 ], [ 78.361930511071591, 17.450920342756184 ], [ 78.361933267356505, 17.450920605796806 ], [ 78.36193598350755, 17.450921126880228 ], [ 78.361938633366663, 17.450921900988117 ], [ 78.361941191414303, 17.450922920665406 ], [ 78.361943633015059, 17.450924176092052 ], [ 78.361945934654997, 17.450925655177599 ], [ 78.361948074168069, 17.450927343677677 ], [ 78.361950030949586, 17.450929225331087 ], [ 78.361951786154677, 17.450931282016505 ], [ 78.361953322879742, 17.450933493926911 ], [ 78.361954626325286, 17.450935839760415 ], [ 78.361955683938419, 17.450938296925369 ], [ 78.36195648553371, 17.450940841757923 ], [ 78.361957023391369, 17.450943449749939 ], [ 78.36195729233151, 17.450946095785056 ], [ 78.361957289764078, 17.450948754380484 ], [ 78.361957015713813, 17.450951399932517 ], [ 78.361956472819926, 17.45095400696302 ], [ 78.361955666310777, 17.450956550364872 ], [ 78.361954603953492, 17.450959005643718 ], [ 78.361953295979148, 17.450961349153868 ], [ 78.361904129726838, 17.451039917287602 ], [ 78.361934853674867, 17.451158548868079 ], [ 78.362117265688184, 17.451207935379045 ], [ 78.362168023208383, 17.451209460382824 ], [ 78.362361786535175, 17.451093408908097 ], [ 78.362406385688203, 17.450970094460882 ], [ 78.362344153281811, 17.450971470603395 ], [ 78.362181855307185, 17.450981732534423 ], [ 78.362178685842238, 17.450981761744693 ], [ 78.362175532949863, 17.450981449685212 ], [ 78.362123532942803, 17.45097344968308 ], [ 78.362120401751284, 17.450972791019588 ], [ 78.362117368562281, 17.450971795833158 ], [ 78.362114472498007, 17.45097047695975 ], [ 78.362070972494905, 17.450947676956297 ], [ 78.362068274552428, 17.450946067366463 ], [ 78.362065782135261, 17.450944176986017 ], [ 78.362063526814453, 17.450942029760117 ], [ 78.362027026816435, 17.450903129756433 ], [ 78.36202543122846, 17.450901269086309 ], [ 78.36202401422608, 17.450899279679735 ], [ 78.362022787021957, 17.45089717727879 ], [ 78.361994687028513, 17.450843577276007 ], [ 78.361993325798821, 17.450840529191474 ], [ 78.361992362781805, 17.450837344306642 ], [ 78.36196292772442, 17.450711721385424 ], [ 78.361906171961493, 17.450491201467742 ], [ 78.361839696364072, 17.450365487506307 ], [ 78.361774782961803, 17.450540481165312 ], [ 78.361884854247066, 17.450965490576301 ] ] ], [ [ [ 78.362446788597964, 17.450858382232479 ], [ 78.362319606721684, 17.450688229410623 ], [ 78.362366046827745, 17.450916789839514 ], [ 78.362423403558765, 17.450915521504292 ], [ 78.362426161867432, 17.450915414236785 ], [ 78.362446788597964, 17.450858382232479 ] ] ], [ [ [ 78.361918859353239, 17.450152079201079 ], [ 78.361864389837308, 17.450298918685995 ], [ 78.361882374583161, 17.45032670313601 ], [ 78.361882965369432, 17.450327724450474 ], [ 78.36188356878553, 17.45032873893955 ], [ 78.361957968802656, 17.450469438932213 ], [ 78.361958148262161, 17.450469824052192 ], [ 78.361958354199515, 17.450470196766986 ], [ 78.361958713416925, 17.450471036873882 ], [ 78.361959099702517, 17.450471865842484 ], [ 78.361959238969618, 17.450472265991465 ], [ 78.361959405853881, 17.450472656286031 ], [ 78.36195967755026, 17.45047352614262 ], [ 78.361959977321916, 17.450474387461071 ], [ 78.361960075055393, 17.450474798785418 ], [ 78.361960201279359, 17.450475202901011 ], [ 78.362017801313115, 17.450699002897441 ], [ 78.362017858133143, 17.450699281812927 ], [ 78.362017937197763, 17.450699555690889 ], [ 78.362046674808354, 17.450822201888034 ], [ 78.362071509437271, 17.450869573266466 ], [ 78.362102252017436, 17.450902337271874 ], [ 78.362137263811121, 17.450920688279503 ], [ 78.362181322495616, 17.450927466537568 ], [ 78.362309061479067, 17.450919389739457 ], [ 78.362240622499129, 17.450582558607728 ], [ 78.361918859353239, 17.450152079201079 ] ] ] ] } },
{ "type": "Feature", "properties": { "parcel_id": "SYN-P0149", "survey_number": "1936/B", "survey_subdivision": "B", "district": "DEMO-RANGAREDDY", "mandal": "DEMO-MADHAPUR", "village": "DEMO-KONDAPUR", "ward": "DEMO-WARD-06", "door_number": "249", "address": "Plot 3541, Demo Street 5, Kondapur", "area_sqm": 7531.4248, "land_use": "commercial", "source": "BhuSetu synthetic integrated benchmark v1 (parcel registry)", "synthetic": true, "geometry_status": "reference" }, "geometry": { "type": "MultiPolygon", "coordinates": [ [ [ [ 78.363208530748722, 17.451145743792249 ], [ 78.36317741578813, 17.451210553275168 ], [ 78.363428793546845, 17.451219829191224 ], [ 78.363485081006871, 17.451221923925331 ], [ 78.36349800434877, 17.451070809212691 ], [ 78.36342730964563, 17.451069687061121 ], [ 78.363388690728016, 17.451069042988614 ], [ 78.363208530748722, 17.451145743792249 ] ] ], [ [ [ 78.363087339671083, 17.451398172863851 ], [ 78.363465602817968, 17.451939115812699 ], [ 78.363475170628874, 17.451636820491728 ], [ 78.363472476182807, 17.451371263825909 ], [ 78.363472568584868, 17.45136879389305 ], [ 78.363480469687275, 17.451275975327864 ], [ 78.363426611082176, 17.45127397098096 ], [ 78.363155615667011, 17.451263971144751 ], [ 78.363152728193128, 17.451263721576208 ], [ 78.363151958850565, 17.451263577593643 ], [ 78.363087339671083, 17.451398172863851 ] ] ], [ [ [ 78.363612298710549, 17.452148900342895 ], [ 78.363599577132931, 17.451184543004732 ], [ 78.363599574956766, 17.451184266955295 ], [ 78.363599173133125, 17.451028214295466 ], [ 78.363558075424436, 17.451030706978816 ], [ 78.36355673039408, 17.451046417500166 ], [ 78.363539130964185, 17.451252211199577 ], [ 78.363528936369221, 17.451371973161443 ], [ 78.363531623858847, 17.451636836175219 ], [ 78.363531612182527, 17.451637922608526 ], [ 78.363519633786026, 17.452016383621164 ], [ 78.363612298710549, 17.452148900342895 ] ] ], [ [ [ 78.363704362796511, 17.452280557621751 ], [ 78.363704297193138, 17.452278981347632 ], [ 78.363704295714356, 17.452278916562122 ], [ 78.363704293713965, 17.45227889423791 ], [ 78.36370429425223, 17.452278852506414 ], [ 78.363704274912706, 17.452278005249315 ], [ 78.36370127502714, 17.451536905264291 ], [ 78.363701285222589, 17.451536064340182 ], [ 78.363709385266318, 17.45124986434725 ], [ 78.36370939592139, 17.451249553579046 ], [ 78.363715895945973, 17.451088153583282 ], [ 78.363715905862264, 17.451088010542492 ], [ 78.363715905675306, 17.451087934890733 ], [ 78.363715923334468, 17.451087758509424 ], [ 78.363716000148315, 17.451086650484374 ], [ 78.363722491871059, 17.4510207346401 ], [ 78.363655614700775, 17.451024790952907 ], [ 78.363656024688368, 17.451183995010631 ], [ 78.363669839295554, 17.452231186925978 ], [ 78.363704362796511, 17.452280557621751 ] ] ], [ [ [ 78.364000010033791, 17.452703349884086 ], [ 78.364000008819261, 17.452270395244419 ], [ 78.363761727225608, 17.452301432515185 ], [ 78.363764433750859, 17.452366462653398 ], [ 78.364000010033791, 17.452703349884086 ] ] ], [ [ [ 78.364000006273699, 17.451496010949615 ], [ 78.363959788521427, 17.451521584579581 ], [ 78.363957343761598, 17.451522974479921 ], [ 78.363954765795839, 17.451524121410078 ], [ 78.363952080750622, 17.451525013746437 ], [ 78.36384208073504, 17.451555713748803 ], [ 78.36383916293741, 17.451556369073753 ], [ 78.363836189199205, 17.451556723793825 ], [ 78.363757827573522, 17.451562037718677 ], [ 78.363760600029835, 17.452246900385241 ], [ 78.364000008655225, 17.452215716294852 ], [ 78.364000006273699, 17.451496010949615 ] ] ], [ [ [ 78.364000004706796, 17.451079566614688 ], [ 78.363771401946522, 17.451112646591852 ], [ 78.363765810336034, 17.451251491062262 ], [ 78.363758560013096, 17.45150767067954 ], [ 78.363829208934689, 17.451502879771947 ], [ 78.363932193431197, 17.451474137733722 ], [ 78.363984911477033, 17.451440615423497 ], [ 78.363987563281725, 17.451439121996728 ], [ 78.363990368590976, 17.451437914274813 ], [ 78.364000006050446, 17.451434356824343 ], [ 78.364000004706796, 17.451079566614688 ] ] ], [ [ [ 78.364000004407202, 17.451003902378631 ], [ 78.363779534472116, 17.451017274807047 ], [ 78.363775598041656, 17.45105724478929 ], [ 78.364000004490293, 17.451024772018012 ], [ 78.364000004407202, 17.451003902378631 ] ] ] ] } },
{ "type": "Feature", "properties": { "parcel_id": "SYN-P0150", "survey_number": "1630/C", "survey_subdivision": "C", "district": "DEMO-RANGAREDDY", "mandal": "DEMO-SERILINGAMPALLY", "village": "DEMO-KONDAPUR", "ward": "DEMO-WARD-07", "door_number": "250", "address": "Plot 159, Demo Street 6, Kondapur", "area_sqm": 976.978, "land_use": "mixed_use", "source": "BhuSetu synthetic integrated benchmark v1 (parcel registry)", "synthetic": true, "geometry_status": "reference" }, "geometry": { "type": "MultiPolygon", "coordinates": [ [ [ [ 78.36307367869226, 17.450952666873231 ], [ 78.362961243408819, 17.450957044472169 ], [ 78.363074285023515, 17.451001401834716 ], [ 78.36307367869226, 17.450952666873231 ] ] ], [ [ [ 78.363068388184573, 17.450527438191724 ], [ 78.362745991111041, 17.450776037888748 ], [ 78.362776099740273, 17.450884394193764 ], [ 78.362835524244261, 17.450907712361829 ], [ 78.363073004359094, 17.450898466282858 ], [ 78.363068388184573, 17.450527438191724 ] ] ], [ [ [ 78.362663015590954, 17.450840019925096 ], [ 78.362710526666248, 17.450858663301364 ], [ 78.362697876865639, 17.450813138569373 ], [ 78.362663015590954, 17.450840019925096 ] ] ] ] } },
{ "type": "Feature", "properties": { "parcel_id": "SYN-P0151", "survey_number": "2208/A", "survey_subdivision": "A", "district": "DEMO-RANGAREDDY", "mandal": "DEMO-GACHIBOWLI", "village": "DEMO-KONDAPUR", "ward": "DEMO-WARD-08", "door_number": "251", "address": "Plot 2376, Demo Street 7, Kondapur", "area_sqm": 1357.3944, "land_use": "residential", "source": "BhuSetu synthetic integrated benchmark v1 (parcel registry)", "synthetic": true, "geometry_status": "reference" }, "geometry": { "type": "MultiPolygon", "coordinates": [ [ [ [ 78.350897629691417, 17.459951233804354 ], [ 78.351023560339812, 17.459883937245809 ], [ 78.351108414196929, 17.459706125787019 ], [ 78.350836748614157, 17.459619532281664 ], [ 78.350759876385695, 17.459660398432 ], [ 78.350759844300228, 17.459660415237259 ], [ 78.350759840727505, 17.459660417356016 ], [ 78.350759836132426, 17.459660419515291 ], [ 78.350759565354068, 17.459660561339724 ], [ 78.350569606459189, 17.459758575056092 ], [ 78.350533768790243, 17.459818776615968 ], [ 78.350897629691417, 17.459951233804354 ] ] ], [ [ [ 78.3507532619751, 17.459592920797082 ], [ 78.35075725083891, 17.459599856301015 ], [ 78.350763911579847, 17.45959631537599 ], [ 78.3507532619751, 17.459592920797082 ] ] ], [ [ [ 78.350622460329461, 17.459669788899173 ], [ 78.350707695610055, 17.459625809750321 ], [ 78.350678676728137, 17.459575354099179 ], [ 78.350622460329461, 17.459669788899173 ] ] ] ] } },
{ "type": "Feature", "properties": { "parcel_id": "SYN-P0152", "survey_number": "1339/B", "survey_subdivision": "B", "district": "DEMO-RANGAREDDY", "mandal": "DEMO-MADHAPUR", "village": "DEMO-KONDAPUR", "ward": "DEMO-WARD-01", "door_number": "252", "address": "Plot 7678, Demo Street 8, Kondapur", "area_sqm": 5489.2215, "land_use": "commercial", "source": "BhuSetu synthetic integrated benchmark v1 (parcel registry)", "synthetic": true, "geometry_status": "reference" }, "geometry": { "type": "MultiPolygon", "coordinates": [ [ [ [ 78.359689447841518, 17.453022253994408 ], [ 78.360364898456439, 17.451485205085813 ], [ 78.360184870955308, 17.45139836802149 ], [ 78.359405257456316, 17.453073052836675 ], [ 78.359689447841518, 17.453022253994408 ] ] ], [ [ [ 78.360400994434315, 17.451403064486556 ], [ 78.360236406717476, 17.45131865996014 ], [ 78.360216257312231, 17.451352868067502 ], [ 78.360386885392487, 17.451435171264862 ], [ 78.360400994434315, 17.451403064486556 ] ] ], [ [ [ 78.360655838682419, 17.450823134023072 ], [ 78.360466634262337, 17.450927468337451 ], [ 78.360264186870381, 17.451271475418654 ], [ 78.360423024969563, 17.451352931392407 ], [ 78.360655838682419, 17.450823134023072 ] ] ] ] } },
{ "type": "Feature", "properties": { "parcel_id": "SYN-P0153", "survey_number": "6156/C", "survey_subdivision": "C", "district": "DEMO-RANGAREDDY", "mandal": "DEMO-SERILINGAMPALLY", "village": "DEMO-KONDAPUR", "ward": "DEMO-WARD-02", "door_number": "253", "address": "Plot 1242, Demo Street 9, Kondapur", "area_sqm": 1879.1471, "land_use": "mixed_use", "source": "BhuSetu synthetic integrated benchmark v1 (parcel registry)", "synthetic": true, "geometry_status": "reference" }, "geometry": { "type": "MultiPolygon", "coordinates": [ [ [ [ 78.351023560339812, 17.459883937245809 ], [ 78.351233585865558, 17.459771700598679 ], [ 78.351173742691131, 17.459662530000731 ], [ 78.351108414196929, 17.459706125787019 ], [ 78.351023560339812, 17.459883937245809 ] ] ], [ [ [ 78.351100988472993, 17.460223297924706 ], [ 78.35113088797074, 17.460234837688951 ], [ 78.351396287184727, 17.46009628365529 ], [ 78.351258880646625, 17.459820197431149 ], [ 78.350988384495608, 17.459964749216603 ], [ 78.351100988472993, 17.460223297924706 ] ] ], [ [ [ 78.351371028006028, 17.460327519956092 ], [ 78.35140508472071, 17.460314888570348 ], [ 78.351456666586969, 17.460228467451021 ], [ 78.351453173659067, 17.460198973530847 ], [ 78.351422069965011, 17.460144502016593 ], [ 78.351198815086903, 17.460261054258925 ], [ 78.351371028006028, 17.460327519956092 ] ] ], [ [ [ 78.351414255339819, 17.459870351038496 ], [ 78.351261089513912, 17.459614566686231 ], [ 78.351238749851177, 17.459619148605729 ], [ 78.351220446654139, 17.459631362929752 ], [ 78.351296379948963, 17.459769886295248 ], [ 78.351296869619915, 17.459770823135838 ], [ 78.351435442398113, 17.460049252549133 ], [ 78.351414255339819, 17.459870351038496 ] ] ] ] } },
{ "type": "Feature", "properties": { "parcel_id": "SYN-P0154", "survey_number": "6156/C", "survey_subdivision": "C", "district": "DEMO-RANGAREDDY", "mandal": "DEMO-GACHIBOWLI", "village": "DEMO-KONDAPUR", "ward": "DEMO-WARD-03", "door_number": "254", "address": "Plot 7421, Demo Street 10, Kondapur", "area_sqm": 91891.9462, "land_use": "residential", "source": "BhuSetu synthetic integrated benchmark v1 (parcel registry)", "synthetic": true, "geometry_status": "reference" }, "geometry": { "type": "MultiPolygon", "coordinates": [ [ [ [ 78.352718264238533, 17.457141588765193 ], [ 78.352518962707464, 17.456787269923524 ], [ 78.352517767989525, 17.456784871351488 ], [ 78.352516823974099, 17.456782371934651 ], [ 78.352516139752595, 17.456779795743731 ], [ 78.352515721914401, 17.456777167588864 ], [ 78.352515574483519, 17.456774512780626 ], [ 78.352515698879785, 17.45677185688627 ], [ 78.352516093905194, 17.456769225483516 ], [ 78.352516755755403, 17.456766643914172 ], [ 78.352517678056429, 17.456764137040206 ], [ 78.352518851925993, 17.456761729004146 ], [ 78.352520266059116, 17.456759442996717 ], [ 78.352521906836884, 17.456757301033392 ], [ 78.352523758457735, 17.456755323742449 ], [ 78.352525803089492, 17.456753530166271 ], [ 78.352528021041309, 17.456751937577987 ], [ 78.352530390953078, 17.456750561315076 ], [ 78.352532890001228, 17.456749414631695 ], [ 78.352535494118627, 17.456748508571039 ], [ 78.352538178226141, 17.456747851858953 ], [ 78.352540916474425, 17.456747450819943 ], [ 78.352543682492609, 17.456747309316228 ], [ 78.352546449642475, 17.456747428710578 ], [ 78.352549191274861, 17.456747807853148 ], [ 78.35255188098634, 17.456748443092586 ], [ 78.352554492873551, 17.456749328311208 ], [ 78.352557001782614, 17.456750454983887 ], [ 78.352559383551295, 17.456751812260126 ], [ 78.352561615241953, 17.456753387068634 ], [ 78.352563675362148, 17.456755164243166 ], [ 78.352565544071808, 17.456757126668528 ], [ 78.352567203374221, 17.456759255445533 ], [ 78.352568637289394, 17.456761530072889 ], [ 78.352788331595065, 17.457152102966152 ], [ 78.353329287695033, 17.457233277161372 ], [ 78.353852607337885, 17.456977445244227 ], [ 78.354130819956424, 17.456755379800139 ], [ 78.354170913047284, 17.456683350753117 ], [ 78.354200188968605, 17.456496765718143 ], [ 78.354200779091087, 17.456493995523729 ], [ 78.35420166682745, 17.456491299452324 ], [ 78.354202842507348, 17.456488706872904 ], [ 78.354204293323775, 17.456486246027136 ], [ 78.354206003472584, 17.456483943721654 ], [ 78.354283915392529, 17.456389857932514 ], [ 78.354282585854833, 17.456341084614721 ], [ 78.35422956136955, 17.456291915018173 ], [ 78.354125350166967, 17.456273015695448 ], [ 78.35391542202629, 17.456314728429124 ], [ 78.353912681004942, 17.456315139435446 ], [ 78.35390991118507, 17.456315290188684 ], [ 78.353907139325017, 17.456315179232458 ], [ 78.353904392202821, 17.456314807638677 ], [ 78.353901696357553, 17.456314178997207 ], [ 78.353899077832892, 17.456313299381129 ], [ 78.353896561925538, 17.456312177288147 ], [ 78.353894172940869, 17.456310823558411 ], [ 78.353891933958081, 17.456309251269907 ], [ 78.353698983007661, 17.456159241919252 ], [ 78.353603903729038, 17.456169997489791 ], [ 78.353492979601825, 17.456211630427028 ], [ 78.353490330996493, 17.456212482080652 ], [ 78.353487607656234, 17.456213078296845 ], [ 78.353484836252363, 17.456213413236519 ], [ 78.353482043926888, 17.456213483619401 ], [ 78.353479258026738, 17.456213288756192 ], [ 78.353476505835914, 17.456212830555323 ], [ 78.353473814308273, 17.456212113504197 ], [ 78.353471209803558, 17.456211144625367 ], [ 78.353468717829244, 17.456209933407603 ], [ 78.353466362790726, 17.456208491713134 ], [ 78.353217262781797, 17.456038791690965 ], [ 78.353215404778979, 17.456037410783736 ], [ 78.353213672894697, 17.456035886321597 ], [ 78.353212079133357, 17.456034228871239 ], [ 78.353112435015163, 17.455921530515944 ], [ 78.352780737613216, 17.455861115922421 ], [ 78.352777521695671, 17.455860339888872 ], [ 78.352774422795747, 17.455859207213159 ], [ 78.35262104969037, 17.45579300229053 ], [ 78.35245492453906, 17.455773796502047 ], [ 78.352452139498524, 17.455773337778911 ], [ 78.352449416202433, 17.455772614079738 ], [ 78.352446781945375, 17.455771632657928 ], [ 78.352444263129541, 17.455770403349906 ], [ 78.352441885000033, 17.455768938476556 ], [ 78.352439671392034, 17.455767252719774 ], [ 78.352437644491673, 17.455765362975278 ], [ 78.352435824613821, 17.455763288183284 ], [ 78.352434229998423, 17.455761049138648 ], [ 78.352432876627716, 17.455758668282499 ], [ 78.35243177806602, 17.455756169477258 ], [ 78.35236807808964, 17.455588269471743 ], [ 78.352367212579153, 17.455585552858544 ], [ 78.352366648217753, 17.455582764190854 ], [ 78.352366391211007, 17.455579934132565 ], [ 78.352366444384955, 17.455577093802688 ], [ 78.35236680715488, 17.455574274433161 ], [ 78.352390110448752, 17.455448016530028 ], [ 78.35235919789281, 17.455337825366254 ], [ 78.35230148369169, 17.455306155754585 ], [ 78.352155933158329, 17.455311272759612 ], [ 78.352153347999362, 17.455311249929554 ], [ 78.35215077586065, 17.455311000168749 ], [ 78.352148238320737, 17.455310525572532 ], [ 78.352145756667852, 17.455309830122459 ], [ 78.352143351721395, 17.455308919652857 ], [ 78.352047851712726, 17.455267819646 ], [ 78.352045380202696, 17.455266612706215 ], [ 78.3520430440133, 17.455265178819289 ], [ 78.352040865693667, 17.455263531825267 ], [ 78.352038866269154, 17.455261687621118 ], [ 78.352037065038445, 17.455259664007279 ], [ 78.352035479387197, 17.455257480515915 ], [ 78.351990614073586, 17.455188730588429 ], [ 78.352291776528773, 17.457037531052215 ], [ 78.352316160097118, 17.45708124913849 ], [ 78.352718264238533, 17.457141588765193 ] ] ], [ [ [ 78.355114741936617, 17.455970018849811 ], [ 78.355048061543769, 17.454980818563065 ], [ 78.355003131882469, 17.455002829541328 ], [ 78.355000761806906, 17.455003861348509 ], [ 78.354998302791046, 17.455004679248326 ], [ 78.354995775740036, 17.455005276287491 ], [ 78.354993202137408, 17.455005647390294 ], [ 78.35499060386249, 17.455005789401842 ], [ 78.35483006321698, 17.455007448262723 ], [ 78.354746012676557, 17.455111703265509 ], [ 78.354595280410493, 17.455363784894022 ], [ 78.354593654016611, 17.45536619848728 ], [ 78.354591770340647, 17.455368433101278 ], [ 78.354589650588309, 17.455370463579523 ], [ 78.354587318623004, 17.455372267063698 ], [ 78.354584800697111, 17.455373823250781 ], [ 78.354408800678186, 17.455470323260915 ], [ 78.354406847693056, 17.455471299144637 ], [ 78.354034782671377, 17.455639850757571 ], [ 78.353841478949818, 17.455777690593781 ], [ 78.353755656052499, 17.455924815590876 ], [ 78.353736992173509, 17.456119065217351 ], [ 78.353917073925061, 17.45625906941153 ], [ 78.354119377943121, 17.456218871572929 ], [ 78.354122101965444, 17.456218462301187 ], [ 78.354124854595398, 17.456218310072494 ], [ 78.35412760956703, 17.456218416339418 ], [ 78.354130340592064, 17.456218780087983 ], [ 78.354248340576419, 17.456240180082688 ], [ 78.354250999436076, 17.456240791630737 ], [ 78.354253584173748, 17.45624164722053 ], [ 78.354256070536351, 17.456242738823939 ], [ 78.354258435193842, 17.456244056198209 ], [ 78.354260655958143, 17.456245586982163 ], [ 78.35426271199141, 17.456247316812149 ], [ 78.35433011199288, 17.456309816805547 ], [ 78.354331986797249, 17.456311732596262 ], [ 78.354333659351823, 17.456313813744572 ], [ 78.354335113913208, 17.456316040661168 ], [ 78.354336336789999, 17.456318392384627 ], [ 78.354337316471558, 17.45632084677877 ], [ 78.354338043736362, 17.456323380741011 ], [ 78.354338511738845, 17.456325970419769 ], [ 78.354338716073812, 17.456328591439068 ], [ 78.354340616084642, 17.456398291440266 ], [ 78.354340549499554, 17.456400989839608 ], [ 78.354340203481243, 17.45640366848631 ], [ 78.354339581464544, 17.456406300790118 ], [ 78.354338689624058, 17.456408860620762 ], [ 78.354337536812821, 17.45641132256744 ], [ 78.354336134474536, 17.456413662191004 ], [ 78.354334496529845, 17.456415856266567 ], [ 78.354254888166437, 17.456511990699731 ], [ 78.354228994829484, 17.456677017740205 ], [ 78.355114741936617, 17.455970018849811 ] ] ], [ [ [ 78.355005912464605, 17.454355539536088 ], [ 78.354986798152282, 17.454328962330969 ], [ 78.35491066996039, 17.454298646541073 ], [ 78.354548345435703, 17.454321432998171 ], [ 78.354545350484315, 17.454321468488295 ], [ 78.354271850444405, 17.454310768481292 ], [ 78.354269396695202, 17.454310569294591 ], [ 78.354266970372876, 17.454310165589948 ], [ 78.354264589945601, 17.454309560440223 ], [ 78.35407261462764, 17.454252045960857 ], [ 78.353987673371805, 17.454255098263612 ], [ 78.353932311560925, 17.454288781176238 ], [ 78.353929593728083, 17.454290239568333 ], [ 78.353926725065591, 17.454291401751899 ], [ 78.353923740484618, 17.454292253583365 ], [ 78.35383014047099, 17.454313653584677 ], [ 78.353827345633249, 17.454314151348875 ], [ 78.353824512806327, 17.454314376779628 ], [ 78.353821670721459, 17.454314327590573 ], [ 78.353818848203872, 17.454314004280587 ], [ 78.353816073880253, 17.454313410128762 ], [ 78.353679660358338, 17.454277186809701 ], [ 78.353573899891103, 17.454337400128534 ], [ 78.353571758257758, 17.454338502680564 ], [ 78.353569525747517, 17.454339424322772 ], [ 78.353567218911166, 17.454340158222543 ], [ 78.353564854850489, 17.454340698939077 ], [ 78.353430054830568, 17.454365698940094 ], [ 78.353427231223506, 17.454366081785295 ], [ 78.353424381779561, 17.454366189220192 ], [ 78.353421535583792, 17.454366020148171 ], [ 78.353418721688087, 17.454365576295007 ], [ 78.353415968814645, 17.454364862191241 ], [ 78.353413305062759, 17.4543638851259 ], [ 78.353410757622086, 17.454362655072167 ], [ 78.353307392123568, 17.454306291803039 ], [ 78.353102599488722, 17.454225090938806 ], [ 78.352896499984041, 17.454225090931775 ], [ 78.352893256281121, 17.454224911440992 ], [ 78.352890055560252, 17.454224375350634 ], [ 78.352732427536637, 17.454188894853516 ], [ 78.352574212558523, 17.454253243829964 ], [ 78.352571557569888, 17.454254176074119 ], [ 78.352568818736586, 17.454254848724783 ], [ 78.352566023535061, 17.454255255033814 ], [ 78.352563200007324, 17.454255390925027 ], [ 78.352470595190312, 17.454255390925603 ], [ 78.352381996286098, 17.454327857907256 ], [ 78.352366420848199, 17.45445135559806 ], [ 78.352365914970505, 17.454454139886352 ], [ 78.352365109617892, 17.454456858436117 ], [ 78.352335209627554, 17.454540858441522 ], [ 78.352334217205765, 17.454543264288791 ], [ 78.35233299016987, 17.454545568285972 ], [ 78.35233153971393, 17.4545477494141 ], [ 78.352329879070211, 17.454549787775051 ], [ 78.352328023388495, 17.454551664773163 ], [ 78.352325989597901, 17.454553363284887 ], [ 78.352323796252378, 17.454554867814949 ], [ 78.352221079718106, 17.454618440504206 ], [ 78.352077386579296, 17.454797206835313 ], [ 78.352011629591161, 17.454909079138744 ], [ 78.351992704493426, 17.455028876958739 ], [ 78.352023722345407, 17.455137393360612 ], [ 78.352078770232836, 17.455221746659674 ], [ 78.352160443366856, 17.455256896036701 ], [ 78.352307466818473, 17.455251727238071 ], [ 78.352310081200571, 17.455251751625195 ], [ 78.35231268201575, 17.455252008091584 ], [ 78.352315246948621, 17.455252494436692 ], [ 78.352317753991599, 17.455253206487605 ], [ 78.352320181633957, 17.455254138134841 ], [ 78.352322509046104, 17.455255281384705 ], [ 78.352397409041174, 17.455296381378623 ], [ 78.352399752035339, 17.455297818473046 ], [ 78.352401936339405, 17.455299469860094 ], [ 78.352403940755551, 17.455301319513723 ], [ 78.352405745831703, 17.455303349483756 ], [ 78.352407334050284, 17.455305540070132 ], [ 78.352408689998256, 17.455307870014067 ], [ 78.352409800516625, 17.455310316704374 ], [ 78.35241065482829, 17.455312856396837 ], [ 78.352446254847237, 17.455439756394405 ], [ 78.35244689396599, 17.455442659644739 ], [ 78.352447198427853, 17.455445612568852 ], [ 78.352447164580042, 17.455448579739169 ], [ 78.352446792828644, 17.455451525557148 ], [ 78.352423714592376, 17.455576564305169 ], [ 78.352478889400558, 17.455721993613473 ], [ 78.352632075435537, 17.455739703491496 ], [ 78.352634881573451, 17.455740166748949 ], [ 78.352637624805325, 17.455740899001334 ], [ 78.352640277214988, 17.45574189279699 ], [ 78.352794537216752, 17.455808480550168 ], [ 78.35313276233947, 17.455870084061797 ], [ 78.353135425464629, 17.45587069895333 ], [ 78.353138013953043, 17.455871558705397 ], [ 78.353140503428094, 17.455872655221441 ], [ 78.353142870445566, 17.455873978175202 ], [ 78.353145092714428, 17.45587551510798 ], [ 78.353147149306892, 17.455877251545996 ], [ 78.353149020855284, 17.455879171136605 ], [ 78.353252827520222, 17.455996577338606 ], [ 78.353486611502419, 17.456155843258404 ], [ 78.353586720385493, 17.456118269576766 ], [ 78.353588993264523, 17.456117521889045 ], [ 78.353591324160547, 17.456116962439324 ], [ 78.353593696183822, 17.456116595281383 ], [ 78.353681492852488, 17.456106663535003 ], [ 78.353699993607833, 17.455914112247044 ], [ 78.353700417905756, 17.45591130898017 ], [ 78.353701144859912, 17.455908563561554 ], [ 78.353702166522339, 17.455905906007629 ], [ 78.353703471722881, 17.455903365374205 ], [ 78.353795171734063, 17.455746165387357 ], [ 78.353796758381222, 17.455743752912831 ], [ 78.353798600559244, 17.455741513964071 ], [ 78.353800677838436, 17.455739473370951 ], [ 78.353802967181821, 17.455737653763585 ], [ 78.354003367166143, 17.455594753778851 ], [ 78.354005688721188, 17.455593263554903 ], [ 78.354008152355433, 17.455592000837925 ], [ 78.354381755973705, 17.455422752213178 ], [ 78.354550138153911, 17.455330429033232 ], [ 78.354698019610709, 17.455083115124889 ], [ 78.354700177090564, 17.455080020969994 ], [ 78.354793777093178, 17.454963920981115 ], [ 78.354795616254009, 17.454961861593123 ], [ 78.354797660752453, 17.454959989044337 ], [ 78.354799890093616, 17.454958322105959 ], [ 78.354802281929622, 17.45495687748809 ], [ 78.354804812283732, 17.454955669672181 ], [ 78.35480745579062, 17.454954710765865 ], [ 78.354810185950654, 17.454954010381648 ], [ 78.354812975395589, 17.454953575540454 ], [ 78.354815796162882, 17.454953410601316 ], [ 78.354983370141895, 17.454951679067108 ], [ 78.355044092058634, 17.454921931477351 ], [ 78.355005912464605, 17.454355539536088 ] ] ], [ [ [ 78.354998474169349, 17.454245192914456 ], [ 78.354402771844931, 17.454148485991716 ], [ 78.353370716880548, 17.454081033994221 ], [ 78.352181556271987, 17.454021728761724 ], [ 78.351810999895335, 17.454086090587072 ], [ 78.351949869456121, 17.454938602627934 ], [ 78.351956593505989, 17.454896038749002 ], [ 78.35195709209431, 17.454893626956782 ], [ 78.351957816459105, 17.454891268487174 ], [ 78.351958760633295, 17.454888982768409 ], [ 78.351959916839135, 17.454886788629423 ], [ 78.352029216847399, 17.454768888639325 ], [ 78.352031452328688, 17.45476565186453 ], [ 78.352179352332925, 17.454581651882119 ], [ 78.352181451715182, 17.454579326179495 ], [ 78.352183812343739, 17.45457724398965 ], [ 78.352186403761365, 17.454575432177297 ], [ 78.352284961174405, 17.454514433633292 ], [ 78.352310734475083, 17.454442027060917 ], [ 78.352327279172897, 17.454310844403206 ], [ 78.352327715688972, 17.454308358964596 ], [ 78.352328390980404, 17.454305923221561 ], [ 78.352329299201699, 17.454303558258388 ], [ 78.352330432491115, 17.454301284546652 ], [ 78.352331781038657, 17.454299121768077 ], [ 78.352333333171018, 17.454297088644097 ], [ 78.352335075452629, 17.454295202773825 ], [ 78.352336992801966, 17.454293480481752 ], [ 78.352441892795881, 17.454207680490821 ], [ 78.352444148053721, 17.45420601661657 ], [ 78.352446566342934, 17.454204579063227 ], [ 78.35244912310219, 17.454203382431288 ], [ 78.352451792363794, 17.454202438874333 ], [ 78.352454547017444, 17.454201757975596 ], [ 78.352457359085534, 17.454201346650589 ], [ 78.352460200007329, 17.45420120907696 ], [ 78.352557466514327, 17.454201209076427 ], [ 78.352718887422711, 17.454135556176343 ], [ 78.35272167708257, 17.454134584211879 ], [ 78.352724557651882, 17.454133898762599 ], [ 78.352727497284164, 17.454133507406549 ], [ 78.352730463479944, 17.454133414470416 ], [ 78.352733423446139, 17.454133620981661 ], [ 78.352736344458464, 17.454134124657212 ], [ 78.352899765351708, 17.454170909069806 ], [ 78.353108199984021, 17.454170909063919 ], [ 78.353110959924024, 17.454171038886614 ], [ 78.353113693412027, 17.454171427113494 ], [ 78.353116374249382, 17.454172070023667 ], [ 78.353118976742067, 17.454172961455274 ], [ 78.353330576721433, 17.454256861440722 ], [ 78.353333742381011, 17.454258344934786 ], [ 78.353429579349481, 17.454310603033001 ], [ 78.35354932364929, 17.4542883952581 ], [ 78.353661200100248, 17.454224699877852 ], [ 78.353663712529567, 17.454223428908911 ], [ 78.353666345311623, 17.454222406705949 ], [ 78.353669071791231, 17.454221643618105 ], [ 78.3536718643646, 17.454221147371147 ], [ 78.353674694758809, 17.454220922989222 ], [ 78.353677534317981, 17.454220972744057 ], [ 78.353680354293502, 17.45422129613193 ], [ 78.353683126134953, 17.454221889878745 ], [ 78.353824125461358, 17.454259330915608 ], [ 78.35390607173133, 17.454240595334635 ], [ 78.353963888436596, 17.454205418827065 ], [ 78.353966483079489, 17.454204018577585 ], [ 78.353969216934303, 17.454202888383662 ], [ 78.353972059595378, 17.454202040815215 ], [ 78.353974979446946, 17.454201485298807 ], [ 78.353977944014687, 17.454201228012856 ], [ 78.354075344000151, 17.454197728011419 ], [ 78.354078540368363, 17.454197787048599 ], [ 78.354081709277736, 17.454198192636092 ], [ 78.35408481007417, 17.454198939570599 ], [ 78.354277862659259, 17.454256776786909 ], [ 78.354546151057178, 17.454267272889243 ], [ 78.354913554508983, 17.454244166997853 ], [ 78.354916142575632, 17.454244118405075 ], [ 78.354918724396654, 17.454244297589582 ], [ 78.35492127825691, 17.454244703044289 ], [ 78.354923782676494, 17.454245331359008 ], [ 78.354926216591267, 17.454246177249132 ], [ 78.355000535494895, 17.454275772542609 ], [ 78.354998474169349, 17.454245192914456 ] ] ] ] } },
{ "type": "Feature", "properties": { "parcel_id": "SYN-P0155", "survey_number": "1379/B", "survey_subdivision": "B", "district": "DEMO-RANGAREDDY", "mandal": "DEMO-MADHAPUR", "village": "DEMO-KONDAPUR", "ward": "DEMO-WARD-04", "door_number": "255", "address": "Plot 3210, Demo Street 11, Kondapur", "area_sqm": 1050.6986, "land_use": "commercial", "source": "BhuSetu synthetic integrated benchmark v1 (parcel registry)", "synthetic": true, "geometry_status": "reference" }, "geometry": { "type": "MultiPolygon", "coordinates": [ [ [ [ 78.35460129574949, 17.462000108904331 ], [ 78.354616110487825, 17.461965578171149 ], [ 78.354557612353702, 17.461996024587631 ], [ 78.354559062345785, 17.46200010838961 ], [ 78.35460129574949, 17.462000108904331 ] ] ], [ [ [ 78.354788230260922, 17.461564393882348 ], [ 78.354772308208439, 17.461536827124963 ], [ 78.354652015034574, 17.461534040306137 ], [ 78.354433633929844, 17.461646847407717 ], [ 78.354539141342542, 17.461944002254874 ], [ 78.35465015652909, 17.461886222350845 ], [ 78.354788230260922, 17.461564393882348 ] ] ], [ [ [ 78.35439143736987, 17.461528003282446 ], [ 78.354415172782865, 17.46159485269073 ], [ 78.354538011393458, 17.461531399129104 ], [ 78.35439143736987, 17.461528003282446 ] ] ] ] } },
{ "type": "Feature", "properties": { "parcel_id": "SYN-P0156", "survey_number": "5177/C", "survey_subdivision": "C", "district": "DEMO-RANGAREDDY", "mandal": "DEMO-SERILINGAMPALLY", "village": "DEMO-KONDAPUR", "ward": "DEMO-WARD-05", "door_number": "256", "address": "Plot 2557, Demo Street 12, Kondapur", "area_sqm": 16184.1076, "land_use": "mixed_use", "source": "BhuSetu synthetic integrated benchmark v1 (parcel registry)", "synthetic": true, "geometry_status": "reference" }, "geometry": { "type": "MultiPolygon", "coordinates": [ [ [ [ 78.362963662839661, 17.453430705548826 ], [ 78.362784597314217, 17.452793214736747 ], [ 78.362258104867095, 17.452475114303915 ], [ 78.362231260522151, 17.452460764779122 ], [ 78.361805361718865, 17.452232965400817 ], [ 78.36178871320152, 17.452224062690835 ], [ 78.361170782134081, 17.453103329402328 ], [ 78.361283642773401, 17.453144949799533 ], [ 78.362963662839661, 17.453430705548826 ] ] ], [ [ [ 78.362749772657935, 17.452669235154019 ], [ 78.362375969078855, 17.452445790276464 ], [ 78.362293970136022, 17.452396730225271 ], [ 78.361878026427433, 17.452166059398284 ], [ 78.361857975455663, 17.452199079690974 ], [ 78.362258736334297, 17.45241343354007 ], [ 78.362286233195604, 17.452428131861108 ], [ 78.362287536331792, 17.45242887310291 ], [ 78.362762937975702, 17.452716105139437 ], [ 78.362749772657935, 17.452669235154019 ] ] ], [ [ [ 78.36270657895669, 17.452515460677947 ], [ 78.362425553104401, 17.452357463438112 ], [ 78.362424303519035, 17.452370213851346 ], [ 78.362420607134041, 17.452408642373229 ], [ 78.362728225341357, 17.452592524287571 ], [ 78.36270657895669, 17.452515460677947 ] ] ], [ [ [ 78.362670266745482, 17.452386184933925 ], [ 78.362395842285551, 17.452141227838716 ], [ 78.362359616726337, 17.452233084535123 ], [ 78.36235910951541, 17.452245088570404 ], [ 78.362362840074042, 17.452255955845008 ], [ 78.362368916068519, 17.452263323585086 ], [ 78.362385059660014, 17.452271892694263 ], [ 78.362385679018303, 17.452272231324876 ], [ 78.362415872443677, 17.452289227622522 ], [ 78.362685633258394, 17.452440891544789 ], [ 78.362670266745482, 17.452386184933925 ] ] ], [ [ [ 78.362069709894797, 17.451850113914691 ], [ 78.361906442050298, 17.452119241785159 ], [ 78.362322620653572, 17.452350042839303 ], [ 78.362323430921649, 17.452350509728806 ], [ 78.36236700075078, 17.452376577604717 ], [ 78.362368094241617, 17.452365209439559 ], [ 78.362368098764946, 17.452365162853575 ], [ 78.362371815316948, 17.452327240323037 ], [ 78.362357428429348, 17.452319141742375 ], [ 78.362336640334675, 17.452308107302585 ], [ 78.362334265516097, 17.452306695094752 ], [ 78.362332047780029, 17.452305064472135 ], [ 78.362330008852624, 17.452303231409186 ], [ 78.362328168708316, 17.452301213863581 ], [ 78.362315468709411, 17.452285813862286 ], [ 78.362314017592666, 17.452283886032152 ], [ 78.362312748227239, 17.452281843474331 ], [ 78.362311670396224, 17.452279701930941 ], [ 78.362310792406532, 17.452277477907032 ], [ 78.362303892409429, 17.452257377906459 ], [ 78.362303208909665, 17.452255038760281 ], [ 78.362302746483167, 17.452252650248468 ], [ 78.362302508848558, 17.45225023157856 ], [ 78.362302497916843, 17.452247802200588 ], [ 78.362303397920101, 17.452226502201171 ], [ 78.362303681805173, 17.452223614745066 ], [ 78.362304285663953, 17.452220772964441 ], [ 78.362305202575499, 17.452218009429298 ], [ 78.362351198630535, 17.452101377875415 ], [ 78.362069709894797, 17.451850113914691 ] ] ] ] } },
{ "type": "Feature", "properties": { "parcel_id": "SYN-P0157", "survey_number": "1004/A", "survey_subdivision": "A", "district": "DEMO-RANGAREDDY", "mandal": "DEMO-GACHIBOWLI", "village": "DEMO-KONDAPUR", "ward": "DEMO-WARD-06", "door_number": "257", "address": "Plot 6192, Demo Street 1, Kondapur", "area_sqm": 502.7516, "land_use": "residential", "source": "BhuSetu synthetic integrated benchmark v1 (parcel registry)", "synthetic": true, "geometry_status": "reference" }, "geometry": { "type": "MultiPolygon", "coordinates": [ [ [ [ 78.352499465509538, 17.45825136962566 ], [ 78.352361172211502, 17.458009598013152 ], [ 78.352327212163374, 17.45799038466097 ], [ 78.352280202902861, 17.458191829264614 ], [ 78.35241920730401, 17.458297193561794 ], [ 78.352499465509538, 17.45825136962566 ] ] ], [ [ [ 78.352582304444439, 17.458204072143424 ], [ 78.352612013564681, 17.458151514583378 ], [ 78.352456383941814, 17.458063465275906 ], [ 78.352548010945839, 17.458223652269339 ], [ 78.352582304444439, 17.458204072143424 ] ] ] ] } },
{ "type": "Feature", "properties": { "parcel_id": "SYN-P0158", "survey_number": "7444/B", "survey_subdivision": "B", "district": "DEMO-RANGAREDDY", "mandal": "DEMO-MADHAPUR", "village": "DEMO-KONDAPUR", "ward": "DEMO-WARD-07", "door_number": "258", "address": "Plot 2180, Demo Street 2, Kondapur", "area_sqm": 45552.5272, "land_use": "commercial", "source": "BhuSetu synthetic integrated benchmark v1 (parcel registry)", "synthetic": true, "geometry_status": "reference" }, "geometry": { "type": "MultiPolygon", "coordinates": [ [ [ [ 78.353095616001823, 17.450990333920107 ], [ 78.353240149710473, 17.450906853494676 ], [ 78.353280776641938, 17.450798667204872 ], [ 78.353314075821132, 17.450672266309141 ], [ 78.353327321526464, 17.450450648425445 ], [ 78.353327680311622, 17.450447626502381 ], [ 78.353328389747062, 17.450444662225497 ], [ 78.353329440890761, 17.450441792957715 ], [ 78.353353023082107, 17.450387392423774 ], [ 78.352982075770427, 17.450716010663129 ], [ 78.353095616001823, 17.450990333920107 ] ] ], [ [ [ 78.353297223678865, 17.451477434140035 ], [ 78.353297485652149, 17.451477087754988 ], [ 78.353325985652845, 17.451442187758332 ], [ 78.353328300391652, 17.451439687869822 ], [ 78.353356700390776, 17.451412587872618 ], [ 78.353358644743153, 17.451410897524571 ], [ 78.353360744205418, 17.451409387746551 ], [ 78.353362980640952, 17.45140807158106 ], [ 78.353365334729901, 17.451406960398028 ], [ 78.353367786136005, 17.451406063796636 ], [ 78.353370313682333, 17.451405389522336 ], [ 78.353423213674603, 17.451393789523006 ], [ 78.353426493873243, 17.451393263142489 ], [ 78.353535667074709, 17.451382038831785 ], [ 78.353589955333263, 17.451357920604533 ], [ 78.353632434776557, 17.451328365555849 ], [ 78.353634387026418, 17.451327122537418 ], [ 78.353636439951075, 17.451326039198069 ], [ 78.353638579407047, 17.451325123001361 ], [ 78.353719879396365, 17.451294123004285 ], [ 78.353722811243514, 17.451293180003585 ], [ 78.353725832967129, 17.451292550482606 ], [ 78.353851932948331, 17.451273150482965 ], [ 78.353854159407376, 17.451272894536775 ], [ 78.353856400008425, 17.451272809041921 ], [ 78.353970621371715, 17.451272809040685 ], [ 78.35402797672208, 17.451258211209936 ], [ 78.354078428877543, 17.451245391400583 ], [ 78.354104247937627, 17.451207086079609 ], [ 78.354100511824228, 17.451115232017653 ], [ 78.354099163913261, 17.451095875088917 ], [ 78.353947849733586, 17.450916736486636 ], [ 78.353905940936045, 17.450932930801244 ], [ 78.353902988529043, 17.450933893454572 ], [ 78.353899943508154, 17.450934537651513 ], [ 78.353806043494174, 17.45094923765182 ], [ 78.353802302163587, 17.450949580014662 ], [ 78.353638504519353, 17.450954049929344 ], [ 78.353465201067166, 17.450971837378297 ], [ 78.353462317891385, 17.450971990714663 ], [ 78.353459433481689, 17.450971860501017 ], [ 78.353324033462499, 17.450959060496487 ], [ 78.353323579538539, 17.450959014024292 ], [ 78.353269622476802, 17.450953066001958 ], [ 78.353116739081571, 17.451041369071895 ], [ 78.353297223678865, 17.451477434140035 ] ] ], [ [ [ 78.354186956345643, 17.453627071878355 ], [ 78.354283239276569, 17.453629821018172 ], [ 78.354283555796769, 17.453629831761909 ], [ 78.354511395349206, 17.453638793978079 ], [ 78.354683234456701, 17.453634318997441 ], [ 78.354685695347385, 17.453634357944306 ], [ 78.354839556152683, 17.45364324412671 ], [ 78.355052833432865, 17.453652076918768 ], [ 78.355182206342377, 17.453645251649551 ], [ 78.355147555663763, 17.453113369665882 ], [ 78.355126076853068, 17.452946584365375 ], [ 78.355000429868255, 17.452162861754562 ], [ 78.354159103681368, 17.451166836771431 ], [ 78.354161003451992, 17.451213543160147 ], [ 78.354160968609307, 17.451216310678323 ], [ 78.354160639757481, 17.451219060341355 ], [ 78.354160020328834, 17.451221763449691 ], [ 78.354159116788637, 17.451224391789726 ], [ 78.354157938567596, 17.451226917928196 ], [ 78.354156497963316, 17.451229315498612 ], [ 78.354119897966115, 17.45128361550346 ], [ 78.354118385384581, 17.451285647647062 ], [ 78.354116684256212, 17.451287537457564 ], [ 78.354114809038407, 17.451289268874021 ], [ 78.354112775668042, 17.451290827181655 ], [ 78.354110601426115, 17.451292199136898 ], [ 78.354108304790856, 17.451293373079903 ], [ 78.354105905280662, 17.451294339033691 ], [ 78.354103423288237, 17.451295088788914 ], [ 78.354042428826133, 17.451310587380611 ], [ 78.353981534362646, 17.451326085970329 ], [ 78.353979153106053, 17.451326587488076 ], [ 78.353976735642817, 17.451326889903473 ], [ 78.353974300008446, 17.451326990960364 ], [ 78.35385864768611, 17.451326990958719 ], [ 78.353737833967656, 17.451345577682488 ], [ 78.353662704370677, 17.451374224883324 ], [ 78.353620865223618, 17.451403334446578 ], [ 78.353618577426758, 17.451404769330711 ], [ 78.353616155773508, 17.451405985118374 ], [ 78.353555155765974, 17.451433085121103 ], [ 78.353552300884431, 17.451434176506289 ], [ 78.353549339308543, 17.451434963528335 ], [ 78.353546306144125, 17.451435436858066 ], [ 78.353434162409826, 17.45144696657238 ], [ 78.353390766921706, 17.451456482407135 ], [ 78.353369337520462, 17.451476930885772 ], [ 78.353342556781683, 17.451509725548647 ], [ 78.353322476534515, 17.451538446891295 ], [ 78.354186956345643, 17.453627071878355 ] ] ], [ [ [ 78.354402771844931, 17.454148485991716 ], [ 78.354998474169349, 17.454245192914456 ], [ 78.355210992988006, 17.454087122011938 ], [ 78.355185729369296, 17.453699329530313 ], [ 78.3550545490735, 17.453706250145402 ], [ 78.355051783259995, 17.453706265792778 ], [ 78.354836883228629, 17.453697365787217 ], [ 78.354836404673847, 17.453697342059908 ], [ 78.354683534211816, 17.453688513068933 ], [ 78.35451196551719, 17.453692980999712 ], [ 78.35451004423571, 17.453692968243846 ], [ 78.354281402431013, 17.453683974462095 ], [ 78.354209660663642, 17.453681926040808 ], [ 78.354402771844931, 17.454148485991716 ] ] ], [ [ [ 78.35346087121529, 17.450340207036607 ], [ 78.353415911382967, 17.450383361506624 ], [ 78.353383403498128, 17.450458352320961 ], [ 78.353370278508464, 17.450677951577145 ], [ 78.353369997335406, 17.450680514976852 ], [ 78.353369463619984, 17.450683041125505 ], [ 78.353335163636828, 17.450813241132614 ], [ 78.353334352683135, 17.450815786171077 ], [ 78.353301942940021, 17.450902090818875 ], [ 78.35332979369386, 17.450905160977669 ], [ 78.35346208148782, 17.450917666764404 ], [ 78.353633598906981, 17.450900062620871 ], [ 78.353635797860647, 17.45089991998795 ], [ 78.353798815271034, 17.450895471359946 ], [ 78.353887764881406, 17.450881546339584 ], [ 78.353910654397481, 17.450872701418497 ], [ 78.35346087121529, 17.450340207036607 ] ] ] ] } },
{ "type": "Feature", "properties": { "parcel_id": "SYN-P0159", "survey_number": "6547/C", "survey_subdivision": "C", "district": "DEMO-RANGAREDDY", "mandal": "DEMO-SERILINGAMPALLY", "village": "DEMO-KONDAPUR", "ward": "DEMO-WARD-08", "door_number": "259", "address": "Plot 7965, Demo Street 3, Kondapur", "area_sqm": 972.5318, "land_use": "mixed_use", "source": "BhuSetu synthetic integrated benchmark v1 (parcel registry)", "synthetic": true, "geometry_status": "shifted_geometry" }, "geometry": { "type": "Polygon", "coordinates": [ [ [ 78.351945373883382, 17.460784475304532 ], [ 78.3522004613218, 17.460649566222319 ], [ 78.351919755302958, 17.460408024839357 ], [ 78.35179789285209, 17.460475465665613 ], [ 78.351784977795674, 17.460559392803091 ], [ 78.351813716779347, 17.460610976394474 ], [ 78.351945373883382, 17.460784475304532 ] ] ] } },
{ "type": "Feature", "properties": { "parcel_id": "SYN-P0160", "survey_number": "2715/A", "survey_subdivision": "A", "district": "DEMO-RANGAREDDY", "mandal": "DEMO-GACHIBOWLI", "village": "DEMO-KONDAPUR", "ward": "DEMO-WARD-01", "door_number": "260", "address": "Plot 7118, Demo Street 4, Kondapur", "area_sqm": 1370.7227, "land_use": "residential", "source": "BhuSetu synthetic integrated benchmark v1 (parcel registry)", "synthetic": true, "geometry_status": "reference" }, "geometry": { "type": "MultiPolygon", "coordinates": [ [ [ [ 78.351945971358674, 17.460299688913459 ], [ 78.351927652666717, 17.460228912486905 ], [ 78.351821561555823, 17.460045633934776 ], [ 78.351517099140679, 17.460198187317125 ], [ 78.35166217461169, 17.460452255566818 ], [ 78.351695259732708, 17.460469933407907 ], [ 78.351917534372149, 17.460346922756383 ], [ 78.351945971358674, 17.460299688913459 ] ] ], [ [ [ 78.351456666586969, 17.460228467451021 ], [ 78.35140508472071, 17.460314888570348 ], [ 78.351569536204508, 17.46040275753057 ], [ 78.351467045467089, 17.460223267046096 ], [ 78.351456666586969, 17.460228467451021 ] ] ] ] } },
{ "type": "Feature", "properties": { "parcel_id": "SYN-P0161", "survey_number": "5384/B", "survey_subdivision": "B", "district": "DEMO-RANGAREDDY", "mandal": "DEMO-MADHAPUR", "village": "DEMO-KONDAPUR", "ward": "DEMO-WARD-02", "door_number": "261", "address": "Plot 9392, Demo Street 5, Kondapur", "area_sqm": 942.8557, "land_use": "commercial", "source": "BhuSetu synthetic integrated benchmark v1 (parcel registry)", "synthetic": true, "geometry_status": "reference" }, "geometry": { "type": "MultiPolygon", "coordinates": [ [ [ [ 78.352190231920403, 17.460656353033436 ], [ 78.352393059465271, 17.460549082461931 ], [ 78.352413651167893, 17.460538154565668 ], [ 78.352225533725573, 17.460313496792988 ], [ 78.352181730724922, 17.46032967228124 ], [ 78.352190231920403, 17.460656353033436 ] ] ], [ [ [ 78.352441833843358, 17.460787472152415 ], [ 78.35255377519367, 17.460726047619836 ], [ 78.352556306177249, 17.460708518749403 ], [ 78.352449544119963, 17.460581019366334 ], [ 78.35242035846376, 17.460596508024441 ], [ 78.352420322597837, 17.460596527025672 ], [ 78.352209813123906, 17.460707860374946 ], [ 78.352441833843358, 17.460787472152415 ] ] ] ] } },
{ "type": "Feature", "properties": { "parcel_id": "SYN-P0162", "survey_number": "7698/C", "survey_subdivision": "C", "district": "DEMO-RANGAREDDY", "mandal": "DEMO-SERILINGAMPALLY", "village": "DEMO-KONDAPUR", "ward": "DEMO-WARD-03", "door_number": "262", "address": "Plot 8055, Demo Street 6, Kondapur", "area_sqm": 1593.7201, "land_use": "mixed_use", "source": "BhuSetu synthetic integrated benchmark v1 (parcel registry)", "synthetic": true, "geometry_status": "reference" }, "geometry": { "type": "MultiPolygon", "coordinates": [ [ [ [ 78.352942689036524, 17.462000081939077 ], [ 78.352789757475321, 17.461695151878839 ], [ 78.352682153814925, 17.461753678086829 ], [ 78.352650631828766, 17.462000075756219 ], [ 78.352942689036524, 17.462000081939077 ] ] ], [ [ [ 78.353185870191126, 17.462000086759456 ], [ 78.352974307398469, 17.461596137756356 ], [ 78.352839060846591, 17.461668534636757 ], [ 78.353005342506407, 17.462000083209496 ], [ 78.353185870191126, 17.462000086759456 ] ] ], [ [ [ 78.352938161615413, 17.461527122363499 ], [ 78.352767518803986, 17.461539821279967 ], [ 78.352813241339391, 17.461620316510196 ], [ 78.352948929939657, 17.461547683000294 ], [ 78.352938161615413, 17.461527122363499 ] ] ], [ [ [ 78.352690716859513, 17.46168674321807 ], [ 78.352764026793892, 17.461646869538878 ], [ 78.352708356279081, 17.461548860677329 ], [ 78.352690716859513, 17.46168674321807 ] ] ] ] } },
{ "type": "Feature", "properties": { "parcel_id": "SYN-P0163", "survey_number": "1006/A", "survey_subdivision": "A", "district": "DEMO-RANGAREDDY", "mandal": "DEMO-GACHIBOWLI", "village": "DEMO-KONDAPUR", "ward": "DEMO-WARD-04", "door_number": "263", "address": "Plot 6767, Demo Street 7, Kondapur", "area_sqm": 445.3893, "land_use": "residential", "source": "BhuSetu synthetic integrated benchmark v1 (parcel registry)", "synthetic": true, "geometry_status": "shifted_geometry" }, "geometry": { "type": "MultiPolygon", "coordinates": [ [ [ [ 78.353150208349675, 17.461325035562147 ], [ 78.353117554826724, 17.461076004648973 ], [ 78.352878470490637, 17.461213094617143 ], [ 78.353150208349675, 17.461325035562147 ] ] ], [ [ [ 78.352912291002681, 17.461001059700152 ], [ 78.352885624310204, 17.461084324971164 ], [ 78.353057279790676, 17.460985915453872 ], [ 78.352912291002681, 17.461001059700152 ] ] ] ] } },
{ "type": "Feature", "properties": { "parcel_id": "SYN-P0164", "survey_number": "2383/B", "survey_subdivision": "B", "district": "DEMO-RANGAREDDY", "mandal": "DEMO-MADHAPUR", "village": "DEMO-KONDAPUR", "ward": "DEMO-WARD-05", "door_number": "264", "address": "Plot 8078, Demo Street 8, Kondapur", "area_sqm": 1043.6533, "land_use": "commercial", "source": "BhuSetu synthetic integrated benchmark v1 (parcel registry)", "synthetic": true, "geometry_status": "reference" }, "geometry": { "type": "MultiPolygon", "coordinates": [ [ [ [ 78.354049163307479, 17.461550032819321 ], [ 78.354015212367145, 17.461568468411709 ], [ 78.353975381564098, 17.461822030369969 ], [ 78.354186441576147, 17.46171300583342 ], [ 78.354119627038102, 17.461542234046469 ], [ 78.354049163307479, 17.461550032819321 ] ] ], [ [ [ 78.353947409392731, 17.462000099928005 ], [ 78.354298769504183, 17.462000105019026 ], [ 78.354206468165088, 17.461764191891003 ], [ 78.353964862390058, 17.461888995009573 ], [ 78.353947409392731, 17.462000099928005 ] ] ] ] } },
{ "type": "Feature", "properties": { "parcel_id": "SYN-P0165", "survey_number": "3566/C", "survey_subdivision": "C", "district": "DEMO-RANGAREDDY", "mandal": "DEMO-SERILINGAMPALLY", "village": "DEMO-KONDAPUR", "ward": "DEMO-WARD-06", "door_number": "265", "address": "Plot 5499, Demo Street 9, Kondapur", "area_sqm": 1974.3132, "land_use": "mixed_use", "source": "BhuSetu synthetic integrated benchmark v1 (parcel registry)", "synthetic": true, "geometry_status": "reference" }, "geometry": { "type": "MultiPolygon", "coordinates": [ [ [ [ 78.359615360370569, 17.451123222436024 ], [ 78.359377193895554, 17.4510046969184 ], [ 78.359446015915125, 17.451454648092202 ], [ 78.359615360370569, 17.451123222436024 ] ] ], [ [ [ 78.359856793434105, 17.450650708763327 ], [ 78.359855550946989, 17.450623331390553 ], [ 78.359565976281417, 17.450568425568509 ], [ 78.359427922415009, 17.450860554735893 ], [ 78.359685083561885, 17.45098676605468 ], [ 78.359856793434105, 17.450650708763327 ] ] ], [ [ [ 78.359386465707118, 17.450948279051421 ], [ 78.359636177176284, 17.451072550031395 ], [ 78.359657626929206, 17.451034145191947 ], [ 78.359404578205883, 17.450909952177902 ], [ 78.359386465707118, 17.450948279051421 ] ] ] ] } },
{ "type": "Feature", "properties": { "parcel_id": "SYN-P0166", "survey_number": "5115/A", "survey_subdivision": "A", "district": "DEMO-RANGAREDDY", "mandal": "DEMO-GACHIBOWLI", "village": "DEMO-KONDAPUR", "ward": "DEMO-WARD-07", "door_number": "266", "address": "Plot 5968, Demo Street 10, Kondapur", "area_sqm": 15662.5579, "land_use": "residential", "source": "BhuSetu synthetic integrated benchmark v1 (parcel registry)", "synthetic": true, "geometry_status": "reference" }, "geometry": { "type": "MultiPolygon", "coordinates": [ [ [ [ 78.361056012478073, 17.45771694172868 ], [ 78.361627050627902, 17.45760729364758 ], [ 78.361557698140231, 17.456722280200346 ], [ 78.361475630218621, 17.456760945750133 ], [ 78.360168598671223, 17.457477298329746 ], [ 78.360105143222441, 17.457835717760521 ], [ 78.361056012478073, 17.45771694172868 ] ] ], [ [ [ 78.361552860899479, 17.456660551704744 ], [ 78.361315401876183, 17.456769814818557 ], [ 78.360685947008264, 17.457113898171315 ], [ 78.360183597915267, 17.457392576852321 ], [ 78.360180831973423, 17.457408199960142 ], [ 78.361448403177079, 17.456713474412954 ], [ 78.361449962249878, 17.456712680886831 ], [ 78.361553136696827, 17.456664071181244 ], [ 78.361552860899479, 17.456660551704744 ] ] ], [ [ [ 78.361547554298525, 17.456592833654874 ], [ 78.361509722615281, 17.456609709572419 ], [ 78.361382444231197, 17.456678879473646 ], [ 78.361548316170669, 17.45660255597949 ], [ 78.361547554298525, 17.456592833654874 ] ] ], [ [ [ 78.361499077270182, 17.455974213422483 ], [ 78.360834007010837, 17.456592235753828 ], [ 78.360901159962438, 17.456821994921366 ], [ 78.361283585050344, 17.456610039527355 ], [ 78.361285353113217, 17.45660913827782 ], [ 78.361539532481714, 17.456490466464995 ], [ 78.361499077270182, 17.455974213422483 ] ] ], [ [ [ 78.360225120097908, 17.457158043062964 ], [ 78.360217779786893, 17.457199504120108 ], [ 78.360850693412232, 17.456849929133572 ], [ 78.360787898895964, 17.456635081860856 ], [ 78.360225120097908, 17.457158043062964 ] ] ], [ [ [ 78.360195884110155, 17.457323179631508 ], [ 78.360655296557539, 17.457068320020234 ], [ 78.360796856020968, 17.456947644768736 ], [ 78.360796955271326, 17.456947568182215 ], [ 78.360797047022331, 17.456947483417782 ], [ 78.360798034447384, 17.456946735436102 ], [ 78.36079901480727, 17.456945978941448 ], [ 78.360799121400959, 17.456945912060799 ], [ 78.360799221366577, 17.456945836336118 ], [ 78.360800280423163, 17.456945184849321 ], [ 78.360801333317966, 17.456944524225918 ], [ 78.36080144622845, 17.456944467695248 ], [ 78.360801553445953, 17.45694440173957 ], [ 78.361033006912223, 17.456816947631829 ], [ 78.3611571800988, 17.456742665497195 ], [ 78.360897914909003, 17.456886360496242 ], [ 78.360897878406902, 17.456886380692254 ], [ 78.360205512891071, 17.457268792467978 ], [ 78.360195884110155, 17.457323179631508 ] ] ] ] } },
{ "type": "Feature", "properties": { "parcel_id": "SYN-P0167", "survey_number": "7560/B", "survey_subdivision": "B", "district": "DEMO-RANGAREDDY", "mandal": "DEMO-MADHAPUR", "village": "DEMO-KONDAPUR", "ward": "DEMO-WARD-08", "door_number": "267", "address": "Plot 3261, Demo Street 11, Kondapur", "area_sqm": 3960.8811, "land_use": "commercial", "source": "BhuSetu synthetic integrated benchmark v1 (parcel registry)", "synthetic": true, "geometry_status": "reference" }, "geometry": { "type": "MultiPolygon", "coordinates": [ [ [ [ 78.36178871320152, 17.452224062690835 ], [ 78.36155520442226, 17.452099194834609 ], [ 78.360983172859406, 17.453054407678597 ], [ 78.361170782134081, 17.453103329402328 ], [ 78.36178871320152, 17.452224062690835 ] ] ], [ [ [ 78.361786351039655, 17.451713208476971 ], [ 78.361630041669287, 17.451974226095338 ], [ 78.36185719942435, 17.452092735248414 ], [ 78.362031369007084, 17.451805637219653 ], [ 78.361786351039655, 17.451713208476971 ] ] ], [ [ [ 78.361583337978217, 17.452052215380419 ], [ 78.361808654015732, 17.452172702188363 ], [ 78.361828771165648, 17.452139572925599 ], [ 78.36160190268528, 17.45202121466718 ], [ 78.361583337978217, 17.452052215380419 ] ] ] ] } },
{ "type": "Feature", "properties": { "parcel_id": "SYN-P0168", "survey_number": "7636/C", "survey_subdivision": "C", "district": "DEMO-RANGAREDDY", "mandal": "DEMO-SERILINGAMPALLY", "village": "DEMO-KONDAPUR", "ward": "DEMO-WARD-01", "door_number": "268", "address": "Plot 6228, Demo Street 12, Kondapur", "area_sqm": 1661.3555, "land_use": "mixed_use", "source": "BhuSetu synthetic integrated benchmark v1 (parcel registry)", "synthetic": true, "geometry_status": "reference" }, "geometry": { "type": "Polygon", "coordinates": [ [ [ 78.35148535601374, 17.458804006809885 ], [ 78.351569292016009, 17.458761259930949 ], [ 78.351620730315517, 17.458734153903553 ], [ 78.351621618356944, 17.458539863031014 ], [ 78.351549754494357, 17.458510795409733 ], [ 78.351184702971736, 17.458611763272263 ], [ 78.351079218042372, 17.45866678777238 ], [ 78.351137511616216, 17.458922095866576 ], [ 78.35148535601374, 17.458804006809885 ] ] ] } },
{ "type": "Feature", "properties": { "parcel_id": "SYN-P0169", "survey_number": "4652/A", "survey_subdivision": "A", "district": "DEMO-RANGAREDDY", "mandal": "DEMO-GACHIBOWLI", "village": "DEMO-KONDAPUR", "ward": "DEMO-WARD-02", "door_number": "269", "address": "Plot 2815, Demo Street 1, Kondapur", "area_sqm": 377.272, "land_use": "residential", "source": "BhuSetu synthetic integrated benchmark v1 (parcel registry)", "synthetic": true, "geometry_status": "reference" }, "geometry": { "type": "Polygon", "coordinates": [ [ [ 78.355005241353723, 17.461701411191214 ], [ 78.355176153527438, 17.46161245607172 ], [ 78.35520996995352, 17.461570181553778 ], [ 78.355078790969472, 17.461474395721194 ], [ 78.355015076732528, 17.461491310035239 ], [ 78.354960945030243, 17.461646380169221 ], [ 78.355005241353723, 17.461701411191214 ] ] ] } },
{ "type": "Feature", "properties": { "parcel_id": "SYN-P0170", "survey_number": "4172/B", "survey_subdivision": "B", "district": "DEMO-RANGAREDDY", "mandal": "DEMO-MADHAPUR", "village": "DEMO-KONDAPUR", "ward": "DEMO-WARD-03", "door_number": "270", "address": "Plot 2404, Demo Street 2, Kondapur", "area_sqm": 4100.7859, "land_use": "commercial", "source": "BhuSetu synthetic integrated benchmark v1 (parcel registry)", "synthetic": true, "geometry_status": "reference" }, "geometry": { "type": "Polygon", "coordinates": [ [ [ 78.351982665715838, 17.45735121788729 ], [ 78.351974991656149, 17.457329680741083 ], [ 78.351783045321156, 17.456974575739842 ], [ 78.351781891903926, 17.456972158617486 ], [ 78.351780990885018, 17.456969644625161 ], [ 78.351780350941738, 17.456967057973991 ], [ 78.351779978237076, 17.456964423574842 ], [ 78.351779876360339, 17.456961766798415 ], [ 78.351780046292689, 17.456959113230916 ], [ 78.351780486397544, 17.45695648842765 ], [ 78.351781192436476, 17.456953917666922 ], [ 78.35178215760989, 17.456951425706524 ], [ 78.351783372622663, 17.456949036545424 ], [ 78.351784825773549, 17.45694677319252 ], [ 78.351786503067885, 17.456944657445156 ], [ 78.351788388352446, 17.456942709679112 ], [ 78.351790463470849, 17.456940948652441 ], [ 78.351792708438637, 17.456939391324777 ], [ 78.351795101635545, 17.456938052694046 ], [ 78.351797620013741, 17.456936945651989 ], [ 78.351800239319871, 17.456936080860014 ], [ 78.351802934328646, 17.456935466646549 ], [ 78.351805679085643, 17.456935108926778 ], [ 78.351808447157381, 17.456935011145777 ], [ 78.351811211885803, 17.45693517424521 ], [ 78.35181394664508, 17.45693559665434 ], [ 78.35181662509801, 17.456936274305143 ], [ 78.351819221449631, 17.456937200671486 ], [ 78.351821710695674, 17.456938366831935 ], [ 78.351824068863294, 17.456939761555766 ], [ 78.351826273242139, 17.456941371410998 ], [ 78.351828302602726, 17.456943180893877 ], [ 78.351830137401308, 17.456945172578081 ], [ 78.351831759967709, 17.456947327282631 ], [ 78.351833154675745, 17.45694962425652 ], [ 78.3518519820676, 17.45698445539136 ], [ 78.351775264788628, 17.456769148457425 ], [ 78.351093374151048, 17.455802258676869 ], [ 78.351678128904965, 17.457377297138503 ], [ 78.351915307587632, 17.457464492377362 ], [ 78.351982665715838, 17.45735121788729 ] ] ] } },
{ "type": "Feature", "properties": { "parcel_id": "SYN-P0171", "survey_number": "4172/B", "survey_subdivision": "B", "district": "DEMO-RANGAREDDY", "mandal": "DEMO-SERILINGAMPALLY", "village": "DEMO-KONDAPUR", "ward": "DEMO-WARD-04", "door_number": "271", "address": "Plot 5761, Demo Street 3, Kondapur", "area_sqm": 247.3861, "land_use": "mixed_use", "source": "BhuSetu synthetic integrated benchmark v1 (parcel registry)", "synthetic": true, "geometry_status": "reference" }, "geometry": { "type": "Polygon", "coordinates": [ [ [ 78.35520996995352, 17.461570181553778 ], [ 78.355286922291981, 17.461529698377237 ], [ 78.355117131457774, 17.461343533846737 ], [ 78.355078790969472, 17.461474395721194 ], [ 78.35520996995352, 17.461570181553778 ] ] ] } },
{ "type": "Feature", "properties": { "parcel_id": "SYN-P0172", "survey_number": "2812/A", "survey_subdivision": "A", "district": "DEMO-RANGAREDDY", "mandal": "DEMO-GACHIBOWLI", "village": "DEMO-KONDAPUR", "ward": "DEMO-WARD-05", "door_number": "272", "address": "Plot 7974, Demo Street 4, Kondapur", "area_sqm": 911.2664, "land_use": "residential", "source": "BhuSetu synthetic integrated benchmark v1 (parcel registry)", "synthetic": true, "geometry_status": "reference" }, "geometry": { "type": "MultiPolygon", "coordinates": [ [ [ [ 78.357895586413932, 17.450162881519571 ], [ 78.35799968493474, 17.450160061412053 ], [ 78.357954510286078, 17.450000121026747 ], [ 78.357650143892315, 17.450000122255933 ], [ 78.35765194678909, 17.450019957978725 ], [ 78.357895586413932, 17.450162881519571 ] ] ], [ [ [ 78.35807673996672, 17.450157973897738 ], [ 78.35802208305472, 17.450000120690596 ], [ 78.358012997492537, 17.45000012073713 ], [ 78.35805772814129, 17.450158488953946 ], [ 78.35807673996672, 17.450157973897738 ] ] ], [ [ [ 78.358258981007538, 17.450153036647208 ], [ 78.358363587232347, 17.450119244451709 ], [ 78.358400927716573, 17.450000118380373 ], [ 78.358081568452349, 17.450000120375663 ], [ 78.358135672711072, 17.450156377317906 ], [ 78.358258981007538, 17.450153036647208 ] ] ] ] } },
{ "type": "Feature", "properties": { "parcel_id": "SYN-P0173", "survey_number": "2739/B", "survey_subdivision": "B", "district": "DEMO-RANGAREDDY", "mandal": "DEMO-MADHAPUR", "village": "DEMO-KONDAPUR", "ward": "DEMO-WARD-06", "door_number": "273", "address": "Plot 1919, Demo Street 5, Kondapur", "area_sqm": 685.5719, "land_use": "commercial", "source": "BhuSetu synthetic integrated benchmark v1 (parcel registry)", "synthetic": true, "geometry_status": "reference" }, "geometry": { "type": "MultiPolygon", "coordinates": [ [ [ [ 78.351940242874591, 17.459491816283929 ], [ 78.351851342197904, 17.459330502978172 ], [ 78.351746976598236, 17.459383047345199 ], [ 78.351940242874591, 17.459491816283929 ] ] ], [ [ [ 78.35210115374214, 17.459582375592792 ], [ 78.352141005521474, 17.459552182128981 ], [ 78.352082741234241, 17.459214001471878 ], [ 78.351901334215654, 17.459305333743465 ], [ 78.35203281920262, 17.459543917502856 ], [ 78.35210115374214, 17.459582375592792 ] ] ] ] } },
{ "type": "Feature", "properties": { "parcel_id": "SYN-P0174", "survey_number": "8938/C", "survey_subdivision": "C", "district": "DEMO-RANGAREDDY", "mandal": "DEMO-SERILINGAMPALLY", "village": "DEMO-KONDAPUR", "ward": "DEMO-WARD-07", "door_number": "274", "address": "Plot 5440, Demo Street 6, Kondapur", "area_sqm": 1116.1763, "land_use": "mixed_use", "source": "BhuSetu synthetic integrated benchmark v1 (parcel registry)", "synthetic": true, "geometry_status": "reference" }, "geometry": { "type": "Polygon", "coordinates": [ [ [ 78.351119062926202, 17.460884602849411 ], [ 78.351327381285344, 17.460777663152864 ], [ 78.351316201201513, 17.460736919906111 ], [ 78.35125548992508, 17.46062939938415 ], [ 78.350858402901096, 17.460541059767277 ], [ 78.350922127926665, 17.460710136872486 ], [ 78.351014542340081, 17.460864391148206 ], [ 78.351119062926202, 17.460884602849411 ] ] ] } },
{ "type": "Feature", "properties": { "parcel_id": "SYN-P0175", "survey_number": "2408/A", "survey_subdivision": "A", "district": "DEMO-RANGAREDDY", "mandal": "DEMO-GACHIBOWLI", "village": "DEMO-KONDAPUR", "ward": "DEMO-WARD-08", "door_number": "275", "address": "Plot 3788, Demo Street 7, Kondapur", "area_sqm": 2234.1447, "land_use": "residential", "source": "BhuSetu synthetic integrated benchmark v1 (parcel registry)", "synthetic": true, "geometry_status": "reference" }, "geometry": { "type": "MultiPolygon", "coordinates": [ [ [ [ 78.352090084077176, 17.459647826278761 ], [ 78.352251306657067, 17.459940368706402 ], [ 78.352424938342466, 17.460003949225463 ], [ 78.352559249771289, 17.459964792842175 ], [ 78.352571963937763, 17.459886334271168 ], [ 78.352401012794999, 17.459590333896756 ], [ 78.352400909710227, 17.459590152653089 ], [ 78.352400903633168, 17.459590143079666 ], [ 78.352400898877406, 17.459590133606817 ], [ 78.352400837959536, 17.459590026501001 ], [ 78.352341702581214, 17.45948443746499 ], [ 78.352141005521474, 17.459552182128981 ], [ 78.35210115374214, 17.459582375592792 ], [ 78.352090084077176, 17.459647826278761 ] ] ], [ [ [ 78.352052894445137, 17.459867713815363 ], [ 78.352171297077717, 17.459911070704113 ], [ 78.352075087404671, 17.459736495745556 ], [ 78.352052894445137, 17.459867713815363 ] ] ], [ [ [ 78.352631212698398, 17.459520711416918 ], [ 78.352613884564363, 17.459509810358874 ], [ 78.352464181903102, 17.459587951524753 ], [ 78.352586106273037, 17.459799062415012 ], [ 78.352631212698398, 17.459520711416918 ] ] ], [ [ [ 78.352492591388781, 17.459433505246206 ], [ 78.352395603909571, 17.459466243195315 ], [ 78.352437132484113, 17.45954039441142 ], [ 78.352560302996892, 17.459476102397968 ], [ 78.352492591388781, 17.459433505246206 ] ] ] ] } },
{ "type": "Feature", "properties": { "parcel_id": "SYN-P0176", "survey_number": "2296/B", "survey_subdivision": "B", "district": "DEMO-RANGAREDDY", "mandal": "DEMO-MADHAPUR", "village": "DEMO-KONDAPUR", "ward": "DEMO-WARD-01", "door_number": "276", "address": "Plot 3794, Demo Street 8, Kondapur", "area_sqm": 293.0309, "land_use": "commercial", "source": "BhuSetu synthetic integrated benchmark v1 (parcel registry)", "synthetic": true, "geometry_status": "reference" }, "geometry": { "type": "MultiPolygon", "coordinates": [ [ [ [ 78.355370281748236, 17.461920765459009 ], [ 78.355377620574885, 17.461917021232491 ], [ 78.35531716202243, 17.461600700897531 ], [ 78.35519694738656, 17.461663269474816 ], [ 78.355370281748236, 17.461920765459009 ] ] ], [ [ [ 78.355303103051, 17.461527143983968 ], [ 78.355286922291981, 17.461529698377237 ], [ 78.35520996995352, 17.461570181553778 ], [ 78.355176153527438, 17.46161245607172 ], [ 78.355306447363688, 17.461544641520565 ], [ 78.355303103051, 17.461527143983968 ] ] ] ] } },
{ "type": "Feature", "properties": { "parcel_id": "SYN-P0177", "survey_number": "4115/C", "survey_subdivision": "C", "district": "DEMO-RANGAREDDY", "mandal": "DEMO-SERILINGAMPALLY", "village": "DEMO-KONDAPUR", "ward": "DEMO-WARD-02", "door_number": "277", "address": "Plot 7456, Demo Street 9, Kondapur", "area_sqm": 1116.5827, "land_use": "mixed_use", "source": "BhuSetu synthetic integrated benchmark v1 (parcel registry)", "synthetic": true, "geometry_status": "reference" }, "geometry": { "type": "MultiPolygon", "coordinates": [ [ [ [ 78.357390534131596, 17.450492623501514 ], [ 78.357401314235744, 17.450508604028592 ], [ 78.357484074219201, 17.450510232236066 ], [ 78.357483627078722, 17.450494577681685 ], [ 78.357393654431903, 17.450461467739096 ], [ 78.357392911075664, 17.450461752904758 ], [ 78.357390534131596, 17.450492623501514 ] ] ], [ [ [ 78.357638146611336, 17.450859685805263 ], [ 78.357815646211236, 17.450861926259396 ], [ 78.35783993927221, 17.450649198191744 ], [ 78.357793580878038, 17.450608640324141 ], [ 78.357684620118746, 17.450568542957811 ], [ 78.357512506920784, 17.450564985055209 ], [ 78.357438363634699, 17.450563526381007 ], [ 78.357638146611336, 17.450859685805263 ] ] ], [ [ [ 78.357790166925923, 17.451085040903763 ], [ 78.357809467098051, 17.450916035028133 ], [ 78.357675013866981, 17.450914337923916 ], [ 78.357790166925923, 17.451085040903763 ] ] ] ] } },
{ "type": "Feature", "properties": { "parcel_id": "SYN-P0178", "survey_number": "1168/A", "survey_subdivision": "A", "district": "DEMO-RANGAREDDY", "mandal": "DEMO-GACHIBOWLI", "village": "DEMO-KONDAPUR", "ward": "DEMO-WARD-03", "door_number": "278", "address": "Plot 432, Demo Street 10, Kondapur", "area_sqm": 33928.1654, "land_use": "residential", "source": "BhuSetu synthetic integrated benchmark v1 (parcel registry)", "synthetic": true, "geometry_status": "reference" }, "geometry": { "type": "Polygon", "coordinates": [ [ [ 78.350276717858421, 17.454249143086841 ], [ 78.351093374151048, 17.455802258676869 ], [ 78.351775264788628, 17.456769148457425 ], [ 78.35224665902706, 17.45707144227184 ], [ 78.352119015463515, 17.45684258557316 ], [ 78.352117829586788, 17.456840182963493 ], [ 78.352116894782412, 17.456837680360216 ], [ 78.352116220053091, 17.456835101864804 ], [ 78.352115811896795, 17.456832472309539 ], [ 78.352115674244288, 17.456829817018491 ], [ 78.352115808421246, 17.45682716156357 ], [ 78.352116213135446, 17.456824531518247 ], [ 78.352116884489206, 17.45682195221131 ], [ 78.352117816017113, 17.456819448482861 ], [ 78.352118998747969, 17.456817044445188 ], [ 78.352120421291431, 17.456814763250478 ], [ 78.352122069947654, 17.456812626867887 ], [ 78.352123928839148, 17.45681065587193 ], [ 78.352125980063775, 17.456808869244377 ], [ 78.352128203867125, 17.456807284191406 ], [ 78.352130578832757, 17.45680591597797 ], [ 78.352133082088471, 17.456804777780679 ], [ 78.352135689526548, 17.456803880561008 ], [ 78.352138376035953, 17.456803232959661 ], [ 78.352141115744132, 17.456802841213399 ], [ 78.352143882266219, 17.456802709094948 ], [ 78.352146648959092, 17.456802837876683 ], [ 78.35214938917801, 17.456803226318382 ], [ 78.352152076533173, 17.45680387067911 ], [ 78.352154685143901, 17.45680476475335 ], [ 78.352157189887834, 17.456805899930686 ], [ 78.352159566642939, 17.456807265278723 ], [ 78.352161792519766, 17.456808847648432 ], [ 78.352163846081908, 17.456810631800735 ], [ 78.352165707552444, 17.456812600553278 ], [ 78.352167359004383, 17.456814734945901 ], [ 78.352168784533333, 17.456817014423223 ], [ 78.352291776528773, 17.457037531052215 ], [ 78.351990614073586, 17.455188730588429 ], [ 78.35197367939692, 17.455162780509607 ], [ 78.351972337371507, 17.455160482785516 ], [ 78.351971234186919, 17.455158070827014 ], [ 78.351970380273002, 17.455155567437522 ], [ 78.351936680290578, 17.455037667435164 ], [ 78.351936049561161, 17.455034901595212 ], [ 78.351935723033407, 17.455032087678017 ], [ 78.35193570427387, 17.455029256419127 ], [ 78.351935993487416, 17.455026438743523 ], [ 78.351949869456121, 17.454938602627934 ], [ 78.351810999895335, 17.454086090587072 ], [ 78.350276717858421, 17.454249143086841 ] ] ] } },
{ "type": "Feature", "properties": { "parcel_id": "SYN-P0179", "survey_number": "8429/B", "survey_subdivision": "B", "district": "DEMO-RANGAREDDY", "mandal": "DEMO-MADHAPUR", "village": "DEMO-KONDAPUR", "ward": "DEMO-WARD-04", "door_number": "279", "address": "Plot 3763, Demo Street 11, Kondapur", "area_sqm": 1116.976, "land_use": "commercial", "source": "BhuSetu synthetic integrated benchmark v1 (parcel registry)", "synthetic": true, "geometry_status": "reference" }, "geometry": { "type": "MultiPolygon", "coordinates": [ [ [ [ 78.355306447363688, 17.461544641520565 ], [ 78.35535287482638, 17.461520477199457 ], [ 78.355349112992783, 17.461513791374202 ], [ 78.355339482564418, 17.461508411770755 ], [ 78.355303103051, 17.461527143983968 ], [ 78.355306447363688, 17.461544641520565 ] ] ], [ [ [ 78.355377620574885, 17.461917021232491 ], [ 78.355531761916879, 17.461838379115012 ], [ 78.355379700387303, 17.461568151263798 ], [ 78.35531716202243, 17.461600700897531 ], [ 78.355377620574885, 17.461917021232491 ] ] ], [ [ [ 78.355407015336311, 17.462000117003409 ], [ 78.355622750990392, 17.462000118617055 ], [ 78.355558585873965, 17.461886055263314 ], [ 78.355394640192856, 17.461969699496134 ], [ 78.355407015336311, 17.462000117003409 ] ] ], [ [ [ 78.355723990895356, 17.462000119293489 ], [ 78.355743541213727, 17.46178983184419 ], [ 78.355608308604573, 17.461860398298764 ], [ 78.35568690706819, 17.462000119051712 ], [ 78.355723990895356, 17.462000119293489 ] ] ], [ [ [ 78.355442684194685, 17.46156606065778 ], [ 78.355581485111273, 17.461812722972667 ], [ 78.355738024227307, 17.461731038439609 ], [ 78.355442684194685, 17.46156606065778 ] ] ] ] } },
{ "type": "Feature", "properties": { "parcel_id": "SYN-P0180", "survey_number": "5315/C", "survey_subdivision": "C", "district": "DEMO-RANGAREDDY", "mandal": "DEMO-SERILINGAMPALLY", "village": "DEMO-KONDAPUR", "ward": "DEMO-WARD-05", "door_number": "280", "address": "Plot 4498, Demo Street 12, Kondapur", "area_sqm": 31780.5825, "land_use": "mixed_use", "source": "BhuSetu synthetic integrated benchmark v1 (parcel registry)", "synthetic": true, "geometry_status": "reference" }, "geometry": { "type": "Polygon", "coordinates": [ [ [ 78.351216443258707, 17.457472826460403 ], [ 78.351109029535706, 17.457287362254693 ], [ 78.351107804156939, 17.457284977976048 ], [ 78.351106828169321, 17.457282489899605 ], [ 78.351106110972168, 17.45727992198691 ], [ 78.351105659472452, 17.457277298968378 ], [ 78.35110547801834, 17.457274646105105 ], [ 78.35110556835734, 17.45727198894561 ], [ 78.351105929619408, 17.457269353079809 ], [ 78.351106558325398, 17.457266763892495 ], [ 78.351107448420507, 17.457264246318985 ], [ 78.351108591332647, 17.45726182460486 ], [ 78.351109976054914, 17.457259522072565 ], [ 78.351111589251687, 17.457257360896723 ], [ 78.35111341538699, 17.457255361890645 ], [ 78.351115436874153, 17.457253544305829 ], [ 78.351117634245128, 17.457251925646631 ], [ 78.351119986338063, 17.457250521501596 ], [ 78.351122470501011, 17.457249345393418 ], [ 78.351125062810155, 17.457248408648649 ], [ 78.351127738300093, 17.457247720288656 ], [ 78.351130471204456, 17.457247286942724 ], [ 78.351133235203875, 17.457247112784209 ], [ 78.351136003679557, 17.457247199490336 ], [ 78.35113874996955, 17.457247546226096 ], [ 78.351141447625608, 17.457248149652251 ], [ 78.351144070667843, 17.457249003957454 ], [ 78.351146593834912, 17.457250100914305 ], [ 78.351148992827376, 17.4572514299585 ], [ 78.351151244541597, 17.457252978290626 ], [ 78.351153327292351, 17.457254730999406 ], [ 78.351155221021614, 17.457256671205297 ], [ 78.351156907491742, 17.457258780223075 ], [ 78.351158370461064, 17.457261037741738 ], [ 78.351274118787003, 17.457460892639922 ], [ 78.351602810049599, 17.457392881762591 ], [ 78.351457716710968, 17.457128006958893 ], [ 78.351456549548374, 17.457125595922761 ], [ 78.351455634228955, 17.457123086694338 ], [ 78.35145497956772, 17.457120503438855 ], [ 78.351454591869427, 17.457117871034495 ], [ 78.351454474867793, 17.457115214832747 ], [ 78.351454629689613, 17.457112560414277 ], [ 78.351455054843839, 17.457109933342572 ], [ 78.351455746235985, 17.457107358917796 ], [ 78.351456697207595, 17.45710486193304 ], [ 78.351457898600273, 17.457102466435629 ], [ 78.351459338843895, 17.457100195495521 ], [ 78.35146100406817, 17.457098070983093 ], [ 78.351462878236092, 17.457096113358556 ], [ 78.351464943298353, 17.4570943414749 ], [ 78.351467179367319, 17.457092772396333 ], [ 78.351469564908385, 17.457091421233933 ], [ 78.351472076947545, 17.457090301000111 ], [ 78.351474691292452, 17.457089422483357 ], [ 78.35147738276558, 17.457088794144241 ], [ 78.351480125446557, 17.457088422034023 ], [ 78.351482892921894, 17.457088309736328 ], [ 78.351485658539318, 17.457088458332649 ], [ 78.351488395664362, 17.457088866391917 ], [ 78.351491077937112, 17.457089529984287 ], [ 78.351493679525788, 17.45709044271905 ], [ 78.351496175375672, 17.457091595806016 ], [ 78.351498541450368, 17.457092978140388 ], [ 78.351500754963311, 17.457094576409499 ], [ 78.351502794597153, 17.457096375221166 ], [ 78.351504640709067, 17.457098357251859 ], [ 78.351506275520038, 17.457100503413532 ], [ 78.351507683285917, 17.457102793037482 ], [ 78.351660095452203, 17.457381028538851 ], [ 78.351678128904965, 17.457377297138503 ], [ 78.351093374151048, 17.455802258676869 ], [ 78.350276717858421, 17.454249143086841 ], [ 78.350000013217795, 17.454248414963974 ], [ 78.350000014434059, 17.456194960680538 ], [ 78.350542784787137, 17.456941936020083 ], [ 78.351165395666399, 17.457483388858609 ], [ 78.351216443258707, 17.457472826460403 ] ] ] } },
{ "type": "Feature", "properties": { "parcel_id": "SYN-P0181", "survey_number": "6018/A", "survey_subdivision": "A", "district": "DEMO-RANGAREDDY", "mandal": "DEMO-GACHIBOWLI", "village": "DEMO-KONDAPUR", "ward": "DEMO-WARD-06", "door_number": "281", "address": "Plot 7848, Demo Street 1, Kondapur", "area_sqm": 406.8717, "land_use": "residential", "source": "BhuSetu synthetic integrated benchmark v1 (parcel registry)", "synthetic": true, "geometry_status": "reference" }, "geometry": { "type": "MultiPolygon", "coordinates": [ [ [ [ 78.355634598723029, 17.460388627772257 ], [ 78.355526981124683, 17.460255719129702 ], [ 78.355350827563512, 17.460353174383464 ], [ 78.355596227795559, 17.46047719693799 ], [ 78.355634598723029, 17.460388627772257 ] ] ], [ [ [ 78.355485770657637, 17.460204823795433 ], [ 78.355263664923541, 17.460307192717345 ], [ 78.355263574791977, 17.460309077693783 ], [ 78.355291752233256, 17.460323318300663 ], [ 78.355492009001694, 17.460212528214136 ], [ 78.355485770657637, 17.460204823795433 ] ] ] ] } },
{ "type": "Feature", "properties": { "parcel_id": "SYN-P0182", "survey_number": "7691/B", "survey_subdivision": "B", "district": "DEMO-RANGAREDDY", "mandal": "DEMO-MADHAPUR", "village": "DEMO-KONDAPUR", "ward": "DEMO-WARD-07", "door_number": "282", "address": "Plot 3525, Demo Street 2, Kondapur", "area_sqm": 2034.7001, "land_use": "commercial", "source": "BhuSetu synthetic integrated benchmark v1 (parcel registry)", "synthetic": true, "geometry_status": "reference" }, "geometry": { "type": "Polygon", "coordinates": [ [ [ 78.358683426706449, 17.450446633947919 ], [ 78.358883102578929, 17.450452991644681 ], [ 78.358889000951336, 17.450444680672561 ], [ 78.35889948159803, 17.450350634787796 ], [ 78.358757436453956, 17.450000115546562 ], [ 78.358400927716573, 17.450000118380373 ], [ 78.358363587232347, 17.450119244451709 ], [ 78.358370892333454, 17.450163077365151 ], [ 78.358630749725052, 17.450150244730292 ], [ 78.358630864857716, 17.450150239270812 ], [ 78.358685864849491, 17.450147739270079 ], [ 78.358688634702361, 17.450147743964258 ], [ 78.358691390738272, 17.450148009222808 ], [ 78.358694106415115, 17.45014853249117 ], [ 78.35869675557943, 17.450149308729955 ], [ 78.358699312718358, 17.450150330463583 ], [ 78.35870175320521, 17.450151587852201 ], [ 78.358704053536812, 17.450153068786477 ], [ 78.358706191559705, 17.450154759004207 ], [ 78.358708146683554, 17.450156642227682 ], [ 78.358709900079432, 17.450158700320429 ], [ 78.358711434861235, 17.450160913461886 ], [ 78.35871273624808, 17.450163260338318 ], [ 78.358713791706947, 17.450165718348021 ], [ 78.358714591073181, 17.450168263819009 ], [ 78.35871512664842, 17.450170872237006 ], [ 78.358715393274792, 17.450173518481538 ], [ 78.358715388384496, 17.450176177067799 ], [ 78.35871511202464, 17.450178822392171 ], [ 78.358714566856719, 17.450181428978723 ], [ 78.358713758130946, 17.450183971724599 ], [ 78.358712693635823, 17.450186426141752 ], [ 78.358711383622989, 17.450188768592806 ], [ 78.358709840708599, 17.45019097651868 ], [ 78.358708079751736, 17.450193028655821 ], [ 78.358706117711407, 17.45019490524103 ], [ 78.358703973483102, 17.450196588201756 ], [ 78.358701667716943, 17.450198061330155 ], [ 78.358699222618696, 17.450199310439199 ], [ 78.358696661736019, 17.450200323499296 ], [ 78.358694009731664, 17.450201090754092 ], [ 78.358691292145792, 17.450201604814517 ], [ 78.358688535150321, 17.450201860729894 ], [ 78.358633592713986, 17.450204358112263 ], [ 78.358379860347739, 17.450216888266382 ], [ 78.358402587317357, 17.45035325713852 ], [ 78.358683426706449, 17.450446633947919 ] ] ] } },
{ "type": "Feature", "properties": { "parcel_id": "SYN-P0183", "survey_number": "3371/C", "survey_subdivision": "C", "district": "DEMO-RANGAREDDY", "mandal": "DEMO-SERILINGAMPALLY", "village": "DEMO-KONDAPUR", "ward": "DEMO-WARD-08", "door_number": "283", "address": "Plot 3482, Demo Street 3, Kondapur", "area_sqm": 3427.1987, "land_use": "mixed_use", "source": "BhuSetu synthetic integrated benchmark v1 (parcel registry)", "synthetic": true, "geometry_status": "reference" }, "geometry": { "type": "MultiPolygon", "coordinates": [ [ [ [ 78.363087339671083, 17.451398172863851 ], [ 78.363151958850565, 17.451263577593643 ], [ 78.363149882623688, 17.451263189027507 ], [ 78.363147108980783, 17.451262379117313 ], [ 78.36314443652762, 17.451261300390552 ], [ 78.363141893459854, 17.45125996422831 ], [ 78.363097593457368, 17.451233764224611 ], [ 78.36309531550134, 17.451232264603693 ], [ 78.363093201175673, 17.451230558443363 ], [ 78.363091270730749, 17.451228662084716 ], [ 78.363089542655771, 17.451226593690521 ], [ 78.363088033501754, 17.451224373071252 ], [ 78.363086757722925, 17.451222021495354 ], [ 78.363085727538305, 17.451219561485527 ], [ 78.363084952814674, 17.451217016603014 ], [ 78.363084440972116, 17.451214411221976 ], [ 78.36308419691288, 17.451211770295949 ], [ 78.363078396934768, 17.451070970298055 ], [ 78.363078431812838, 17.451068180453397 ], [ 78.363078765453892, 17.451065408846976 ], [ 78.363079394319172, 17.451062684875524 ], [ 78.363080311738699, 17.451060037430551 ], [ 78.363081507981931, 17.451057494591922 ], [ 78.363082970361035, 17.451055083329987 ], [ 78.363084683365429, 17.451052829219549 ], [ 78.363086628826323, 17.451050756168598 ], [ 78.363104348432785, 17.451033726250987 ], [ 78.363074285023515, 17.451001401834716 ], [ 78.362961243408819, 17.450957044472169 ], [ 78.362762843944765, 17.450964768877256 ], [ 78.362762397090265, 17.450964765575147 ], [ 78.362761962285973, 17.450964789967006 ], [ 78.362482169988894, 17.450967285433581 ], [ 78.362443577229342, 17.450968963378823 ], [ 78.362443442648569, 17.450968968921302 ], [ 78.3624254426459, 17.450969668921058 ], [ 78.362424950099197, 17.450969683943075 ], [ 78.362406385688203, 17.450970094460882 ], [ 78.362361786535175, 17.451093408908097 ], [ 78.362821822606421, 17.45145501085095 ], [ 78.363087339671083, 17.451398172863851 ] ] ], [ [ [ 78.363208530748722, 17.451145743792249 ], [ 78.363142002964935, 17.451074212682467 ], [ 78.363135290553231, 17.451080663832592 ], [ 78.363140008986079, 17.451195207425386 ], [ 78.363165193786401, 17.451210102271482 ], [ 78.36317741578813, 17.451210553275168 ], [ 78.363208530748722, 17.451145743792249 ] ] ], [ [ [ 78.362776099740273, 17.450884394193764 ], [ 78.362783145737282, 17.450909751634278 ], [ 78.362835524244261, 17.450907712361829 ], [ 78.362776099740273, 17.450884394193764 ] ] ], [ [ [ 78.362663015590954, 17.450840019925096 ], [ 78.362534880089285, 17.450830125749263 ], [ 78.362446788597964, 17.450858382232479 ], [ 78.362426161867432, 17.450915414236785 ], [ 78.362441090054006, 17.45091483369578 ], [ 78.362480122764609, 17.450913136620624 ], [ 78.362480630690641, 17.450913138483013 ], [ 78.362481137755083, 17.450913110038147 ], [ 78.362725051114879, 17.450910934588656 ], [ 78.362710526666248, 17.450858663301364 ], [ 78.362663015590954, 17.450840019925096 ] ] ] ] } },
{ "type": "Feature", "properties": { "parcel_id": "SYN-P0184", "survey_number": "1600/A", "survey_subdivision": "A", "district": "DEMO-RANGAREDDY", "mandal": "DEMO-GACHIBOWLI", "village": "DEMO-KONDAPUR", "ward": "DEMO-WARD-01", "door_number": "284", "address": "Plot 581, Demo Street 4, Kondapur", "area_sqm": 628.4061, "land_use": "residential", "source": "BhuSetu synthetic integrated benchmark v1 (parcel registry)", "synthetic": true, "geometry_status": "reference" }, "geometry": { "type": "MultiPolygon", "coordinates": [ [ [ [ 78.350589724387774, 17.460115775910413 ], [ 78.350897629691417, 17.459951233804354 ], [ 78.350533768790243, 17.459818776615968 ], [ 78.350517112626918, 17.459827771772787 ], [ 78.350589724387774, 17.460115775910413 ] ] ], [ [ [ 78.350604989409547, 17.460176322346282 ], [ 78.350704915540391, 17.460116232920313 ], [ 78.350603503029618, 17.460170426842843 ], [ 78.350604989409547, 17.460176322346282 ] ] ] ] } },
{ "type": "Feature", "properties": { "parcel_id": "SYN-P0185", "survey_number": "3807/B", "survey_subdivision": "B", "district": "DEMO-RANGAREDDY", "mandal": "DEMO-MADHAPUR", "village": "DEMO-KONDAPUR", "ward": "DEMO-WARD-02", "door_number": "285", "address": "Plot 2081, Demo Street 5, Kondapur", "area_sqm": 828.7238, "land_use": "commercial", "source": "BhuSetu synthetic integrated benchmark v1 (parcel registry)", "synthetic": true, "geometry_status": "reference" }, "geometry": { "type": "MultiPolygon", "coordinates": [ [ [ [ 78.356839763305402, 17.451100997552274 ], [ 78.356941554402184, 17.451088362028436 ], [ 78.357013843923667, 17.450905991140168 ], [ 78.357005728749044, 17.45090588867841 ], [ 78.357005578564653, 17.450905879049813 ], [ 78.357005412687371, 17.450905882988557 ], [ 78.357003172610902, 17.450905724799732 ], [ 78.35700271443919, 17.450905695425508 ], [ 78.356890614423506, 17.450892695421437 ], [ 78.356887509789232, 17.450892165072652 ], [ 78.356884486168354, 17.450891305624797 ], [ 78.356881581302829, 17.450890127805824 ], [ 78.356788329574258, 17.450846273233221 ], [ 78.35677410249032, 17.450926242464163 ], [ 78.356839763305402, 17.451100997552274 ] ] ], [ [ [ 78.356886859907362, 17.451226344143095 ], [ 78.35691877770752, 17.451145822624603 ], [ 78.356859375976043, 17.451153196270159 ], [ 78.356886859907362, 17.451226344143095 ] ] ], [ [ [ 78.357042525771973, 17.450676046437437 ], [ 78.357039670058867, 17.450668507749842 ], [ 78.357037422899694, 17.450757056424155 ], [ 78.357042525771973, 17.450676046437437 ] ] ], [ [ [ 78.356815754356049, 17.450692120578005 ], [ 78.356798235036521, 17.450790595411181 ], [ 78.356902128531132, 17.450839454610094 ], [ 78.356978640018852, 17.450848327489126 ], [ 78.356984614676009, 17.45061290084886 ], [ 78.356815754356049, 17.450692120578005 ] ] ] ] } },
{ "type": "Feature", "properties": { "parcel_id": "SYN-P0186", "survey_number": "6885/C", "survey_subdivision": "C", "district": "DEMO-RANGAREDDY", "mandal": "DEMO-SERILINGAMPALLY", "village": "DEMO-KONDAPUR", "ward": "DEMO-WARD-03", "door_number": "286", "address": "Plot 9307, Demo Street 6, Kondapur", "area_sqm": 524.2301, "land_use": "mixed_use", "source": "BhuSetu synthetic integrated benchmark v1 (parcel registry)", "synthetic": true, "geometry_status": "reference" }, "geometry": { "type": "MultiPolygon", "coordinates": [ [ [ [ 78.359579742156569, 17.450210972993066 ], [ 78.359524460515928, 17.450306278148538 ], [ 78.359524295190397, 17.45030653240212 ], [ 78.359524147333786, 17.450306804146081 ], [ 78.359502523173134, 17.450342197847515 ], [ 78.359946778389769, 17.450460734105008 ], [ 78.35989306398541, 17.450387712299545 ], [ 78.359579742156569, 17.450210972993066 ] ] ], [ [ [ 78.359475861296517, 17.450152375462803 ], [ 78.359460877937224, 17.450239413228033 ], [ 78.359489256007663, 17.450255585091838 ], [ 78.359531061378007, 17.450183512955853 ], [ 78.359475861296517, 17.450152375462803 ] ] ], [ [ [ 78.359445789695201, 17.450327060130974 ], [ 78.359446255689335, 17.450327184468343 ], [ 78.359461252114826, 17.450302638837545 ], [ 78.359450999573383, 17.450296796202505 ], [ 78.359445789695201, 17.450327060130974 ] ] ] ] } },
{ "type": "Feature", "properties": { "parcel_id": "SYN-P0187", "survey_number": "1196/A", "survey_subdivision": "A", "district": "DEMO-RANGAREDDY", "mandal": "DEMO-GACHIBOWLI", "village": "DEMO-KONDAPUR", "ward": "DEMO-WARD-04", "door_number": "287", "address": "Plot 1332, Demo Street 7, Kondapur", "area_sqm": 1180.8896, "land_use": "residential", "source": "BhuSetu synthetic integrated benchmark v1 (parcel registry)", "synthetic": true, "geometry_status": "reference" }, "geometry": { "type": "MultiPolygon", "coordinates": [ [ [ [ 78.3544922437775, 17.460743975681854 ], [ 78.354588475328725, 17.460694049340503 ], [ 78.354472754630748, 17.460719404043363 ], [ 78.3544922437775, 17.460743975681854 ] ] ], [ [ [ 78.354714622650917, 17.461024347257979 ], [ 78.354873313722294, 17.460941908374931 ], [ 78.354985569914589, 17.460867509311829 ], [ 78.354855159415735, 17.460635617877998 ], [ 78.354793977069662, 17.46064902319069 ], [ 78.354526853455653, 17.460787611052123 ], [ 78.354714622650917, 17.461024347257979 ] ] ], [ [ [ 78.355037068769548, 17.460833377817604 ], [ 78.355003568259761, 17.460785441787703 ], [ 78.355032302818373, 17.46083653651106 ], [ 78.355037068769548, 17.460833377817604 ] ] ] ] } },
{ "type": "Feature", "properties": { "parcel_id": "SYN-P0188", "survey_number": "1196/A", "survey_subdivision": "A", "district": "DEMO-RANGAREDDY", "mandal": "DEMO-MADHAPUR", "village": "DEMO-KONDAPUR", "ward": "DEMO-WARD-05", "door_number": "288", "address": "Plot 2641, Demo Street 8, Kondapur", "area_sqm": 15244.811, "land_use": "commercial", "source": "BhuSetu synthetic integrated benchmark v1 (parcel registry)", "synthetic": true, "geometry_status": "reference" }, "geometry": { "type": "MultiPolygon", "coordinates": [ [ [ [ 78.354505084813582, 17.457723578343149 ], [ 78.354705818670311, 17.457869187270173 ], [ 78.354708245019225, 17.457871163076277 ], [ 78.354710424250968, 17.457873388438447 ], [ 78.35484626879142, 17.458028804478392 ], [ 78.354850670420007, 17.457999884162547 ], [ 78.354851234048638, 17.457997163451186 ], [ 78.354852084600253, 17.457994512321878 ], [ 78.354853213157071, 17.457991958570801 ], [ 78.354854607886551, 17.45798952897324 ], [ 78.354856254165369, 17.457987249002684 ], [ 78.354858134732865, 17.457985142563903 ], [ 78.354860229871889, 17.457983231742173 ], [ 78.354862517615601, 17.457981536571861 ], [ 78.354864973977769, 17.457980074826231 ], [ 78.35486757320426, 17.457978861831212 ], [ 78.354870288043031, 17.457977910304663 ], [ 78.354992688025845, 17.457941710307573 ], [ 78.354995257270232, 17.457941075663797 ], [ 78.354997877246859, 17.457940675340623 ], [ 78.355000524810436, 17.457940512874579 ], [ 78.355055211027278, 17.457939629110665 ], [ 78.355598230993152, 17.456868704614745 ], [ 78.355397419920067, 17.456541518006656 ], [ 78.354505084813582, 17.457723578343149 ] ] ], [ [ [ 78.353867936719951, 17.458567583751933 ], [ 78.354025097011274, 17.458487755503022 ], [ 78.354027605896675, 17.458486628726323 ], [ 78.354030217772092, 17.458485743399681 ], [ 78.354032907483756, 17.458485108049242 ], [ 78.354035649128278, 17.458484728793788 ], [ 78.354038416302146, 17.458484609285755 ], [ 78.354041182355971, 17.458484750676064 ], [ 78.354043920651151, 17.45848515160306 ], [ 78.354046604816418, 17.458485808205602 ], [ 78.354049209001829, 17.458486714160248 ], [ 78.354051708127599, 17.458487860742164 ], [ 78.354054078125841, 17.458489236909156 ], [ 78.354056296172161, 17.458490829407967 ], [ 78.354058340905581, 17.458492622901993 ], [ 78.354060192634165, 17.45849460011889 ], [ 78.354061833524781, 17.458496742016997 ], [ 78.354063247774747, 17.458499027968656 ], [ 78.354064421764051, 17.458501435958944 ], [ 78.354065344186509, 17.458503942797552 ], [ 78.354066006158703, 17.45850652434229 ], [ 78.354066401305445, 17.458509155731448 ], [ 78.354066525821281, 17.458511811623339 ], [ 78.354066378507014, 17.458514466440235 ], [ 78.354065960781341, 17.45851709461482 ], [ 78.3540652766672, 17.458519670836335 ], [ 78.354064332752955, 17.458522170294355 ], [ 78.354063138129021, 17.45852456891771 ], [ 78.354061704300292, 17.458526843606357 ], [ 78.354060045075272, 17.458528972453788 ], [ 78.354058176433242, 17.458530934958034 ], [ 78.354056116370231, 17.4585327122191 ], [ 78.354053884725801, 17.45853428712098 ], [ 78.354051502991865, 17.458535644496511 ], [ 78.353792877546454, 17.458667011005211 ], [ 78.353758374352921, 17.458712715663818 ], [ 78.353812534849865, 17.458731726756938 ], [ 78.353961893448655, 17.458763477923945 ], [ 78.354191693596277, 17.458766044584042 ], [ 78.354246477667147, 17.458738165324245 ], [ 78.354248985646095, 17.458737036682201 ], [ 78.354251596810116, 17.458736149413561 ], [ 78.354254286012235, 17.458735512063214 ], [ 78.354257027354024, 17.458735130769199 ], [ 78.354259794434824, 17.458735009203579 ], [ 78.354262560606173, 17.458735148537091 ], [ 78.354265299228359, 17.458735547427903 ], [ 78.354267983926945, 17.458736202034459 ], [ 78.354270588846845, 17.458737106052553 ], [ 78.354273088901209, 17.458738250775991 ], [ 78.354275460013199, 17.458739625180488 ], [ 78.354277679347717, 17.458741216029768 ], [ 78.354279725531342, 17.458743008003083 ], [ 78.35428157885822, 17.45874498384276 ], [ 78.35428322147979, 17.458747124520407 ], [ 78.354284637576697, 17.458749409420118 ], [ 78.354285813511154, 17.458751816537053 ], [ 78.354286737958262, 17.458754322689362 ], [ 78.354287402015075, 17.45875690374147 ], [ 78.354287799286354, 17.458759534836389 ], [ 78.354287925946167, 17.458762190635262 ], [ 78.354287780774655, 17.458764845561287 ], [ 78.354287422145163, 17.458767113707115 ], [ 78.354427071849614, 17.458768673271223 ], [ 78.354665284569663, 17.45870861798597 ], [ 78.354940534948341, 17.458165787066417 ], [ 78.354850943526671, 17.458115937325491 ], [ 78.354850324346813, 17.458115552220733 ], [ 78.354849672944809, 17.458115186608929 ], [ 78.354849138128799, 17.458114814441181 ], [ 78.354848594565397, 17.458114476366763 ], [ 78.35484802926149, 17.458114042802642 ], [ 78.354847430386471, 17.458113626057507 ], [ 78.354846925065232, 17.45811319593092 ], [ 78.354846407914366, 17.458112799298121 ], [ 78.354845900300688, 17.458112323657101 ], [ 78.354845357996226, 17.458111862050586 ], [ 78.354844888956521, 17.458111376013662 ], [ 78.354844405076548, 17.458110922611443 ], [ 78.354843958187246, 17.458110411514845 ], [ 78.354843475732338, 17.458109911576546 ], [ 78.354669230627778, 17.457910562497162 ], [ 78.354471956129899, 17.457767462899977 ], [ 78.353867936719951, 17.458567583751933 ] ] ], [ [ [ 78.355027506551565, 17.457994266444977 ], [ 78.355005482149878, 17.457994622371007 ], [ 78.354903952230472, 17.458024650012966 ], [ 78.354895792359073, 17.458078263443419 ], [ 78.354965303367834, 17.45811694019195 ], [ 78.355027506551565, 17.457994266444977 ] ] ] ] } },
{ "type": "Feature", "properties": { "parcel_id": "SYN-P0189", "survey_number": "2750/C", "survey_subdivision": "C", "district": "DEMO-RANGAREDDY", "mandal": "DEMO-SERILINGAMPALLY", "village": "DEMO-KONDAPUR", "ward": "DEMO-WARD-06", "door_number": "289", "address": "Plot 7309, Demo Street 9, Kondapur", "area_sqm": 1491.7513, "land_use": "mixed_use", "source": "BhuSetu synthetic integrated benchmark v1 (parcel registry)", "synthetic": true, "geometry_status": "reference" }, "geometry": { "type": "MultiPolygon", "coordinates": [ [ [ [ 78.352077763416318, 17.458257490040051 ], [ 78.351968785169518, 17.458061031400252 ], [ 78.351968716031877, 17.458060905972665 ], [ 78.351944709174347, 17.458017076072398 ], [ 78.351876367974896, 17.458134348855729 ], [ 78.352077763416318, 17.458257490040051 ] ] ], [ [ [ 78.352280202902861, 17.458191829264614 ], [ 78.352327212163374, 17.45799038466097 ], [ 78.35216676312443, 17.457738122558496 ], [ 78.352113435927336, 17.457727541873027 ], [ 78.351977585776552, 17.457960660095686 ], [ 78.352018649567299, 17.458035631223094 ], [ 78.352142951434345, 17.458259714099459 ], [ 78.352280202902861, 17.458191829264614 ] ] ] ] } },
{ "type": "Feature", "properties": { "parcel_id": "SYN-P0190", "survey_number": "5480/A", "survey_subdivision": "A", "district": "DEMO-RANGAREDDY", "mandal": "DEMO-GACHIBOWLI", "village": "DEMO-KONDAPUR", "ward": "DEMO-WARD-07", "door_number": "290", "address": "Plot 882, Demo Street 10, Kondapur", "area_sqm": 1971.7177, "land_use": "residential", "source": "BhuSetu synthetic integrated benchmark v1 (parcel registry)", "synthetic": true, "geometry_status": "reference" }, "geometry": { "type": "MultiPolygon", "coordinates": [ [ [ [ 78.352645540119767, 17.460012075640687 ], [ 78.352639596726092, 17.460002272001955 ], [ 78.352628320459075, 17.46000846532576 ], [ 78.3526361188094, 17.460013396117038 ], [ 78.352645540119767, 17.460012075640687 ] ] ], [ [ [ 78.353035058283098, 17.459957480959226 ], [ 78.352768160029427, 17.459484187805792 ], [ 78.352631212698398, 17.459520711416918 ], [ 78.352586106273037, 17.459799062415012 ], [ 78.352674444728123, 17.459952019309046 ], [ 78.352705738443049, 17.460003638325308 ], [ 78.353035058283098, 17.459957480959226 ] ] ], [ [ [ 78.353139150435467, 17.459810191211904 ], [ 78.352840730639343, 17.459499048391351 ], [ 78.353071693630255, 17.459908616954952 ], [ 78.353139150435467, 17.459810191211904 ] ] ], [ [ [ 78.352559249771289, 17.459964792842175 ], [ 78.352575485086689, 17.459975058221424 ], [ 78.352611713568521, 17.459955160264535 ], [ 78.352571963937763, 17.459886334271168 ], [ 78.352559249771289, 17.459964792842175 ] ] ] ] } },
{ "type": "Feature", "properties": { "parcel_id": "SYN-P0191", "survey_number": "3155/B", "survey_subdivision": "B", "district": "DEMO-RANGAREDDY", "mandal": "DEMO-MADHAPUR", "village": "DEMO-KONDAPUR", "ward": "DEMO-WARD-08", "door_number": "291", "address": "Plot 4643, Demo Street 11, Kondapur", "area_sqm": 1305.4012, "land_use": "commercial", "source": "BhuSetu synthetic integrated benchmark v1 (parcel registry)", "synthetic": true, "geometry_status": "reference" }, "geometry": { "type": "MultiPolygon", "coordinates": [ [ [ [ 78.355455824672276, 17.461158142088614 ], [ 78.355687978569833, 17.461333496429791 ], [ 78.355546001302017, 17.461079285028834 ], [ 78.355443606291715, 17.461132467007541 ], [ 78.355455824672276, 17.461158142088614 ] ] ], [ [ [ 78.355810621450175, 17.461344322303855 ], [ 78.355769683556687, 17.461365109427089 ], [ 78.355775869007559, 17.461376186924948 ], [ 78.355810621450175, 17.461344322303855 ] ] ], [ [ [ 78.355994883774301, 17.461175371299618 ], [ 78.355879350919864, 17.460906149096921 ], [ 78.355595651055324, 17.461053497879611 ], [ 78.355743014771505, 17.46131735360489 ], [ 78.355960444984717, 17.461206948430359 ], [ 78.355994883774301, 17.461175371299618 ] ] ] ] } },
{ "type": "Feature", "properties": { "parcel_id": "SYN-P0192", "survey_number": "7049/C", "survey_subdivision": "C", "district": "DEMO-RANGAREDDY", "mandal": "DEMO-SERILINGAMPALLY", "village": "DEMO-KONDAPUR", "ward": "DEMO-WARD-01", "door_number": "292", "address": "Plot 8567, Demo Street 12, Kondapur", "area_sqm": 17641.1487, "land_use": "mixed_use", "source": "BhuSetu synthetic integrated benchmark v1 (parcel registry)", "synthetic": true, "geometry_status": "shifted_geometry" }, "geometry": { "type": "MultiPolygon", "coordinates": [ [ [ [ 78.36202067643562, 17.457602384109428 ], [ 78.362001228272561, 17.457258605911296 ], [ 78.361727078583556, 17.457593131848697 ], [ 78.361751937570745, 17.457608980558454 ], [ 78.36202067643562, 17.457602384109428 ] ] ], [ [ [ 78.362187139924345, 17.45759829792274 ], [ 78.362211919932349, 17.457206705551556 ], [ 78.362175762434902, 17.457045632991555 ], [ 78.362054112804017, 17.457194074363063 ], [ 78.36207713336438, 17.457600998274394 ], [ 78.362187139924345, 17.45759829792274 ] ] ], [ [ [ 78.362464939407388, 17.457591478454166 ], [ 78.362652577249193, 17.457570576117355 ], [ 78.362658173954543, 17.457338521907264 ], [ 78.362598693992183, 17.456695165976232 ], [ 78.362587902130642, 17.456663115459424 ], [ 78.362547657504663, 17.456653565894602 ], [ 78.362496585534089, 17.456654151110602 ], [ 78.362224138718474, 17.456986602366197 ], [ 78.36222432522699, 17.457004717869065 ], [ 78.36226792182643, 17.457198929508028 ], [ 78.362268347758047, 17.457201358623241 ], [ 78.36226854204547, 17.457203814829608 ], [ 78.362268503082404, 17.457206277820536 ], [ 78.362243784118945, 17.457596907443197 ], [ 78.362464939407388, 17.457591478454166 ] ] ], [ [ [ 78.362866731146767, 17.457546719739128 ], [ 78.362842967382178, 17.457406175003431 ], [ 78.362842645316277, 17.457403320263396 ], [ 78.362842639870564, 17.457400448841117 ], [ 78.362851139849127, 17.457241248837473 ], [ 78.36285145705223, 17.457238357018394 ], [ 78.36285209535599, 17.457235514487721 ], [ 78.362853047406759, 17.457232753993111 ], [ 78.362854302236315, 17.457230107337153 ], [ 78.362902502213203, 17.457141407328557 ], [ 78.362902524941219, 17.457141370083196 ], [ 78.362902543886122, 17.457141330936679 ], [ 78.362903035347685, 17.457140531404665 ], [ 78.362903501908875, 17.457139718246154 ], [ 78.362903713321373, 17.457139422635237 ], [ 78.362903902119612, 17.457139113243691 ], [ 78.362903928541826, 17.457139078315834 ], [ 78.362903951393236, 17.457139041140106 ], [ 78.362904522139118, 17.457138291692821 ], [ 78.362905069496108, 17.457137526342123 ], [ 78.362905310079356, 17.457137252043495 ], [ 78.362905529564571, 17.457136961903164 ], [ 78.362905559426494, 17.457136929629193 ], [ 78.362905585964384, 17.457136894782238 ], [ 78.36290623049797, 17.457136202637301 ], [ 78.362906853379428, 17.457135492465142 ], [ 78.362907120816473, 17.457135242120472 ], [ 78.362907368874886, 17.457134974025546 ], [ 78.362907401888947, 17.45713494471628 ], [ 78.362907431857735, 17.457134912533704 ], [ 78.362908143971822, 17.457134284356805 ], [ 78.362908836379034, 17.457133636202567 ], [ 78.362909128094316, 17.457133412222806 ], [ 78.362909402336996, 17.457133168755188 ], [ 78.362909438185241, 17.457133142692882 ], [ 78.362909471296305, 17.457133113484613 ], [ 78.36291024413292, 17.45713255532543 ], [ 78.362910999397585, 17.457131975431217 ], [ 78.362911312581716, 17.457131779973402 ], [ 78.362911610367561, 17.457131563477812 ], [ 78.362911648704753, 17.457131540913469 ], [ 78.362911684639244, 17.457131514960817 ], [ 78.362912510755422, 17.457131032194756 ], [ 78.362913321604012, 17.457130526145203 ], [ 78.362913653240881, 17.457130361091718 ], [ 78.362913971702042, 17.45713017365313 ], [ 78.362914012158981, 17.457130154804052 ], [ 78.362914050570794, 17.457130132356937 ], [ 78.362914922010674, 17.457129729633291 ], [ 78.362915780634239, 17.457129302301968 ], [ 78.362916127529971, 17.457129169242346 ], [ 78.362916463599504, 17.457129012665906 ], [ 78.362916505786572, 17.457128997713607 ], [ 78.362916546305769, 17.457128978988223 ], [ 78.363718078941048, 17.456804039373697 ], [ 78.363534889461619, 17.456677150116111 ], [ 78.363489168156775, 17.456679391004034 ], [ 78.363486962514898, 17.456679416274728 ], [ 78.36348476155203, 17.456679276158468 ], [ 78.363126637486829, 17.456642941963562 ], [ 78.363071149884775, 17.456658653250031 ], [ 78.363032790748179, 17.456729651370971 ], [ 78.363006802759088, 17.456842524806497 ], [ 78.362992044097453, 17.456907941714011 ], [ 78.362977022620512, 17.456977753219086 ], [ 78.362976253102659, 17.457043838033364 ], [ 78.362976086276532, 17.457046491804398 ], [ 78.36297564924196, 17.457049117102443 ], [ 78.362974946207856, 17.457051688644423 ], [ 78.362973983944798, 17.457054181665004 ], [ 78.362972771719882, 17.457056572155018 ], [ 78.362971321207525, 17.457058837092728 ], [ 78.362969646376925, 17.457060954665547 ], [ 78.362967763357616, 17.45706290448009 ], [ 78.362965690284113, 17.457064667758566 ], [ 78.362963447121246, 17.457066227519629 ], [ 78.362961055471885, 17.457067568741934 ], [ 78.362958538368972, 17.457068678508755 ], [ 78.362955920053565, 17.457069546132455 ], [ 78.362953225741478, 17.457070163257317 ], [ 78.362950481380437, 17.4570705239401 ], [ 78.362947713400146, 17.457070624707224 ], [ 78.362944948457766, 17.457070464588263 ], [ 78.362942213181242, 17.457070045125242 ], [ 78.362939533912765, 17.457069370357814 ], [ 78.362936936455156, 17.457068446784387 ], [ 78.362934445823413, 17.457067283299452 ], [ 78.362932086003639, 17.457065891108044 ], [ 78.362929879722216, 17.457064283617704 ], [ 78.362927848226832, 17.457062476309467 ], [ 78.362926011081896, 17.457060486588698 ], [ 78.362924385980108, 17.457058333617486 ], [ 78.362922988572109, 17.457056038130148 ], [ 78.362921832315664, 17.457053622233495 ], [ 78.362920928346171, 17.457051109193902 ], [ 78.362920285369313, 17.457048523213331 ], [ 78.362919909577315, 17.457045889196191 ], [ 78.362919804589254, 17.457043232509516 ], [ 78.362920604580466, 17.456974532508283 ], [ 78.362920765502494, 17.456971930821432 ], [ 78.362921186155006, 17.456969356015737 ], [ 78.362936786142839, 17.456896856012552 ], [ 78.362936842153132, 17.456896601865697 ], [ 78.362951642141951, 17.456831001862732 ], [ 78.362951667729348, 17.456830889599885 ], [ 78.362978467709368, 17.456714489594521 ], [ 78.362979100870319, 17.456712214073175 ], [ 78.362979937561889, 17.456709999934603 ], [ 78.362980971460061, 17.456707863914044 ], [ 78.363026571438169, 17.45662346390592 ], [ 78.363028004515925, 17.456621109533923 ], [ 78.363029676915076, 17.456618905351412 ], [ 78.363031571693625, 17.456616873687537 ], [ 78.363033669656787, 17.456615035123736 ], [ 78.363035949551488, 17.456613408285332 ], [ 78.363038388281581, 17.456612009652712 ], [ 78.363040961141905, 17.456610853394544 ], [ 78.36304364206849, 17.456609951224113 ], [ 78.363116042044553, 17.456589451206259 ], [ 78.363118730537934, 17.456588825617338 ], [ 78.363121469923414, 17.456588455629774 ], [ 78.363124233887575, 17.456588344797552 ], [ 78.363126995880847, 17.456588494185258 ], [ 78.363454931121566, 17.456621765533754 ], [ 78.362860533534388, 17.45621004344078 ], [ 78.362541412338146, 17.456599451358077 ], [ 78.36255059181147, 17.456599346172165 ], [ 78.3625529826638, 17.456599416059248 ], [ 78.362555358766215, 17.456599679983654 ], [ 78.362557703054961, 17.456600136050024 ], [ 78.36261670304502, 17.456614136032261 ], [ 78.362619446856172, 17.456614930972364 ], [ 78.362622092530387, 17.456615988877321 ], [ 78.362624612789233, 17.456617298839493 ], [ 78.362626981647409, 17.456618847352459 ], [ 78.362629174680549, 17.456620618450113 ], [ 78.362631169277293, 17.456622593871444 ], [ 78.362632944872175, 17.456624753248708 ], [ 78.362634483157734, 17.456627074317495 ], [ 78.362635768273407, 17.456629533146227 ], [ 78.362636786968835, 17.45663210438299 ], [ 78.362653386987986, 17.456681404379196 ], [ 78.362654189051455, 17.456684338755245 ], [ 78.362654644265987, 17.456687340802432 ], [ 78.362714544542342, 17.457335240816068 ], [ 78.362714647457352, 17.457338262289007 ], [ 78.362709196680768, 17.457564268832872 ], [ 78.362866731146767, 17.457546719739128 ] ] ], [ [ [ 78.362954901681206, 17.457536897622223 ], [ 78.362937266413383, 17.45738034739605 ], [ 78.362937105854769, 17.457377829493129 ], [ 78.362937190006377, 17.457375308172193 ], [ 78.36293751813848, 17.457372805294511 ], [ 78.362960615989152, 17.457244997082583 ], [ 78.362935020118428, 17.457218746776697 ], [ 78.362932986696109, 17.457216411134993 ], [ 78.362931239080709, 17.457213871309428 ], [ 78.362928893736338, 17.457210006918167 ], [ 78.362907202864605, 17.457249923552538 ], [ 78.362899171797309, 17.457400341957694 ], [ 78.362922864563771, 17.457540466532532 ], [ 78.362954901681206, 17.457536897622223 ] ] ], [ [ [ 78.364047442372325, 17.457415186198883 ], [ 78.364047442647262, 17.457032177848962 ], [ 78.363870625497796, 17.456909703053761 ], [ 78.363016004221748, 17.457255548145504 ], [ 78.362993818181991, 17.45737831120314 ], [ 78.363010979153032, 17.457530650621894 ], [ 78.364047442372325, 17.457415186198883 ] ] ], [ [ [ 78.363771643367727, 17.456841141609399 ], [ 78.362968068604587, 17.457166909254688 ], [ 78.362978414888531, 17.457183956676086 ], [ 78.362997993093387, 17.457204035450953 ], [ 78.363817040232931, 17.456872586434802 ], [ 78.363771643367727, 17.456841141609399 ] ] ] ] } },
{ "type": "Feature", "properties": { "parcel_id": "SYN-P0193", "survey_number": "5047/A", "survey_subdivision": "A", "district": "DEMO-RANGAREDDY", "mandal": "DEMO-GACHIBOWLI", "village": "DEMO-KONDAPUR", "ward": "DEMO-WARD-02", "door_number": "293", "address": "Plot 6673, Demo Street 1, Kondapur", "area_sqm": 1614.849, "land_use": "residential", "source": "BhuSetu synthetic integrated benchmark v1 (parcel registry)", "synthetic": true, "geometry_status": "reference" }, "geometry": { "type": "MultiPolygon", "coordinates": [ [ [ [ 78.355280288179415, 17.461016927800681 ], [ 78.355443606291715, 17.461132467007541 ], [ 78.355546001302017, 17.461079285028834 ], [ 78.35552325538103, 17.461038558216053 ], [ 78.355372970879529, 17.460772656697266 ], [ 78.355258942335468, 17.460951222566802 ], [ 78.355280288179415, 17.461016927800681 ] ] ], [ [ [ 78.355879350919864, 17.460906149096921 ], [ 78.355885843493965, 17.460885933864564 ], [ 78.355586422260032, 17.461036973634659 ], [ 78.355595651055324, 17.461053497879611 ], [ 78.355879350919864, 17.460906149096921 ] ] ], [ [ [ 78.355612112409545, 17.460643410337362 ], [ 78.355419351660672, 17.460741086679668 ], [ 78.355559627805775, 17.460989280112461 ], [ 78.355870117156073, 17.46083265713574 ], [ 78.355612112409545, 17.460643410337362 ] ] ] ] } },
{ "type": "Feature", "properties": { "parcel_id": "SYN-P0194", "survey_number": "3123/B", "survey_subdivision": "B", "district": "DEMO-RANGAREDDY", "mandal": "DEMO-MADHAPUR", "village": "DEMO-KONDAPUR", "ward": "DEMO-WARD-03", "door_number": "294", "address": "Plot 9386, Demo Street 2, Kondapur", "area_sqm": 215.3487, "land_use": "commercial", "source": "BhuSetu synthetic integrated benchmark v1 (parcel registry)", "synthetic": true, "geometry_status": "reference" }, "geometry": { "type": "Polygon", "coordinates": [ [ [ 78.359155512296795, 17.450305058520254 ], [ 78.359068834685971, 17.450427599311187 ], [ 78.35917240062723, 17.45048664238201 ], [ 78.359264416212753, 17.450363782683635 ], [ 78.359155512296795, 17.450305058520254 ] ] ] } },
{ "type": "Feature", "properties": { "parcel_id": "SYN-P0195", "survey_number": "3637/C", "survey_subdivision": "C", "district": "DEMO-RANGAREDDY", "mandal": "DEMO-SERILINGAMPALLY", "village": "DEMO-KONDAPUR", "ward": "DEMO-WARD-04", "door_number": "295", "address": "Plot 3107, Demo Street 3, Kondapur", "area_sqm": 1162.9557, "land_use": "mixed_use", "source": "BhuSetu synthetic integrated benchmark v1 (parcel registry)", "synthetic": true, "geometry_status": "reference" }, "geometry": { "type": "MultiPolygon", "coordinates": [ [ [ [ 78.350000004755486, 17.460914475375553 ], [ 78.350154324306899, 17.460934997597576 ], [ 78.350117743081867, 17.460871986404136 ], [ 78.350101528249581, 17.460844057843293 ], [ 78.350013833191056, 17.460890521376264 ], [ 78.350000004820998, 17.460897842283494 ], [ 78.350000004755486, 17.460914475375553 ] ] ], [ [ [ 78.350621071507206, 17.460997067340617 ], [ 78.350434750322776, 17.460667597766342 ], [ 78.350150954046157, 17.460817877892655 ], [ 78.350167057059565, 17.460845613841549 ], [ 78.350224355678776, 17.460944310695808 ], [ 78.350621071507206, 17.460997067340617 ] ] ], [ [ [ 78.350563796328814, 17.46066347818741 ], [ 78.350488443920511, 17.460648962739374 ], [ 78.350615832064619, 17.460874221697718 ], [ 78.350563796328814, 17.46066347818741 ] ] ], [ [ [ 78.350385723496302, 17.460629175228078 ], [ 78.350362187549422, 17.460644141093937 ], [ 78.350389189060579, 17.460629842816697 ], [ 78.350385723496302, 17.460629175228078 ] ] ] ] } },
{ "type": "Feature", "properties": { "parcel_id": "SYN-P0196", "survey_number": "8408/A", "survey_subdivision": "A", "district": "DEMO-RANGAREDDY", "mandal": "DEMO-GACHIBOWLI", "village": "DEMO-KONDAPUR", "ward": "DEMO-WARD-05", "door_number": "296", "address": "Plot 2808, Demo Street 4, Kondapur", "area_sqm": 2118.4394, "land_use": "residential", "source": "BhuSetu synthetic integrated benchmark v1 (parcel registry)", "synthetic": true, "geometry_status": "reference" }, "geometry": { "type": "Polygon", "coordinates": [ [ [ 78.354640234166709, 17.459370248458729 ], [ 78.35477861914903, 17.459297350932495 ], [ 78.354781109906796, 17.459296187672972 ], [ 78.354783707468187, 17.459295264332759 ], [ 78.354786386817253, 17.459294589804092 ], [ 78.35478912215045, 17.459294170583064 ], [ 78.354791887125018, 17.459294010707008 ], [ 78.354794655112741, 17.459294111715622 ], [ 78.354797399456388, 17.459294472636124 ], [ 78.35480009372651, 17.459295089992654 ], [ 78.354802711975708, 17.45929595783976 ], [ 78.354805228988909, 17.459297067819573 ], [ 78.354807620525889, 17.459298409242411 ], [ 78.35480986355482, 17.45929996918964 ], [ 78.354811936474121, 17.459301732638107 ], [ 78.354813819320455, 17.459303682604855 ], [ 78.35481549396097, 17.459305800310648 ], [ 78.354816944267952, 17.459308065360812 ], [ 78.354818156274163, 17.459310455941694 ], [ 78.354819118307304, 17.459312949030693 ], [ 78.354819821102467, 17.459315520617995 ], [ 78.354820257891305, 17.459318145937821 ], [ 78.354820424467334, 17.459320799706894 ], [ 78.354820319226306, 17.459323456367986 ], [ 78.354819943181738, 17.459326090335967 ], [ 78.354819299955125, 17.459328676244308 ], [ 78.354818395741106, 17.459331189189282 ], [ 78.354817239247723, 17.459333604969849 ], [ 78.354815841612634, 17.459335900320724 ], [ 78.35481421629585, 17.459338053136417 ], [ 78.354812378950029, 17.459340042684115 ], [ 78.354810347269847, 17.459341849803405 ], [ 78.354808140821447, 17.459343457090718 ], [ 78.354805780854193, 17.459344849066998 ], [ 78.354689460259763, 17.459406123671101 ], [ 78.35490066135614, 17.459560043475008 ], [ 78.354957167752957, 17.459568388459882 ], [ 78.355012519733208, 17.459550088909612 ], [ 78.355276839531697, 17.459335915054989 ], [ 78.354686793881683, 17.459058653585789 ], [ 78.354572369099216, 17.459273791968435 ], [ 78.354573569067824, 17.459321663930876 ], [ 78.354640234166709, 17.459370248458729 ] ] ] } },
{ "type": "Feature", "properties": { "parcel_id": "SYN-P0197", "survey_number": "6330/B", "survey_subdivision": "B", "district": "DEMO-RANGAREDDY", "mandal": "DEMO-MADHAPUR", "village": "DEMO-KONDAPUR", "ward": "DEMO-WARD-06", "door_number": "297", "address": "Plot 1987, Demo Street 5, Kondapur", "area_sqm": 147012.3225, "land_use": "commercial", "source": "BhuSetu synthetic integrated benchmark v1 (parcel registry)", "synthetic": true, "geometry_status": "reference" }, "geometry": { "type": "MultiPolygon", "coordinates": [ [ [ [ 78.355946813892984, 17.457214743931871 ], [ 78.355976045626662, 17.457124460487076 ], [ 78.35597696119919, 17.457122043920418 ], [ 78.355978111359249, 17.4571197215542 ], [ 78.356207011390708, 17.456709021587795 ], [ 78.35620817216585, 17.456707127782423 ], [ 78.356281325696258, 17.456598145884861 ], [ 78.356278409538049, 17.456555399175603 ], [ 78.356227674109888, 17.456493920823331 ], [ 78.356226069244286, 17.456491767820705 ], [ 78.35622469097909, 17.456489474757941 ], [ 78.356223552475058, 17.456487063531046 ], [ 78.356222664603536, 17.456484557164366 ], [ 78.356222035842634, 17.456481979590688 ], [ 78.356221672196256, 17.456479355422786 ], [ 78.356182372266815, 17.456027855426612 ], [ 78.356182275414881, 17.456025843146023 ], [ 78.356182334618993, 17.456023829521058 ], [ 78.356208134675882, 17.455645729532478 ], [ 78.356208173232929, 17.45564523416402 ], [ 78.356232534552788, 17.455366651181542 ], [ 78.356137965876613, 17.455055405267476 ], [ 78.355720016129311, 17.455010297372951 ], [ 78.355686467149042, 17.455030985909605 ], [ 78.355601177229701, 17.455083679682161 ], [ 78.355598794583514, 17.455084998745523 ], [ 78.355596289483458, 17.45508608895436 ], [ 78.355593685719313, 17.45508693995545 ], [ 78.355591008017811, 17.45508754366724 ], [ 78.35558828180784, 17.455087894356556 ], [ 78.355585532978949, 17.455087988693087 ], [ 78.355582787635498, 17.455087825780918 ], [ 78.355580071848749, 17.455087407167198 ], [ 78.355577411409243, 17.455086736827287 ], [ 78.355574831581947, 17.455085821127096 ], [ 78.355572356866304, 17.455084668762616 ], [ 78.355299308765822, 17.454941345408319 ], [ 78.355135405871906, 17.45493802865181 ], [ 78.355048061543769, 17.454980818563065 ], [ 78.355114741936617, 17.455970018849811 ], [ 78.355397419920067, 17.456541518006656 ], [ 78.355598230993152, 17.456868704614745 ], [ 78.355946813892984, 17.457214743931871 ] ] ], [ [ [ 78.356300726292034, 17.457566072071586 ], [ 78.357791061848729, 17.457928796685088 ], [ 78.357881340960461, 17.45784870572691 ], [ 78.357883399095471, 17.457847047069674 ], [ 78.357885612255473, 17.457845583796477 ], [ 78.357887960377496, 17.45784432917235 ], [ 78.357890422175089, 17.457843294570822 ], [ 78.357892975331268, 17.457842489370911 ], [ 78.357895596700914, 17.457841920871974 ], [ 78.357898262520493, 17.457841594227656 ], [ 78.357900948623509, 17.457841512399064 ], [ 78.357903630659635, 17.457841676128027 ], [ 78.357906284315362, 17.45784208393027 ], [ 78.357908885534513, 17.457842732108961 ], [ 78.357911410736179, 17.457843614788157 ], [ 78.357913837028661, 17.457844723966087 ], [ 78.358204859031972, 17.457994475988148 ], [ 78.358259760125222, 17.457989620255297 ], [ 78.358460428841653, 17.457867994008431 ], [ 78.358462809233458, 17.457866701635794 ], [ 78.358465308763954, 17.457865636433215 ], [ 78.358467903968005, 17.457864808400615 ], [ 78.358553626999324, 17.457841818619226 ], [ 78.358676652407766, 17.457735444609305 ], [ 78.358652495309784, 17.457551385880009 ], [ 78.358652283400133, 17.457548699420212 ], [ 78.358652350549661, 17.457546006043238 ], [ 78.358652696094154, 17.45754333238629 ], [ 78.358653316616298, 17.457540704891571 ], [ 78.358654205979136, 17.457538149544689 ], [ 78.358655355386972, 17.457535691617764 ], [ 78.35865675347226, 17.457533355419425 ], [ 78.358658386408123, 17.457531164054398 ], [ 78.358660238044948, 17.457529139195049 ], [ 78.358662290070271, 17.457527300867024 ], [ 78.358664522189784, 17.457525667251172 ], [ 78.358666912328076, 17.457524254503777 ], [ 78.358669436846938, 17.457523076596758 ], [ 78.358672070779136, 17.457522145179485 ], [ 78.358762970766406, 17.457494845181717 ], [ 78.358765777990286, 17.457494151775222 ], [ 78.358768644506526, 17.45749373835876 ], [ 78.358771540083495, 17.45749360929242 ], [ 78.358774434183047, 17.457493765937386 ], [ 78.358777296282739, 17.457494206641616 ], [ 78.358780096197478, 17.457494926757239 ], [ 78.358878324273249, 17.457525458256892 ], [ 78.358769434078141, 17.456206838492125 ], [ 78.35805752413907, 17.453986618024295 ], [ 78.358013052097277, 17.453956953447328 ], [ 78.357803845542847, 17.453849817868363 ], [ 78.357518088671057, 17.453805204799124 ], [ 78.357386039190985, 17.453817563147439 ], [ 78.357382847474682, 17.453817687540482 ], [ 78.357379661554361, 17.453817464994383 ], [ 78.357272261539435, 17.453804064990358 ], [ 78.357269944867738, 17.453803681183206 ], [ 78.357055816529069, 17.453759320326739 ], [ 78.35688829445472, 17.453732727936654 ], [ 78.356885841831939, 17.453732230308539 ], [ 78.356883444884133, 17.453731525775272 ], [ 78.356869918121347, 17.453726909914185 ], [ 78.356006207341821, 17.4539144544426 ], [ 78.35599191613629, 17.454069881594545 ], [ 78.355991453167476, 17.45407292749627 ], [ 78.355990633194637, 17.454075903328743 ], [ 78.355989466803663, 17.45407877067376 ], [ 78.355938925432739, 17.454184802885816 ], [ 78.355938925456542, 17.454339880204522 ], [ 78.356067962349627, 17.454709345487792 ], [ 78.356138258398161, 17.454863540016859 ], [ 78.356139498128314, 17.45486681981394 ], [ 78.356186897497494, 17.455022917657086 ], [ 78.356288196893146, 17.455356315498587 ], [ 78.356288807589664, 17.455358733524072 ], [ 78.356289184580874, 17.455361195127264 ], [ 78.356289324686941, 17.455363679545286 ], [ 78.356289226726105, 17.455366165822788 ], [ 78.35626444841283, 17.45564951831749 ], [ 78.356238802829992, 17.456025356175896 ], [ 78.356277218183351, 17.456466692083204 ], [ 78.356328125891096, 17.456528379167885 ], [ 78.3563297764141, 17.45653060043967 ], [ 78.356331185790665, 17.456532969783957 ], [ 78.356332339726535, 17.456535463170255 ], [ 78.356333226518174, 17.456538055309995 ], [ 78.356333837171519, 17.456540719913026 ], [ 78.356334165493138, 17.456543429954266 ], [ 78.356338265502515, 17.45660352995494 ], [ 78.35633830220749, 17.456606407753565 ], [ 78.356338020625316, 17.456609273050205 ], [ 78.356337423933894, 17.456612093507459 ], [ 78.35633651886738, 17.456614837293909 ], [ 78.356335315640294, 17.456617473443476 ], [ 78.356333827832088, 17.456619972204848 ], [ 78.356256248266305, 17.4567355479208 ], [ 78.356029156628779, 17.457143003389884 ], [ 78.355991549914407, 17.457259153391455 ], [ 78.356300726292034, 17.457566072071586 ] ] ], [ [ [ 78.358107336646114, 17.45800577150629 ], [ 78.357904889080856, 17.457901597428691 ], [ 78.357856325470252, 17.457944680561642 ], [ 78.358107336646114, 17.45800577150629 ] ] ], [ [ [ 78.358557044853612, 17.458115220345384 ], [ 78.358910993347195, 17.457921068149055 ], [ 78.35888311001986, 17.457583411816252 ], [ 78.358881105082816, 17.45758311395608 ], [ 78.358878203812665, 17.457582373248922 ], [ 78.358771252987751, 17.457549130525006 ], [ 78.358711454553628, 17.457567089792278 ], [ 78.358734504720687, 17.457742714116314 ], [ 78.358734714148113, 17.457745313691348 ], [ 78.358734662233573, 17.457747920549831 ], [ 78.358734349457947, 17.457750510544933 ], [ 78.358733778718403, 17.457753059686066 ], [ 78.358732955301548, 17.457755544361039 ], [ 78.358731886834519, 17.457757941554803 ], [ 78.358730583214353, 17.457760229062661 ], [ 78.358729056516168, 17.45776238569584 ], [ 78.358727320881485, 17.457764391477916 ], [ 78.358725392387115, 17.457766227829712 ], [ 78.358586492380368, 17.45788632784231 ], [ 78.358584482128677, 17.457887911249774 ], [ 78.35858232857511, 17.457889310363974 ], [ 78.358580049999816, 17.45789051330873 ], [ 78.358577665744235, 17.457891509872965 ], [ 78.358575196046814, 17.457892291597481 ], [ 78.358487076597825, 17.457915924065865 ], [ 78.358284171141747, 17.458038906004195 ], [ 78.358281857649516, 17.458040165945409 ], [ 78.358279430857976, 17.458041211271524 ], [ 78.358276912319184, 17.458042032699087 ], [ 78.358274324400043, 17.45804262293311 ], [ 78.358271690083569, 17.458042976731779 ], [ 78.358263267447015, 17.458043721673711 ], [ 78.358557044853612, 17.458115220345384 ] ] ], [ [ [ 78.358702305662476, 17.458150573313802 ], [ 78.358920041788579, 17.45803064125019 ], [ 78.358915923502565, 17.457980770412341 ], [ 78.358635850244696, 17.458134399686436 ], [ 78.358702305662476, 17.458150573313802 ] ] ], [ [ [ 78.35878816717009, 17.45817146987406 ], [ 78.358925457761259, 17.458096226562425 ], [ 78.358924976111481, 17.458090393972064 ], [ 78.358780965316313, 17.458169717123134 ], [ 78.35878816717009, 17.45817146987406 ] ] ], [ [ [ 78.358934614529474, 17.458207111433655 ], [ 78.358930387053888, 17.458155918364504 ], [ 78.358867003044665, 17.458190656533883 ], [ 78.358934614529474, 17.458207111433655 ] ] ], [ [ [ 78.357937241432296, 17.453611490266713 ], [ 78.357051136502164, 17.453703659381937 ], [ 78.357065705520625, 17.453705972055932 ], [ 78.357067055157756, 17.453706218826639 ], [ 78.357280705128289, 17.453750480571763 ], [ 78.357383755441262, 17.453763337871827 ], [ 78.357516260788884, 17.453750936851733 ], [ 78.357518688085946, 17.453750810628954 ], [ 78.357521117696578, 17.453750885332788 ], [ 78.357523531599838, 17.453751160409173 ], [ 78.357817531559974, 17.453797060396941 ], [ 78.357820552344322, 17.453797696769293 ], [ 78.357823482456538, 17.453798646532604 ], [ 78.357826286718208, 17.453799898284171 ], [ 78.358031320720045, 17.453904897073809 ], [ 78.357937241432296, 17.453611490266713 ] ] ], [ [ [ 78.355210992988006, 17.454087122011938 ], [ 78.354998474169349, 17.454245192914456 ], [ 78.355000535494895, 17.454275772542609 ], [ 78.355016116582533, 17.454281977242939 ], [ 78.355018554641106, 17.454283081929511 ], [ 78.355020871765305, 17.454284404842902 ], [ 78.355023046813841, 17.454285933912946 ], [ 78.355025059941696, 17.454287655188526 ], [ 78.355026892781268, 17.454289552964859 ], [ 78.355028528609822, 17.454291609926738 ], [ 78.355113010291319, 17.454409076095232 ], [ 78.355200433878935, 17.45443640657318 ], [ 78.355282210861304, 17.454423667890506 ], [ 78.355462654788994, 17.454351588649679 ], [ 78.355465307621472, 17.454350675243781 ], [ 78.355468042135129, 17.454350020317737 ], [ 78.355470831065816, 17.454349630401449 ], [ 78.355473646606782, 17.454349509382492 ], [ 78.355476460686049, 17.454349658467482 ], [ 78.355479245246144, 17.454350076169995 ], [ 78.355481972523933, 17.454350758325376 ], [ 78.355484615327413, 17.454351698132289 ], [ 78.355487147306789, 17.454352886220473 ], [ 78.355588247299735, 17.454406486212406 ], [ 78.355590702787424, 17.454407950346823 ], [ 78.355592989371672, 17.454409647859745 ], [ 78.35559508306828, 17.454411560945829 ], [ 78.355596961916305, 17.454413669538539 ], [ 78.355598606208332, 17.454415951520691 ], [ 78.355679206221311, 17.454541051512464 ], [ 78.355680617472018, 17.454543520165206 ], [ 78.35568175412277, 17.454546116082501 ], [ 78.355682603893626, 17.454548811219116 ], [ 78.355683157604005, 17.454551576457892 ], [ 78.355683409271847, 17.454554381924332 ], [ 78.355697726301813, 17.454959641464178 ], [ 78.355697942944118, 17.454959507868047 ], [ 78.355700329036466, 17.45495818962592 ], [ 78.355702837585909, 17.454957100775093 ], [ 78.355705444725587, 17.454956251675107 ], [ 78.355708125650594, 17.454955650404514 ], [ 78.355710854854053, 17.454955302683899 ], [ 78.355713606369733, 17.454955211821577 ], [ 78.355716354019137, 17.454955378682019 ], [ 78.356120845439165, 17.454999034083169 ], [ 78.356085811484377, 17.45488365847126 ], [ 78.356015741619601, 17.454729959972685 ], [ 78.356014838070081, 17.454727710416542 ], [ 78.35588393812391, 17.454352910405756 ], [ 78.355883128185425, 17.454350096428122 ], [ 78.355882638429549, 17.454347215138469 ], [ 78.355882474543634, 17.454344299996261 ], [ 78.355882474569157, 17.454178899999711 ], [ 78.355882636803642, 17.454175999546134 ], [ 78.355883121641625, 17.454173132435045 ], [ 78.355883923509609, 17.454170331625633 ], [ 78.355885033189537, 17.454167629314924 ], [ 78.355936111144374, 17.45406047145319 ], [ 78.355948382670135, 17.453927010230203 ], [ 78.355210992988006, 17.454087122011938 ] ] ], [ [ [ 78.355044092058634, 17.454921931477351 ], [ 78.355116068104422, 17.454886670465232 ], [ 78.355118605365547, 17.454885575209317 ], [ 78.355121242640436, 17.454884725015731 ], [ 78.355123954307629, 17.454884128144194 ], [ 78.355126714022887, 17.454883790393406 ], [ 78.355129494975202, 17.454883715044669 ], [ 78.355307394949037, 17.45488731504059 ], [ 78.355310093559339, 17.454887494087973 ], [ 78.355312761919194, 17.454887920258933 ], [ 78.355315375520462, 17.454888589639229 ], [ 78.355317910357883, 17.454889496080742 ], [ 78.3553203431497, 17.454890631258092 ], [ 78.355584726758195, 17.45502940660618 ], [ 78.355642447583946, 17.454993745566398 ], [ 78.355627245149449, 17.454563419788542 ], [ 78.355554481824313, 17.454450483137894 ], [ 78.355471772827883, 17.454406633460426 ], [ 78.355300845189888, 17.454474911357131 ], [ 78.355297736122679, 17.45447595355736 ], [ 78.355294521741712, 17.454476641084067 ], [ 78.355202721728048, 17.454490941084359 ], [ 78.355200054194455, 17.454491232458793 ], [ 78.355197369885147, 17.454491279258374 ], [ 78.355194693086247, 17.454491081059665 ], [ 78.355192048016022, 17.454490639655898 ], [ 78.355189458605594, 17.454489959040625 ], [ 78.355086458593959, 17.454457759034412 ], [ 78.355084001324741, 17.454456867435763 ], [ 78.355081641062469, 17.454455760426541 ], [ 78.355079398252585, 17.454454447596046 ], [ 78.355077292323102, 17.454452940316504 ], [ 78.355075341516326, 17.454451251644493 ], [ 78.355073562730823, 17.45444939620792 ], [ 78.355071971375082, 17.45444739007921 ], [ 78.355005912464605, 17.454355539536088 ], [ 78.355044092058634, 17.454921931477351 ] ] ] ] } },
{ "type": "Feature", "properties": { "parcel_id": "SYN-P0198", "survey_number": "8586/C", "survey_subdivision": "C", "district": "DEMO-RANGAREDDY", "mandal": "DEMO-SERILINGAMPALLY", "village": "DEMO-KONDAPUR", "ward": "DEMO-WARD-07", "door_number": "298", "address": "Plot 3957, Demo Street 6, Kondapur", "area_sqm": 1083.3807, "land_use": "mixed_use", "source": "BhuSetu synthetic integrated benchmark v1 (parcel registry)", "synthetic": true, "geometry_status": "shifted_geometry" }, "geometry": { "type": "MultiPolygon", "coordinates": [ [ [ [ 78.359311843577231, 17.450337318646014 ], [ 78.35948338323827, 17.450317578722732 ], [ 78.359491579101785, 17.450304164010831 ], [ 78.35949321702951, 17.450300596045153 ], [ 78.359498426898611, 17.450270332114208 ], [ 78.359183922961833, 17.450091104838343 ], [ 78.359163126840571, 17.450183077360602 ], [ 78.359202939656754, 17.450278594508557 ], [ 78.359311843577231, 17.450337318646014 ] ] ], [ [ [ 78.359523288578558, 17.450125911362694 ], [ 78.359508685001501, 17.449973643971841 ], [ 78.359210481468168, 17.449973647519382 ], [ 78.359196544478252, 17.450035285102949 ], [ 78.359508305245285, 17.450212949135043 ], [ 78.359523288578558, 17.450125911362694 ] ] ] ] } },
{ "type": "Feature", "properties": { "parcel_id": "SYN-P0199", "survey_number": "5957/A", "survey_subdivision": "A", "district": "DEMO-RANGAREDDY", "mandal": "DEMO-GACHIBOWLI", "village": "DEMO-KONDAPUR", "ward": "DEMO-WARD-08", "door_number": "299", "address": "Plot 4667, Demo Street 7, Kondapur", "area_sqm": 37616.0461, "land_use": "residential", "source": "BhuSetu synthetic integrated benchmark v1 (parcel registry)", "synthetic": true, "geometry_status": "reference" }, "geometry": { "type": "MultiPolygon", "coordinates": [ [ [ [ 78.358031320720045, 17.453904897073809 ], [ 78.358041086702357, 17.453909898267344 ], [ 78.358043907891613, 17.453911553719156 ], [ 78.358494107874009, 17.454211853679432 ], [ 78.358494228091274, 17.454211934313893 ], [ 78.358554121805668, 17.454252330070716 ], [ 78.358692015513995, 17.454345225823442 ], [ 78.358694375280308, 17.454347002380423 ], [ 78.359517575281203, 17.455037602301786 ], [ 78.359519587572208, 17.455039467129861 ], [ 78.359521397672168, 17.45504151396975 ], [ 78.359522987804041, 17.455043722719395 ], [ 78.359524342351108, 17.455046071686613 ], [ 78.359557042359057, 17.455110071683414 ], [ 78.359558319371303, 17.455112991316401 ], [ 78.359559232722233, 17.455116034021845 ], [ 78.359577132733818, 17.455192134020869 ], [ 78.359577559141243, 17.455194385857709 ], [ 78.3595777859951, 17.455196664203608 ], [ 78.359600286058537, 17.455603564208904 ], [ 78.359600305929575, 17.45560601450515 ], [ 78.359582023290386, 17.456074271702146 ], [ 78.359581706569585, 17.45613831961272 ], [ 78.359952838937204, 17.456107011772694 ], [ 78.359889677613083, 17.454755025209302 ], [ 78.358509144740708, 17.45344852222312 ], [ 78.358356893268365, 17.453463945437093 ], [ 78.358126518612309, 17.453527910660053 ], [ 78.357937241432296, 17.453611490266713 ], [ 78.358031320720045, 17.453904897073809 ] ] ], [ [ [ 78.358769434078141, 17.456206838492125 ], [ 78.359525230754883, 17.456143083715052 ], [ 78.359525574518997, 17.456073571414979 ], [ 78.359525599371381, 17.456073128752912 ], [ 78.359525593999933, 17.456072685478599 ], [ 78.359543846219736, 17.455605211070647 ], [ 78.35952154072406, 17.455201827440174 ], [ 78.35950489754525, 17.455131070639052 ], [ 78.359476154696978, 17.455074815507285 ], [ 78.358658355361101, 17.454388746145487 ], [ 78.358521671906843, 17.454296665689519 ], [ 78.358461831904066, 17.454256306151304 ], [ 78.35805752413907, 17.453986618024295 ], [ 78.358769434078141, 17.456206838492125 ] ] ] ] } },
{ "type": "Feature", "properties": { "parcel_id": "SYN-P0200", "survey_number": "1637/B", "survey_subdivision": "B", "district": "DEMO-RANGAREDDY", "mandal": "DEMO-MADHAPUR", "village": "DEMO-KONDAPUR", "ward": "DEMO-WARD-01", "door_number": "300", "address": "Plot 5898, Demo Street 8, Kondapur", "area_sqm": 3969.5921, "land_use": "commercial", "source": "BhuSetu synthetic integrated benchmark v1 (parcel registry)", "synthetic": true, "geometry_status": "reference" }, "geometry": { "type": "MultiPolygon", "coordinates": [ [ [ [ 78.350718816188362, 17.461036423805481 ], [ 78.350701775514963, 17.461026194181567 ], [ 78.350741916486484, 17.461097174759818 ], [ 78.350743721162658, 17.461093966813326 ], [ 78.350718816188362, 17.461036423805481 ] ] ], [ [ [ 78.350373109965062, 17.461200539412808 ], [ 78.350450657115331, 17.461334113813042 ], [ 78.35045188503311, 17.461336496898678 ], [ 78.350452863663904, 17.461338984024092 ], [ 78.350453583582961, 17.46134155123692 ], [ 78.350454037857048, 17.461344173813504 ], [ 78.350454222111267, 17.461346826496989 ], [ 78.350454134571095, 17.461349483740587 ], [ 78.350453776079632, 17.461352119953577 ], [ 78.350453150089294, 17.461354709747802 ], [ 78.350452262628707, 17.461357228182116 ], [ 78.350451122244621, 17.46135965100261 ], [ 78.350449739919512, 17.46136195487621 ], [ 78.350448128965965, 17.461364117615325 ], [ 78.350446304898313, 17.461366118391592 ], [ 78.350444285283317, 17.461367937936451 ], [ 78.350442089571004, 17.461369558726677 ], [ 78.350439738907255, 17.461370965153179 ], [ 78.350437255930288, 17.461372143671273 ], [ 78.350434664552509, 17.4613730829312 ], [ 78.350431989730339, 17.46137377388737 ], [ 78.350429257223766, 17.461374209885502 ], [ 78.350426493348337, 17.461374386726668 ], [ 78.350423724721708, 17.461374302707821 ], [ 78.350420978007264, 17.461373958638106 ], [ 78.35041827965739, 17.461373357831089 ], [ 78.350415655658679, 17.461372506072884 ], [ 78.35041313128167, 17.461371411566404 ], [ 78.35041073083751, 17.46137008485233 ], [ 78.350408477443779, 17.46136853870766 ], [ 78.350406392801929, 17.461366788022616 ], [ 78.350404496988148, 17.461364849657262 ], [ 78.350402808260199, 17.461362742279118 ], [ 78.350401342881455, 17.461360486183391 ], [ 78.350328951037241, 17.461235791702705 ], [ 78.350000002315028, 17.461498392288821 ], [ 78.35, 17.462 ], [ 78.350234011344611, 17.462000008112256 ], [ 78.350709884520839, 17.461154113942783 ], [ 78.350623223260754, 17.461000872254438 ], [ 78.350373109965062, 17.461200539412808 ] ] ] ] } },
{ "type": "Feature", "properties": { "parcel_id": "SYN-P0201", "survey_number": "8861/C", "survey_subdivision": "C", "district": "DEMO-RANGAREDDY", "mandal": "DEMO-SERILINGAMPALLY", "village": "DEMO-KONDAPUR", "ward": "DEMO-WARD-02", "door_number": "301", "address": "Plot 3539, Demo Street 9, Kondapur", "area_sqm": 3942.5456, "land_use": "mixed_use", "source": "BhuSetu synthetic integrated benchmark v1 (parcel registry)", "synthetic": true, "geometry_status": "shifted_geometry" }, "geometry": { "type": "MultiPolygon", "coordinates": [ [ [ [ 78.361966286367306, 17.450125614470142 ], [ 78.362288049598547, 17.450556093809762 ], [ 78.362230965352879, 17.45027514618603 ], [ 78.362168713602301, 17.450182627880995 ], [ 78.362028131318596, 17.449973596133535 ], [ 78.361948576252857, 17.449973598132601 ], [ 78.361949425321839, 17.450001488475845 ], [ 78.361966286367306, 17.450125614470142 ] ] ], [ [ [ 78.362494215752079, 17.450831917391564 ], [ 78.362582307225793, 17.450803660884542 ], [ 78.362694087987535, 17.450602354996871 ], [ 78.362519373895239, 17.449973583083828 ], [ 78.362229559137489, 17.449973590929588 ], [ 78.362246542104813, 17.450044897914669 ], [ 78.36224699023829, 17.450047254932166 ], [ 78.362250690249198, 17.450073154932166 ], [ 78.36225093184504, 17.450075814064657 ], [ 78.362250899636678, 17.45007848311004 ], [ 78.362250099642182, 17.450091083111097 ], [ 78.362249809299414, 17.450093643465387 ], [ 78.362249266962863, 17.450096165786405 ], [ 78.362248477534038, 17.450098627278045 ], [ 78.362223720066197, 17.450164507414581 ], [ 78.362281337135869, 17.450250137629375 ], [ 78.362282685449685, 17.45025236763767 ], [ 78.36228380679006, 17.450254710574267 ], [ 78.362284691000141, 17.450257145217417 ], [ 78.362285330070975, 17.450259649514667 ], [ 78.362367033842048, 17.450661764596198 ], [ 78.362494215752079, 17.450831917391564 ] ] ], [ [ [ 78.362783361977918, 17.450441581116735 ], [ 78.362625807063537, 17.450146365124947 ], [ 78.362733026144127, 17.450532231163443 ], [ 78.362783361977918, 17.450441581116735 ] ] ], [ [ [ 78.362095319714967, 17.449973594420403 ], [ 78.362185220597809, 17.450107267966125 ], [ 78.362194000906683, 17.450083903392883 ], [ 78.362194384529914, 17.450077861313922 ], [ 78.362191233410385, 17.450055803494095 ], [ 78.362171653482264, 17.449973592446511 ], [ 78.362095319714967, 17.449973594420403 ] ] ] ] } },
{ "type": "Feature", "properties": { "parcel_id": "SYN-P0202", "survey_number": "8330/A", "survey_subdivision": "A", "district": "DEMO-RANGAREDDY", "mandal": "DEMO-GACHIBOWLI", "village": "DEMO-KONDAPUR", "ward": "DEMO-WARD-03", "door_number": "302", "address": "Plot 1224, Demo Street 10, Kondapur", "area_sqm": 2383.3854, "land_use": "residential", "source": "BhuSetu synthetic integrated benchmark v1 (parcel registry)", "synthetic": true, "geometry_status": "reference" }, "geometry": { "type": "MultiPolygon", "coordinates": [ [ [ [ 78.3516769191761, 17.462000052038977 ], [ 78.351754774935799, 17.461886971265429 ], [ 78.351709117748214, 17.461825001926616 ], [ 78.35140123842119, 17.461979844342533 ], [ 78.351415872787854, 17.462000044868816 ], [ 78.3516769191761, 17.462000052038977 ] ] ], [ [ [ 78.351848706179069, 17.461750541569263 ], [ 78.351759026305956, 17.461798897848176 ], [ 78.351788174651404, 17.46183846014312 ], [ 78.351848706179069, 17.461750541569263 ] ] ], [ [ [ 78.351928699437536, 17.461634355768211 ], [ 78.351883120765919, 17.461656836640159 ], [ 78.351663739097091, 17.461767576907235 ], [ 78.351662844392266, 17.461768009263668 ], [ 78.35137674958284, 17.461900206862683 ], [ 78.351322383770821, 17.461925354339257 ], [ 78.351315476204633, 17.461959449595231 ], [ 78.351347475239749, 17.461945713502814 ], [ 78.35170443369762, 17.461766187618434 ], [ 78.35187877446829, 17.46167218131788 ], [ 78.351881729679434, 17.461670798613273 ], [ 78.351884832361094, 17.461669755086117 ], [ 78.351900545372573, 17.461665438324562 ], [ 78.35191060606428, 17.46166063541391 ], [ 78.351928699437536, 17.461634355768211 ] ] ], [ [ [ 78.352029477536433, 17.461487980841586 ], [ 78.351699083463032, 17.461286973246004 ], [ 78.351881336817641, 17.46159679873961 ], [ 78.351992207472264, 17.461542113701441 ], [ 78.352029477536433, 17.461487980841586 ] ] ], [ [ [ 78.351353849868573, 17.461770039690453 ], [ 78.351350097779687, 17.461788559780981 ], [ 78.351377180149001, 17.461839873727811 ], [ 78.351637904260954, 17.461719399294406 ], [ 78.351831223620991, 17.461621814871364 ], [ 78.351622723527328, 17.461267370400407 ], [ 78.351353849868573, 17.461770039690453 ] ] ] ] } },
{ "type": "Feature", "properties": { "parcel_id": "SYN-P0203", "survey_number": "4699/B", "survey_subdivision": "B", "district": "DEMO-RANGAREDDY", "mandal": "DEMO-MADHAPUR", "village": "DEMO-KONDAPUR", "ward": "DEMO-WARD-04", "door_number": "303", "address": "Plot 8271, Demo Street 11, Kondapur", "area_sqm": 10438.9259, "land_use": "commercial", "source": "BhuSetu synthetic integrated benchmark v1 (parcel registry)", "synthetic": true, "geometry_status": "reference" }, "geometry": { "type": "Polygon", "coordinates": [ [ [ 78.356342598793972, 17.461414861735399 ], [ 78.356561087864137, 17.461289163740322 ], [ 78.356563530762301, 17.461287910416036 ], [ 78.356566089893761, 17.461286892939807 ], [ 78.356568740612744, 17.461286121110458 ], [ 78.356571457391354, 17.461285602361144 ], [ 78.356574214065503, 17.461285341687713 ], [ 78.356576984086985, 17.461285341600572 ], [ 78.356579740778983, 17.46128560210057 ], [ 78.356582457593007, 17.461286120678952 ], [ 78.356585108364726, 17.461286892341548 ], [ 78.356587667565734, 17.461287909656793 ], [ 78.356590110549533, 17.46128916282742 ], [ 78.35659241378886, 17.461290639784696 ], [ 78.356594555102276, 17.461292326304743 ], [ 78.356596513867771, 17.461294206145432 ], [ 78.35659827122133, 17.4612962612029 ], [ 78.356599810238677, 17.461298471685797 ], [ 78.356601116098261, 17.461300816306 ], [ 78.356602176223916, 17.461303272483512 ], [ 78.356602980406009, 17.461305816564014 ], [ 78.356603520899867, 17.461308424046642 ], [ 78.356603792500195, 17.461311069819882 ], [ 78.356603792591343, 17.461313728403493 ], [ 78.356603521172403, 17.461316374193874 ], [ 78.356602980857289, 17.461318981710615 ], [ 78.356602176849506, 17.461321525841885 ], [ 78.356601116892108, 17.461323982086338 ], [ 78.356599811193021, 17.461326326788953 ], [ 78.356598272326863, 17.461328537368981 ], [ 78.356596515113736, 17.461330592537312 ], [ 78.356594556476566, 17.461332472501546 ], [ 78.356592415278115, 17.461334159156589 ], [ 78.356590112139287, 17.461335636259054 ], [ 78.356352225378245, 17.461472493834627 ], [ 78.356362100854724, 17.461488562436333 ], [ 78.356393012752008, 17.461503818816773 ], [ 78.356622708036483, 17.461469460518568 ], [ 78.357280955056268, 17.461039966862188 ], [ 78.357358338830068, 17.460804867609284 ], [ 78.357462588659516, 17.460433504213302 ], [ 78.356804318051829, 17.46021012011893 ], [ 78.356649916200752, 17.460362617443881 ], [ 78.356421601201887, 17.460795201195431 ], [ 78.356342598793972, 17.461414861735399 ] ] ] } },
{ "type": "Feature", "properties": { "parcel_id": "SYN-P0204", "survey_number": "3452/C", "survey_subdivision": "C", "district": "DEMO-RANGAREDDY", "mandal": "DEMO-SERILINGAMPALLY", "village": "DEMO-KONDAPUR", "ward": "DEMO-WARD-05", "door_number": "304", "address": "Plot 6039, Demo Street 12, Kondapur", "area_sqm": 1403.1174, "land_use": "mixed_use", "source": "BhuSetu synthetic integrated benchmark v1 (parcel registry)", "synthetic": true, "geometry_status": "reference" }, "geometry": { "type": "MultiPolygon", "coordinates": [ [ [ [ 78.350411218460039, 17.458351440017196 ], [ 78.350379328646909, 17.458287225863447 ], [ 78.350378449467911, 17.458291045815677 ], [ 78.350411218460039, 17.458351440017196 ] ] ], [ [ [ 78.350584075279571, 17.45867001950046 ], [ 78.350586625320773, 17.458668877845263 ], [ 78.350562894554571, 17.458630982947415 ], [ 78.350584075279571, 17.45867001950046 ] ] ], [ [ [ 78.350638899521897, 17.458645474638519 ], [ 78.350754985755202, 17.458169955395174 ], [ 78.350686634933837, 17.458046190967028 ], [ 78.350417747824721, 17.458120297837986 ], [ 78.350398863825333, 17.458202347244331 ], [ 78.350403391987257, 17.458209934016047 ], [ 78.350403995334702, 17.458211039569193 ], [ 78.350404222305698, 17.458211432096068 ], [ 78.350404282981401, 17.458211566643133 ], [ 78.350404379582656, 17.458211743651969 ], [ 78.350550593823357, 17.458506164065678 ], [ 78.350638067089264, 17.458645847319524 ], [ 78.350638899521897, 17.458645474638519 ] ] ] ] } },
{ "type": "Feature", "properties": { "parcel_id": "SYN-P0205", "survey_number": "3452/C", "survey_subdivision": "C", "district": "DEMO-RANGAREDDY", "mandal": "DEMO-GACHIBOWLI", "village": "DEMO-KONDAPUR", "ward": "DEMO-WARD-06", "door_number": "305", "address": "Plot 7259, Demo Street 1, Kondapur", "area_sqm": 1874.8782, "land_use": "residential", "source": "BhuSetu synthetic integrated benchmark v1 (parcel registry)", "synthetic": true, "geometry_status": "reference" }, "geometry": { "type": "MultiPolygon", "coordinates": [ [ [ [ 78.352029477536433, 17.461487980841586 ], [ 78.3520954006827, 17.461452739306033 ], [ 78.35213965404742, 17.461392878475312 ], [ 78.352006935874371, 17.461188214811759 ], [ 78.352006399703654, 17.461187318463423 ], [ 78.35200617543525, 17.461186969357193 ], [ 78.35200608742079, 17.461186796401652 ], [ 78.352005936862923, 17.461186544705154 ], [ 78.351886104928326, 17.460968624020087 ], [ 78.35188098052005, 17.460963857002749 ], [ 78.351566248387215, 17.461061156750478 ], [ 78.351699083463032, 17.461286973246004 ], [ 78.352029477536433, 17.461487980841586 ] ] ], [ [ [ 78.352222174426487, 17.461281254308435 ], [ 78.352100480272995, 17.461168047901868 ], [ 78.352070595748415, 17.46118384481754 ], [ 78.352175076273781, 17.461344963346814 ], [ 78.352222174426487, 17.461281254308435 ] ] ], [ [ [ 78.352016785259906, 17.461090190213049 ], [ 78.352042451674308, 17.461136865883834 ], [ 78.352058079944783, 17.461128604804067 ], [ 78.352016785259906, 17.461090190213049 ] ] ] ] } },
{ "type": "Feature", "properties": { "parcel_id": "SYN-P0206", "survey_number": "2101/B", "survey_subdivision": "B", "district": "DEMO-RANGAREDDY", "mandal": "DEMO-MADHAPUR", "village": "DEMO-KONDAPUR", "ward": "DEMO-WARD-07", "door_number": "306", "address": "Plot 9427, Demo Street 2, Kondapur", "area_sqm": 1340.5164, "land_use": "commercial", "source": "BhuSetu synthetic integrated benchmark v1 (parcel registry)", "synthetic": true, "geometry_status": "reference" }, "geometry": { "type": "MultiPolygon", "coordinates": [ [ [ [ 78.350954649170603, 17.460873115321728 ], [ 78.350748404287501, 17.460528859384961 ], [ 78.350563796328814, 17.46066347818741 ], [ 78.350615832064619, 17.460874221697718 ], [ 78.350701775514963, 17.461026194181567 ], [ 78.350718816188362, 17.461036423805481 ], [ 78.350954649170603, 17.460873115321728 ] ] ], [ [ [ 78.350858402901096, 17.460541059767277 ], [ 78.350825683835467, 17.460510436901185 ], [ 78.350801992848176, 17.46050961202841 ], [ 78.350922127926665, 17.460710136872486 ], [ 78.350858402901096, 17.460541059767277 ] ] ] ] } },
{ "type": "Feature", "properties": { "parcel_id": "SYN-P0207", "survey_number": "7349/C", "survey_subdivision": "C", "district": "DEMO-RANGAREDDY", "mandal": "DEMO-SERILINGAMPALLY", "village": "DEMO-KONDAPUR", "ward": "DEMO-WARD-08", "door_number": "307", "address": "Plot 3938, Demo Street 3, Kondapur", "area_sqm": 866.295, "land_use": "mixed_use", "source": "BhuSetu synthetic integrated benchmark v1 (parcel registry)", "synthetic": true, "geometry_status": "shifted_geometry" }, "geometry": { "type": "MultiPolygon", "coordinates": [ [ [ [ 78.361665717762818, 17.451364921974115 ], [ 78.361758447285069, 17.451216804862923 ], [ 78.361628677377325, 17.451125810840157 ], [ 78.36162818153656, 17.451125455088992 ], [ 78.361510881522506, 17.45103935510534 ], [ 78.36150835600138, 17.451037263122224 ], [ 78.36141924011504, 17.450954134410448 ], [ 78.361459534460749, 17.45124690131426 ], [ 78.361665717762818, 17.451364921974115 ] ] ], [ [ [ 78.361891655115798, 17.451154032992598 ], [ 78.36186990787418, 17.451143928548753 ], [ 78.361820120526446, 17.451223489013454 ], [ 78.361793719870192, 17.451265658913265 ], [ 78.361891655115798, 17.451154032992598 ] ] ], [ [ [ 78.361538753433905, 17.450990063502786 ], [ 78.361546500372057, 17.450997289963635 ], [ 78.361662227218289, 17.451082235200527 ], [ 78.361787635676151, 17.451170170981285 ], [ 78.361818891143045, 17.451120224578087 ], [ 78.361538753433905, 17.450990063502786 ] ] ] ] } },
{ "type": "Feature", "properties": { "parcel_id": "SYN-P0208", "survey_number": "1810/A", "survey_subdivision": "A", "district": "DEMO-RANGAREDDY", "mandal": "DEMO-GACHIBOWLI", "village": "DEMO-KONDAPUR", "ward": "DEMO-WARD-01", "door_number": "308", "address": "Plot 2852, Demo Street 4, Kondapur", "area_sqm": 2190.7652, "land_use": "residential", "source": "BhuSetu synthetic integrated benchmark v1 (parcel registry)", "synthetic": true, "geometry_status": "reference" }, "geometry": { "type": "MultiPolygon", "coordinates": [ [ [ [ 78.352120083908119, 17.461479040730129 ], [ 78.352177244903743, 17.461450846955842 ], [ 78.35213965404742, 17.461392878475312 ], [ 78.3520954006827, 17.461452739306033 ], [ 78.352120083908119, 17.461479040730129 ] ] ], [ [ [ 78.352172963722069, 17.461535387240357 ], [ 78.352213923776333, 17.461515833075065 ], [ 78.352535895255428, 17.461343194969519 ], [ 78.352230016873222, 17.461485735856034 ], [ 78.352159164068837, 17.461520682913328 ], [ 78.352172963722069, 17.461535387240357 ] ] ], [ [ [ 78.352441975780422, 17.461822034514526 ], [ 78.352690716859513, 17.46168674321807 ], [ 78.352708356279081, 17.461548860677329 ], [ 78.352605568382131, 17.46136790061265 ], [ 78.35224086651148, 17.461563450420154 ], [ 78.352239670829078, 17.461564055938993 ], [ 78.352212183577521, 17.461577178243601 ], [ 78.352441975780422, 17.461822034514526 ] ] ], [ [ [ 78.352609063186819, 17.462000074841292 ], [ 78.352650631828766, 17.462000075756219 ], [ 78.352682153814925, 17.461753678086829 ], [ 78.352488672717669, 17.461858913236156 ], [ 78.352509172769359, 17.461893636456178 ], [ 78.352609063186819, 17.462000074841292 ] ] ], [ [ [ 78.35228653028652, 17.461251498857756 ], [ 78.352222174426487, 17.461281254308435 ], [ 78.352175076273781, 17.461344963346814 ], [ 78.352227934528671, 17.461426475498978 ], [ 78.352469472155761, 17.461313917746612 ], [ 78.35228653028652, 17.461251498857756 ] ] ] ] } },
{ "type": "Feature", "properties": { "parcel_id": "SYN-P0209", "survey_number": "3565/B", "survey_subdivision": "B", "district": "DEMO-RANGAREDDY", "mandal": "DEMO-MADHAPUR", "village": "DEMO-KONDAPUR", "ward": "DEMO-WARD-02", "door_number": "309", "address": "Plot 9279, Demo Street 5, Kondapur", "area_sqm": 741.3724, "land_use": "commercial", "source": "BhuSetu synthetic integrated benchmark v1 (parcel registry)", "synthetic": true, "geometry_status": "reference" }, "geometry": { "type": "MultiPolygon", "coordinates": [ [ [ [ 78.352916074224282, 17.460470281474237 ], [ 78.352857780553848, 17.460364369891131 ], [ 78.352615458510442, 17.460492969423626 ], [ 78.352595232221631, 17.460540395149618 ], [ 78.352588499250317, 17.460619548195179 ], [ 78.352916074224282, 17.460470281474237 ] ] ], [ [ [ 78.35311851670555, 17.460378033702764 ], [ 78.352885554684917, 17.460300244835061 ], [ 78.352893696925861, 17.46031367542113 ], [ 78.352893936535892, 17.46031408996755 ], [ 78.352894001616846, 17.460314190897037 ], [ 78.352894053082267, 17.460314291603023 ], [ 78.352894257959107, 17.460314646057967 ], [ 78.352967117782754, 17.460447022282619 ], [ 78.35311851670555, 17.460378033702764 ] ] ], [ [ [ 78.35272107540159, 17.4602453229951 ], [ 78.352649587998258, 17.460412944006649 ], [ 78.352830393481398, 17.460316991066613 ], [ 78.352803663679012, 17.460272900349494 ], [ 78.35272107540159, 17.4602453229951 ] ] ] ] } },
{ "type": "Feature", "properties": { "parcel_id": "SYN-P0210", "survey_number": "8292/C", "survey_subdivision": "C", "district": "DEMO-RANGAREDDY", "mandal": "DEMO-SERILINGAMPALLY", "village": "DEMO-KONDAPUR", "ward": "DEMO-WARD-03", "door_number": "310", "address": "Plot 4249, Demo Street 6, Kondapur", "area_sqm": 1689.7911, "land_use": "mixed_use", "source": "BhuSetu synthetic integrated benchmark v1 (parcel registry)", "synthetic": true, "geometry_status": "reference" }, "geometry": { "type": "MultiPolygon", "coordinates": [ [ [ [ 78.352667225514836, 17.460778750060296 ], [ 78.35279448150618, 17.460739341681656 ], [ 78.35300338549601, 17.460628913824344 ], [ 78.352916074224282, 17.460470281474237 ], [ 78.352588499250317, 17.460619548195179 ], [ 78.352556306177249, 17.460708518749403 ], [ 78.35255377519367, 17.460726047619836 ], [ 78.352667225514836, 17.460778750060296 ] ] ], [ [ [ 78.35337464825119, 17.460559675512307 ], [ 78.353318737087591, 17.460460528570479 ], [ 78.353202489718399, 17.460383556908749 ], [ 78.35311851670555, 17.460378033702764 ], [ 78.352967117782754, 17.460447022282619 ], [ 78.35306625799619, 17.460627146040853 ], [ 78.353066575337309, 17.460627740219874 ], [ 78.353078778946866, 17.460651300652554 ], [ 78.35337464825119, 17.460559675512307 ] ] ] ] } },
{ "type": "Feature", "properties": { "parcel_id": "SYN-P0211", "survey_number": "6791/A", "survey_subdivision": "A", "district": "DEMO-RANGAREDDY", "mandal": "DEMO-GACHIBOWLI", "village": "DEMO-KONDAPUR", "ward": "DEMO-WARD-04", "door_number": "311", "address": "Plot 6906, Demo Street 7, Kondapur", "area_sqm": 3915.0972, "land_use": "residential", "source": "BhuSetu synthetic integrated benchmark v1 (parcel registry)", "synthetic": true, "geometry_status": "reference" }, "geometry": { "type": "MultiPolygon", "coordinates": [ [ [ [ 78.353669241047612, 17.460639077130519 ], [ 78.353805232537582, 17.460566730567486 ], [ 78.353599544885043, 17.460203493762201 ], [ 78.353537932121029, 17.460271161515404 ], [ 78.353405121117135, 17.460499883457036 ], [ 78.353439874131794, 17.460561510712928 ], [ 78.353669241047612, 17.460639077130519 ] ] ], [ [ [ 78.35402599623464, 17.460759722592588 ], [ 78.354241830891539, 17.460632035392756 ], [ 78.354266594741333, 17.460447274736662 ], [ 78.354215063185904, 17.460474110730583 ], [ 78.3538809130213, 17.460648180582126 ], [ 78.353810255311188, 17.460686764632353 ], [ 78.35402599623464, 17.460759722592588 ] ] ], [ [ [ 78.354290704268195, 17.46026739535602 ], [ 78.35409151421878, 17.460126338809392 ], [ 78.354060401111226, 17.460142770858358 ], [ 78.354196360005062, 17.460363724656037 ], [ 78.354283906857788, 17.460318110384076 ], [ 78.354290704268195, 17.46026739535602 ] ] ], [ [ [ 78.354022049626536, 17.460077147327908 ], [ 78.354032537227937, 17.46009564350933 ], [ 78.354041490915208, 17.460090914717735 ], [ 78.354022049626536, 17.460077147327908 ] ] ], [ [ [ 78.353889442081808, 17.459983240915275 ], [ 78.35380178899878, 17.459981373586075 ], [ 78.353639159427573, 17.46015998606331 ], [ 78.353854761464262, 17.460540731142178 ], [ 78.35414667723586, 17.460389531557205 ], [ 78.3539969956677, 17.46014627618376 ], [ 78.353996599523242, 17.460145605809018 ], [ 78.353996570505942, 17.46014556060171 ], [ 78.353996556318307, 17.460145532695552 ], [ 78.353996507254251, 17.460145449666985 ], [ 78.353914657431176, 17.460001097250377 ], [ 78.353889442081808, 17.459983240915275 ] ] ] ] } },
{ "type": "Feature", "properties": { "parcel_id": "SYN-P0212", "survey_number": "7791/B", "survey_subdivision": "B", "district": "DEMO-RANGAREDDY", "mandal": "DEMO-MADHAPUR", "village": "DEMO-KONDAPUR", "ward": "DEMO-WARD-05", "door_number": "312", "address": "Plot 7735, Demo Street 8, Kondapur", "area_sqm": 4418.3622, "land_use": "commercial", "source": "BhuSetu synthetic integrated benchmark v1 (parcel registry)", "synthetic": true, "geometry_status": "reference" }, "geometry": { "type": "Polygon", "coordinates": [ [ [ 78.35670799093424, 17.460124966211698 ], [ 78.35631587853716, 17.459698000723552 ], [ 78.355634598723029, 17.460388627772257 ], [ 78.355596227795559, 17.46047719693799 ], [ 78.355624400778666, 17.460562229863239 ], [ 78.355864703678279, 17.460435459021134 ], [ 78.355867193699822, 17.460434294275348 ], [ 78.355869790681069, 17.460433369385278 ], [ 78.355872469611668, 17.460432693258099 ], [ 78.355875204692083, 17.460432272405303 ], [ 78.355877969582011, 17.460432110879918 ], [ 78.355880737654061, 17.460432210237528 ], [ 78.355883482250164, 17.460432569521277 ], [ 78.355886176938412, 17.460433185271054 ], [ 78.355888795767484, 17.46043405155687 ], [ 78.35589131351658, 17.46043516003591 ], [ 78.355893705938513, 17.46043650003293 ], [ 78.355895949992842, 17.460438058643025 ], [ 78.355898024068168, 17.460439820855935 ], [ 78.355899908189997, 17.460441769700598 ], [ 78.355901584213214, 17.460443886408573 ], [ 78.355903035996775, 17.460446150594805 ], [ 78.355904249559202, 17.46044854045396 ], [ 78.355905213213248, 17.460451032970397 ], [ 78.355905917678342, 17.460453604139808 ], [ 78.355906356170138, 17.460456229200421 ], [ 78.355906524465667, 17.460458882871485 ], [ 78.355906516448016, 17.460459088632263 ], [ 78.35670799093424, 17.460124966211698 ] ] ] } },
{ "type": "Feature", "properties": { "parcel_id": "SYN-P0213", "survey_number": "2720/C", "survey_subdivision": "C", "district": "DEMO-RANGAREDDY", "mandal": "DEMO-SERILINGAMPALLY", "village": "DEMO-KONDAPUR", "ward": "DEMO-WARD-06", "door_number": "313", "address": "Plot 5562, Demo Street 9, Kondapur", "area_sqm": 1253.0775, "land_use": "mixed_use", "source": "BhuSetu synthetic integrated benchmark v1 (parcel registry)", "synthetic": true, "geometry_status": "shifted_geometry" }, "geometry": { "type": "Polygon", "coordinates": [ [ [ 78.359994430650758, 17.450434485670456 ], [ 78.360041711729849, 17.450415779563301 ], [ 78.360195228720315, 17.450192313452956 ], [ 78.360242628534863, 17.449973633334039 ], [ 78.359987718601985, 17.449973637336029 ], [ 78.3598808326187, 17.450195499852587 ], [ 78.359940491287674, 17.450361248100482 ], [ 78.359994205706599, 17.450434269894792 ], [ 78.359994430650758, 17.450434485670456 ] ] ] } },
{ "type": "Feature", "properties": { "parcel_id": "SYN-P0214", "survey_number": "6493/A", "survey_subdivision": "A", "district": "DEMO-RANGAREDDY", "mandal": "DEMO-GACHIBOWLI", "village": "DEMO-KONDAPUR", "ward": "DEMO-WARD-07", "door_number": "314", "address": "Plot 8044, Demo Street 10, Kondapur", "area_sqm": 1007.7917, "land_use": "residential", "source": "BhuSetu synthetic integrated benchmark v1 (parcel registry)", "synthetic": true, "geometry_status": "reference" }, "geometry": { "type": "Polygon", "coordinates": [ [ [ 78.362103628597552, 17.451686525447553 ], [ 78.362220320125559, 17.451494172207301 ], [ 78.362168023208383, 17.451209460382824 ], [ 78.362117265688184, 17.451207935379045 ], [ 78.361890259908336, 17.451574001270075 ], [ 78.362103628597552, 17.451686525447553 ] ] ] } },
{ "type": "Feature", "properties": { "parcel_id": "SYN-P0215", "survey_number": "5763/B", "survey_subdivision": "B", "district": "DEMO-RANGAREDDY", "mandal": "DEMO-MADHAPUR", "village": "DEMO-KONDAPUR", "ward": "DEMO-WARD-08", "door_number": "315", "address": "Plot 7388, Demo Street 11, Kondapur", "area_sqm": 19010.7773, "land_use": "commercial", "source": "BhuSetu synthetic integrated benchmark v1 (parcel registry)", "synthetic": true, "geometry_status": "reference" }, "geometry": { "type": "MultiPolygon", "coordinates": [ [ [ [ 78.362685633258394, 17.452440891544789 ], [ 78.363073267258812, 17.452658824676938 ], [ 78.363333550337515, 17.452805178463485 ], [ 78.363344854585179, 17.452807593461678 ], [ 78.363349533239742, 17.452806513772028 ], [ 78.363358023418897, 17.452802343157746 ], [ 78.363362611195427, 17.452796644279832 ], [ 78.363366289062697, 17.452775258180658 ], [ 78.363341364710024, 17.452476462109612 ], [ 78.363333972837893, 17.45238784747794 ], [ 78.36331013929923, 17.452370482035327 ], [ 78.363280745422387, 17.452349086490177 ], [ 78.362635943425474, 17.451879803390707 ], [ 78.3626149377518, 17.45200040028001 ], [ 78.362670266745482, 17.452386184933925 ], [ 78.362685633258394, 17.452440891544789 ] ] ], [ [ [ 78.362728225341357, 17.452592524287571 ], [ 78.36281652120411, 17.452645303892062 ], [ 78.362816744886189, 17.452645438998942 ], [ 78.363010221128818, 17.452763518309151 ], [ 78.36301630648623, 17.452738370880027 ], [ 78.363016318121254, 17.452738322996083 ], [ 78.363026771636484, 17.452695477369893 ], [ 78.36270657895669, 17.452515460677947 ], [ 78.362728225341357, 17.452592524287571 ] ] ], [ [ [ 78.362762937975702, 17.452716105139437 ], [ 78.363498980546709, 17.453160809572875 ], [ 78.363498499868527, 17.45314964711951 ], [ 78.36349806646389, 17.453140068843588 ], [ 78.363390019486474, 17.453059169334495 ], [ 78.363081376318561, 17.452871173946097 ], [ 78.363081349526652, 17.452871157606758 ], [ 78.36301355232186, 17.45282975930995 ], [ 78.362786566621352, 17.452691229055382 ], [ 78.362749772657935, 17.452669235154019 ], [ 78.362762937975702, 17.452716105139437 ] ] ], [ [ [ 78.362963662839661, 17.453430705548826 ], [ 78.363521424665493, 17.453675335571088 ], [ 78.363519798851556, 17.453638225243242 ], [ 78.363516399111703, 17.453559730968426 ], [ 78.363501821264364, 17.453226549097728 ], [ 78.362784597314217, 17.452793214736747 ], [ 78.362963662839661, 17.453430705548826 ] ] ], [ [ [ 78.363652469298458, 17.453732810428146 ], [ 78.363650595489233, 17.453671086457245 ], [ 78.363645854212749, 17.453582099034918 ], [ 78.363573978685423, 17.453584662176695 ], [ 78.363576200868764, 17.453635968290406 ], [ 78.363579032501391, 17.453700601802399 ], [ 78.363652469298458, 17.453732810428146 ] ] ], [ [ [ 78.36379637225113, 17.453722617877911 ], [ 78.363792722689482, 17.453657288662281 ], [ 78.363787383611069, 17.453577051900844 ], [ 78.363702271785229, 17.453580087118439 ], [ 78.363706988678658, 17.45366861638805 ], [ 78.363707013539951, 17.453669210951439 ], [ 78.363709112541656, 17.453738352144985 ], [ 78.36379637225113, 17.453722617877911 ] ] ], [ [ [ 78.364000012234797, 17.453685898294463 ], [ 78.364000012167409, 17.453649708654527 ], [ 78.363850399025736, 17.453677770648234 ], [ 78.363852340609355, 17.453712525900347 ], [ 78.364000012234797, 17.453685898294463 ] ] ], [ [ [ 78.364000011952697, 17.453537954365018 ], [ 78.363957498273138, 17.453551509681176 ], [ 78.363954225315055, 17.453552347670904 ], [ 78.363925025310763, 17.453558047671173 ], [ 78.363924202328505, 17.453558196154908 ], [ 78.363843583939357, 17.453571556213834 ], [ 78.363847020228292, 17.453623197224143 ], [ 78.364000012062576, 17.453594501496553 ], [ 78.364000011952697, 17.453537954365018 ] ] ], [ [ [ 78.364000010304537, 17.452807859239133 ], [ 78.363795737309445, 17.452853025564842 ], [ 78.363816364857769, 17.453154726005451 ], [ 78.363816365556744, 17.453154766804452 ], [ 78.363816370291673, 17.453154807355084 ], [ 78.363840004403514, 17.453517165426803 ], [ 78.363914185033806, 17.453504872227551 ], [ 78.363941311965178, 17.453499576901468 ], [ 78.364000011839138, 17.453480860676546 ], [ 78.364000010304537, 17.452807859239133 ] ] ], [ [ [ 78.364000010033791, 17.452703349884086 ], [ 78.363764433750859, 17.452366462653398 ], [ 78.363771683407634, 17.452540651548748 ], [ 78.363791702294094, 17.452798316348161 ], [ 78.364000010161575, 17.452752257860453 ], [ 78.364000010033791, 17.452703349884086 ] ] ], [ [ [ 78.363669839295554, 17.452231186925978 ], [ 78.363682816314096, 17.453214936386953 ], [ 78.363699388405209, 17.453525970259996 ], [ 78.363783820800393, 17.45352295926903 ], [ 78.363760032361569, 17.453158233319606 ], [ 78.363737843421575, 17.452833694347564 ], [ 78.363715352811639, 17.452544214628826 ], [ 78.363715297152012, 17.452543281343708 ], [ 78.363704362796511, 17.452280557621751 ], [ 78.363669839295554, 17.452231186925978 ] ] ], [ [ [ 78.363519633786026, 17.452016383621164 ], [ 78.363511650911732, 17.45226860203185 ], [ 78.363513474935957, 17.452297882348056 ], [ 78.363518671162893, 17.452381221626219 ], [ 78.363524168131889, 17.452463276252846 ], [ 78.363533368153497, 17.452601776254426 ], [ 78.363533392328293, 17.452602190000729 ], [ 78.363542592356708, 17.452784590003219 ], [ 78.363542611066578, 17.452785037501823 ], [ 78.363553905924917, 17.453125380981888 ], [ 78.363554898848818, 17.453147324524888 ], [ 78.363554898680562, 17.453147352935385 ], [ 78.363554901352671, 17.453147381230355 ], [ 78.363557600976321, 17.453210072264675 ], [ 78.363571622052575, 17.4535305265387 ], [ 78.363642970849597, 17.453527982177899 ], [ 78.363626411392289, 17.453217183613916 ], [ 78.363626376818587, 17.453216142966301 ], [ 78.363612298710549, 17.452148900342895 ], [ 78.363519633786026, 17.452016383621164 ] ] ], [ [ [ 78.363087339671083, 17.451398172863851 ], [ 78.362821822606421, 17.45145501085095 ], [ 78.36267013706042, 17.451683491839283 ], [ 78.362646454759698, 17.451819456074546 ], [ 78.363314855323594, 17.452305914053802 ], [ 78.363344266068225, 17.45232732187646 ], [ 78.363371519828647, 17.452347179335032 ], [ 78.363416313819457, 17.45235038493287 ], [ 78.363460394997503, 17.452353562477896 ], [ 78.363457125108894, 17.452301118365998 ], [ 78.363457125100936, 17.45230111765207 ], [ 78.363457125020162, 17.452301116942341 ], [ 78.363455225024921, 17.452270616942702 ], [ 78.36345518772184, 17.452268177371597 ], [ 78.363465602817968, 17.451939115812699 ], [ 78.363087339671083, 17.451398172863851 ] ] ], [ [ [ 78.363423660812103, 17.453015639534051 ], [ 78.363495571365746, 17.453069482121489 ], [ 78.363486968362338, 17.452810248875689 ], [ 78.363430434941947, 17.452804258119034 ], [ 78.363418559870226, 17.452804005458379 ], [ 78.363417148544144, 17.452812212063812 ], [ 78.363416558913073, 17.452814828541921 ], [ 78.363415703120424, 17.452817376391931 ], [ 78.36341458952235, 17.452819830736129 ], [ 78.363413228992229, 17.452822167609789 ], [ 78.363411634814497, 17.452824364195198 ], [ 78.363398834814888, 17.45284026419673 ], [ 78.363396805806076, 17.452842516935789 ], [ 78.363394531458553, 17.452844542324993 ], [ 78.36339203925138, 17.452846315893176 ], [ 78.363389359295937, 17.452847816211765 ], [ 78.363372259293939, 17.452856216212631 ], [ 78.363369197517542, 17.452857506663538 ], [ 78.363365998223074, 17.45285844050623 ], [ 78.36335169822101, 17.452861740506435 ], [ 78.363349177230646, 17.452862207004202 ], [ 78.363346622505503, 17.452862451702444 ], [ 78.363344055183262, 17.452862472576545 ], [ 78.363341496505768, 17.45286226945381 ], [ 78.363338967643401, 17.452861844014826 ], [ 78.363316967640571, 17.452857144013745 ], [ 78.363314150229243, 17.452856393185932 ], [ 78.363311428865273, 17.452855366623425 ], [ 78.363308832753901, 17.452854075343136 ], [ 78.363077755510332, 17.452724143629833 ], [ 78.363071287721269, 17.452750653063493 ], [ 78.363060715871271, 17.452794340740692 ], [ 78.363111637078205, 17.45282543421467 ], [ 78.36342142366118, 17.453014126025881 ], [ 78.363423660812103, 17.453015639534051 ] ] ], [ [ [ 78.363463907971123, 17.452408150586972 ], [ 78.363412093775551, 17.452404415614524 ], [ 78.363391865398626, 17.45240296801067 ], [ 78.36339538972139, 17.452445217848748 ], [ 78.363424251435347, 17.452443087458086 ], [ 78.36346604328854, 17.452440025126176 ], [ 78.363463907971123, 17.452408150586972 ] ] ], [ [ [ 78.363484607595637, 17.45275548719583 ], [ 78.363477018110743, 17.452605016957101 ], [ 78.363469650410394, 17.452494100772572 ], [ 78.363428556409005, 17.452497111967098 ], [ 78.363399895009323, 17.452499227572808 ], [ 78.363420801620734, 17.452749857553542 ], [ 78.3634329255258, 17.452750115507957 ], [ 78.363435397404558, 17.452750272470869 ], [ 78.363484607595637, 17.45275548719583 ] ] ] ] } },
{ "type": "Feature", "properties": { "parcel_id": "SYN-P0216", "survey_number": "5968/C", "survey_subdivision": "C", "district": "DEMO-RANGAREDDY", "mandal": "DEMO-SERILINGAMPALLY", "village": "DEMO-KONDAPUR", "ward": "DEMO-WARD-01", "door_number": "316", "address": "Plot 7943, Demo Street 12, Kondapur", "area_sqm": 1455.3901, "land_use": "mixed_use", "source": "BhuSetu synthetic integrated benchmark v1 (parcel registry)", "synthetic": true, "geometry_status": "reference" }, "geometry": { "type": "MultiPolygon", "coordinates": [ [ [ [ 78.350469058858678, 17.459210886923064 ], [ 78.350433191836686, 17.459148524002519 ], [ 78.350418589759471, 17.459185252266785 ], [ 78.350469058858678, 17.459210886923064 ] ] ], [ [ [ 78.35067731846857, 17.459316667559943 ], [ 78.350888037302425, 17.459203904488078 ], [ 78.350896802154139, 17.459160941297839 ], [ 78.350890472231228, 17.45914952943221 ], [ 78.350784080377636, 17.45898208876012 ], [ 78.350553098346623, 17.458846925233409 ], [ 78.350459547278135, 17.459082232727038 ], [ 78.350560151160778, 17.459257155183909 ], [ 78.35067731846857, 17.459316667559943 ] ] ], [ [ [ 78.350917376751923, 17.459060089468192 ], [ 78.350889338686073, 17.459043682514999 ], [ 78.35091309610938, 17.459081072181981 ], [ 78.350917376751923, 17.459060089468192 ] ] ] ] } },
{ "type": "Feature", "properties": { "parcel_id": "SYN-P0217", "survey_number": "4111/A", "survey_subdivision": "A", "district": "DEMO-RANGAREDDY", "mandal": "DEMO-GACHIBOWLI", "village": "DEMO-KONDAPUR", "ward": "DEMO-WARD-02", "door_number": "317", "address": "Plot 7766, Demo Street 1, Kondapur", "area_sqm": 1287.2198, "land_use": "residential", "source": "BhuSetu synthetic integrated benchmark v1 (parcel registry)", "synthetic": true, "geometry_status": "reference" }, "geometry": { "type": "MultiPolygon", "coordinates": [ [ [ [ 78.352541564181351, 17.460470271794712 ], [ 78.352649587998258, 17.460412944006649 ], [ 78.35272107540159, 17.4602453229951 ], [ 78.3526361188094, 17.460013396117038 ], [ 78.352628320459075, 17.46000846532576 ], [ 78.352360274286582, 17.460155685410257 ], [ 78.352339002144163, 17.460205601071888 ], [ 78.352541564181351, 17.460470271794712 ] ] ], [ [ [ 78.352595232221631, 17.460540395149618 ], [ 78.352615458510442, 17.460492969423626 ], [ 78.352575261851285, 17.46051430161279 ], [ 78.352595232221631, 17.460540395149618 ] ] ], [ [ [ 78.352559249771289, 17.459964792842175 ], [ 78.352424938342466, 17.460003949225463 ], [ 78.352395007619762, 17.460074182622137 ], [ 78.352575485086689, 17.459975058221424 ], [ 78.352559249771289, 17.459964792842175 ] ] ] ] } },
{ "type": "Feature", "properties": { "parcel_id": "SYN-P0218", "survey_number": "5453/B", "survey_subdivision": "B", "district": "DEMO-RANGAREDDY", "mandal": "DEMO-MADHAPUR", "village": "DEMO-KONDAPUR", "ward": "DEMO-WARD-03", "door_number": "318", "address": "Plot 5372, Demo Street 2, Kondapur", "area_sqm": 2041.5575, "land_use": "commercial", "source": "BhuSetu synthetic integrated benchmark v1 (parcel registry)", "synthetic": true, "geometry_status": "reference" }, "geometry": { "type": "MultiPolygon", "coordinates": [ [ [ [ 78.360555855832359, 17.450665691308355 ], [ 78.360735038683956, 17.450361213951584 ], [ 78.360617701542878, 17.450286288986931 ], [ 78.360519136912671, 17.450232624881306 ], [ 78.360435940535396, 17.450380247907198 ], [ 78.360483694058033, 17.450625849483178 ], [ 78.360555855832359, 17.450665691308355 ] ] ], [ [ [ 78.360676374460013, 17.450732231738673 ], [ 78.3608158307444, 17.450641481467343 ], [ 78.360817658575272, 17.45043382997375 ], [ 78.360777798599784, 17.450398721514663 ], [ 78.360604789382677, 17.450692708386256 ], [ 78.360676374460013, 17.450732231738673 ] ] ], [ [ [ 78.360821476432235, 17.450000086566128 ], [ 78.360650187093867, 17.450000089787085 ], [ 78.360546000295514, 17.450184958629642 ], [ 78.360646425938626, 17.450239635966064 ], [ 78.360648133631258, 17.450240644310025 ], [ 78.360769033625743, 17.450317844299548 ], [ 78.360770833679723, 17.450319094533693 ], [ 78.360772525696447, 17.450320476798741 ], [ 78.360789804617838, 17.450335758155092 ], [ 78.360818300898458, 17.450360857536015 ], [ 78.360821476432235, 17.450000086566128 ] ] ] ] } },
{ "type": "Feature", "properties": { "parcel_id": "SYN-P0219", "survey_number": "4093/C", "survey_subdivision": "C", "district": "DEMO-RANGAREDDY", "mandal": "DEMO-SERILINGAMPALLY", "village": "DEMO-KONDAPUR", "ward": "DEMO-WARD-04", "door_number": "319", "address": "Plot 8744, Demo Street 3, Kondapur", "area_sqm": 1101.3885, "land_use": "mixed_use", "source": "BhuSetu synthetic integrated benchmark v1 (parcel registry)", "synthetic": true, "geometry_status": "reference" }, "geometry": { "type": "MultiPolygon", "coordinates": [ [ [ [ 78.354429977173353, 17.46018596740846 ], [ 78.354535888873244, 17.46018682059173 ], [ 78.354557633278077, 17.460175491113397 ], [ 78.354558835643985, 17.460174899951056 ], [ 78.354594837927053, 17.460158230400555 ], [ 78.354682149983731, 17.460113679373304 ], [ 78.354682538463564, 17.46011348484793 ], [ 78.354785938451542, 17.460062684853153 ], [ 78.354786141826125, 17.460062585928842 ], [ 78.354813344010935, 17.460049486651638 ], [ 78.354701252787478, 17.459804310339759 ], [ 78.354462913791608, 17.459930187524872 ], [ 78.354429977173353, 17.46018596740846 ] ] ], [ [ [ 78.354615792602175, 17.459744232413456 ], [ 78.354524567719622, 17.459835781985063 ], [ 78.354672606099015, 17.459757596424446 ], [ 78.354615792602175, 17.459744232413456 ] ] ] ] } },
{ "type": "Feature", "properties": { "parcel_id": "SYN-P0220", "survey_number": "3102/A", "survey_subdivision": "A", "district": "DEMO-RANGAREDDY", "mandal": "DEMO-GACHIBOWLI", "village": "DEMO-KONDAPUR", "ward": "DEMO-WARD-05", "door_number": "320", "address": "Plot 3896, Demo Street 4, Kondapur", "area_sqm": 1715.545, "land_use": "residential", "source": "BhuSetu synthetic integrated benchmark v1 (parcel registry)", "synthetic": true, "geometry_status": "reference" }, "geometry": { "type": "MultiPolygon", "coordinates": [ [ [ [ 78.356393012752008, 17.461503818816773 ], [ 78.356350375443895, 17.461679865306699 ], [ 78.356394356970071, 17.46175386117147 ], [ 78.356656761830649, 17.461620332219731 ], [ 78.356622708036483, 17.461469460518568 ], [ 78.356393012752008, 17.461503818816773 ] ] ], [ [ [ 78.35627281106801, 17.462000122062019 ], [ 78.356471525351736, 17.462000122690359 ], [ 78.356358772934797, 17.461803339856584 ], [ 78.35633155945726, 17.461757555065461 ], [ 78.35627281106801, 17.462000122062019 ] ] ], [ [ [ 78.356742485996577, 17.46200012322667 ], [ 78.35666917796604, 17.461675340539806 ], [ 78.356421944278424, 17.46180114937934 ], [ 78.356535951974863, 17.462000122851382 ], [ 78.356742485996577, 17.46200012322667 ] ] ] ] } },
{ "type": "Feature", "properties": { "parcel_id": "SYN-P0221", "survey_number": "5016/B", "survey_subdivision": "B", "district": "DEMO-RANGAREDDY", "mandal": "DEMO-MADHAPUR", "village": "DEMO-KONDAPUR", "ward": "DEMO-WARD-06", "door_number": "321", "address": "Plot 6708, Demo Street 5, Kondapur", "area_sqm": 3824.9698, "land_use": "commercial", "source": "BhuSetu synthetic integrated benchmark v1 (parcel registry)", "synthetic": true, "geometry_status": "reference" }, "geometry": { "type": "MultiPolygon", "coordinates": [ [ [ [ 78.355235280584992, 17.459906920706473 ], [ 78.355222144161502, 17.459913246625057 ], [ 78.355222576431615, 17.459913995497313 ], [ 78.355235280584992, 17.459906920706473 ] ] ], [ [ [ 78.356100329728477, 17.459269904124781 ], [ 78.355664117280611, 17.459304871327692 ], [ 78.355860509471995, 17.459414692159772 ], [ 78.355860890937464, 17.459414909342488 ], [ 78.355980360234668, 17.459484151308374 ], [ 78.356131865127253, 17.459406542380361 ], [ 78.356100329728477, 17.459269904124781 ] ] ], [ [ [ 78.355276839531697, 17.459335915054989 ], [ 78.355012519733208, 17.459550088909612 ], [ 78.355024898683695, 17.459571534500569 ], [ 78.35507899191505, 17.459542965281393 ], [ 78.355081481341884, 17.4595417993925 ], [ 78.355084077847422, 17.459540873310029 ], [ 78.355086756425933, 17.459540195952663 ], [ 78.355089491281248, 17.459539773843723 ], [ 78.35509225607521, 17.459539611048339 ], [ 78.355095024181352, 17.459539709134344 ], [ 78.355097768941349, 17.459540067157096 ], [ 78.355100463921616, 17.459540681668653 ], [ 78.355103083168075, 17.459541546750927 ], [ 78.355105601455932, 17.459542654072742 ], [ 78.355107994532716, 17.459543992969934 ], [ 78.355110239351816, 17.459545550548231 ], [ 78.35511231429436, 17.459547311807302 ], [ 78.355114199377525, 17.459549259785259 ], [ 78.355115876446945, 17.459551375722032 ], [ 78.355117329351501, 17.459553639239985 ], [ 78.355118544098929, 17.459556028540206 ], [ 78.355119508990555, 17.45955852061244 ], [ 78.355120214733901, 17.459561091456656 ], [ 78.355120654532286, 17.459563716314236 ], [ 78.355120824150205, 17.459566369906344 ], [ 78.355120721954123, 17.459569026677478 ], [ 78.355120348928224, 17.459571661041441 ], [ 78.355119708664944, 17.459574247627877 ], [ 78.355118807330371, 17.459576761526534 ], [ 78.355117653604822, 17.459579178527218 ], [ 78.35511625859931, 17.459581475352845 ], [ 78.355114635748492, 17.459583629883742 ], [ 78.355112800681312, 17.4595856213706 ], [ 78.355110771070485, 17.459587430634283 ], [ 78.355108566462235, 17.459589040250616 ], [ 78.355106208088202, 17.459590434718095 ], [ 78.3550522561939, 17.459618929290109 ], [ 78.355194763806153, 17.459865812410019 ], [ 78.355634549596857, 17.459654030336431 ], [ 78.35592148844357, 17.459513324974392 ], [ 78.355831898902323, 17.459461400685569 ], [ 78.35562429051086, 17.459345307821675 ], [ 78.3556220014801, 17.459343881242575 ], [ 78.35561986670227, 17.459342249149906 ], [ 78.355583240059815, 17.459311354414261 ], [ 78.355276839531697, 17.459335915054989 ] ] ] ] } },
{ "type": "Feature", "properties": { "parcel_id": "SYN-P0222", "survey_number": "5016/B", "survey_subdivision": "B", "district": "DEMO-RANGAREDDY", "mandal": "DEMO-SERILINGAMPALLY", "village": "DEMO-KONDAPUR", "ward": "DEMO-WARD-07", "door_number": "322", "address": "Plot 486, Demo Street 6, Kondapur", "area_sqm": 1747.0529, "land_use": "mixed_use", "source": "BhuSetu synthetic integrated benchmark v1 (parcel registry)", "synthetic": true, "geometry_status": "shifted_geometry" }, "geometry": { "type": "MultiPolygon", "coordinates": [ [ [ [ 78.352730243657547, 17.460771908385393 ], [ 78.352841912489467, 17.460712879703046 ], [ 78.352714656523133, 17.460752288116051 ], [ 78.352730243657547, 17.460771908385393 ] ] ], [ [ [ 78.352912291002681, 17.461001059700152 ], [ 78.353057279790676, 17.460985915453872 ], [ 78.353206023614987, 17.460900640892991 ], [ 78.353076560968574, 17.460650699128788 ], [ 78.352764851294225, 17.460815470650569 ], [ 78.352912291002681, 17.461001059700152 ] ] ], [ [ [ 78.353425127614628, 17.460639221677432 ], [ 78.353441987208925, 17.460568516231671 ], [ 78.353422079120463, 17.460533213377065 ], [ 78.35312620987429, 17.460624838597184 ], [ 78.353254560504098, 17.46087263335604 ], [ 78.353323146240584, 17.460832837787226 ], [ 78.353425127614628, 17.460639221677432 ] ] ] ] } },
{ "type": "Feature", "properties": { "parcel_id": "SYN-P0223", "survey_number": "2198/A", "survey_subdivision": "A", "district": "DEMO-RANGAREDDY", "mandal": "DEMO-GACHIBOWLI", "village": "DEMO-KONDAPUR", "ward": "DEMO-WARD-08", "door_number": "323", "address": "Plot 3724, Demo Street 7, Kondapur", "area_sqm": 1483.4025, "land_use": "residential", "source": "BhuSetu synthetic integrated benchmark v1 (parcel registry)", "synthetic": true, "geometry_status": "reference" }, "geometry": { "type": "MultiPolygon", "coordinates": [ [ [ [ 78.353778496867974, 17.459243174409298 ], [ 78.353879983584832, 17.459142949135103 ], [ 78.353873921579321, 17.459127434505685 ], [ 78.353796651179351, 17.458998838360682 ], [ 78.353673553704311, 17.458794142509227 ], [ 78.353673517014244, 17.458794073931109 ], [ 78.353673473881869, 17.458794008898437 ], [ 78.353629944999085, 17.45872066569417 ], [ 78.35358326500014, 17.458719791173056 ], [ 78.353454860891517, 17.45907770579149 ], [ 78.353502617802491, 17.459163174662056 ], [ 78.353778496867974, 17.459243174409298 ] ] ], [ [ [ 78.353715612870786, 17.45872227060066 ], [ 78.353695643947134, 17.458721896505068 ], [ 78.353722486401537, 17.458767124183904 ], [ 78.353752897229839, 17.45881769364318 ], [ 78.353715612870786, 17.45872227060066 ] ] ] ] } },
{ "type": "Feature", "properties": { "parcel_id": "SYN-P0224", "survey_number": "2782/B", "survey_subdivision": "B", "district": "DEMO-RANGAREDDY", "mandal": "DEMO-MADHAPUR", "village": "DEMO-KONDAPUR", "ward": "DEMO-WARD-01", "door_number": "324", "address": "Plot 8862, Demo Street 8, Kondapur", "area_sqm": 2056.1778, "land_use": "commercial", "source": "BhuSetu synthetic integrated benchmark v1 (parcel registry)", "synthetic": true, "geometry_status": "reference" }, "geometry": { "type": "MultiPolygon", "coordinates": [ [ [ [ 78.353914657431176, 17.460001097250377 ], [ 78.353898156966039, 17.459971996585733 ], [ 78.353889442081808, 17.459983240915275 ], [ 78.353914657431176, 17.460001097250377 ] ] ], [ [ [ 78.354041490915208, 17.460090914717735 ], [ 78.35445002718572, 17.459875150038613 ], [ 78.354238873919101, 17.459664237034115 ], [ 78.354032439240214, 17.459798739399162 ], [ 78.353935273633326, 17.45992410699585 ], [ 78.354022049626536, 17.460077147327908 ], [ 78.354041490915208, 17.460090914717735 ] ] ], [ [ [ 78.354290704268195, 17.46026739535602 ], [ 78.354429977173353, 17.46018596740846 ], [ 78.354462913791608, 17.459930187524872 ], [ 78.35409151421878, 17.460126338809392 ], [ 78.354290704268195, 17.46026739535602 ] ] ] ] } },
{ "type": "Feature", "properties": { "parcel_id": "SYN-P0225", "survey_number": "8039/C", "survey_subdivision": "C", "district": "DEMO-RANGAREDDY", "mandal": "DEMO-SERILINGAMPALLY", "village": "DEMO-KONDAPUR", "ward": "DEMO-WARD-02", "door_number": "325", "address": "Plot 1357, Demo Street 9, Kondapur", "area_sqm": 409.6232, "land_use": "mixed_use", "source": "BhuSetu synthetic integrated benchmark v1 (parcel registry)", "synthetic": true, "geometry_status": "shifted_geometry" }, "geometry": { "type": "MultiPolygon", "coordinates": [ [ [ [ 78.354087502157839, 17.458878068250844 ], [ 78.353994956310288, 17.45892516407644 ], [ 78.354084004464085, 17.459070222596736 ], [ 78.354179098168828, 17.459043329248548 ], [ 78.354087502157839, 17.458878068250844 ] ] ], [ [ [ 78.354009323749708, 17.458737015569785 ], [ 78.353859965158392, 17.45870526444018 ], [ 78.353966270540937, 17.458878435205232 ], [ 78.354060989693522, 17.458830233402409 ], [ 78.354009323749708, 17.458737015569785 ] ] ] ] } },
{ "type": "Feature", "properties": { "parcel_id": "SYN-P0226", "survey_number": "5458/A", "survey_subdivision": "A", "district": "DEMO-RANGAREDDY", "mandal": "DEMO-GACHIBOWLI", "village": "DEMO-KONDAPUR", "ward": "DEMO-WARD-03", "door_number": "326", "address": "Plot 8803, Demo Street 10, Kondapur", "area_sqm": 1319.348, "land_use": "residential", "source": "BhuSetu synthetic integrated benchmark v1 (parcel registry)", "synthetic": true, "geometry_status": "reference" }, "geometry": { "type": "MultiPolygon", "coordinates": [ [ [ [ 78.351120411212079, 17.461041150001357 ], [ 78.351164777572265, 17.461115242211921 ], [ 78.351217534956731, 17.461200651754481 ], [ 78.351299715349427, 17.461213976345881 ], [ 78.351519418273099, 17.461091753776085 ], [ 78.351448220426562, 17.460970718830634 ], [ 78.351447983557591, 17.460970307877513 ], [ 78.351344570287566, 17.460787161912556 ], [ 78.351327381285344, 17.460777663152864 ], [ 78.351119062926202, 17.460884602849411 ], [ 78.351120411212079, 17.461041150001357 ] ] ], [ [ [ 78.351121599403427, 17.461179110522362 ], [ 78.351128904344947, 17.461186281295966 ], [ 78.351144602601025, 17.461188826594899 ], [ 78.351121359000061, 17.461151197236411 ], [ 78.351121599403427, 17.461179110522362 ] ] ], [ [ [ 78.351442342413264, 17.460841191410964 ], [ 78.351437902229335, 17.460838737738712 ], [ 78.351480300045409, 17.460913824648674 ], [ 78.351442342413264, 17.460841191410964 ] ] ] ] } },
{ "type": "Feature", "properties": { "parcel_id": "SYN-P0227", "survey_number": "5063/B", "survey_subdivision": "B", "district": "DEMO-RANGAREDDY", "mandal": "DEMO-MADHAPUR", "village": "DEMO-KONDAPUR", "ward": "DEMO-WARD-04", "door_number": "327", "address": "Plot 3358, Demo Street 11, Kondapur", "area_sqm": 721.412, "land_use": "commercial", "source": "BhuSetu synthetic integrated benchmark v1 (parcel registry)", "synthetic": true, "geometry_status": "reference" }, "geometry": { "type": "Polygon", "coordinates": [ [ [ 78.359226402831041, 17.450645454714632 ], [ 78.35917240062723, 17.45048664238201 ], [ 78.359068834685971, 17.450427599311187 ], [ 78.358889000951336, 17.450444680672561 ], [ 78.358883102578929, 17.450452991644681 ], [ 78.358932628040705, 17.450665627684209 ], [ 78.359226402831041, 17.450645454714632 ] ] ] } },
{ "type": "Feature", "properties": { "parcel_id": "SYN-P0228", "survey_number": "1672/C", "survey_subdivision": "C", "district": "DEMO-RANGAREDDY", "mandal": "DEMO-SERILINGAMPALLY", "village": "DEMO-KONDAPUR", "ward": "DEMO-WARD-05", "door_number": "328", "address": "Plot 5189, Demo Street 12, Kondapur", "area_sqm": 1317.0337, "land_use": "mixed_use", "source": "BhuSetu synthetic integrated benchmark v1 (parcel registry)", "synthetic": true, "geometry_status": "reference" }, "geometry": { "type": "Polygon", "coordinates": [ [ [ 78.351313560567604, 17.461356192862116 ], [ 78.351350087673595, 17.461415396609478 ], [ 78.351351380403301, 17.461417747911252 ], [ 78.351352426779798, 17.461420209502908 ], [ 78.351353216725869, 17.461422757677994 ], [ 78.35135374263389, 17.461425367896187 ], [ 78.351353999439098, 17.461428015019653 ], [ 78.351353984668279, 17.461430673555146 ], [ 78.351353698463697, 17.461433317899502 ], [ 78.351353143581619, 17.461435922586251 ], [ 78.351352325365866, 17.461438462530847 ], [ 78.3513512516963, 17.461440913272206 ], [ 78.351349932912925, 17.461443251208348 ], [ 78.351348381716349, 17.461445453823675 ], [ 78.35134661304545, 17.46144749990578 ], [ 78.351344643933487, 17.461449369749776 ], [ 78.351342493344077, 17.461451045348038 ], [ 78.35134018198859, 17.461452510563621 ], [ 78.351337732126638, 17.461453751285706 ], [ 78.351335167351721, 17.461454755565459 ], [ 78.351332512364095, 17.46145551373111 ], [ 78.351329792732685, 17.461456018481105 ], [ 78.351327034649088, 17.461456264954418 ], [ 78.351324264675128, 17.461456250777402 ], [ 78.351323292078632, 17.461456153810023 ], [ 78.351353849868573, 17.461770039690453 ], [ 78.351622723527328, 17.461267370400407 ], [ 78.351519418273099, 17.461091753776085 ], [ 78.351299715349427, 17.461213976345881 ], [ 78.351313560567604, 17.461356192862116 ] ] ] } },
{ "type": "Feature", "properties": { "parcel_id": "SYN-P0229", "survey_number": "4239/A", "survey_subdivision": "A", "district": "DEMO-RANGAREDDY", "mandal": "DEMO-GACHIBOWLI", "village": "DEMO-KONDAPUR", "ward": "DEMO-WARD-06", "door_number": "329", "address": "Plot 3094, Demo Street 1, Kondapur", "area_sqm": 1287.8522, "land_use": "residential", "source": "BhuSetu synthetic integrated benchmark v1 (parcel registry)", "synthetic": true, "geometry_status": "reference" }, "geometry": { "type": "MultiPolygon", "coordinates": [ [ [ [ 78.351819028792704, 17.458527481191926 ], [ 78.351748309355685, 17.458396752381397 ], [ 78.351703181139399, 17.458490117514636 ], [ 78.351819028792704, 17.458527481191926 ] ] ], [ [ [ 78.351941082106194, 17.458566846259199 ], [ 78.352182493915322, 17.458446290736624 ], [ 78.352077763416318, 17.458257490040051 ], [ 78.351876367974896, 17.458134348855729 ], [ 78.351874739607126, 17.458135181948929 ], [ 78.351778324372688, 17.458334654665414 ], [ 78.351896079788261, 17.458552331962366 ], [ 78.351941082106194, 17.458566846259199 ] ] ], [ [ [ 78.352054227996774, 17.458603338394131 ], [ 78.35218148875316, 17.45850786965924 ], [ 78.352015394038972, 17.45859081356398 ], [ 78.352054227996774, 17.458603338394131 ] ] ] ] } },
{ "type": "Feature", "properties": { "parcel_id": "SYN-P0230", "survey_number": "3616/B", "survey_subdivision": "B", "district": "DEMO-RANGAREDDY", "mandal": "DEMO-MADHAPUR", "village": "DEMO-KONDAPUR", "ward": "DEMO-WARD-07", "door_number": "330", "address": "Plot 7520, Demo Street 2, Kondapur", "area_sqm": 1772.1748, "land_use": "commercial", "source": "BhuSetu synthetic integrated benchmark v1 (parcel registry)", "synthetic": true, "geometry_status": "reference" }, "geometry": { "type": "MultiPolygon", "coordinates": [ [ [ [ 78.350784080377636, 17.45898208876012 ], [ 78.350693101666693, 17.458838905210051 ], [ 78.350693007502556, 17.458838755933701 ], [ 78.350586625320773, 17.458668877845263 ], [ 78.350584075279571, 17.45867001950046 ], [ 78.35053172570602, 17.458768493793329 ], [ 78.350553098346623, 17.458846925233409 ], [ 78.350784080377636, 17.45898208876012 ] ] ], [ [ [ 78.350917376751923, 17.459060089468192 ], [ 78.351135016568222, 17.458932037255451 ], [ 78.351137511616216, 17.458922095866576 ], [ 78.351079218042372, 17.45866678777238 ], [ 78.351065578702375, 17.45867390250563 ], [ 78.350756745060153, 17.458835005068799 ], [ 78.350889338686073, 17.459043682514999 ], [ 78.350917376751923, 17.459060089468192 ] ] ], [ [ [ 78.350638899521897, 17.458645474638519 ], [ 78.350638067089264, 17.458645847319524 ], [ 78.35072746873719, 17.458788609717917 ], [ 78.351014078948367, 17.458639100001761 ], [ 78.350977197833586, 17.458572318861624 ], [ 78.350638899521897, 17.458645474638519 ] ] ] ] } },
{ "type": "Feature", "properties": { "parcel_id": "SYN-P0231", "survey_number": "1542/C", "survey_subdivision": "C", "district": "DEMO-RANGAREDDY", "mandal": "DEMO-SERILINGAMPALLY", "village": "DEMO-KONDAPUR", "ward": "DEMO-WARD-08", "door_number": "331", "address": "Plot 4136, Demo Street 3, Kondapur", "area_sqm": 2151.7912, "land_use": "mixed_use", "source": "BhuSetu synthetic integrated benchmark v1 (parcel registry)", "synthetic": true, "geometry_status": "reference" }, "geometry": { "type": "MultiPolygon", "coordinates": [ [ [ [ 78.3516130650045, 17.458034047048102 ], [ 78.351874739607126, 17.458135181948929 ], [ 78.351876367974896, 17.458134348855729 ], [ 78.351944709174347, 17.458017076072398 ], [ 78.351744721392308, 17.457651952747192 ], [ 78.351531591848044, 17.457837935971654 ], [ 78.3516130650045, 17.458034047048102 ] ] ], [ [ [ 78.352113435927336, 17.457727541873027 ], [ 78.351925828175581, 17.457493913021764 ], [ 78.351787873383927, 17.457614296945945 ], [ 78.351977585776552, 17.457960660095686 ], [ 78.352113435927336, 17.457727541873027 ] ] ] ] } },
{ "type": "Feature", "properties": { "parcel_id": "SYN-P0232", "survey_number": "7011/A", "survey_subdivision": "A", "district": "DEMO-RANGAREDDY", "mandal": "DEMO-GACHIBOWLI", "village": "DEMO-KONDAPUR", "ward": "DEMO-WARD-01", "door_number": "332", "address": "Plot 2318, Demo Street 4, Kondapur", "area_sqm": 2058.3158, "land_use": "residential", "source": "BhuSetu synthetic integrated benchmark v1 (parcel registry)", "synthetic": true, "geometry_status": "reference" }, "geometry": { "type": "MultiPolygon", "coordinates": [ [ [ [ 78.351561326226488, 17.459589859746455 ], [ 78.351474241835092, 17.459432688283876 ], [ 78.351442381845473, 17.459483354366331 ], [ 78.351561326226488, 17.459589859746455 ] ] ], [ [ [ 78.351937990683709, 17.459927132096418 ], [ 78.352052894445137, 17.459867713815363 ], [ 78.352075087404671, 17.459736495745556 ], [ 78.351940242874591, 17.459491816283929 ], [ 78.351746976598236, 17.459383047345199 ], [ 78.351544202039747, 17.459346467434525 ], [ 78.351519518986876, 17.459360685185004 ], [ 78.351508231167728, 17.459378635922857 ], [ 78.351688220415056, 17.459703483359679 ], [ 78.351937990683709, 17.459927132096418 ] ] ], [ [ [ 78.35210115374214, 17.459582375592792 ], [ 78.35203281920262, 17.459543917502856 ], [ 78.352090084077176, 17.459647826278761 ], [ 78.35210115374214, 17.459582375592792 ] ] ] ] } },
{ "type": "Feature", "properties": { "parcel_id": "SYN-P0233", "survey_number": "5834/B", "survey_subdivision": "B", "district": "DEMO-RANGAREDDY", "mandal": "DEMO-MADHAPUR", "village": "DEMO-KONDAPUR", "ward": "DEMO-WARD-02", "door_number": "333", "address": "Plot 8685, Demo Street 5, Kondapur", "area_sqm": 2136.7804, "land_use": "commercial", "source": "BhuSetu synthetic integrated benchmark v1 (parcel registry)", "synthetic": true, "geometry_status": "reference" }, "geometry": { "type": "MultiPolygon", "coordinates": [ [ [ [ 78.353377696715924, 17.460665683809509 ], [ 78.353432799701963, 17.460768154539551 ], [ 78.353477566422939, 17.460742179431659 ], [ 78.353394556331921, 17.460594978370732 ], [ 78.353377696715924, 17.460665683809509 ] ] ], [ [ [ 78.353459354672793, 17.460817536710209 ], [ 78.353527223981615, 17.460778986020777 ], [ 78.353527641556695, 17.460778753437236 ], [ 78.353697999589556, 17.460685726348196 ], [ 78.35352934859938, 17.460775447325251 ], [ 78.353458749462078, 17.460816411248178 ], [ 78.353459354672793, 17.460817536710209 ] ] ], [ [ [ 78.353630819206572, 17.461136395066582 ], [ 78.353754920233158, 17.461126507348137 ], [ 78.35395246976644, 17.461024016903288 ], [ 78.353999143597747, 17.460959157990906 ], [ 78.35402599623464, 17.460759722592588 ], [ 78.353810255311188, 17.460686764632353 ], [ 78.353555768270468, 17.460825731984265 ], [ 78.353485289194538, 17.460865765056027 ], [ 78.353630819206572, 17.461136395066582 ] ] ], [ [ [ 78.353439874131794, 17.460561510712928 ], [ 78.3535264525934, 17.460715039460499 ], [ 78.353669241047612, 17.460639077130519 ], [ 78.353439874131794, 17.460561510712928 ] ] ] ] } },
{ "type": "Feature", "properties": { "parcel_id": "SYN-P0234", "survey_number": "3888/C", "survey_subdivision": "C", "district": "DEMO-RANGAREDDY", "mandal": "DEMO-SERILINGAMPALLY", "village": "DEMO-KONDAPUR", "ward": "DEMO-WARD-03", "door_number": "334", "address": "Plot 8953, Demo Street 6, Kondapur", "area_sqm": 1167.2947, "land_use": "mixed_use", "source": "BhuSetu synthetic integrated benchmark v1 (parcel registry)", "synthetic": true, "geometry_status": "reference" }, "geometry": { "type": "MultiPolygon", "coordinates": [ [ [ [ 78.351021437731291, 17.458298350351455 ], [ 78.350807384429515, 17.45814914421975 ], [ 78.351000261151498, 17.458498389514943 ], [ 78.351021437731291, 17.458298350351455 ] ] ], [ [ [ 78.350638899521897, 17.458645474638519 ], [ 78.350977197833586, 17.458572318861624 ], [ 78.350754985755202, 17.458169955395174 ], [ 78.350638899521897, 17.458645474638519 ] ] ] ] } },
{ "type": "Feature", "properties": { "parcel_id": "SYN-P0235", "survey_number": "6951/A", "survey_subdivision": "A", "district": "DEMO-RANGAREDDY", "mandal": "DEMO-GACHIBOWLI", "village": "DEMO-KONDAPUR", "ward": "DEMO-WARD-04", "door_number": "335", "address": "Plot 5349, Demo Street 7, Kondapur", "area_sqm": 1260.8115, "land_use": "residential", "source": "BhuSetu synthetic integrated benchmark v1 (parcel registry)", "synthetic": true, "geometry_status": "reference" }, "geometry": { "type": "MultiPolygon", "coordinates": [ [ [ [ 78.35188098052005, 17.460963857002749 ], [ 78.35188190402576, 17.460960984448295 ], [ 78.351834572640342, 17.460874909684033 ], [ 78.351697578997218, 17.460629019892345 ], [ 78.351442342413264, 17.460841191410964 ], [ 78.351480300045409, 17.460913824648674 ], [ 78.351497499860471, 17.460944285657028 ], [ 78.351566248387215, 17.461061156750478 ], [ 78.35188098052005, 17.460963857002749 ] ] ], [ [ [ 78.351912776772124, 17.46086495503847 ], [ 78.351897402386584, 17.460873086123289 ], [ 78.351905454820496, 17.460887729917456 ], [ 78.351912776772124, 17.46086495503847 ] ] ], [ [ [ 78.351766285711918, 17.460637438111181 ], [ 78.351870912528668, 17.460825232599348 ], [ 78.351897942781704, 17.460810937048773 ], [ 78.351766285711918, 17.460637438111181 ] ] ] ] } },
{ "type": "Feature", "properties": { "parcel_id": "SYN-P0236", "survey_number": "7268/B", "survey_subdivision": "B", "district": "DEMO-RANGAREDDY", "mandal": "DEMO-MADHAPUR", "village": "DEMO-KONDAPUR", "ward": "DEMO-WARD-05", "door_number": "336", "address": "Plot 345, Demo Street 8, Kondapur", "area_sqm": 2283.6564, "land_use": "commercial", "source": "BhuSetu synthetic integrated benchmark v1 (parcel registry)", "synthetic": true, "geometry_status": "shifted_geometry" }, "geometry": { "type": "MultiPolygon", "coordinates": [ [ [ [ 78.35452018542442, 17.460692941630327 ], [ 78.354635906102615, 17.460667586896609 ], [ 78.354867786596671, 17.460547283474156 ], [ 78.354687246688044, 17.460226449812065 ], [ 78.354314025481287, 17.460420812366717 ], [ 78.354289261686034, 17.46060557303613 ], [ 78.354420725849579, 17.460674580845005 ], [ 78.35452018542442, 17.460692941630327 ] ] ], [ [ [ 78.354902590144007, 17.460609155363016 ], [ 78.354894607014614, 17.460594960026985 ], [ 78.354841407808394, 17.460622560692016 ], [ 78.354902590144007, 17.460609155363016 ] ] ], [ [ [ 78.354949740444312, 17.460566175302453 ], [ 78.354944204263731, 17.46056908063537 ], [ 78.354947433561307, 17.460574822862526 ], [ 78.354949740444312, 17.460566175302453 ] ] ], [ [ [ 78.354779061320698, 17.460182248317899 ], [ 78.354737829632157, 17.46020232235902 ], [ 78.354917383423711, 17.460521403443948 ], [ 78.354948657756225, 17.460504990979224 ], [ 78.354779061320698, 17.460182248317899 ] ] ], [ [ [ 78.354477407822088, 17.460159504986532 ], [ 78.354338134955043, 17.460240932973125 ], [ 78.354331337559628, 17.460291648004837 ], [ 78.35458331951061, 17.460160358142478 ], [ 78.354477407822088, 17.460159504986532 ] ] ] ] } },
{ "type": "Feature", "properties": { "parcel_id": "SYN-P0237", "survey_number": "6250/C", "survey_subdivision": "C", "district": "DEMO-RANGAREDDY", "mandal": "DEMO-SERILINGAMPALLY", "village": "DEMO-KONDAPUR", "ward": "DEMO-WARD-06", "door_number": "337", "address": "Plot 3787, Demo Street 9, Kondapur", "area_sqm": 6468.9112, "land_use": "mixed_use", "source": "BhuSetu synthetic integrated benchmark v1 (parcel registry)", "synthetic": true, "geometry_status": "reference" }, "geometry": { "type": "MultiPolygon", "coordinates": [ [ [ [ 78.362749619052707, 17.461772747716154 ], [ 78.362681053768938, 17.46157216326268 ], [ 78.362529873124302, 17.461724883759032 ], [ 78.362535107419077, 17.461848096217434 ], [ 78.362749619052707, 17.461772747716154 ] ] ], [ [ [ 78.363068015666499, 17.461660908423354 ], [ 78.362946121925873, 17.461304394266932 ], [ 78.362725217526076, 17.461527549598237 ], [ 78.362802663980958, 17.461754115318641 ], [ 78.363068015666499, 17.461660908423354 ] ] ], [ [ [ 78.364000003015732, 17.461333536703343 ], [ 78.364000003278989, 17.461271358507926 ], [ 78.363396461335327, 17.460849463372437 ], [ 78.362990284001867, 17.461259782091751 ], [ 78.363121060423694, 17.461642275972938 ], [ 78.364000003015732, 17.461333536703343 ] ] ] ] } },
{ "type": "Feature", "properties": { "parcel_id": "SYN-P0238", "survey_number": "6234/A", "survey_subdivision": "A", "district": "DEMO-RANGAREDDY", "mandal": "DEMO-GACHIBOWLI", "village": "DEMO-KONDAPUR", "ward": "DEMO-WARD-07", "door_number": "338", "address": "Plot 2082, Demo Street 10, Kondapur", "area_sqm": 528.7037, "land_use": "residential", "source": "BhuSetu synthetic integrated benchmark v1 (parcel registry)", "synthetic": true, "geometry_status": "reference" }, "geometry": { "type": "MultiPolygon", "coordinates": [ [ [ [ 78.352511710830527, 17.458549746180378 ], [ 78.352626465125724, 17.458409612829389 ], [ 78.352599678770147, 17.458284938931694 ], [ 78.352562858686483, 17.458305046308642 ], [ 78.352562682576377, 17.458305141682175 ], [ 78.352365132379461, 17.458411232451763 ], [ 78.352332500816303, 17.458480049235884 ], [ 78.352511710830527, 17.458549746180378 ] ] ], [ [ [ 78.352582304444439, 17.458204072143424 ], [ 78.352548010945839, 17.458223652269339 ], [ 78.352559850532487, 17.45824435081721 ], [ 78.352587691757279, 17.45822914677273 ], [ 78.352582304444439, 17.458204072143424 ] ] ], [ [ [ 78.35241920730401, 17.458297193561794 ], [ 78.352404630927225, 17.458327933776896 ], [ 78.352510682912396, 17.458270980451111 ], [ 78.352499465509538, 17.45825136962566 ], [ 78.35241920730401, 17.458297193561794 ] ] ] ] } },
{ "type": "Feature", "properties": { "parcel_id": "SYN-P0239", "survey_number": "6234/A", "survey_subdivision": "A", "district": "DEMO-RANGAREDDY", "mandal": "DEMO-MADHAPUR", "village": "DEMO-KONDAPUR", "ward": "DEMO-WARD-08", "door_number": "339", "address": "Plot 8266, Demo Street 11, Kondapur", "area_sqm": 912.0923, "land_use": "commercial", "source": "BhuSetu synthetic integrated benchmark v1 (parcel registry)", "synthetic": true, "geometry_status": "reference" }, "geometry": { "type": "MultiPolygon", "coordinates": [ [ [ [ 78.351121599403427, 17.461179110522362 ], [ 78.351121359000061, 17.461151197236411 ], [ 78.351116119793261, 17.461142715416305 ], [ 78.351115927286259, 17.461142398903039 ], [ 78.351016228863259, 17.460975901495647 ], [ 78.350954649170603, 17.460873115321728 ], [ 78.350718816188362, 17.461036423805481 ], [ 78.350743721162658, 17.461093966813326 ], [ 78.350823953903344, 17.461151892633669 ], [ 78.351121599403427, 17.461179110522362 ] ] ], [ [ [ 78.351119062926202, 17.460884602849411 ], [ 78.351014542340081, 17.460864391148206 ], [ 78.351065172691904, 17.460948901103507 ], [ 78.351120411212079, 17.461041150001357 ], [ 78.351119062926202, 17.460884602849411 ] ] ] ] } },
{ "type": "Feature", "properties": { "parcel_id": "SYN-P0240", "survey_number": "3550/C", "survey_subdivision": "C", "district": "DEMO-RANGAREDDY", "mandal": "DEMO-SERILINGAMPALLY", "village": "DEMO-KONDAPUR", "ward": "DEMO-WARD-01", "door_number": "340", "address": "Plot 8910, Demo Street 12, Kondapur", "area_sqm": 2376.9395, "land_use": "mixed_use", "source": "BhuSetu synthetic integrated benchmark v1 (parcel registry)", "synthetic": true, "geometry_status": "reference" }, "geometry": { "type": "MultiPolygon", "coordinates": [ [ [ [ 78.352560302996892, 17.459476102397968 ], [ 78.352742114485608, 17.459381200983881 ], [ 78.352742158076538, 17.459381178687728 ], [ 78.352742164635984, 17.459381174869495 ], [ 78.352742173646121, 17.459381170724093 ], [ 78.35274253668679, 17.4593809850338 ], [ 78.353017729212596, 17.45924308877748 ], [ 78.353019184768485, 17.459242358353379 ], [ 78.3530317534088, 17.459228262514586 ], [ 78.35289944734275, 17.458980957874282 ], [ 78.352471506837205, 17.459191225049079 ], [ 78.352433843113459, 17.459246078196394 ], [ 78.352492591388781, 17.459433505246206 ], [ 78.352560302996892, 17.459476102397968 ] ] ], [ [ [ 78.352631212698398, 17.459520711416918 ], [ 78.352768160029427, 17.459484187805792 ], [ 78.352744239016801, 17.459441768333843 ], [ 78.352613884564363, 17.459509810358874 ], [ 78.352631212698398, 17.459520711416918 ] ] ], [ [ [ 78.352920665820193, 17.45935284809174 ], [ 78.352794060976251, 17.459416288475779 ], [ 78.352821194846996, 17.459464405327768 ], [ 78.352920665820193, 17.45935284809174 ] ] ], [ [ [ 78.352823472359134, 17.458838946209834 ], [ 78.352711768783237, 17.458841308396771 ], [ 78.352534580422869, 17.459099365079631 ], [ 78.352873661205479, 17.458932758713395 ], [ 78.352823472359134, 17.458838946209834 ] ] ] ] } },
{ "type": "Feature", "properties": { "parcel_id": "SYN-P0241", "survey_number": "3315/A", "survey_subdivision": "A", "district": "DEMO-RANGAREDDY", "mandal": "DEMO-GACHIBOWLI", "village": "DEMO-KONDAPUR", "ward": "DEMO-WARD-02", "door_number": "341", "address": "Plot 9055, Demo Street 1, Kondapur", "area_sqm": 487.7385, "land_use": "residential", "source": "BhuSetu synthetic integrated benchmark v1 (parcel registry)", "synthetic": true, "geometry_status": "reference" }, "geometry": { "type": "MultiPolygon", "coordinates": [ [ [ [ 78.354960945030243, 17.461646380169221 ], [ 78.355015076732528, 17.461491310035239 ], [ 78.354932516526389, 17.461389143659801 ], [ 78.354795625588167, 17.461459856514438 ], [ 78.354772308208439, 17.461536827124963 ], [ 78.354788230260922, 17.461564393882348 ], [ 78.354960945030243, 17.461646380169221 ] ] ], [ [ [ 78.354853342443562, 17.46129116741006 ], [ 78.354846556303983, 17.461291734056502 ], [ 78.354817723798305, 17.461386910301009 ], [ 78.354897436918037, 17.461345733402897 ], [ 78.354853342443562, 17.46129116741006 ] ] ] ] } },
{ "type": "Feature", "properties": { "parcel_id": "SYN-P0242", "survey_number": "2656/B", "survey_subdivision": "B", "district": "DEMO-RANGAREDDY", "mandal": "DEMO-MADHAPUR", "village": "DEMO-KONDAPUR", "ward": "DEMO-WARD-03", "door_number": "342", "address": "Plot 4108, Demo Street 2, Kondapur", "area_sqm": 1107.7782, "land_use": "commercial", "source": "BhuSetu synthetic integrated benchmark v1 (parcel registry)", "synthetic": true, "geometry_status": "reference" }, "geometry": { "type": "MultiPolygon", "coordinates": [ [ [ [ 78.353275715276396, 17.460859299885694 ], [ 78.353432799701963, 17.460768154539551 ], [ 78.353377696715924, 17.460665683809509 ], [ 78.353275715276396, 17.460859299885694 ] ] ], [ [ [ 78.353380956312648, 17.461316549908528 ], [ 78.353388175329911, 17.461314044136095 ], [ 78.353366273955587, 17.461278268440207 ], [ 78.353380956312648, 17.461316549908528 ] ] ], [ [ [ 78.353630819206572, 17.461136395066582 ], [ 78.353485289194538, 17.460865765056027 ], [ 78.35325819048532, 17.46099475989584 ], [ 78.353439138457318, 17.461290337037163 ], [ 78.353473813567945, 17.461272347400183 ], [ 78.353630819206572, 17.461136395066582 ] ] ], [ [ [ 78.353458749462078, 17.460816411248178 ], [ 78.353338508240512, 17.460886179021021 ], [ 78.353459354672793, 17.460817536710209 ], [ 78.353458749462078, 17.460816411248178 ] ] ] ] } },
{ "type": "Feature", "properties": { "parcel_id": "SYN-P0243", "survey_number": "4214/C", "survey_subdivision": "C", "district": "DEMO-RANGAREDDY", "mandal": "DEMO-SERILINGAMPALLY", "village": "DEMO-KONDAPUR", "ward": "DEMO-WARD-04", "door_number": "343", "address": "Plot 6580, Demo Street 3, Kondapur", "area_sqm": 2494.7136, "land_use": "mixed_use", "source": "BhuSetu synthetic integrated benchmark v1 (parcel registry)", "synthetic": true, "geometry_status": "reference" }, "geometry": { "type": "MultiPolygon", "coordinates": [ [ [ [ 78.358681161400099, 17.450905053770452 ], [ 78.358578455094801, 17.450910844435974 ], [ 78.358578454573475, 17.45091084444077 ], [ 78.358578454055149, 17.450910844494565 ], [ 78.358421231657019, 17.450919703130225 ], [ 78.358535727967748, 17.451458176274183 ], [ 78.358680066920883, 17.451126525566732 ], [ 78.358681161400099, 17.450905053770452 ] ] ], [ [ [ 78.358682828773567, 17.450567638458811 ], [ 78.358348762585464, 17.450578881891328 ], [ 78.358409827657624, 17.450866070304052 ], [ 78.358575145417745, 17.450856755535096 ], [ 78.358681429689582, 17.450850763135659 ], [ 78.358682828773567, 17.450567638458811 ] ] ], [ [ [ 78.358683426706449, 17.450446633947919 ], [ 78.358402587317357, 17.45035325713852 ], [ 78.358338930878716, 17.450524997384846 ], [ 78.358683096720256, 17.450513414026432 ], [ 78.358683426706449, 17.450446633947919 ] ] ] ] } },
{ "type": "Feature", "properties": { "parcel_id": "SYN-P0244", "survey_number": "8087/A", "survey_subdivision": "A", "district": "DEMO-RANGAREDDY", "mandal": "DEMO-GACHIBOWLI", "village": "DEMO-KONDAPUR", "ward": "DEMO-WARD-05", "door_number": "344", "address": "Plot 8449, Demo Street 4, Kondapur", "area_sqm": 907.3204, "land_use": "residential", "source": "BhuSetu synthetic integrated benchmark v1 (parcel registry)", "synthetic": true, "geometry_status": "reference" }, "geometry": { "type": "MultiPolygon", "coordinates": [ [ [ [ 78.351221341141326, 17.458229143544404 ], [ 78.351161208635219, 17.458116334879254 ], [ 78.351165370211234, 17.458225148802853 ], [ 78.351221341141326, 17.458229143544404 ] ] ], [ [ [ 78.351339620258386, 17.458237585276525 ], [ 78.351409042167845, 17.458142209384814 ], [ 78.351262932922552, 17.457766930285434 ], [ 78.351197350723496, 17.45772835786795 ], [ 78.35114882974429, 17.457792661159154 ], [ 78.351156307396693, 17.457988180938454 ], [ 78.351287260057333, 17.458233848270588 ], [ 78.351339620258386, 17.458237585276525 ] ] ] ] } },
{ "type": "Feature", "properties": { "parcel_id": "SYN-P0245", "survey_number": "2823/B", "survey_subdivision": "B", "district": "DEMO-RANGAREDDY", "mandal": "DEMO-MADHAPUR", "village": "DEMO-KONDAPUR", "ward": "DEMO-WARD-06", "door_number": "345", "address": "Plot 7362, Demo Street 5, Kondapur", "area_sqm": 1490.5046, "land_use": "commercial", "source": "BhuSetu synthetic integrated benchmark v1 (parcel registry)", "synthetic": true, "geometry_status": "shifted_geometry" }, "geometry": { "type": "MultiPolygon", "coordinates": [ [ [ [ 78.353249920557161, 17.4603570948114 ], [ 78.353094007601356, 17.459951444830818 ], [ 78.353082489020693, 17.459931018889211 ], [ 78.3527531692297, 17.459977176342111 ], [ 78.352932985535062, 17.4602737828165 ], [ 78.353165947551972, 17.460351571626916 ], [ 78.353249920557161, 17.4603570948114 ] ] ], [ [ [ 78.352683549606397, 17.459986934152191 ], [ 78.352768506254321, 17.460218861016976 ], [ 78.35285109453045, 17.460246438351067 ], [ 78.352692970915385, 17.459985613673378 ], [ 78.352683549606397, 17.459986934152191 ] ] ] ] } },
{ "type": "Feature", "properties": { "parcel_id": "SYN-P0246", "survey_number": "4550/C", "survey_subdivision": "C", "district": "DEMO-RANGAREDDY", "mandal": "DEMO-SERILINGAMPALLY", "village": "DEMO-KONDAPUR", "ward": "DEMO-WARD-07", "door_number": "346", "address": "Plot 3687, Demo Street 6, Kondapur", "area_sqm": 6671.3165, "land_use": "mixed_use", "source": "BhuSetu synthetic integrated benchmark v1 (parcel registry)", "synthetic": true, "geometry_status": "reference" }, "geometry": { "type": "MultiPolygon", "coordinates": [ [ [ [ 78.362506783240903, 17.462000047028877 ], [ 78.362827313232984, 17.462000037880333 ], [ 78.362749619052707, 17.461772747716154 ], [ 78.362535107419077, 17.461848096217434 ], [ 78.362506783240903, 17.462000047028877 ] ] ], [ [ [ 78.363183962178425, 17.462000027092692 ], [ 78.363068015666499, 17.461660908423354 ], [ 78.362802663980958, 17.461754115318641 ], [ 78.362886726721868, 17.462000036127716 ], [ 78.363183962178425, 17.462000027092692 ] ] ], [ [ [ 78.364, 17.462 ], [ 78.364000003015732, 17.461333536703343 ], [ 78.363121060423694, 17.461642275972938 ], [ 78.363243376954145, 17.462000025233309 ], [ 78.364, 17.462 ] ] ] ] } },
{ "type": "Feature", "properties": { "parcel_id": "SYN-P0247", "survey_number": "1597/A", "survey_subdivision": "A", "district": "DEMO-RANGAREDDY", "mandal": "DEMO-GACHIBOWLI", "village": "DEMO-KONDAPUR", "ward": "DEMO-WARD-08", "door_number": "347", "address": "Plot 7855, Demo Street 7, Kondapur", "area_sqm": 2138.1288, "land_use": "residential", "source": "BhuSetu synthetic integrated benchmark v1 (parcel registry)", "synthetic": true, "geometry_status": "reference" }, "geometry": { "type": "MultiPolygon", "coordinates": [ [ [ [ 78.357386393124784, 17.450856507824319 ], [ 78.357638146611336, 17.450859685805263 ], [ 78.357438363634699, 17.450563526381007 ], [ 78.357363552282948, 17.450562054535474 ], [ 78.357317889398885, 17.450679556383136 ], [ 78.357320459947317, 17.450733986336623 ], [ 78.357386393124784, 17.450856507824319 ] ] ], [ [ [ 78.357521028757915, 17.451106696365869 ], [ 78.357521247060646, 17.451106711761877 ], [ 78.357523976285748, 17.451107165532825 ], [ 78.357526646029896, 17.451107873882105 ], [ 78.357529230581989, 17.451108829987934 ], [ 78.357531705051329, 17.451110024642499 ], [ 78.357534045607522, 17.451111446340626 ], [ 78.357536229709666, 17.451113081390588 ], [ 78.35753823632372, 17.451114914045977 ], [ 78.357540046124839, 17.451116926657321 ], [ 78.357541641683696, 17.451119099842064 ], [ 78.357543007634135, 17.451121412671267 ], [ 78.357544130821339, 17.451123842871116 ], [ 78.35754500042836, 17.451126367037478 ], [ 78.357545608080414, 17.451128960861233 ], [ 78.357545947925473, 17.451131599362455 ], [ 78.357546016690605, 17.451134257130935 ], [ 78.357545813713585, 17.451136908570895 ], [ 78.357545340949159, 17.451139528147522 ], [ 78.357544602950313, 17.451142090632867 ], [ 78.35754360682435, 17.451144571348777 ], [ 78.357542523323772, 17.451146638881053 ], [ 78.357807931208868, 17.451639834632093 ], [ 78.357790166925923, 17.451085040903763 ], [ 78.357675013866981, 17.450914337923916 ], [ 78.357415752420309, 17.450911065200888 ], [ 78.357521028757915, 17.451106696365869 ] ] ], [ [ [ 78.357390534131596, 17.450492623501514 ], [ 78.357384452798897, 17.450508272294996 ], [ 78.357401314235744, 17.450508604028592 ], [ 78.357390534131596, 17.450492623501514 ] ] ] ] } },
{ "type": "Feature", "properties": { "parcel_id": "SYN-P0248", "survey_number": "2697/B", "survey_subdivision": "B", "district": "DEMO-RANGAREDDY", "mandal": "DEMO-MADHAPUR", "village": "DEMO-KONDAPUR", "ward": "DEMO-WARD-01", "door_number": "348", "address": "Plot 5317, Demo Street 8, Kondapur", "area_sqm": 1939.1451, "land_use": "commercial", "source": "BhuSetu synthetic integrated benchmark v1 (parcel registry)", "synthetic": true, "geometry_status": "reference" }, "geometry": { "type": "Polygon", "coordinates": [ [ [ 78.361550404107561, 17.461966971517345 ], [ 78.361565643348897, 17.462000070900647 ], [ 78.362086121934524, 17.462000058250194 ], [ 78.361700082151231, 17.46151171544378 ], [ 78.361674559253331, 17.461525817316755 ], [ 78.361512249396213, 17.461668049402242 ], [ 78.361550404107561, 17.461966971517345 ] ] ] } },
{ "type": "Feature", "properties": { "parcel_id": "SYN-P0249", "survey_number": "7203/C", "survey_subdivision": "C", "district": "DEMO-RANGAREDDY", "mandal": "DEMO-SERILINGAMPALLY", "village": "DEMO-KONDAPUR", "ward": "DEMO-WARD-02", "door_number": "349", "address": "Plot 256, Demo Street 9, Kondapur", "area_sqm": 3022.9323, "land_use": "mixed_use", "source": "BhuSetu synthetic integrated benchmark v1 (parcel registry)", "synthetic": true, "geometry_status": "reference" }, "geometry": { "type": "MultiPolygon", "coordinates": [ [ [ [ 78.352327212163374, 17.45799038466097 ], [ 78.352361172211502, 17.458009598013152 ], [ 78.352200807439758, 17.457729239096469 ], [ 78.35216676312443, 17.457738122558496 ], [ 78.352327212163374, 17.45799038466097 ] ] ], [ [ [ 78.352612013564681, 17.458151514583378 ], [ 78.35280036469193, 17.45806419440013 ], [ 78.352561105974857, 17.457635223022979 ], [ 78.352256843290846, 17.457714617187754 ], [ 78.352456383941814, 17.458063465275906 ], [ 78.352612013564681, 17.458151514583378 ] ] ], [ [ [ 78.352854369171965, 17.458039157699741 ], [ 78.352998246817165, 17.457639340323247 ], [ 78.352940276719337, 17.45753628160686 ], [ 78.352617002427181, 17.457620637368095 ], [ 78.352851241066645, 17.458040607902934 ], [ 78.352854369171965, 17.458039157699741 ] ] ], [ [ [ 78.353045184273086, 17.457508906711045 ], [ 78.35299621892527, 17.457521683885879 ], [ 78.353023276337183, 17.457569786291504 ], [ 78.353045184273086, 17.457508906711045 ] ] ] ] } },
{ "type": "Feature", "properties": { "parcel_id": "SYN-P0250", "survey_number": "8298/A", "survey_subdivision": "A", "district": "DEMO-RANGAREDDY", "mandal": "DEMO-GACHIBOWLI", "village": "DEMO-KONDAPUR", "ward": "DEMO-WARD-03", "door_number": "350", "address": "Plot 1258, Demo Street 10, Kondapur", "area_sqm": 453.502, "land_use": "residential", "source": "BhuSetu synthetic integrated benchmark v1 (parcel registry)", "synthetic": true, "geometry_status": "reference" }, "geometry": { "type": "MultiPolygon", "coordinates": [ [ [ [ 78.352365132379461, 17.458411232451763 ], [ 78.352234582540547, 17.458481341700637 ], [ 78.352234120214078, 17.458481581208769 ], [ 78.352234064871695, 17.458481612927635 ], [ 78.352234018697246, 17.458481633799536 ], [ 78.352233828105938, 17.458481732535326 ], [ 78.35222700211402, 17.458485141287145 ], [ 78.35228930410203, 17.458492239619076 ], [ 78.352332500816303, 17.458480049235884 ], [ 78.352365132379461, 17.458411232451763 ] ] ], [ [ [ 78.35241920730401, 17.458297193561794 ], [ 78.352280202902861, 17.458191829264614 ], [ 78.352142951434345, 17.458259714099459 ], [ 78.352232169894918, 17.458420550686345 ], [ 78.352404630927225, 17.458327933776896 ], [ 78.35241920730401, 17.458297193561794 ] ] ] ] } },
{ "type": "Feature", "properties": { "parcel_id": "SYN-P0251", "survey_number": "5252/B", "survey_subdivision": "B", "district": "DEMO-RANGAREDDY", "mandal": "DEMO-MADHAPUR", "village": "DEMO-KONDAPUR", "ward": "DEMO-WARD-04", "door_number": "351", "address": "Plot 471, Demo Street 11, Kondapur", "area_sqm": 1534.4619, "land_use": "commercial", "source": "BhuSetu synthetic integrated benchmark v1 (parcel registry)", "synthetic": true, "geometry_status": "reference" }, "geometry": { "type": "MultiPolygon", "coordinates": [ [ [ [ 78.356716247792406, 17.450468586174459 ], [ 78.356766715933105, 17.450451979235307 ], [ 78.356766924445409, 17.45045137905619 ], [ 78.356533885555237, 17.450351434161579 ], [ 78.356533561169542, 17.450351292675592 ], [ 78.356528485508548, 17.450349041637537 ], [ 78.356536109626518, 17.450366811890696 ], [ 78.356716247792406, 17.450468586174459 ] ] ], [ [ [ 78.356923697773411, 17.450000123305092 ], [ 78.356573250736233, 17.450000122861415 ], [ 78.356573604734322, 17.450309123922079 ], [ 78.356784868242286, 17.450399729845905 ], [ 78.356923697773411, 17.450000123305092 ] ] ], [ [ [ 78.356381912799719, 17.450000122358297 ], [ 78.356381053204842, 17.450005406610654 ], [ 78.356496860252292, 17.450275329627381 ], [ 78.356517126597069, 17.450284317686254 ], [ 78.356516801102231, 17.450000122732149 ], [ 78.356381912799719, 17.450000122358297 ] ] ] ] } },
{ "type": "Feature", "properties": { "parcel_id": "SYN-P0252", "survey_number": "4067/C", "survey_subdivision": "C", "district": "DEMO-RANGAREDDY", "mandal": "DEMO-SERILINGAMPALLY", "village": "DEMO-KONDAPUR", "ward": "DEMO-WARD-05", "door_number": "352", "address": "Plot 3050, Demo Street 12, Kondapur", "area_sqm": 1889.0793, "land_use": "mixed_use", "source": "BhuSetu synthetic integrated benchmark v1 (parcel registry)", "synthetic": true, "geometry_status": "reference" }, "geometry": { "type": "MultiPolygon", "coordinates": [ [ [ [ 78.350584075279571, 17.45867001950046 ], [ 78.350562894554571, 17.458630982947415 ], [ 78.350515250134691, 17.458554901055795 ], [ 78.350237121977486, 17.458695495179946 ], [ 78.350272874685942, 17.458757659597019 ], [ 78.35053172570602, 17.458768493793329 ], [ 78.350584075279571, 17.45867001950046 ] ] ], [ [ [ 78.350378449467911, 17.458291045815677 ], [ 78.350000011931314, 17.458504748958532 ], [ 78.350000011422367, 17.458746238554497 ], [ 78.350020430418297, 17.458747093230759 ], [ 78.350143422604802, 17.458681702154419 ], [ 78.350143911164125, 17.458681448400327 ], [ 78.350185311159407, 17.458660448402505 ], [ 78.350185346699291, 17.458660430406066 ], [ 78.350488551652361, 17.458507159960302 ], [ 78.350411218460039, 17.458351440017196 ], [ 78.350378449467911, 17.458291045815677 ] ] ], [ [ [ 78.350206802543653, 17.458754894096927 ], [ 78.350187183523104, 17.45872078183373 ], [ 78.350170534419618, 17.458729227029384 ], [ 78.350128428105521, 17.458751613646378 ], [ 78.350206802543653, 17.458754894096927 ] ] ] ] } },
{ "type": "Feature", "properties": { "parcel_id": "SYN-P0253", "survey_number": "5548/A", "survey_subdivision": "A", "district": "DEMO-RANGAREDDY", "mandal": "DEMO-GACHIBOWLI", "village": "DEMO-KONDAPUR", "ward": "DEMO-WARD-06", "door_number": "353", "address": "Plot 6546, Demo Street 1, Kondapur", "area_sqm": 1658.4871, "land_use": "residential", "source": "BhuSetu synthetic integrated benchmark v1 (parcel registry)", "synthetic": true, "geometry_status": "reference" }, "geometry": { "type": "MultiPolygon", "coordinates": [ [ [ [ 78.350287664363307, 17.460339207577416 ], [ 78.350000006347202, 17.460492928124918 ], [ 78.350000005159728, 17.460810917822787 ], [ 78.350011145039389, 17.460830056328877 ], [ 78.350098864418783, 17.460783579890105 ], [ 78.350362187549422, 17.460644141093937 ], [ 78.350385723496302, 17.460629175228078 ], [ 78.350287664363307, 17.460339207577416 ] ] ], [ [ [ 78.350000007232453, 17.460240382768731 ], [ 78.350000006569317, 17.460430914043947 ], [ 78.350264560130967, 17.460289540165949 ], [ 78.350000007232453, 17.460240382768731 ] ] ] ] } },
{ "type": "Feature", "properties": { "parcel_id": "SYN-P0254", "survey_number": "2077/B", "survey_subdivision": "B", "district": "DEMO-RANGAREDDY", "mandal": "DEMO-MADHAPUR", "village": "DEMO-KONDAPUR", "ward": "DEMO-WARD-07", "door_number": "354", "address": "Plot 8095, Demo Street 2, Kondapur", "area_sqm": 24835.5279, "land_use": "commercial", "source": "BhuSetu synthetic integrated benchmark v1 (parcel registry)", "synthetic": true, "geometry_status": "reference" }, "geometry": { "type": "MultiPolygon", "coordinates": [ [ [ [ 78.352747707572078, 17.450755318569172 ], [ 78.352747386324495, 17.450755624709011 ], [ 78.352745615968416, 17.450757174263362 ], [ 78.352743715071213, 17.450758574121313 ], [ 78.352741697330472, 17.450759814195671 ], [ 78.352701032173243, 17.450782530357976 ], [ 78.352780207351628, 17.451172508384108 ], [ 78.353095616001823, 17.450990333920107 ], [ 78.352982075770427, 17.450716010663129 ], [ 78.352790766046652, 17.450741391224732 ], [ 78.352747707572078, 17.450755318569172 ] ] ], [ [ [ 78.35283780863486, 17.45145622332204 ], [ 78.352902112381571, 17.45144045239417 ], [ 78.352904414433539, 17.451439984964082 ], [ 78.352906749049609, 17.451439703200379 ], [ 78.352909100004524, 17.451439609061271 ], [ 78.352974099994896, 17.451439609059978 ], [ 78.352976442002898, 17.451439702482581 ], [ 78.353025241995908, 17.451443602481049 ], [ 78.353028544042616, 17.451444056221469 ], [ 78.353031767257534, 17.451444880705804 ], [ 78.353080558661986, 17.451460377974428 ], [ 78.353117150061578, 17.451471975247706 ], [ 78.35312087449519, 17.45147344610038 ], [ 78.35320716845662, 17.451514662565177 ], [ 78.35326051369519, 17.45152595834729 ], [ 78.35327280632751, 17.451512255085188 ], [ 78.353296262939409, 17.451478704444362 ], [ 78.353297223678865, 17.451477434140035 ], [ 78.353116739081571, 17.451041369071895 ], [ 78.352791698261441, 17.451229106869715 ], [ 78.35283780863486, 17.45145622332204 ] ] ], [ [ [ 78.353230992841006, 17.453392835562113 ], [ 78.353239890398697, 17.453395920843775 ], [ 78.353240976166447, 17.453396321807556 ], [ 78.353304944031265, 17.453421409059047 ], [ 78.353368500004521, 17.453421409056883 ], [ 78.353433499994892, 17.453421409055593 ], [ 78.353436501047071, 17.453421562622015 ], [ 78.353439468075905, 17.453422021581392 ], [ 78.353442367443861, 17.453422780730449 ], [ 78.353491167438392, 17.453438280727489 ], [ 78.35349436819412, 17.453439510228264 ], [ 78.353497388900095, 17.453441105100975 ], [ 78.353538651666966, 17.453466157493565 ], [ 78.353680560216191, 17.453503792838873 ], [ 78.353809654106684, 17.453534553102109 ], [ 78.353992000700188, 17.453569328486555 ], [ 78.353994709602915, 17.453569980303108 ], [ 78.353997338133993, 17.453570885872477 ], [ 78.354134336873784, 17.453625569429491 ], [ 78.354186956345643, 17.453627071878355 ], [ 78.353322476534515, 17.451538446891295 ], [ 78.353318737066303, 17.451543795556528 ], [ 78.35331668900136, 17.451546376354585 ], [ 78.353292289001388, 17.451573576357273 ], [ 78.353290386181342, 17.451575498656094 ], [ 78.353288296686088, 17.451577233202279 ], [ 78.353286040532765, 17.451578763379107 ], [ 78.353283639335032, 17.451580074527662 ], [ 78.353281116096042, 17.451581154087282 ], [ 78.353278494988132, 17.451581991715962 ], [ 78.353275801121185, 17.451582579389306 ], [ 78.353273060302129, 17.451582911477473 ], [ 78.353270298787635, 17.451582984799106 ], [ 78.3532675430327, 17.451582798651803 ], [ 78.353264819437086, 17.451582354818818 ], [ 78.353191619427676, 17.451566854815248 ], [ 78.353188302268279, 17.451565945179006 ], [ 78.353185125508361, 17.451564653905091 ], [ 78.353097532913921, 17.451522817171064 ], [ 78.353062832744968, 17.451511819296371 ], [ 78.353017216262046, 17.451497330453737 ], [ 78.3529729269776, 17.451493790940123 ], [ 78.352912649047909, 17.451493790939267 ], [ 78.352848623846413, 17.451509493548375 ], [ 78.353230992841006, 17.453392835562113 ] ] ], [ [ [ 78.353370716880548, 17.454081033994221 ], [ 78.354402771844931, 17.454148485991716 ], [ 78.354209660663642, 17.453681926040808 ], [ 78.354127460700013, 17.453679578978001 ], [ 78.35412489776057, 17.453679393427876 ], [ 78.354122363032758, 17.453678984875527 ], [ 78.354119877534728, 17.453678356708711 ], [ 78.354117461876399, 17.453677514136249 ], [ 78.353978250010755, 17.453621947196702 ], [ 78.353797999273638, 17.453587571504585 ], [ 78.353796699360487, 17.453587292843451 ], [ 78.353666599344265, 17.453556292836698 ], [ 78.353665882685078, 17.453556112455733 ], [ 78.353519582667403, 17.45351731244768 ], [ 78.353516953027182, 17.453516479788433 ], [ 78.353514421047677, 17.453515403820983 ], [ 78.353512011098232, 17.45351409490112 ], [ 78.353470141100686, 17.453488673829504 ], [ 78.353428951118644, 17.453475590944944 ], [ 78.353368500004819, 17.453475590943036 ], [ 78.353299399994583, 17.45347559094165 ], [ 78.353296667114734, 17.453475463655142 ], [ 78.353293959915661, 17.453475082992789 ], [ 78.353291303836741, 17.453474452531648 ], [ 78.353288723837025, 17.453473578196132 ], [ 78.353243809595327, 17.453455963495671 ], [ 78.353370716880548, 17.454081033994221 ] ] ] ] } },
{ "type": "Feature", "properties": { "parcel_id": "SYN-P0255", "survey_number": "1758/C", "survey_subdivision": "C", "district": "DEMO-RANGAREDDY", "mandal": "DEMO-SERILINGAMPALLY", "village": "DEMO-KONDAPUR", "ward": "DEMO-WARD-08", "door_number": "355", "address": "Plot 7143, Demo Street 3, Kondapur", "area_sqm": 1017.6214, "land_use": "mixed_use", "source": "BhuSetu synthetic integrated benchmark v1 (parcel registry)", "synthetic": true, "geometry_status": "reference" }, "geometry": { "type": "MultiPolygon", "coordinates": [ [ [ [ 78.355286922291981, 17.461529698377237 ], [ 78.355303103051, 17.461527143983968 ], [ 78.355339482564418, 17.461508411770755 ], [ 78.355341933786676, 17.461501031925572 ], [ 78.355200957045639, 17.461250476639616 ], [ 78.355106182799915, 17.461299433782866 ], [ 78.355117131457774, 17.461343533846737 ], [ 78.355286922291981, 17.461529698377237 ] ] ], [ [ [ 78.355455824672276, 17.461158142088614 ], [ 78.355443606291715, 17.461132467007541 ], [ 78.355280288179415, 17.461016927800681 ], [ 78.355185548792605, 17.461109022558723 ], [ 78.355237237688002, 17.461200929602477 ], [ 78.35536574933883, 17.461429330884812 ], [ 78.355455824672276, 17.461158142088614 ] ] ], [ [ [ 78.355083530551212, 17.461208192814073 ], [ 78.355092642993256, 17.461244896817757 ], [ 78.355174137298306, 17.461202799633725 ], [ 78.355144072153294, 17.46114934133918 ], [ 78.355083530551212, 17.461208192814073 ] ] ] ] } },
{ "type": "Feature", "properties": { "parcel_id": "SYN-P0256", "survey_number": "1758/C", "survey_subdivision": "C", "district": "DEMO-RANGAREDDY", "mandal": "DEMO-GACHIBOWLI", "village": "DEMO-KONDAPUR", "ward": "DEMO-WARD-01", "door_number": "356", "address": "Plot 1753, Demo Street 4, Kondapur", "area_sqm": 1942.5628, "land_use": "residential", "source": "BhuSetu synthetic integrated benchmark v1 (parcel registry)", "synthetic": true, "geometry_status": "shifted_geometry" }, "geometry": { "type": "MultiPolygon", "coordinates": [ [ [ [ 78.350271787001319, 17.460917849389062 ], [ 78.350420541343169, 17.46117407807721 ], [ 78.350670654555444, 17.460974410846728 ], [ 78.350668502801057, 17.460970605933316 ], [ 78.350271787001319, 17.460917849389062 ] ] ], [ [ [ 78.350047436094243, 17.460888014125683 ], [ 78.350047433817622, 17.461471931060807 ], [ 78.350376382430099, 17.461209330379845 ], [ 78.350201755634501, 17.460908536308583 ], [ 78.350047436094243, 17.460888014125683 ] ] ] ] } },
{ "type": "Feature", "properties": { "parcel_id": "SYN-P0257", "survey_number": "4182/B", "survey_subdivision": "B", "district": "DEMO-RANGAREDDY", "mandal": "DEMO-MADHAPUR", "village": "DEMO-KONDAPUR", "ward": "DEMO-WARD-02", "door_number": "357", "address": "Plot 5209, Demo Street 5, Kondapur", "area_sqm": 32012.7401, "land_use": "commercial", "source": "BhuSetu synthetic integrated benchmark v1 (parcel registry)", "synthetic": true, "geometry_status": "reference" }, "geometry": { "type": "MultiPolygon", "coordinates": [ [ [ [ 78.353370716880548, 17.454081033994221 ], [ 78.353243809595327, 17.453455963495671 ], [ 78.353220162408633, 17.453446689414051 ], [ 78.353177364892886, 17.453431849111126 ], [ 78.353114496151903, 17.453416783789212 ], [ 78.353050940572388, 17.453405441561344 ], [ 78.352966145000963, 17.453393923659871 ], [ 78.352963917977604, 17.453393533149548 ], [ 78.352961730724957, 17.453392972587263 ], [ 78.352896630717467, 17.453373572583445 ], [ 78.352895124926135, 17.453373078772625 ], [ 78.352831629083212, 17.453350317953635 ], [ 78.352736685507764, 17.453327652118354 ], [ 78.352664602112455, 17.453316229064932 ], [ 78.352662196854482, 17.453315743801291 ], [ 78.352659844699446, 17.453315059538166 ], [ 78.352590744691952, 17.453291759533826 ], [ 78.35258858794603, 17.45329093517315 ], [ 78.352586509076232, 17.453289943485395 ], [ 78.352584522145563, 17.453288791179073 ], [ 78.352538407843383, 17.45325949725553 ], [ 78.352476424933386, 17.453237278763972 ], [ 78.352474130934198, 17.453236343715314 ], [ 78.352471931815998, 17.453235218081566 ], [ 78.35246984472505, 17.453233910639163 ], [ 78.352467885934217, 17.453232431582112 ], [ 78.352407881775051, 17.453182854369935 ], [ 78.35235227516236, 17.45314493632441 ], [ 78.352291186018718, 17.453104960937416 ], [ 78.352239770927838, 17.453090955067381 ], [ 78.352182607433775, 17.453079990920848 ], [ 78.352149239004888, 17.453079990924071 ], [ 78.352181556271987, 17.454021728761724 ], [ 78.353370716880548, 17.454081033994221 ] ] ], [ [ [ 78.352848623846413, 17.451509493548375 ], [ 78.352774987089745, 17.451527553425851 ], [ 78.352707055127993, 17.451550459570772 ], [ 78.352704181621178, 17.451551266936924 ], [ 78.352701235177349, 17.451551777598784 ], [ 78.352633151263731, 17.451560027447069 ], [ 78.352554351555568, 17.451613632691011 ], [ 78.352473914371473, 17.451717010454654 ], [ 78.352473195115877, 17.451717895954765 ], [ 78.352365895117529, 17.451844495967091 ], [ 78.352364066312873, 17.451846451733161 ], [ 78.352362048683815, 17.451848228222101 ], [ 78.352359861216286, 17.451849808717114 ], [ 78.352357524494408, 17.45185117834572 ], [ 78.35227836702974, 17.451892655689274 ], [ 78.352219276944908, 17.451937796640347 ], [ 78.352217083593871, 17.451939313404587 ], [ 78.352214749122766, 17.451940621809403 ], [ 78.352212294946639, 17.451941709852253 ], [ 78.352209743578697, 17.451942567552084 ], [ 78.352130784428269, 17.451965099559718 ], [ 78.35211129848507, 17.451974403300785 ], [ 78.352147379655406, 17.453025809084895 ], [ 78.352185399993374, 17.453025809079616 ], [ 78.352188178996229, 17.453025940708912 ], [ 78.352190930993814, 17.453026334318999 ], [ 78.35225193098583, 17.453038034316187 ], [ 78.352254106318171, 17.45303853838303 ], [ 78.352311006311368, 17.453054038379854 ], [ 78.352313869455458, 17.45305498022762 ], [ 78.352316611065362, 17.45305621091827 ], [ 78.352319199616346, 17.453057716300556 ], [ 78.352384299613604, 17.453100316294854 ], [ 78.352384747045861, 17.453100615199904 ], [ 78.352441647043804, 17.45313941519484 ], [ 78.352443714061664, 17.45314096842138 ], [ 78.352500895332952, 17.453188213270927 ], [ 78.352561175056636, 17.453209821230892 ], [ 78.352564109035796, 17.453211059390103 ], [ 78.352566877852638, 17.453212608823375 ], [ 78.352612758378726, 17.453241754237489 ], [ 78.352676229795478, 17.453263156319721 ], [ 78.352746997875727, 17.453274370931645 ], [ 78.35274921275915, 17.453274810070738 ], [ 78.352846812747003, 17.453298110065656 ], [ 78.352849875077496, 17.453299021230681 ], [ 78.352914129429394, 17.453322053942887 ], [ 78.352976301969576, 17.453340581549618 ], [ 78.353059454985527, 17.453351876336498 ], [ 78.35306065960232, 17.453352065546827 ], [ 78.353125659593701, 17.453363665543932 ], [ 78.353127336993779, 17.453364015858796 ], [ 78.35319243698568, 17.4533796158554 ], [ 78.353195190403483, 17.453380420846628 ], [ 78.353230992841006, 17.453392835562113 ], [ 78.352848623846413, 17.451509493548375 ] ] ], [ [ [ 78.352791698261441, 17.451229106869715 ], [ 78.352633469474711, 17.451320496648083 ], [ 78.352506426355575, 17.451449694708398 ], [ 78.352504501106637, 17.45145147551813 ], [ 78.352502408935806, 17.451453073482874 ], [ 78.352500168617723, 17.451454474262871 ], [ 78.352101156490079, 17.451678867894689 ], [ 78.3521092576797, 17.451914934614098 ], [ 78.35211005422785, 17.451914594611971 ], [ 78.352112356434574, 17.451913832446031 ], [ 78.352188407565706, 17.451892130278083 ], [ 78.352245123054857, 17.451848803363564 ], [ 78.352247091238496, 17.451847428564879 ], [ 78.352249175517812, 17.451846221649333 ], [ 78.352325605958171, 17.451806173228032 ], [ 78.352429035699288, 17.451684139638655 ], [ 78.35251178563577, 17.451577789553394 ], [ 78.35251366594342, 17.451575618792404 ], [ 78.352515771394835, 17.451573647626482 ], [ 78.352518079127648, 17.451571897459772 ], [ 78.352606279120238, 17.451511897466187 ], [ 78.352608615412024, 17.451510468121171 ], [ 78.352611086448874, 17.451509265511831 ], [ 78.352613668421753, 17.45150830122563 ], [ 78.352616336452613, 17.45150758455371 ], [ 78.352619064834357, 17.451507122401377 ], [ 78.352691181705353, 17.451498383871506 ], [ 78.35275744486475, 17.451476040431121 ], [ 78.352759812402113, 17.451475352391814 ], [ 78.35283780863486, 17.45145622332204 ], [ 78.352791698261441, 17.451229106869715 ] ] ], [ [ [ 78.352701032173243, 17.450782530357976 ], [ 78.35262909731857, 17.450822714202307 ], [ 78.352626370141309, 17.450824053044311 ], [ 78.352623507863797, 17.450825100334409 ], [ 78.352620544199183, 17.450825843737164 ], [ 78.352513344183393, 17.450846843738148 ], [ 78.352512326241424, 17.450847024550232 ], [ 78.352412626226581, 17.450862924550602 ], [ 78.352412600986028, 17.450862927362788 ], [ 78.352412576144545, 17.450862932493173 ], [ 78.352411225355738, 17.450863080629318 ], [ 78.352409874845847, 17.450863231097031 ], [ 78.352409849439653, 17.450863231521065 ], [ 78.352409824193884, 17.450863234289677 ], [ 78.352408464781902, 17.450863254631138 ], [ 78.352407105409327, 17.450863277319186 ], [ 78.352407080082173, 17.450863275350983 ], [ 78.35240705467524, 17.450863275731155 ], [ 78.352405699732032, 17.450863168082037 ], [ 78.352404344588223, 17.450863062771923 ], [ 78.352404319584025, 17.450863058430429 ], [ 78.352404294260609, 17.450863056418502 ], [ 78.352402956834993, 17.450862821815559 ], [ 78.352401618970745, 17.450862589521439 ], [ 78.352401594530306, 17.450862582848465 ], [ 78.35240156953428, 17.450862578463823 ], [ 78.352400262505796, 17.450862219166236 ], [ 78.352398954806119, 17.4508618621254 ], [ 78.352398931164799, 17.450861853185227 ], [ 78.352398906736894, 17.450861846470083 ], [ 78.352360165158473, 17.450849191697195 ], [ 78.352074997073672, 17.450914915280954 ], [ 78.352213655147466, 17.450951982792656 ], [ 78.352394261516039, 17.450969648656784 ], [ 78.352396817113316, 17.450970012712318 ], [ 78.352399327321521, 17.450970599538365 ], [ 78.352401771108021, 17.450971404218041 ], [ 78.352404127996749, 17.450972420009055 ], [ 78.352406378239664, 17.450973638400246 ], [ 78.352408502982428, 17.450975049182944 ], [ 78.352410484422123, 17.450976640536425 ], [ 78.352501984423128, 17.451057240527565 ], [ 78.352504011273965, 17.451059218770489 ], [ 78.352505816687653, 17.451061385619433 ], [ 78.352507381727094, 17.451063718346219 ], [ 78.352625740123869, 17.451261725588729 ], [ 78.352780207351628, 17.451172508384108 ], [ 78.352701032173243, 17.450782530357976 ] ] ], [ [ [ 78.352099042259312, 17.451617259831348 ], [ 78.352468146192194, 17.451409685721369 ], [ 78.352580688943732, 17.451295234016232 ], [ 78.352460594170068, 17.451094321820605 ], [ 78.352379218045613, 17.451022639675749 ], [ 78.352205538456644, 17.451005651336796 ], [ 78.352203163840429, 17.451005320661704 ], [ 78.352200827066966, 17.451004797593896 ], [ 78.352076886991028, 17.450971664650748 ], [ 78.352099042259312, 17.451617259831348 ] ] ] ] } },
{ "type": "Feature", "properties": { "parcel_id": "SYN-P0258", "survey_number": "3676/C", "survey_subdivision": "C", "district": "DEMO-RANGAREDDY", "mandal": "DEMO-SERILINGAMPALLY", "village": "DEMO-KONDAPUR", "ward": "DEMO-WARD-03", "door_number": "358", "address": "Plot 9309, Demo Street 6, Kondapur", "area_sqm": 1453.3821, "land_use": "mixed_use", "source": "BhuSetu synthetic integrated benchmark v1 (parcel registry)", "synthetic": true, "geometry_status": "reference" }, "geometry": { "type": "MultiPolygon", "coordinates": [ [ [ [ 78.350385723496302, 17.460629175228078 ], [ 78.350389189060579, 17.460629842816697 ], [ 78.35043236367305, 17.460606980283973 ], [ 78.350732889656854, 17.460447819482663 ], [ 78.350738849834883, 17.460444618495988 ], [ 78.350593214565635, 17.460193632235491 ], [ 78.350552803544147, 17.46019752015275 ], [ 78.350287664363307, 17.460339207577416 ], [ 78.350385723496302, 17.460629175228078 ] ] ], [ [ [ 78.350563796328814, 17.46066347818741 ], [ 78.350748404287501, 17.460528859384961 ], [ 78.350735954928211, 17.460508079356774 ], [ 78.350484179279775, 17.460641421615829 ], [ 78.350488443920511, 17.460648962739374 ], [ 78.350563796328814, 17.46066347818741 ] ] ], [ [ [ 78.350391961702783, 17.460212994554123 ], [ 78.350315236611465, 17.460262459264396 ], [ 78.350411277262936, 17.460211136234278 ], [ 78.350391961702783, 17.460212994554123 ] ] ] ] } },
{ "type": "Feature", "properties": { "parcel_id": "SYN-P0259", "survey_number": "1631/A", "survey_subdivision": "A", "district": "DEMO-RANGAREDDY", "mandal": "DEMO-GACHIBOWLI", "village": "DEMO-KONDAPUR", "ward": "DEMO-WARD-04", "door_number": "359", "address": "Plot 5194, Demo Street 7, Kondapur", "area_sqm": 17748.7012, "land_use": "residential", "source": "BhuSetu synthetic integrated benchmark v1 (parcel registry)", "synthetic": true, "geometry_status": "reference" }, "geometry": { "type": "MultiPolygon", "coordinates": [ [ [ [ 78.361641604940431, 17.459655001332937 ], [ 78.362070963152348, 17.459558182764873 ], [ 78.362011013469896, 17.459406720743626 ], [ 78.362010249937015, 17.459404509707284 ], [ 78.362009687116583, 17.459402243893162 ], [ 78.362009329169354, 17.459399940051767 ], [ 78.361996929186986, 17.459287040052345 ], [ 78.361996786031028, 17.459283397827235 ], [ 78.362010784059265, 17.45882986396941 ], [ 78.362022982355839, 17.458356532890569 ], [ 78.36202437056015, 17.458302216180769 ], [ 78.361704508435309, 17.457635444954988 ], [ 78.361679649449854, 17.457619596239407 ], [ 78.361627050627902, 17.45760729364758 ], [ 78.361056012478073, 17.45771694172868 ], [ 78.361641604940431, 17.459655001332937 ] ] ], [ [ [ 78.362446663998938, 17.459473462846333 ], [ 78.362436323884737, 17.459311679349064 ], [ 78.36243562826148, 17.459311051416922 ], [ 78.362433894126326, 17.459309165836398 ], [ 78.362432349656174, 17.459307134030151 ], [ 78.362431008162588, 17.459304973510001 ], [ 78.362429881207603, 17.459302702897098 ], [ 78.36242897850434, 17.459300341761494 ], [ 78.362428307832957, 17.459297910453412 ], [ 78.362427874973903, 17.459295429927913 ], [ 78.362427683657884, 17.459292921564217 ], [ 78.362423264315751, 17.459133727112835 ], [ 78.362077972308995, 17.458413951705658 ], [ 78.362067217646029, 17.458831269887053 ], [ 78.362067212556767, 17.458831335938335 ], [ 78.362067213900488, 17.458831402157415 ], [ 78.362053270320132, 17.459283176424272 ], [ 78.362065086945364, 17.459390764738874 ], [ 78.362124941337342, 17.459541985888869 ], [ 78.36212737005647, 17.459545463153411 ], [ 78.362446663998938, 17.459473462846333 ] ] ] ] } },
{ "type": "Feature", "properties": { "parcel_id": "SYN-P0260", "survey_number": "1536/B", "survey_subdivision": "B", "district": "DEMO-RANGAREDDY", "mandal": "DEMO-MADHAPUR", "village": "DEMO-KONDAPUR", "ward": "DEMO-WARD-05", "door_number": "360", "address": "Plot 2675, Demo Street 8, Kondapur", "area_sqm": 487.6015, "land_use": "commercial", "source": "BhuSetu synthetic integrated benchmark v1 (parcel registry)", "synthetic": true, "geometry_status": "reference" }, "geometry": { "type": "MultiPolygon", "coordinates": [ [ [ [ 78.353765662387673, 17.461412722930937 ], [ 78.353803594360471, 17.461162846010581 ], [ 78.353510201360749, 17.461315060333341 ], [ 78.353765662387673, 17.461412722930937 ] ] ], [ [ [ 78.353630819206572, 17.461136395066582 ], [ 78.353473813567945, 17.461272347400183 ], [ 78.353754920233158, 17.461126507348137 ], [ 78.353630819206572, 17.461136395066582 ] ] ] ] } },
{ "type": "Feature", "properties": { "parcel_id": "SYN-P0261", "survey_number": "8461/C", "survey_subdivision": "C", "district": "DEMO-RANGAREDDY", "mandal": "DEMO-SERILINGAMPALLY", "village": "DEMO-KONDAPUR", "ward": "DEMO-WARD-06", "door_number": "361", "address": "Plot 2238, Demo Street 9, Kondapur", "area_sqm": 5214.8873, "land_use": "mixed_use", "source": "BhuSetu synthetic integrated benchmark v1 (parcel registry)", "synthetic": true, "geometry_status": "reference" }, "geometry": { "type": "MultiPolygon", "coordinates": [ [ [ [ 78.356251314023368, 17.451033989007218 ], [ 78.3560420161173, 17.45095290023519 ], [ 78.355126076853068, 17.452946584365375 ], [ 78.355147555663763, 17.453113369665882 ], [ 78.356251314023368, 17.451033989007218 ] ] ], [ [ [ 78.356427132324853, 17.450702757547042 ], [ 78.356411753926821, 17.450669176010461 ], [ 78.356214895005209, 17.450576596157859 ], [ 78.356064803481246, 17.450903299279108 ], [ 78.356277038376703, 17.450985525919041 ], [ 78.356427132324853, 17.450702757547042 ] ] ] ] } },
{ "type": "Feature", "properties": { "parcel_id": "SYN-P0262", "survey_number": "4555/A", "survey_subdivision": "A", "district": "DEMO-RANGAREDDY", "mandal": "DEMO-GACHIBOWLI", "village": "DEMO-KONDAPUR", "ward": "DEMO-WARD-07", "door_number": "362", "address": "Plot 9133, Demo Street 10, Kondapur", "area_sqm": 745.4302, "land_use": "residential", "source": "BhuSetu synthetic integrated benchmark v1 (parcel registry)", "synthetic": true, "geometry_status": "reference" }, "geometry": { "type": "MultiPolygon", "coordinates": [ [ [ [ 78.359404578205883, 17.450909952177902 ], [ 78.359332433009257, 17.450874544171228 ], [ 78.359355520556704, 17.450932878909441 ], [ 78.359386465707118, 17.450948279051421 ], [ 78.359404578205883, 17.450909952177902 ] ] ], [ [ [ 78.359565976281417, 17.450568425568509 ], [ 78.35945269843721, 17.450482957731271 ], [ 78.359379756516915, 17.45054313784793 ], [ 78.359271437937878, 17.450720429269413 ], [ 78.359302542124482, 17.450799019559987 ], [ 78.359427922415009, 17.450860554735893 ], [ 78.359565976281417, 17.450568425568509 ] ] ], [ [ [ 78.359245205369646, 17.450654147948395 ], [ 78.359245711653031, 17.450655427165188 ], [ 78.35924780218248, 17.450652005475863 ], [ 78.359245205369646, 17.450654147948395 ] ] ] ] } },
{ "type": "Feature", "properties": { "parcel_id": "SYN-P0263", "survey_number": "2586/B", "survey_subdivision": "B", "district": "DEMO-RANGAREDDY", "mandal": "DEMO-MADHAPUR", "village": "DEMO-KONDAPUR", "ward": "DEMO-WARD-08", "door_number": "363", "address": "Plot 5981, Demo Street 11, Kondapur", "area_sqm": 92389.6403, "land_use": "commercial", "source": "BhuSetu synthetic integrated benchmark v1 (parcel registry)", "synthetic": true, "geometry_status": "reference" }, "geometry": { "type": "MultiPolygon", "coordinates": [ [ [ [ 78.351810999895335, 17.454086090587072 ], [ 78.352181556271987, 17.454021728761724 ], [ 78.352149239004888, 17.453079990924071 ], [ 78.352102434072307, 17.45307999091915 ], [ 78.352031536434282, 17.453091322916812 ], [ 78.352029226132629, 17.453091598760103 ], [ 78.352026900005129, 17.45309169091712 ], [ 78.351955895955982, 17.453091690916093 ], [ 78.351881728071874, 17.45310283531143 ], [ 78.351809380655936, 17.453118154776345 ], [ 78.351806358336518, 17.453118631408774 ], [ 78.351803300003922, 17.45311879091258 ], [ 78.351746399995491, 17.453118790911439 ], [ 78.351743636832865, 17.453118660780991 ], [ 78.351740900215759, 17.453118271640694 ], [ 78.351738216434626, 17.453117627228981 ], [ 78.351735611272289, 17.453116733736682 ], [ 78.351733109756367, 17.453115599747477 ], [ 78.351680209752487, 17.45308849974333 ], [ 78.35167750689169, 17.453086922241312 ], [ 78.351675004917624, 17.453085064353491 ], [ 78.351672735257154, 17.45308294941648 ], [ 78.35162902677763, 17.453037383075834 ], [ 78.351593524385507, 17.453007312739981 ], [ 78.351591616647241, 17.453005536723392 ], [ 78.351589891405439, 17.453003596356247 ], [ 78.351588363956452, 17.453001508842281 ], [ 78.351587047842955, 17.452999292689825 ], [ 78.351585954733892, 17.452996967547783 ], [ 78.351585094320981, 17.452994554031335 ], [ 78.351584474232837, 17.452992073539253 ], [ 78.351584099967283, 17.452989548064103 ], [ 78.351583974842598, 17.452986999997311 ], [ 78.351583974852545, 17.452922901432757 ], [ 78.351576284896936, 17.45286764761579 ], [ 78.351568450160713, 17.452833890519706 ], [ 78.35156794419845, 17.452830963034746 ], [ 78.351567774867462, 17.452827999997428 ], [ 78.351567774875448, 17.452776587871057 ], [ 78.351556209143652, 17.452725110848267 ], [ 78.35155573389693, 17.452722271600685 ], [ 78.351555574884472, 17.452719399997427 ], [ 78.351555574892842, 17.452665099997418 ], [ 78.351555574901099, 17.45261171484221 ], [ 78.351551601601855, 17.452555313250468 ], [ 78.351543624271869, 17.45249809307883 ], [ 78.351543378800741, 17.452494949260032 ], [ 78.351543515516397, 17.452491799357126 ], [ 78.351551474931455, 17.452415546307066 ], [ 78.35155147494018, 17.452358699998594 ], [ 78.351551511163933, 17.452357327925203 ], [ 78.351555611175684, 17.452279727927387 ], [ 78.351555910344814, 17.452276936065726 ], [ 78.351556508846372, 17.452274188894524 ], [ 78.35155740025678, 17.452271515898428 ], [ 78.351558575008738, 17.452268945766026 ], [ 78.351586607331683, 17.452215348767293 ], [ 78.35161068277219, 17.452161771060492 ], [ 78.351611946105535, 17.452159310335773 ], [ 78.351613462236656, 17.452156984856156 ], [ 78.351615215619333, 17.452154818466802 ], [ 78.351617188274588, 17.452152833381586 ], [ 78.351619359975118, 17.452151049955294 ], [ 78.351655959972447, 17.452123949958189 ], [ 78.351656336004666, 17.452123676311867 ], [ 78.351704339201362, 17.452089346158076 ], [ 78.351764586121661, 17.452039568376893 ], [ 78.351766587566658, 17.45203806000006 ], [ 78.351768722417631, 17.452036730772065 ], [ 78.351770973321749, 17.452035591497317 ], [ 78.351848173312334, 17.452000691500828 ], [ 78.351850109561667, 17.451999899436043 ], [ 78.351852101922347, 17.451999248063736 ], [ 78.351889970121562, 17.451988362119142 ], [ 78.351968675493481, 17.451947121664787 ], [ 78.351971275191588, 17.451945920710603 ], [ 78.351973989040189, 17.451944980758658 ], [ 78.351976788683032, 17.451944311630285 ], [ 78.351979644867328, 17.451943920316992 ], [ 78.35206377068755, 17.451936580479789 ], [ 78.352107829040719, 17.45191554442065 ], [ 78.3521092576797, 17.451914934614098 ], [ 78.352101156490079, 17.451678867894689 ], [ 78.351077377834983, 17.452254606717975 ], [ 78.350888419632142, 17.452382134071105 ], [ 78.350847163652219, 17.452443338941297 ], [ 78.350839119795737, 17.452840826109558 ], [ 78.350838890551543, 17.452843785379329 ], [ 78.350838325470534, 17.452846702830769 ], [ 78.35083743133265, 17.452849543459671 ], [ 78.350816631338773, 17.452904543463337 ], [ 78.350815643754373, 17.452906824750777 ], [ 78.350814443764307, 17.452909010205712 ], [ 78.350813041346925, 17.452911081655287 ], [ 78.350811448163839, 17.452913021874643 ], [ 78.350809677462948, 17.452914814730146 ], [ 78.35076877746144, 17.452952614734063 ], [ 78.350766589442614, 17.452954438673729 ], [ 78.350764218099613, 17.45295603765538 ], [ 78.35076168843176, 17.452957394822132 ], [ 78.350364688384531, 17.453145394841282 ], [ 78.350362318921185, 17.45314639007012 ], [ 78.350359864489647, 17.453147172939317 ], [ 78.350357345699706, 17.453147736875145 ], [ 78.350354783701547, 17.453148077142259 ], [ 78.350352200008146, 17.453148190883446 ], [ 78.350238199991281, 17.453148190881166 ], [ 78.350235589172826, 17.453148074733924 ], [ 78.350233000741142, 17.453147727289732 ], [ 78.350230456890927, 17.453147151527759 ], [ 78.350227979434621, 17.45314635238493 ], [ 78.350225589615391, 17.453145336713575 ], [ 78.350223307924907, 17.453144113222645 ], [ 78.35022115392772, 17.453142692403048 ], [ 78.350129853925424, 17.453076292394719 ], [ 78.350127395941499, 17.453074282323637 ], [ 78.350125193246797, 17.453072015938986 ], [ 78.350000010660025, 17.4529274495853 ], [ 78.350000013217795, 17.454248414963974 ], [ 78.350276717858421, 17.454249143086841 ], [ 78.351810999895335, 17.454086090587072 ] ] ], [ [ [ 78.35211129848507, 17.451974403300785 ], [ 78.352084170956488, 17.451987355581338 ], [ 78.352081776723864, 17.451988368709699 ], [ 78.352079295031245, 17.451989164675759 ], [ 78.35207674720661, 17.451989736638907 ], [ 78.352074155146255, 17.45199007968364 ], [ 78.351990585744943, 17.451997370973256 ], [ 78.351914424500677, 17.452037278339144 ], [ 78.351911770425303, 17.452038501136986 ], [ 78.351908998085221, 17.452039451935253 ], [ 78.351870318574612, 17.452050571106174 ], [ 78.351798502265183, 17.45208303728722 ], [ 78.351740413878943, 17.452131031627243 ], [ 78.351738864002954, 17.452132223683467 ], [ 78.351690253206996, 17.452166988372625 ], [ 78.35165962412691, 17.452189667283442 ], [ 78.351638117236575, 17.452237528940504 ], [ 78.351637424990429, 17.452238954226907 ], [ 78.351611688183311, 17.452288162290685 ], [ 78.351607925060534, 17.452359386474626 ], [ 78.351607925069388, 17.4524168999986 ], [ 78.351607784473558, 17.45241960063629 ], [ 78.351600013595913, 17.452494047673099 ], [ 78.351607675736659, 17.452549006917131 ], [ 78.351607860789059, 17.452550772393561 ], [ 78.351611960798152, 17.452608972394209 ], [ 78.351612025099385, 17.452610799997437 ], [ 78.351612025107755, 17.452665099997425 ], [ 78.351612025115742, 17.452716512125683 ], [ 78.351623590863468, 17.452767989147056 ], [ 78.351624066111256, 17.452770828394353 ], [ 78.351624225124752, 17.452773699997419 ], [ 78.351624225132738, 17.452825019077665 ], [ 78.35163164984337, 17.4528570094758 ], [ 78.351632076630466, 17.452859312989677 ], [ 78.351640176639549, 17.452917512989732 ], [ 78.351640425147835, 17.452921099997312 ], [ 78.351640425156376, 17.452974775671585 ], [ 78.351667475610412, 17.452997687254154 ], [ 78.351669564736568, 17.452999650585241 ], [ 78.351711018458033, 17.453042866316476 ], [ 78.351753460995056, 17.453064609089239 ], [ 78.351800223550555, 17.453064609087829 ], [ 78.35187041933456, 17.45304974522449 ], [ 78.351872134519198, 17.453049435076757 ], [ 78.351949334507694, 17.453037835076934 ], [ 78.351951510660214, 17.453037590705229 ], [ 78.351953700005126, 17.453037509084286 ], [ 78.352024565927536, 17.453037509083277 ], [ 78.352095463555614, 17.453026177083476 ], [ 78.352097773867811, 17.45302590123838 ], [ 78.352100100006027, 17.453025809081318 ], [ 78.352147379655406, 17.453025809084895 ], [ 78.35211129848507, 17.451974403300785 ] ] ], [ [ [ 78.352076886991028, 17.450971664650748 ], [ 78.351949827036776, 17.450937697580027 ], [ 78.351947212981258, 17.450936864865763 ], [ 78.351944695930868, 17.450935791568771 ], [ 78.351768795916811, 17.45085069155537 ], [ 78.351766731456124, 17.45084958637506 ], [ 78.35160723144709, 17.450755586361701 ], [ 78.351604941869851, 17.450754083506101 ], [ 78.351602817036081, 17.450752372202075 ], [ 78.351600877466936, 17.450750468976999 ], [ 78.351514077471975, 17.450656468968234 ], [ 78.351512541362624, 17.450654653208222 ], [ 78.351511174157437, 17.45065271703746 ], [ 78.351509986047972, 17.45065067488876 ], [ 78.351392686075343, 17.450426874877234 ], [ 78.35139150774161, 17.450424302388022 ], [ 78.351390613385192, 17.450421626578375 ], [ 78.351349027940245, 17.450270702147723 ], [ 78.351183092289517, 17.450337987011025 ], [ 78.350878492860346, 17.450486338580703 ], [ 78.350823533447979, 17.450532262438216 ], [ 78.350816228737244, 17.450621415268792 ], [ 78.350819523822409, 17.451506258828132 ], [ 78.350826166490208, 17.451801211074461 ], [ 78.350842918152935, 17.451884232988025 ], [ 78.350960406478393, 17.452065364821685 ], [ 78.351068965735109, 17.452196540582296 ], [ 78.352099042259312, 17.451617259831348 ], [ 78.352076886991028, 17.450971664650748 ] ] ], [ [ [ 78.351806199387838, 17.450655933486427 ], [ 78.351739291386423, 17.45061672158479 ], [ 78.351737199999292, 17.450615369225137 ], [ 78.351735242716202, 17.450613843095297 ], [ 78.351733435160867, 17.450612155377396 ], [ 78.351590835167102, 17.450466555363128 ], [ 78.351589278648717, 17.450464825298685 ], [ 78.351587879623338, 17.450462975446527 ], [ 78.351586648051367, 17.450461018976657 ], [ 78.351565480409931, 17.450423943070092 ], [ 78.351407759460869, 17.450271940707829 ], [ 78.351444435012695, 17.450405045668401 ], [ 78.351558761451443, 17.450623172265011 ], [ 78.351640341537959, 17.450711519350151 ], [ 78.351795260439332, 17.450802819508308 ], [ 78.351967635750071, 17.45088621426644 ], [ 78.352074899087938, 17.450914889086356 ], [ 78.351806199387838, 17.450655933486427 ] ] ], [ [ [ 78.351125626616906, 17.450000036471838 ], [ 78.35, 17.45 ], [ 78.350000000282392, 17.450058921342023 ], [ 78.350184191117748, 17.450072781359143 ], [ 78.350210930074851, 17.450059311859288 ], [ 78.350234479441497, 17.450026599651689 ], [ 78.350236163927192, 17.450024489223338 ], [ 78.350238055816973, 17.450022547433342 ], [ 78.350240136890932, 17.450020792982166 ], [ 78.350242387107158, 17.45001924276615 ], [ 78.350244784794867, 17.450017911714699 ], [ 78.350247306863011, 17.450016812646574 ], [ 78.350249929022723, 17.450015956146398 ], [ 78.35025262602116, 17.450015350462724 ], [ 78.350255371884785, 17.450015001428621 ], [ 78.350258140169416, 17.450014912405493 ], [ 78.350260904214991, 17.450015084250659 ], [ 78.35026363740225, 17.450015515309175 ], [ 78.350266313409108, 17.450016201429708 ], [ 78.350268906464166, 17.450017136004551 ], [ 78.350271391594902, 17.450018310033229 ], [ 78.350273744868176, 17.450019712209219 ], [ 78.350275943620602, 17.450021329028825 ], [ 78.350277966677098, 17.450023144921158 ], [ 78.350279794554453, 17.450025142398207 ], [ 78.350281409649227, 17.450027302223194 ], [ 78.350282796407171, 17.450029603595805 ], [ 78.350283941473037, 17.450032024352584 ], [ 78.350284833819217, 17.450034541180315 ], [ 78.350285464851922, 17.45003712984057 ], [ 78.350285828493924, 17.450039765403147 ], [ 78.350285921243128, 17.450042422486131 ], [ 78.350285742206353, 17.450045075500359 ], [ 78.350285293107774, 17.450047698895851 ], [ 78.350284578272451, 17.450050267407882 ], [ 78.350283604584632, 17.450052756300266 ], [ 78.350282381421437, 17.450055141603592 ], [ 78.350280920562625, 17.450057400346093 ], [ 78.350253420564201, 17.450095600349602 ], [ 78.350251765351089, 17.450097677555949 ], [ 78.350249909186289, 17.450099591901783 ], [ 78.350247869366001, 17.450101325548733 ], [ 78.350245664897827, 17.450102862342206 ], [ 78.350243316323613, 17.450104187961948 ], [ 78.350203216319031, 17.450124387964035 ], [ 78.350200823317081, 17.450125459518414 ], [ 78.35019833645552, 17.45012631173055 ], [ 78.350195777501469, 17.45012693714115 ], [ 78.350193168853082, 17.450127330276096 ], [ 78.350190533343493, 17.450127487694331 ], [ 78.3501878940409, 17.450127408018002 ], [ 78.35000000054039, 17.450113269380665 ], [ 78.350000007666893, 17.451889294739114 ], [ 78.350082375762256, 17.451847366626819 ], [ 78.350085040362856, 17.451846176496048 ], [ 78.350087819455268, 17.451845258764386 ], [ 78.350090682907449, 17.451844623382254 ], [ 78.350093599672718, 17.451844277238706 ], [ 78.350096538126337, 17.451844224086773 ], [ 78.350781759543992, 17.451866094925808 ], [ 78.350770289915559, 17.451809250892534 ], [ 78.350769934824271, 17.45180697852998 ], [ 78.35076978163373, 17.451804685459322 ], [ 78.350763081679858, 17.451507185464585 ], [ 78.35076307526829, 17.451506696815567 ], [ 78.350759775405081, 17.450620496833601 ], [ 78.350759862104297, 17.450618276036984 ], [ 78.350768162119422, 17.450516976040245 ], [ 78.350768508701165, 17.450514370401979 ], [ 78.350769116566354, 17.450511809229642 ], [ 78.350769980000024, 17.450509316602432 ], [ 78.350771090884521, 17.450506915955081 ], [ 78.350772438775692, 17.450504629857605 ], [ 78.350774011001178, 17.450502479803024 ], [ 78.350775792779487, 17.450500486005339 ], [ 78.350777767359006, 17.450498667209512 ], [ 78.350844067355382, 17.450443267215341 ], [ 78.350845878953322, 17.450441874876201 ], [ 78.350847803604466, 17.450440630099632 ], [ 78.35084982829602, 17.450439541301748 ], [ 78.351158428259936, 17.450289241317176 ], [ 78.351160216168907, 17.450288444621606 ], [ 78.351334470111013, 17.45021778678505 ], [ 78.351328318143928, 17.45019537961392 ], [ 78.351125626616906, 17.450000036471838 ] ] ], [ [ [ 78.35000001044807, 17.452842681637463 ], [ 78.350166532539717, 17.453034988672776 ], [ 78.3502476856615, 17.453094009121074 ], [ 78.350345616041125, 17.453094009118395 ], [ 78.350732780312939, 17.452910666837422 ], [ 78.350765803781243, 17.452880146372848 ], [ 78.35078277113297, 17.452835280794972 ], [ 78.350790880267127, 17.452434573896042 ], [ 78.350791051447615, 17.452432075057512 ], [ 78.350791462298105, 17.452429602066619 ], [ 78.350792109307903, 17.452427176054613 ], [ 78.350792986948434, 17.452424817751343 ], [ 78.350794087720402, 17.452422547308114 ], [ 78.350795402217926, 17.45242038412545 ], [ 78.350844002221649, 17.45234828413188 ], [ 78.350845579678705, 17.45234617320277 ], [ 78.350847360534189, 17.452344216997659 ], [ 78.350849328412906, 17.452342433504022 ], [ 78.350851465220089, 17.452340839121266 ], [ 78.351021386337209, 17.452226159873735 ], [ 78.350915199001605, 17.452097850135996 ], [ 78.350913339133811, 17.452095317971406 ], [ 78.350800202643455, 17.451920895295711 ], [ 78.350102179308962, 17.451898615867091 ], [ 78.350000007867749, 17.451950624528831 ], [ 78.35000001044807, 17.452842681637463 ] ] ] ] } },
{ "type": "Feature", "properties": { "parcel_id": "SYN-P0264", "survey_number": "4931/C", "survey_subdivision": "C", "district": "DEMO-RANGAREDDY", "mandal": "DEMO-SERILINGAMPALLY", "village": "DEMO-KONDAPUR", "ward": "DEMO-WARD-01", "door_number": "364", "address": "Plot 6222, Demo Street 12, Kondapur", "area_sqm": 2337.5313, "land_use": "mixed_use", "source": "BhuSetu synthetic integrated benchmark v1 (parcel registry)", "synthetic": true, "geometry_status": "reference" }, "geometry": { "type": "MultiPolygon", "coordinates": [ [ [ [ 78.352029477536433, 17.461487980841586 ], [ 78.351992207472264, 17.461542113701441 ], [ 78.352120083908119, 17.461479040730129 ], [ 78.3520954006827, 17.461452739306033 ], [ 78.352029477536433, 17.461487980841586 ] ] ], [ [ [ 78.35191060606428, 17.46166063541391 ], [ 78.352172963722069, 17.461535387240357 ], [ 78.352159164068837, 17.461520682913328 ], [ 78.351928699437536, 17.461634355768211 ], [ 78.35191060606428, 17.46166063541391 ] ] ], [ [ [ 78.351788174651404, 17.46183846014312 ], [ 78.351904800219955, 17.461996752819328 ], [ 78.351907530102707, 17.462000058087632 ], [ 78.352070325641648, 17.462000062196289 ], [ 78.352099529709406, 17.461986747708302 ], [ 78.35243691935456, 17.461824784719699 ], [ 78.352441975780422, 17.461822034514526 ], [ 78.352212183577521, 17.461577178243601 ], [ 78.351923370791624, 17.461715055954432 ], [ 78.351921011834335, 17.461716055833737 ], [ 78.35191856764321, 17.461716844913436 ], [ 78.351903544561978, 17.461720972133431 ], [ 78.351848706179069, 17.461750541569263 ], [ 78.351788174651404, 17.46183846014312 ] ] ], [ [ [ 78.3516769191761, 17.462000052038977 ], [ 78.351838092750157, 17.462000056294556 ], [ 78.351754774935799, 17.461886971265429 ], [ 78.3516769191761, 17.462000052038977 ] ] ], [ [ [ 78.352507125014625, 17.462000072560773 ], [ 78.352438855349163, 17.461884436619155 ], [ 78.352197986041432, 17.462000065324837 ], [ 78.352507125014625, 17.462000072560773 ] ] ], [ [ [ 78.352609063186819, 17.462000074841292 ], [ 78.352509172769359, 17.461893636456178 ], [ 78.352566858107693, 17.461991344465421 ], [ 78.35256702751397, 17.461991635569554 ], [ 78.35257186747252, 17.462000074015226 ], [ 78.352609063186819, 17.462000074841292 ] ] ] ] } },
{ "type": "Feature", "properties": { "parcel_id": "SYN-P0265", "survey_number": "4357/A", "survey_subdivision": "A", "district": "DEMO-RANGAREDDY", "mandal": "DEMO-GACHIBOWLI", "village": "DEMO-KONDAPUR", "ward": "DEMO-WARD-02", "door_number": "365", "address": "Plot 7091, Demo Street 1, Kondapur", "area_sqm": 3586.4612, "land_use": "residential", "source": "BhuSetu synthetic integrated benchmark v1 (parcel registry)", "synthetic": true, "geometry_status": "reference" }, "geometry": { "type": "MultiPolygon", "coordinates": [ [ [ [ 78.359994578137915, 17.451306535333732 ], [ 78.359861216118006, 17.451242172808509 ], [ 78.359327713438859, 17.452229633709905 ], [ 78.359189464153431, 17.452936934331461 ], [ 78.359994578137915, 17.451306535333732 ] ] ], [ [ [ 78.360037135200074, 17.451220353948028 ], [ 78.359907396023118, 17.451156697694849 ], [ 78.359887205019604, 17.451194069554148 ], [ 78.360018762079918, 17.451257560969012 ], [ 78.360037135200074, 17.451220353948028 ] ] ], [ [ [ 78.36018914974558, 17.450912511718208 ], [ 78.36013725851771, 17.450834823635471 ], [ 78.360087355319692, 17.450823607197133 ], [ 78.35993338331248, 17.451108597365511 ], [ 78.360061323404224, 17.451171370892055 ], [ 78.36018914974558, 17.450912511718208 ] ] ] ] } },
{ "type": "Feature", "properties": { "parcel_id": "SYN-P0266", "survey_number": "6198/B", "survey_subdivision": "B", "district": "DEMO-RANGAREDDY", "mandal": "DEMO-MADHAPUR", "village": "DEMO-KONDAPUR", "ward": "DEMO-WARD-03", "door_number": "366", "address": "Plot 6844, Demo Street 2, Kondapur", "area_sqm": 480.5585, "land_use": "commercial", "source": "BhuSetu synthetic integrated benchmark v1 (parcel registry)", "synthetic": true, "geometry_status": "reference" }, "geometry": { "type": "Polygon", "coordinates": [ [ [ 78.356705775733246, 17.450537224528631 ], [ 78.356815754356049, 17.450692120578005 ], [ 78.356984614676009, 17.45061290084886 ], [ 78.356986325803163, 17.450545474802585 ], [ 78.356769742825648, 17.450452587790913 ], [ 78.356766715933105, 17.450451979235307 ], [ 78.356716247792406, 17.450468586174459 ], [ 78.356705775733246, 17.450537224528631 ] ] ] } },
{ "type": "Feature", "properties": { "parcel_id": "SYN-P0267", "survey_number": "5121/C", "survey_subdivision": "C", "district": "DEMO-RANGAREDDY", "mandal": "DEMO-SERILINGAMPALLY", "village": "DEMO-KONDAPUR", "ward": "DEMO-WARD-04", "door_number": "367", "address": "Plot 8461, Demo Street 3, Kondapur", "area_sqm": 528.2623, "land_use": "mixed_use", "source": "BhuSetu synthetic integrated benchmark v1 (parcel registry)", "synthetic": true, "geometry_status": "reference" }, "geometry": { "type": "MultiPolygon", "coordinates": [ [ [ [ 78.357708723388797, 17.450314249313774 ], [ 78.357886042644495, 17.450329743840392 ], [ 78.357891935695321, 17.450226710404927 ], [ 78.357612407669023, 17.450220733108782 ], [ 78.357610714634717, 17.450235590879355 ], [ 78.357708723388797, 17.450314249313774 ] ] ], [ [ [ 78.357895586413932, 17.450162881519571 ], [ 78.35765194678909, 17.450019957978725 ], [ 78.357625729643559, 17.450103821669202 ], [ 78.357618568201318, 17.4501666693298 ], [ 78.357895031644148, 17.450172581078629 ], [ 78.357895586413932, 17.450162881519571 ] ] ] ] } },
{ "type": "Feature", "properties": { "parcel_id": "SYN-P0268", "survey_number": "4967/A", "survey_subdivision": "A", "district": "DEMO-RANGAREDDY", "mandal": "DEMO-GACHIBOWLI", "village": "DEMO-KONDAPUR", "ward": "DEMO-WARD-05", "door_number": "368", "address": "Plot 6263, Demo Street 4, Kondapur", "area_sqm": 7944.96, "land_use": "residential", "source": "BhuSetu synthetic integrated benchmark v1 (parcel registry)", "synthetic": true, "geometry_status": "reference" }, "geometry": { "type": "MultiPolygon", "coordinates": [ [ [ [ 78.360723849823373, 17.450942958789764 ], [ 78.360659860687676, 17.450819923000903 ], [ 78.360655838682419, 17.450823134023072 ], [ 78.360423024969563, 17.451352931392407 ], [ 78.360751302944323, 17.451521279588938 ], [ 78.360790742572192, 17.451135845288036 ], [ 78.360723849823373, 17.450942958789764 ] ] ], [ [ [ 78.360386885392487, 17.451435171264862 ], [ 78.360742559042038, 17.451606731328756 ], [ 78.360745330405578, 17.451579647574064 ], [ 78.360400994434315, 17.451403064486556 ], [ 78.360386885392487, 17.451435171264862 ] ] ], [ [ [ 78.359689447841518, 17.453022253994408 ], [ 78.359974276469543, 17.452979875358025 ], [ 78.360735297931214, 17.451677692052552 ], [ 78.360736645936186, 17.451664518399333 ], [ 78.360364898456439, 17.451485205085813 ], [ 78.359689447841518, 17.453022253994408 ] ] ] ] } },
{ "type": "Feature", "properties": { "parcel_id": "SYN-P0269", "survey_number": "7690/B", "survey_subdivision": "B", "district": "DEMO-RANGAREDDY", "mandal": "DEMO-MADHAPUR", "village": "DEMO-KONDAPUR", "ward": "DEMO-WARD-06", "door_number": "369", "address": "Plot 6709, Demo Street 5, Kondapur", "area_sqm": 9439.0071, "land_use": "commercial", "source": "BhuSetu synthetic integrated benchmark v1 (parcel registry)", "synthetic": true, "geometry_status": "reference" }, "geometry": { "type": "MultiPolygon", "coordinates": [ [ [ [ 78.360787898895964, 17.456635081860856 ], [ 78.360732693028837, 17.456446198323761 ], [ 78.360729174858577, 17.456435941500935 ], [ 78.360667073161025, 17.456458970297337 ], [ 78.360342184727926, 17.456579466002637 ], [ 78.360299807747751, 17.456595221546593 ], [ 78.360278682038611, 17.456612360779921 ], [ 78.360225120097908, 17.457158043062964 ], [ 78.360787898895964, 17.456635081860856 ] ] ], [ [ [ 78.361499077270182, 17.455974213422483 ], [ 78.361509223557306, 17.455544427107135 ], [ 78.361467280308091, 17.455529184322828 ], [ 78.361126198057093, 17.455493464010445 ], [ 78.360631944680094, 17.456082464975626 ], [ 78.36071504461286, 17.456263809170391 ], [ 78.360772544629398, 17.456389509164964 ], [ 78.360772777482055, 17.45639009250112 ], [ 78.360773029096606, 17.456390636527175 ], [ 78.360773247630604, 17.456391270304501 ], [ 78.360773510333829, 17.456391928421485 ], [ 78.360786510339295, 17.456429828420422 ], [ 78.360786876806529, 17.456430982759773 ], [ 78.360834007010837, 17.456592235753828 ], [ 78.361499077270182, 17.455974213422483 ] ] ], [ [ [ 78.36029078893317, 17.456489016472297 ], [ 78.360285547269541, 17.456542418259474 ], [ 78.360321826163798, 17.456528929958484 ], [ 78.36064672757, 17.456408429432255 ], [ 78.360708985667046, 17.456385342637326 ], [ 78.360663359065285, 17.456285598872448 ], [ 78.360592056526784, 17.456129999380519 ], [ 78.36029078893317, 17.456489016472297 ] ] ] ] } },
{ "type": "Feature", "properties": { "parcel_id": "SYN-P0270", "survey_number": "4809/C", "survey_subdivision": "C", "district": "DEMO-RANGAREDDY", "mandal": "DEMO-SERILINGAMPALLY", "village": "DEMO-KONDAPUR", "ward": "DEMO-WARD-07", "door_number": "370", "address": "Plot 2239, Demo Street 6, Kondapur", "area_sqm": 1380.3447, "land_use": "mixed_use", "source": "BhuSetu synthetic integrated benchmark v1 (parcel registry)", "synthetic": true, "geometry_status": "shifted_geometry" }, "geometry": { "type": "MultiPolygon", "coordinates": [ [ [ [ 78.361482927029925, 17.461631439317042 ], [ 78.361450212933065, 17.461649514395837 ], [ 78.361449992023893, 17.46164963518375 ], [ 78.361154684271341, 17.461809415689331 ], [ 78.361166417580336, 17.461973616586498 ], [ 78.361551354866464, 17.461973608128314 ], [ 78.361539511973959, 17.461947885552554 ], [ 78.361538518043389, 17.461945403997888 ], [ 78.361537782330217, 17.461942840889993 ], [ 78.361537311919719, 17.461940220912997 ], [ 78.361537111342216, 17.461937569298723 ], [ 78.361537182529375, 17.461934911583644 ], [ 78.361537524795608, 17.461932273363015 ], [ 78.361538134844707, 17.461929680044349 ], [ 78.361539006801522, 17.461927156602716 ], [ 78.36154013226863, 17.461924727340229 ], [ 78.361541500407185, 17.461922415651998 ], [ 78.361543098041253, 17.461920243800868 ], [ 78.361544909784726, 17.461918232702921 ], [ 78.361546918189546, 17.461916401726132 ], [ 78.361549103913646, 17.461914768503807 ], [ 78.361551445907352, 17.46191334876475 ], [ 78.361553921615965, 17.461912156181839 ], [ 78.361556507197065, 17.461911202240287 ], [ 78.361559177750124, 17.461910496127064 ], [ 78.361561907556251, 17.461910044642448 ], [ 78.361564670325947, 17.46190985213445 ], [ 78.361567439452216, 17.461909920457057 ], [ 78.361570188266896, 17.461910248952258 ], [ 78.361572890297381, 17.461910834456496 ], [ 78.361575519521679, 17.461911671331038 ], [ 78.361578050618917, 17.461912751516326 ], [ 78.361580459213258, 17.46191406460958 ], [ 78.361582722108608, 17.461915597965017 ], [ 78.361584817512082, 17.461917336815592 ], [ 78.361586725243782, 17.461919264415219 ], [ 78.361588426931206, 17.461921362200076 ], [ 78.361589906186154, 17.461923609967336 ], [ 78.361591148762614, 17.461925986069801 ], [ 78.361597834474637, 17.461940507322144 ], [ 78.361559679683637, 17.461641585205751 ], [ 78.361482927029925, 17.461631439317042 ] ] ], [ [ [ 78.361325231862978, 17.461610593589697 ], [ 78.361252599923418, 17.4616523172527 ], [ 78.361206180526082, 17.461719354106055 ], [ 78.361391100015609, 17.461619300717658 ], [ 78.361325231862978, 17.461610593589697 ] ] ] ] } },
{ "type": "Feature", "properties": { "parcel_id": "SYN-P0271", "survey_number": "2897/A", "survey_subdivision": "A", "district": "DEMO-RANGAREDDY", "mandal": "DEMO-GACHIBOWLI", "village": "DEMO-KONDAPUR", "ward": "DEMO-WARD-08", "door_number": "371", "address": "Plot 5467, Demo Street 7, Kondapur", "area_sqm": 1647.6207, "land_use": "residential", "source": "BhuSetu synthetic integrated benchmark v1 (parcel registry)", "synthetic": true, "geometry_status": "reference" }, "geometry": { "type": "MultiPolygon", "coordinates": [ [ [ [ 78.355455824672276, 17.461158142088614 ], [ 78.35536574933883, 17.461429330884812 ], [ 78.355415936181686, 17.461518526841502 ], [ 78.355442684194685, 17.46156606065778 ], [ 78.355738024227307, 17.461731038439609 ], [ 78.355755600884493, 17.461721866654841 ], [ 78.355803919549871, 17.461620271460372 ], [ 78.355782427590356, 17.461502637552211 ], [ 78.355706521566418, 17.461366697757928 ], [ 78.355687978569833, 17.461333496429791 ], [ 78.355455824672276, 17.461158142088614 ] ] ], [ [ [ 78.355339482564418, 17.461508411770755 ], [ 78.355349112992783, 17.461513791374202 ], [ 78.355341933786676, 17.461501031925572 ], [ 78.355339482564418, 17.461508411770755 ] ] ] ] } },
{ "type": "Feature", "properties": { "parcel_id": "SYN-P0272", "survey_number": "5414/B", "survey_subdivision": "B", "district": "DEMO-RANGAREDDY", "mandal": "DEMO-MADHAPUR", "village": "DEMO-KONDAPUR", "ward": "DEMO-WARD-01", "door_number": "372", "address": "Plot 8339, Demo Street 8, Kondapur", "area_sqm": 2351.6444, "land_use": "commercial", "source": "BhuSetu synthetic integrated benchmark v1 (parcel registry)", "synthetic": true, "geometry_status": "shifted_geometry" }, "geometry": { "type": "MultiPolygon", "coordinates": [ [ [ [ 78.361774783018248, 17.450163421491393 ], [ 78.361752913293742, 17.45012963511271 ], [ 78.361699694617741, 17.45005350022857 ], [ 78.36166687461521, 17.450030093076609 ], [ 78.361632415987032, 17.450015976444828 ], [ 78.361595179125146, 17.450006186909292 ], [ 78.361549750680226, 17.449999627225065 ], [ 78.361088125403583, 17.450554086297505 ], [ 78.361195234026383, 17.450664413624981 ], [ 78.361214518545566, 17.450682910439486 ], [ 78.361774783018248, 17.450163421491393 ] ] ], [ [ [ 78.361949425321839, 17.450001488475845 ], [ 78.361948576252857, 17.449973598132601 ], [ 78.361672788680707, 17.449973604815995 ], [ 78.361692106788908, 17.449981518843558 ], [ 78.361695081298379, 17.449982941597128 ], [ 78.361697860955374, 17.44998469007443 ], [ 78.36173726095781, 17.450012790061749 ], [ 78.361739720673143, 17.45001476188871 ], [ 78.361741931649902, 17.450016988639785 ], [ 78.361743865383602, 17.450019441607189 ], [ 78.361800065407579, 17.450099841589918 ], [ 78.36180032038466, 17.450100248153579 ], [ 78.36180060158776, 17.450100638460089 ], [ 78.36181631418431, 17.450124912726981 ], [ 78.361949425321839, 17.450001488475845 ] ] ], [ [ [ 78.361026026952814, 17.45062867249769 ], [ 78.361142304824298, 17.450689371610668 ], [ 78.361052503492743, 17.450596871642706 ], [ 78.361026026952814, 17.45062867249769 ] ] ] ] } },
{ "type": "Feature", "properties": { "parcel_id": "SYN-P0273", "survey_number": "5414/B", "survey_subdivision": "B", "district": "DEMO-RANGAREDDY", "mandal": "DEMO-SERILINGAMPALLY", "village": "DEMO-KONDAPUR", "ward": "DEMO-WARD-02", "door_number": "373", "address": "Plot 9281, Demo Street 9, Kondapur", "area_sqm": 1458.0136, "land_use": "mixed_use", "source": "BhuSetu synthetic integrated benchmark v1 (parcel registry)", "synthetic": true, "geometry_status": "reference" }, "geometry": { "type": "MultiPolygon", "coordinates": [ [ [ [ 78.351344570287566, 17.460787161912556 ], [ 78.351316201201513, 17.460736919906111 ], [ 78.351327381285344, 17.460777663152864 ], [ 78.351344570287566, 17.460787161912556 ] ] ], [ [ [ 78.351442342413264, 17.460841191410964 ], [ 78.351697578997218, 17.460629019892345 ], [ 78.351650384223234, 17.460544309876052 ], [ 78.351642161255839, 17.46052994444738 ], [ 78.351642147203407, 17.460529919867799 ], [ 78.351569536204508, 17.46040275753057 ], [ 78.35140508472071, 17.460314888570348 ], [ 78.351371028006028, 17.460327519956092 ], [ 78.351299985071051, 17.460594484801902 ], [ 78.351437902229335, 17.460838737738712 ], [ 78.351442342413264, 17.460841191410964 ] ] ], [ [ [ 78.351750461820956, 17.460501927383305 ], [ 78.351704851120132, 17.4605271690947 ], [ 78.351737546739571, 17.46058585451431 ], [ 78.351750461820956, 17.460501927383305 ] ] ], [ [ [ 78.35166217461169, 17.460452255566818 ], [ 78.35167778954407, 17.4604796016954 ], [ 78.351695259732708, 17.460469933407907 ], [ 78.35166217461169, 17.460452255566818 ] ] ] ] } },
{ "type": "Feature", "properties": { "parcel_id": "SYN-P0274", "survey_number": "7974/A", "survey_subdivision": "A", "district": "DEMO-RANGAREDDY", "mandal": "DEMO-GACHIBOWLI", "village": "DEMO-KONDAPUR", "ward": "DEMO-WARD-03", "door_number": "374", "address": "Plot 8771, Demo Street 10, Kondapur", "area_sqm": 875.9221, "land_use": "residential", "source": "BhuSetu synthetic integrated benchmark v1 (parcel registry)", "synthetic": true, "geometry_status": "reference" }, "geometry": { "type": "MultiPolygon", "coordinates": [ [ [ [ 78.352122999801978, 17.458849821658518 ], [ 78.352174099975571, 17.458849534968561 ], [ 78.352329976745679, 17.458773119058602 ], [ 78.35228930410203, 17.458492239619076 ], [ 78.35222700211402, 17.458485141287145 ], [ 78.35218148875316, 17.45850786965924 ], [ 78.352054227996774, 17.458603338394131 ], [ 78.352082939877846, 17.458822608832559 ], [ 78.352122999801978, 17.458849821658518 ] ] ], [ [ [ 78.352302960422506, 17.458848811957669 ], [ 78.352338341974303, 17.458830888073184 ], [ 78.352338202781226, 17.458829926826805 ], [ 78.352299642046148, 17.45884883057747 ], [ 78.352302960422506, 17.458848811957669 ] ] ] ] } },
{ "type": "Feature", "properties": { "parcel_id": "SYN-P0275", "survey_number": "5640/B", "survey_subdivision": "B", "district": "DEMO-RANGAREDDY", "mandal": "DEMO-MADHAPUR", "village": "DEMO-KONDAPUR", "ward": "DEMO-WARD-04", "door_number": "375", "address": "Plot 5748, Demo Street 11, Kondapur", "area_sqm": 372.2718, "land_use": "commercial", "source": "BhuSetu synthetic integrated benchmark v1 (parcel registry)", "synthetic": true, "geometry_status": "reference" }, "geometry": { "type": "MultiPolygon", "coordinates": [ [ [ [ 78.355106182799915, 17.461299433782866 ], [ 78.354932516526389, 17.461389143659801 ], [ 78.355015076732528, 17.461491310035239 ], [ 78.355078790969472, 17.461474395721194 ], [ 78.355117131457774, 17.461343533846737 ], [ 78.355106182799915, 17.461299433782866 ] ] ], [ [ [ 78.355083530551212, 17.461208192814073 ], [ 78.354853342443562, 17.46129116741006 ], [ 78.354897436918037, 17.461345733402897 ], [ 78.355092642993256, 17.461244896817757 ], [ 78.355083530551212, 17.461208192814073 ] ] ] ] } },
{ "type": "Feature", "properties": { "parcel_id": "SYN-P0276", "survey_number": "4585/C", "survey_subdivision": "C", "district": "DEMO-RANGAREDDY", "mandal": "DEMO-SERILINGAMPALLY", "village": "DEMO-KONDAPUR", "ward": "DEMO-WARD-05", "door_number": "376", "address": "Plot 8711, Demo Street 12, Kondapur", "area_sqm": 1449.53, "land_use": "mixed_use", "source": "BhuSetu synthetic integrated benchmark v1 (parcel registry)", "synthetic": true, "geometry_status": "reference" }, "geometry": { "type": "Polygon", "coordinates": [ [ [ 78.361628472650992, 17.451500851867422 ], [ 78.36177545138257, 17.451627490399993 ], [ 78.361890259908336, 17.451574001270075 ], [ 78.362117265688184, 17.451207935379045 ], [ 78.361934853674867, 17.451158548868079 ], [ 78.361844227805321, 17.451180497665923 ], [ 78.36174629251768, 17.451292123557131 ], [ 78.361633727746209, 17.451471923397715 ], [ 78.361628472650992, 17.451500851867422 ] ] ] } },
{ "type": "Feature", "properties": { "parcel_id": "SYN-P0277", "survey_number": "2176/A", "survey_subdivision": "A", "district": "DEMO-RANGAREDDY", "mandal": "DEMO-GACHIBOWLI", "village": "DEMO-KONDAPUR", "ward": "DEMO-WARD-06", "door_number": "377", "address": "Plot 5863, Demo Street 1, Kondapur", "area_sqm": 9711.8459, "land_use": "residential", "source": "BhuSetu synthetic integrated benchmark v1 (parcel registry)", "synthetic": true, "geometry_status": "reference" }, "geometry": { "type": "MultiPolygon", "coordinates": [ [ [ [ 78.352360165158473, 17.450849191697195 ], [ 78.352170451672592, 17.450787222459926 ], [ 78.352025313096249, 17.450749446662414 ], [ 78.352023091258317, 17.450748772720438 ], [ 78.351882091243269, 17.450699772711424 ], [ 78.351879479788579, 17.45069872011198 ], [ 78.35187699139432, 17.450697421596292 ], [ 78.351806199387838, 17.450655933486427 ], [ 78.352074899087938, 17.450914889086356 ], [ 78.352074997073672, 17.450914915280954 ], [ 78.352360165158473, 17.450849191697195 ] ] ], [ [ [ 78.352790766046652, 17.450741391224732 ], [ 78.352783061134943, 17.45072162761608 ], [ 78.352747707572078, 17.450755318569172 ], [ 78.352790766046652, 17.450741391224732 ] ] ], [ [ [ 78.35250176130198, 17.450000072395934 ], [ 78.351598757144401, 17.45000004989819 ], [ 78.351566033036022, 17.450111953230675 ], [ 78.351547042946464, 17.450229710982573 ], [ 78.351557290962617, 17.450296853088858 ], [ 78.35163442548081, 17.45043195705529 ], [ 78.351771957531753, 17.45057238246763 ], [ 78.351903982049308, 17.450649756306401 ], [ 78.352041212323968, 17.450697446255671 ], [ 78.352186086883378, 17.45073515332901 ], [ 78.352187793285424, 17.450735653543262 ], [ 78.352410374727839, 17.450808358949903 ], [ 78.352502563060938, 17.450793656895318 ], [ 78.352604711345307, 17.450773646502938 ], [ 78.352710178690316, 17.450714730907453 ], [ 78.352761358239391, 17.450665958232225 ], [ 78.35250176130198, 17.450000072395934 ] ] ], [ [ [ 78.351341617655194, 17.450000042740946 ], [ 78.351358694671191, 17.450093395586258 ], [ 78.351395289773421, 17.450226684988426 ], [ 78.351407759460869, 17.450271940707829 ], [ 78.351565480409931, 17.450423943070092 ], [ 78.351505348067818, 17.45031861896852 ], [ 78.351504240911723, 17.450316456830521 ], [ 78.351503338260216, 17.450314208832165 ], [ 78.351502647251849, 17.45031189275155 ], [ 78.351502173351378, 17.450309526905215 ], [ 78.351490573363193, 17.450233526905144 ], [ 78.351490304851296, 17.450230839996959 ], [ 78.351490316244096, 17.45022814077883 ], [ 78.35149060742846, 17.450225456047004 ], [ 78.351510507446008, 17.450102056052231 ], [ 78.351511225459433, 17.450098878905628 ], [ 78.35154012671768, 17.450000048295557 ], [ 78.351341617655194, 17.450000042740946 ] ] ], [ [ [ 78.351125626616906, 17.450000036471838 ], [ 78.351328318143928, 17.45019537961392 ], [ 78.351303807068533, 17.450106103434901 ], [ 78.351303300552317, 17.450103884988174 ], [ 78.351284304445016, 17.450000041100324 ], [ 78.351125626616906, 17.450000036471838 ] ] ] ] } },
{ "type": "Feature", "properties": { "parcel_id": "SYN-P0278", "survey_number": "8601/B", "survey_subdivision": "B", "district": "DEMO-RANGAREDDY", "mandal": "DEMO-MADHAPUR", "village": "DEMO-KONDAPUR", "ward": "DEMO-WARD-07", "door_number": "378", "address": "Plot 6834, Demo Street 2, Kondapur", "area_sqm": 2208.2549, "land_use": "commercial", "source": "BhuSetu synthetic integrated benchmark v1 (parcel registry)", "synthetic": true, "geometry_status": "reference" }, "geometry": { "type": "MultiPolygon", "coordinates": [ [ [ [ 78.353843112168292, 17.461538696331601 ], [ 78.353644954480444, 17.461641636024357 ], [ 78.353795925916629, 17.461914729152483 ], [ 78.353975381564098, 17.461822030369969 ], [ 78.354015212367145, 17.461568468411709 ], [ 78.353843112168292, 17.461538696331601 ] ] ], [ [ [ 78.353396904160547, 17.461764300593732 ], [ 78.353368268856286, 17.461903831374975 ], [ 78.353425368004196, 17.4620000912157 ], [ 78.353779789780987, 17.462000097280228 ], [ 78.35375952660894, 17.461964484164245 ], [ 78.353759450058021, 17.461964347679306 ], [ 78.353759444679667, 17.461964339122908 ], [ 78.3537594402152, 17.46196433013025 ], [ 78.35375936573007, 17.461964197328491 ], [ 78.353592927643987, 17.461663126355987 ], [ 78.353396904160547, 17.461764300593732 ] ] ], [ [ [ 78.353348514113108, 17.462000089817192 ], [ 78.353360406513872, 17.462000090035538 ], [ 78.353351570971597, 17.461985194748696 ], [ 78.353348514113108, 17.462000089817192 ] ] ], [ [ [ 78.353947409392731, 17.462000099928005 ], [ 78.353964862390058, 17.461888995009573 ], [ 78.353822684497317, 17.461962437743178 ], [ 78.35384411264782, 17.46200009831303 ], [ 78.353947409392731, 17.462000099928005 ] ] ] ] } },
{ "type": "Feature", "properties": { "parcel_id": "SYN-P0279", "survey_number": "5067/C", "survey_subdivision": "C", "district": "DEMO-RANGAREDDY", "mandal": "DEMO-SERILINGAMPALLY", "village": "DEMO-KONDAPUR", "ward": "DEMO-WARD-08", "door_number": "379", "address": "Plot 3009, Demo Street 3, Kondapur", "area_sqm": 414.5939, "land_use": "mixed_use", "source": "BhuSetu synthetic integrated benchmark v1 (parcel registry)", "synthetic": true, "geometry_status": "reference" }, "geometry": { "type": "MultiPolygon", "coordinates": [ [ [ [ 78.359940291413551, 17.450000101561745 ], [ 78.359702133408177, 17.450000104943705 ], [ 78.359668653709051, 17.450057689832057 ], [ 78.359665023668953, 17.450063948013351 ], [ 78.359833405356369, 17.450221964042431 ], [ 78.359940291413551, 17.450000101561745 ] ] ], [ [ [ 78.359596994180833, 17.450000106345893 ], [ 78.359623193548472, 17.450024692916532 ], [ 78.359637488432611, 17.450000105812432 ], [ 78.359596994180833, 17.450000106345893 ] ] ] ] } },
{ "type": "Feature", "properties": { "parcel_id": "SYN-P0280", "survey_number": "6992/A", "survey_subdivision": "A", "district": "DEMO-RANGAREDDY", "mandal": "DEMO-GACHIBOWLI", "village": "DEMO-KONDAPUR", "ward": "DEMO-WARD-01", "door_number": "380", "address": "Plot 2105, Demo Street 4, Kondapur", "area_sqm": 988.8514, "land_use": "residential", "source": "BhuSetu synthetic integrated benchmark v1 (parcel registry)", "synthetic": true, "geometry_status": "reference" }, "geometry": { "type": "MultiPolygon", "coordinates": [ [ [ [ 78.36308420186765, 17.450484800084219 ], [ 78.362735934964917, 17.450468046046868 ], [ 78.362685599100217, 17.450558696077191 ], [ 78.362745991111041, 17.450776037888748 ], [ 78.363068388184573, 17.450527438191724 ], [ 78.36308420186765, 17.450484800084219 ] ] ], [ [ [ 78.362534880089285, 17.450830125749263 ], [ 78.362663015590954, 17.450840019925096 ], [ 78.362697876865639, 17.450813138569373 ], [ 78.36264666091968, 17.450628819897958 ], [ 78.362534880089285, 17.450830125749263 ] ] ] ] } },
{ "type": "Feature", "properties": { "parcel_id": "SYN-P0281", "survey_number": "3362/B", "survey_subdivision": "B", "district": "DEMO-RANGAREDDY", "mandal": "DEMO-MADHAPUR", "village": "DEMO-KONDAPUR", "ward": "DEMO-WARD-02", "door_number": "381", "address": "Plot 9365, Demo Street 5, Kondapur", "area_sqm": 1107.7027, "land_use": "commercial", "source": "BhuSetu synthetic integrated benchmark v1 (parcel registry)", "synthetic": true, "geometry_status": "reference" }, "geometry": { "type": "MultiPolygon", "coordinates": [ [ [ [ 78.355983198933231, 17.450255379285181 ], [ 78.356290046346757, 17.450113078400619 ], [ 78.356206676563986, 17.45000012173583 ], [ 78.356048758447756, 17.450000121042482 ], [ 78.355756177851319, 17.450121727145675 ], [ 78.355867246371531, 17.450246288316045 ], [ 78.355983198933231, 17.450255379285181 ] ] ], [ [ [ 78.356381053204842, 17.450005406610654 ], [ 78.356381912799719, 17.450000122358297 ], [ 78.356275855941433, 17.45000012200002 ], [ 78.356328809085639, 17.450071867508466 ], [ 78.356381053204842, 17.450005406610654 ] ] ], [ [ [ 78.355710524042578, 17.450000119135094 ], [ 78.355742224632209, 17.450068482784491 ], [ 78.355906702819937, 17.45000012031154 ], [ 78.355710524042578, 17.450000119135094 ] ] ], [ [ [ 78.355647742407783, 17.450000118717686 ], [ 78.355649811649542, 17.450002439337528 ], [ 78.355648735570156, 17.45000011872445 ], [ 78.355647742407783, 17.450000118717686 ] ] ] ] } },
{ "type": "Feature", "properties": { "parcel_id": "SYN-P0282", "survey_number": "6467/C", "survey_subdivision": "C", "district": "DEMO-RANGAREDDY", "mandal": "DEMO-SERILINGAMPALLY", "village": "DEMO-KONDAPUR", "ward": "DEMO-WARD-03", "door_number": "382", "address": "Plot 1878, Demo Street 6, Kondapur", "area_sqm": 6487.6165, "land_use": "mixed_use", "source": "BhuSetu synthetic integrated benchmark v1 (parcel registry)", "synthetic": true, "geometry_status": "reference" }, "geometry": { "type": "Polygon", "coordinates": [ [ [ 78.357434770911425, 17.462000122917626 ], [ 78.358264705097881, 17.462000119365747 ], [ 78.357358338830068, 17.460804867609284 ], [ 78.357280955056268, 17.461039966862188 ], [ 78.357434770911425, 17.462000122917626 ] ] ] } },
{ "type": "Feature", "properties": { "parcel_id": "SYN-P0283", "survey_number": "1458/A", "survey_subdivision": "A", "district": "DEMO-RANGAREDDY", "mandal": "DEMO-GACHIBOWLI", "village": "DEMO-KONDAPUR", "ward": "DEMO-WARD-04", "door_number": "383", "address": "Plot 5657, Demo Street 7, Kondapur", "area_sqm": 2527.0912, "land_use": "residential", "source": "BhuSetu synthetic integrated benchmark v1 (parcel registry)", "synthetic": true, "geometry_status": "reference" }, "geometry": { "type": "MultiPolygon", "coordinates": [ [ [ [ 78.356014189791054, 17.461179658212146 ], [ 78.356097687143603, 17.461137260375015 ], [ 78.356220692502347, 17.461074644924782 ], [ 78.356421601201887, 17.460795201195431 ], [ 78.356649916200752, 17.460362617443881 ], [ 78.356081642647723, 17.460731949663497 ], [ 78.356083099487506, 17.460732167040533 ], [ 78.356085781730442, 17.4607328309786 ], [ 78.356088383252782, 17.46073374404946 ], [ 78.356090879000448, 17.460734897459744 ], [ 78.356093244938023, 17.460736280101486 ], [ 78.356095458280237, 17.460737878659089 ], [ 78.356097497711403, 17.460739677737568 ], [ 78.356099343590685, 17.460741660010846 ], [ 78.356100978141242, 17.460743806388546 ], [ 78.356102385621469, 17.460746096199863 ], [ 78.356103552476554, 17.460748507392669 ], [ 78.356104467469024, 17.460751016745888 ], [ 78.356105121786996, 17.460753600093064 ], [ 78.356105509129009, 17.460756232555145 ], [ 78.356105625764755, 17.460758888780081 ], [ 78.356105470570952, 17.46076154318699 ], [ 78.356105045042185, 17.460764170212464 ], [ 78.356104353276507, 17.460766744556825 ], [ 78.356103401936011, 17.460769241427702 ], [ 78.356102200182605, 17.460771636778883 ], [ 78.356100759589822, 17.4607739075418 ], [ 78.356099094031379, 17.460776031847782 ], [ 78.356097219547479, 17.460777989238572 ], [ 78.356095154190442, 17.460779760863439 ], [ 78.356092917850788, 17.460781329660648 ], [ 78.356090532065707, 17.460782680521824 ], [ 78.355885843493965, 17.460885933864564 ], [ 78.355879350919864, 17.460906149096921 ], [ 78.355994883774301, 17.461175371299618 ], [ 78.356014189791054, 17.461179658212146 ] ] ], [ [ [ 78.356127157220811, 17.46120474265684 ], [ 78.356151144077856, 17.461171379487944 ], [ 78.356124125752359, 17.46118513306147 ], [ 78.356124099958052, 17.461185146175566 ], [ 78.356098179197019, 17.461198308086338 ], [ 78.356127157220811, 17.46120474265684 ] ] ] ] } },
{ "type": "Feature", "properties": { "parcel_id": "SYN-P0284", "survey_number": "3875/B", "survey_subdivision": "B", "district": "DEMO-RANGAREDDY", "mandal": "DEMO-MADHAPUR", "village": "DEMO-KONDAPUR", "ward": "DEMO-WARD-05", "door_number": "384", "address": "Plot 6415, Demo Street 8, Kondapur", "area_sqm": 26204.0396, "land_use": "commercial", "source": "BhuSetu synthetic integrated benchmark v1 (parcel registry)", "synthetic": true, "geometry_status": "reference" }, "geometry": { "type": "MultiPolygon", "coordinates": [ [ [ [ 78.359157654604331, 17.458388351317673 ], [ 78.360105143222441, 17.457835717760521 ], [ 78.360168598671223, 17.457477298329746 ], [ 78.358930387053888, 17.458155918364504 ], [ 78.358934614529474, 17.458207111433655 ], [ 78.359157654604331, 17.458388351317673 ] ] ], [ [ [ 78.360183597915267, 17.457392576852321 ], [ 78.359025624593684, 17.458034955129783 ], [ 78.35902554952213, 17.458034996627468 ], [ 78.358924976111481, 17.458090393972064 ], [ 78.358925457761259, 17.458096226562425 ], [ 78.360180831973423, 17.457408199960142 ], [ 78.360183597915267, 17.457392576852321 ] ] ], [ [ [ 78.360205512891071, 17.457268792467978 ], [ 78.358991378203712, 17.457939380803126 ], [ 78.358991305673541, 17.457939420725321 ], [ 78.358915923502565, 17.457980770412341 ], [ 78.358920041788579, 17.45803064125019 ], [ 78.358997412912188, 17.45798802406555 ], [ 78.360195884110155, 17.457323179631508 ], [ 78.360205512891071, 17.457268792467978 ] ] ], [ [ [ 78.360225120097908, 17.457158043062964 ], [ 78.360278682038611, 17.456612360779921 ], [ 78.360147622149327, 17.45671868919721 ], [ 78.360092700576729, 17.456763253590577 ], [ 78.360012364625291, 17.456875106691459 ], [ 78.360003359337725, 17.456922005549739 ], [ 78.359993260208881, 17.456974701044807 ], [ 78.359992638193418, 17.456977248299136 ], [ 78.359991763074973, 17.456979726087319 ], [ 78.359990643015337, 17.45698211130038 ], [ 78.359989288460625, 17.456984381692745 ], [ 78.35998771204406, 17.456986516089728 ], [ 78.359985928467978, 17.456988494584976 ], [ 78.359983954366839, 17.456990298726161 ], [ 78.359981808151943, 17.456991911687048 ], [ 78.359979509839903, 17.456993318424431 ], [ 78.359977080865789, 17.456994505818436 ], [ 78.359974543883311, 17.456995462794914 ], [ 78.359971922553498, 17.456996180428675 ], [ 78.359969241324066, 17.456996652026724 ], [ 78.359966525201358, 17.456996873190743 ], [ 78.35989772519109, 17.456999273189712 ], [ 78.359894900008243, 17.456999235922961 ], [ 78.35989209286177, 17.45699892774978 ], [ 78.359889331879941, 17.456998351758166 ], [ 78.359886644728476, 17.456997513719678 ], [ 78.359822415217735, 17.456974010475346 ], [ 78.359768937154669, 17.456967951782108 ], [ 78.359716017975074, 17.456997013952545 ], [ 78.359713786017707, 17.456998116278342 ], [ 78.359711460851159, 17.456999023927469 ], [ 78.359709060863906, 17.456999729721812 ], [ 78.359706605036138, 17.457000228079661 ], [ 78.359607341312596, 17.457015982781378 ], [ 78.359195953388692, 17.457453451532761 ], [ 78.359193195774267, 17.45745601060332 ], [ 78.359064695766648, 17.457560010614337 ], [ 78.359062496792674, 17.457561620237257 ], [ 78.359060144257242, 17.457563015596786 ], [ 78.359057660743574, 17.457564183298128 ], [ 78.359055070092182, 17.457565112131935 ], [ 78.359052397172064, 17.45756579318185 ], [ 78.359049667641955, 17.457566219910117 ], [ 78.35889006761802, 17.457583519909498 ], [ 78.358887070729423, 17.457583690547786 ], [ 78.358884071909372, 17.457583554717779 ], [ 78.35888311001986, 17.457583411816252 ], [ 78.358910993347195, 17.457921068149055 ], [ 78.358963258033555, 17.457892399183851 ], [ 78.360217779786893, 17.457199504120108 ], [ 78.360225120097908, 17.457158043062964 ] ] ], [ [ [ 78.36029078893317, 17.456489016472297 ], [ 78.359952838937204, 17.456107011772694 ], [ 78.359581706569585, 17.45613831961272 ], [ 78.359579779808442, 17.456527937798921 ], [ 78.359858503777872, 17.45649140556073 ], [ 78.35996307563417, 17.456445100677129 ], [ 78.359965612506343, 17.456444117489923 ], [ 78.359968236635282, 17.456443374652451 ], [ 78.359970923367044, 17.456442879143761 ], [ 78.359973647459597, 17.456442635619169 ], [ 78.359976383319875, 17.456442646366643 ], [ 78.359979105244236, 17.456442911285155 ], [ 78.359981787660033, 17.456443427885834 ], [ 78.360034787653447, 17.45645622788307 ], [ 78.360037417180195, 17.456456995372253 ], [ 78.360039956470771, 17.456458004681117 ], [ 78.360042381449119, 17.456459246239987 ], [ 78.360044669122999, 17.456460708277174 ], [ 78.360046797802113, 17.456462376930478 ], [ 78.360109028485695, 17.456516213702372 ], [ 78.360154338928808, 17.456540994103019 ], [ 78.360218128550585, 17.456531620931163 ], [ 78.360220706396831, 17.456531357738275 ], [ 78.360223298529291, 17.456531322657636 ], [ 78.360225883082322, 17.45653151598512 ], [ 78.360228438254168, 17.456531936089988 ], [ 78.36028293270968, 17.456543390338656 ], [ 78.360285547269541, 17.456542418259474 ], [ 78.36029078893317, 17.456489016472297 ] ] ], [ [ [ 78.358769434078141, 17.456206838492125 ], [ 78.358878324273249, 17.457525458256892 ], [ 78.358889793367879, 17.457529023106307 ], [ 78.359034838736804, 17.457513300767946 ], [ 78.359155334628255, 17.457415778801792 ], [ 78.359572046612058, 17.456972648510206 ], [ 78.35957395787598, 17.456970802622045 ], [ 78.359576044853526, 17.456969141262245 ], [ 78.35957828828677, 17.456967679761217 ], [ 78.359580667474219, 17.456966431605149 ], [ 78.359583160461597, 17.456965408311547 ], [ 78.359585744244541, 17.456964619322985 ], [ 78.359588394980889, 17.456964071919952 ], [ 78.359692387410249, 17.456947566698855 ], [ 78.359748982021699, 17.456916486050414 ], [ 78.359751657955584, 17.456915192334368 ], [ 78.359754461694891, 17.456914178158325 ], [ 78.359757361646317, 17.456913454950325 ], [ 78.359760325132314, 17.45691303085967 ], [ 78.359763318759533, 17.45691291066516 ], [ 78.35976630879486, 17.456913095721163 ], [ 78.359832508785587, 17.456920595718781 ], [ 78.359834800561373, 17.456920947579814 ], [ 78.35983705447093, 17.456921478965754 ], [ 78.359839255275276, 17.456922186283812 ], [ 78.35990140111285, 17.456944927056263 ], [ 78.359941837766954, 17.456943516476233 ], [ 78.359947841529973, 17.456912189938279 ], [ 78.359951335492198, 17.456893993678577 ], [ 78.359883193082851, 17.456898623442186 ], [ 78.359880251519968, 17.456898675765324 ], [ 78.35987732026183, 17.456898433924412 ], [ 78.359874431155049, 17.456897900546924 ], [ 78.359871615588247, 17.456897081427751 ], [ 78.359770315577421, 17.456861981421294 ], [ 78.359767632479404, 17.456860898602628 ], [ 78.359765079829103, 17.456859556339502 ], [ 78.359668479823654, 17.456802356331387 ], [ 78.359665821731127, 17.456800572210259 ], [ 78.359611503759737, 17.456759458591968 ], [ 78.359580903759195, 17.456736258589139 ], [ 78.359578709937679, 17.456734410708044 ], [ 78.359576726673424, 17.456732355257049 ], [ 78.359574975174638, 17.456730114216271 ], [ 78.359573474171086, 17.456727711550467 ], [ 78.359572239713856, 17.456725172952726 ], [ 78.359571285003724, 17.456722525569749 ], [ 78.359524285026794, 17.456566525566295 ], [ 78.359524125013806, 17.456565880649144 ], [ 78.359523942681662, 17.456565278824975 ], [ 78.359523822149583, 17.456564659983513 ], [ 78.359523661378702, 17.456564012011569 ], [ 78.35952356041841, 17.456563316190923 ], [ 78.359523433684103, 17.456562665505558 ], [ 78.35952338012369, 17.456562073595357 ], [ 78.359523290058576, 17.456561452864456 ], [ 78.359523256840092, 17.456560711155415 ], [ 78.359523194017413, 17.456560016885337 ], [ 78.359523200734131, 17.456559458410311 ], [ 78.359523174444234, 17.456558871404553 ], [ 78.359525230754883, 17.456143083715052 ], [ 78.358769434078141, 17.456206838492125 ] ] ], [ [ [ 78.35988516567231, 17.456844171705974 ], [ 78.359970165552326, 17.456838396594449 ], [ 78.360048360754092, 17.456729524120746 ], [ 78.360049867208474, 17.456727613364809 ], [ 78.360051543680584, 17.45672583784393 ], [ 78.360053377055209, 17.456724211448158 ], [ 78.360111178670422, 17.456677310139831 ], [ 78.360223323749935, 17.456586327262375 ], [ 78.360221486083873, 17.456585941001052 ], [ 78.360153171439137, 17.456595979068982 ], [ 78.360150486098917, 17.456596248264969 ], [ 78.36014778624606, 17.456596269972593 ], [ 78.360145096583935, 17.45659604399323 ], [ 78.360142441722644, 17.456595572394573 ], [ 78.360139845953853, 17.456594859491695 ], [ 78.360137333028476, 17.45659391180757 ], [ 78.360134925939533, 17.456592738013399 ], [ 78.360078425935782, 17.456561838008827 ], [ 78.360075868067653, 17.456560258046011 ], [ 78.360073502193202, 17.456558423073343 ], [ 78.360014211377873, 17.456507129619578 ], [ 78.359977676004306, 17.456498305981658 ], [ 78.359878324355265, 17.456542299327335 ], [ 78.359875737402973, 17.456543299210544 ], [ 78.359873060272633, 17.456544049187368 ], [ 78.359870319099144, 17.45654454193631 ], [ 78.359587590960928, 17.456581598991203 ], [ 78.359623000185294, 17.456699127409351 ], [ 78.359646487253642, 17.456716934595711 ], [ 78.359699502709503, 17.456757062312626 ], [ 78.359792233089394, 17.456811970980496 ], [ 78.35988516567231, 17.456844171705974 ] ] ] ] } },
{ "type": "Feature", "properties": { "parcel_id": "SYN-P0285", "survey_number": "3158/C", "survey_subdivision": "C", "district": "DEMO-RANGAREDDY", "mandal": "DEMO-SERILINGAMPALLY", "village": "DEMO-KONDAPUR", "ward": "DEMO-WARD-06", "door_number": "385", "address": "Plot 9477, Demo Street 9, Kondapur", "area_sqm": 947.3606, "land_use": "mixed_use", "source": "BhuSetu synthetic integrated benchmark v1 (parcel registry)", "synthetic": true, "geometry_status": "reference" }, "geometry": { "type": "MultiPolygon", "coordinates": [ [ [ [ 78.359115699503022, 17.450209541365581 ], [ 78.359136495652336, 17.450117568852114 ], [ 78.358930389306479, 17.450000113941339 ], [ 78.358757436453956, 17.450000115546562 ], [ 78.35889948159803, 17.450350634787796 ], [ 78.359115699503022, 17.450209541365581 ] ] ], [ [ [ 78.359163054194525, 17.450000111544394 ], [ 78.359040959616522, 17.4500001128362 ], [ 78.359149117185794, 17.450061749122067 ], [ 78.359163054194525, 17.450000111544394 ] ] ] ] } },
{ "type": "Feature", "properties": { "parcel_id": "SYN-P0286", "survey_number": "5785/A", "survey_subdivision": "A", "district": "DEMO-RANGAREDDY", "mandal": "DEMO-GACHIBOWLI", "village": "DEMO-KONDAPUR", "ward": "DEMO-WARD-07", "door_number": "386", "address": "Plot 8560, Demo Street 10, Kondapur", "area_sqm": 31307.8511, "land_use": "residential", "source": "BhuSetu synthetic integrated benchmark v1 (parcel registry)", "synthetic": true, "geometry_status": "reference" }, "geometry": { "type": "MultiPolygon", "coordinates": [ [ [ [ 78.357937241432296, 17.453611490266713 ], [ 78.358126518612309, 17.453527910660053 ], [ 78.357807931208868, 17.451639834632093 ], [ 78.357542523323772, 17.451146638881053 ], [ 78.357542362164523, 17.451146946404602 ], [ 78.357540880957558, 17.451149192927268 ], [ 78.357539177468297, 17.451151289281494 ], [ 78.357537268102263, 17.451153215278264 ], [ 78.357535171247719, 17.451154952369158 ], [ 78.357532907098488, 17.451156483825052 ], [ 78.357530497459607, 17.451157794897156 ], [ 78.357527965537216, 17.451158872959152 ], [ 78.357525335715067, 17.451159707628701 ], [ 78.357522633319888, 17.451160290867463 ], [ 78.35751988437714, 17.451160617058555 ], [ 78.357517115360722, 17.451160683060554 ], [ 78.357173615310273, 17.451152683052538 ], [ 78.357172669055473, 17.451152645759052 ], [ 78.356959303271324, 17.451140792101544 ], [ 78.35691877770752, 17.451145822624603 ], [ 78.356886859907362, 17.451226344143095 ], [ 78.35690849474588, 17.453681016488808 ], [ 78.357051136502164, 17.453703659381937 ], [ 78.357937241432296, 17.453611490266713 ] ] ], [ [ [ 78.357415752420309, 17.450911065200888 ], [ 78.357013843923667, 17.450905991140168 ], [ 78.356941554402184, 17.451088362028436 ], [ 78.356954679866746, 17.451086732735387 ], [ 78.356957301084023, 17.451086525951037 ], [ 78.356959930974753, 17.451086554246842 ], [ 78.357175458142152, 17.45109852797432 ], [ 78.357518484638476, 17.451106516939337 ], [ 78.357521028757915, 17.451106696365869 ], [ 78.357415752420309, 17.450911065200888 ] ] ], [ [ [ 78.357320459947317, 17.450733986336623 ], [ 78.357055520284462, 17.450852330604949 ], [ 78.357386393124784, 17.450856507824319 ], [ 78.357320459947317, 17.450733986336623 ] ] ] ] } },
{ "type": "Feature", "properties": { "parcel_id": "SYN-P0287", "survey_number": "3970/B", "survey_subdivision": "B", "district": "DEMO-RANGAREDDY", "mandal": "DEMO-MADHAPUR", "village": "DEMO-KONDAPUR", "ward": "DEMO-WARD-08", "door_number": "387", "address": "Plot 3652, Demo Street 11, Kondapur", "area_sqm": 792.8867, "land_use": "commercial", "source": "BhuSetu synthetic integrated benchmark v1 (parcel registry)", "synthetic": true, "geometry_status": "shifted_geometry" }, "geometry": { "type": "MultiPolygon", "coordinates": [ [ [ [ 78.35708995346755, 17.45064958298526 ], [ 78.357365317065273, 17.450653092859973 ], [ 78.357410979911393, 17.450535590996143 ], [ 78.357089959531194, 17.450529274974063 ], [ 78.35708709775264, 17.450642044298124 ], [ 78.35708995346755, 17.45064958298526 ] ] ], [ [ [ 78.357437961737617, 17.450466159952615 ], [ 78.357440338672774, 17.45043528935409 ], [ 78.357224349504932, 17.450333751209413 ], [ 78.357091360403686, 17.450451382106834 ], [ 78.357091027498626, 17.450475102554861 ], [ 78.357431880409976, 17.450481808748261 ], [ 78.357437961737617, 17.450466159952615 ] ] ] ] } },
{ "type": "Feature", "properties": { "parcel_id": "SYN-P0288", "survey_number": "3029/C", "survey_subdivision": "C", "district": "DEMO-RANGAREDDY", "mandal": "DEMO-SERILINGAMPALLY", "village": "DEMO-KONDAPUR", "ward": "DEMO-WARD-01", "door_number": "388", "address": "Plot 5846, Demo Street 12, Kondapur", "area_sqm": 1441.9097, "land_use": "mixed_use", "source": "BhuSetu synthetic integrated benchmark v1 (parcel registry)", "synthetic": true, "geometry_status": "reference" }, "geometry": { "type": "MultiPolygon", "coordinates": [ [ [ [ 78.354012161964363, 17.461389268015935 ], [ 78.354295469635844, 17.461242093238226 ], [ 78.354068520474399, 17.461025399877048 ], [ 78.353943360040589, 17.461090334349283 ], [ 78.354012161964363, 17.461389268015935 ] ] ], [ [ [ 78.354049163307479, 17.461550032819321 ], [ 78.354119627038102, 17.461542234046469 ], [ 78.354339280052699, 17.461476603700483 ], [ 78.354383066290808, 17.461325731224338 ], [ 78.354337258709734, 17.461281993793008 ], [ 78.354024827532058, 17.46144429786489 ], [ 78.354049163307479, 17.461550032819321 ] ] ], [ [ [ 78.353999143597747, 17.460959157990906 ], [ 78.35395246976644, 17.461024016903288 ], [ 78.354026724652812, 17.460985492725825 ], [ 78.353999143597747, 17.460959157990906 ] ] ] ] } },
{ "type": "Feature", "properties": { "parcel_id": "SYN-P0289", "survey_number": "2522/A", "survey_subdivision": "A", "district": "DEMO-RANGAREDDY", "mandal": "DEMO-GACHIBOWLI", "village": "DEMO-KONDAPUR", "ward": "DEMO-WARD-02", "door_number": "389", "address": "Plot 1755, Demo Street 1, Kondapur", "area_sqm": 1347.5804, "land_use": "residential", "source": "BhuSetu synthetic integrated benchmark v1 (parcel registry)", "synthetic": true, "geometry_status": "reference" }, "geometry": { "type": "MultiPolygon", "coordinates": [ [ [ [ 78.353889442081808, 17.459983240915275 ], [ 78.353898156966039, 17.459971996585733 ], [ 78.353811259168864, 17.459818741139664 ], [ 78.353681249883707, 17.459593593566396 ], [ 78.35365118281041, 17.459785441424213 ], [ 78.35380178899878, 17.459981373586075 ], [ 78.353889442081808, 17.459983240915275 ] ] ], [ [ [ 78.354032439240214, 17.459798739399162 ], [ 78.354019400561995, 17.459743422539901 ], [ 78.353903579926566, 17.459802056242559 ], [ 78.353874449405325, 17.459816835701112 ], [ 78.353935273633326, 17.45992410699585 ], [ 78.354032439240214, 17.459798739399162 ] ] ], [ [ [ 78.353944668529536, 17.459426369905945 ], [ 78.353852853030389, 17.459424139290245 ], [ 78.353709587542767, 17.459530894594511 ], [ 78.353847273863508, 17.459769337065083 ], [ 78.353877231345649, 17.459754138052066 ], [ 78.354006500994018, 17.459688695835386 ], [ 78.353944668529536, 17.459426369905945 ] ] ] ] } },
{ "type": "Feature", "properties": { "parcel_id": "SYN-P0290", "survey_number": "2522/A", "survey_subdivision": "A", "district": "DEMO-RANGAREDDY", "mandal": "DEMO-MADHAPUR", "village": "DEMO-KONDAPUR", "ward": "DEMO-WARD-03", "door_number": "390", "address": "Plot 3059, Demo Street 2, Kondapur", "area_sqm": 1095.9323, "land_use": "commercial", "source": "BhuSetu synthetic integrated benchmark v1 (parcel registry)", "synthetic": true, "geometry_status": "reference" }, "geometry": { "type": "MultiPolygon", "coordinates": [ [ [ [ 78.351931480145268, 17.458872632613751 ], [ 78.351995926829545, 17.458851347325485 ], [ 78.351888207704732, 17.4586550143278 ], [ 78.351635844181558, 17.458788000607861 ], [ 78.351637968651303, 17.458792175351896 ], [ 78.351931480145268, 17.458872632613751 ] ] ], [ [ [ 78.352082939877846, 17.458822608832559 ], [ 78.352054227996774, 17.458603338394131 ], [ 78.352015394038972, 17.45859081356398 ], [ 78.351937991542627, 17.458629466524116 ], [ 78.352049940011312, 17.458833507967277 ], [ 78.352082939877846, 17.458822608832559 ] ] ], [ [ [ 78.351896079788261, 17.458552331962366 ], [ 78.351911832985394, 17.45858145256684 ], [ 78.351941082106194, 17.458566846259199 ], [ 78.351896079788261, 17.458552331962366 ] ] ], [ [ [ 78.351703181139399, 17.458490117514636 ], [ 78.351621618356944, 17.458539863031014 ], [ 78.351620730315517, 17.458734153903553 ], [ 78.351862041205322, 17.458606991938961 ], [ 78.351819028792704, 17.458527481191926 ], [ 78.351703181139399, 17.458490117514636 ] ] ] ] } },
{ "type": "Feature", "properties": { "parcel_id": "SYN-P0291", "survey_number": "2779/C", "survey_subdivision": "C", "district": "DEMO-RANGAREDDY", "mandal": "DEMO-SERILINGAMPALLY", "village": "DEMO-KONDAPUR", "ward": "DEMO-WARD-04", "door_number": "391", "address": "Plot 7314, Demo Street 3, Kondapur", "area_sqm": 1471.326, "land_use": "mixed_use", "source": "BhuSetu synthetic integrated benchmark v1 (parcel registry)", "synthetic": true, "geometry_status": "reference" }, "geometry": { "type": "MultiPolygon", "coordinates": [ [ [ [ 78.352948929939657, 17.461547683000294 ], [ 78.353087250950779, 17.461473640207377 ], [ 78.353087468155138, 17.461473525489403 ], [ 78.353087473776398, 17.461473522190278 ], [ 78.3530874789558, 17.461473519784963 ], [ 78.35308753249933, 17.461473491505572 ], [ 78.353185156022789, 17.461422623666092 ], [ 78.353184289285338, 17.461422424587624 ], [ 78.352938161615413, 17.461527122363499 ], [ 78.352948929939657, 17.461547683000294 ] ] ], [ [ [ 78.353185870191126, 17.462000086759456 ], [ 78.353348514113108, 17.462000089817192 ], [ 78.353351570971597, 17.461985194748696 ], [ 78.353225170147596, 17.46177210325607 ], [ 78.353225056622676, 17.461771887938166 ], [ 78.353224925452324, 17.461771682063215 ], [ 78.353089874218497, 17.461534275223002 ], [ 78.352974307398469, 17.461596137756356 ], [ 78.353185870191126, 17.462000086759456 ] ] ], [ [ [ 78.353396904160547, 17.461764300593732 ], [ 78.353301958645815, 17.461449451690822 ], [ 78.353267276419501, 17.461441485647789 ], [ 78.353139332822224, 17.461508152146862 ], [ 78.353274354149889, 17.461745506291656 ], [ 78.353368268856286, 17.461903831374975 ], [ 78.353396904160547, 17.461764300593732 ] ] ] ] } },
{ "type": "Feature", "properties": { "parcel_id": "SYN-P0292", "survey_number": "3214/A", "survey_subdivision": "A", "district": "DEMO-RANGAREDDY", "mandal": "DEMO-GACHIBOWLI", "village": "DEMO-KONDAPUR", "ward": "DEMO-WARD-05", "door_number": "392", "address": "Plot 1920, Demo Street 4, Kondapur", "area_sqm": 22403.4234, "land_use": "residential", "source": "BhuSetu synthetic integrated benchmark v1 (parcel registry)", "synthetic": true, "geometry_status": "reference" }, "geometry": { "type": "MultiPolygon", "coordinates": [ [ [ [ 78.361253478003789, 17.46050221737972 ], [ 78.361566549582136, 17.46042937157959 ], [ 78.361569270400054, 17.460428872724375 ], [ 78.361572029062174, 17.460428632230443 ], [ 78.361574799001048, 17.460428652413896 ], [ 78.361577553540698, 17.460428933080347 ], [ 78.361580266153396, 17.460429471526833 ], [ 78.3615829107152, 17.460430262567826 ], [ 78.361585461757571, 17.460431298585178 ], [ 78.361587894712557, 17.460432569601458 ], [ 78.361590186149485, 17.460434063376109 ], [ 78.361592314000561, 17.460435765523268 ], [ 78.361594257773433, 17.460437659650324 ], [ 78.361595998748484, 17.460439727515816 ], [ 78.361597520159194, 17.460441949205073 ], [ 78.361598807353516, 17.460444303322017 ], [ 78.361599847935068, 17.460446767195208 ], [ 78.361600631882467, 17.460449317096209 ], [ 78.361601151645857, 17.460451928468082 ], [ 78.361601402219662, 17.460454576161876 ], [ 78.36160138119061, 17.460457234678888 ], [ 78.361601088761304, 17.460459878416106 ], [ 78.361600527747967, 17.460462481912913 ], [ 78.361599703553424, 17.460465020096208 ], [ 78.361598624115132, 17.460467468521877 ], [ 78.361597299828659, 17.460469803610259 ], [ 78.361595743447623, 17.460472002873153 ], [ 78.361593969960765, 17.460474045130464 ], [ 78.361591996447785, 17.460475910714116 ], [ 78.361589841914693, 17.460477581657521 ], [ 78.3615875271108, 17.460479041868584 ], [ 78.361585074328943, 17.460480277284653 ], [ 78.361582507190789, 17.460481276008007 ], [ 78.361579850419247, 17.46048202842038 ], [ 78.36134956424948, 17.46053561167755 ], [ 78.361959623292293, 17.460747633361002 ], [ 78.361993507009956, 17.460582757471659 ], [ 78.361994175753992, 17.460580177517866 ], [ 78.361995104756232, 17.460577672898868 ], [ 78.361996285069907, 17.460575267735514 ], [ 78.361997705327923, 17.460572985190822 ], [ 78.361999351852404, 17.460570847246938 ], [ 78.362001208786424, 17.46056887449344 ], [ 78.362003258246702, 17.460567085928997 ], [ 78.362005480495824, 17.460565498778472 ], [ 78.362007854132301, 17.460564128326979 ], [ 78.36201035629675, 17.460562987772725 ], [ 78.362012962891939, 17.460562088099849 ], [ 78.36201564881496, 17.4605614379727 ], [ 78.362018388198919, 17.460561043652351 ], [ 78.362021154662045, 17.460560908936333 ], [ 78.362023921561814, 17.460561035122026 ], [ 78.362026662251466, 17.460561420994196 ], [ 78.362029350336698, 17.460562062836694 ], [ 78.362031959929766, 17.460562954468216 ], [ 78.362034465898859, 17.460564087301886 ], [ 78.362036844110179, 17.460565450427886 ], [ 78.362039071660192, 17.460567030718583 ], [ 78.362041127096433, 17.460568812954907 ], [ 78.362042990623905, 17.460570779972976 ], [ 78.362044644295807, 17.460572912829313 ], [ 78.362046072186359, 17.460575190983359 ], [ 78.362047260544216, 17.460577592495252 ], [ 78.362048197924835, 17.460580094237123 ], [ 78.362048875300701, 17.460582672115819 ], [ 78.362049286148306, 17.460585301304985 ], [ 78.36204942651095, 17.460587956484073 ], [ 78.362049295036854, 17.460590612082271 ], [ 78.362048892992192, 17.460593242524698 ], [ 78.362013328321737, 17.460766298053869 ], [ 78.362273115675407, 17.460856584530266 ], [ 78.362905602869844, 17.460177021769447 ], [ 78.362883999995205, 17.459806298437737 ], [ 78.362790716934711, 17.459735305313178 ], [ 78.362789579732478, 17.459736246735424 ], [ 78.36278734786579, 17.459737759524451 ], [ 78.362784974059423, 17.459739058113456 ], [ 78.362782480556575, 17.459740130334332 ], [ 78.362779890722095, 17.459740966140057 ], [ 78.362692690709679, 17.459764666141833 ], [ 78.362690163561169, 17.459765233958986 ], [ 78.362687592753943, 17.459765576581965 ], [ 78.362685000024612, 17.459765691113848 ], [ 78.362348799974811, 17.459765691107147 ], [ 78.362346154894141, 17.459765571892998 ], [ 78.362343533092584, 17.459765215304294 ], [ 78.362340957644108, 17.459764624479323 ], [ 78.362191457626324, 17.45972312447088 ], [ 78.362188794698, 17.459722244896724 ], [ 78.36218623634457, 17.459721115018148 ], [ 78.362183808033095, 17.459719746082516 ], [ 78.36218153393618, 17.459718151716874 ], [ 78.362179436691235, 17.459716347792309 ], [ 78.362177537175313, 17.459714352265959 ], [ 78.362175854297064, 17.459712185002264 ], [ 78.362076254310566, 17.459569584992064 ], [ 78.362074621796594, 17.459566933227663 ], [ 78.36207331344805, 17.459564120749153 ], [ 78.362070963152348, 17.459558182764873 ], [ 78.361641604940431, 17.459655001332937 ], [ 78.36039898706008, 17.460058265310511 ], [ 78.3608984617685, 17.460378832762338 ], [ 78.361253478003789, 17.46050221737972 ] ] ], [ [ [ 78.362446663998938, 17.459473462846333 ], [ 78.36212737005647, 17.459545463153411 ], [ 78.362217020102037, 17.459673817510968 ], [ 78.362352799930747, 17.45971150889606 ], [ 78.362681080488002, 17.459711508889445 ], [ 78.362738826628018, 17.459695814127105 ], [ 78.362446663998938, 17.459473462846333 ] ] ] ] } },
{ "type": "Feature", "properties": { "parcel_id": "SYN-P0293", "survey_number": "2908/B", "survey_subdivision": "B", "district": "DEMO-RANGAREDDY", "mandal": "DEMO-MADHAPUR", "village": "DEMO-KONDAPUR", "ward": "DEMO-WARD-06", "door_number": "393", "address": "Plot 8005, Demo Street 5, Kondapur", "area_sqm": 1064.3246, "land_use": "commercial", "source": "BhuSetu synthetic integrated benchmark v1 (parcel registry)", "synthetic": true, "geometry_status": "reference" }, "geometry": { "type": "MultiPolygon", "coordinates": [ [ [ [ 78.358683426706449, 17.450446633947919 ], [ 78.358683096720256, 17.450513414026432 ], [ 78.358810510857111, 17.45050912558213 ], [ 78.358813280447208, 17.450509162894697 ], [ 78.358816032890644, 17.450509460589355 ], [ 78.358818741679897, 17.450510015799093 ], [ 78.358821380727846, 17.450510823176995 ], [ 78.358823924619031, 17.450511874947523 ], [ 78.358826348854393, 17.450513160981608 ], [ 78.358828630087231, 17.450514668894002 ], [ 78.358830746348019, 17.450516384162714 ], [ 78.358832677256032, 17.450518290268768 ], [ 78.358834404215528, 17.450520368855315 ], [ 78.358835910594976, 17.45052259990446 ], [ 78.358837181887097, 17.450524961929972 ], [ 78.358838205848642, 17.450527432184249 ], [ 78.358838972618301, 17.45052998687741 ], [ 78.358839474811646, 17.450532601406348 ], [ 78.358839707592267, 17.450535250591734 ], [ 78.358839668718346, 17.450537908920452 ], [ 78.358839358564254, 17.450540550791363 ], [ 78.35883878011694, 17.450543150761785 ], [ 78.358837938947147, 17.450545683792573 ], [ 78.3588368431558, 17.45054812548927 ], [ 78.358835503295964, 17.450550452336987 ], [ 78.358833932271182, 17.450552641926897 ], [ 78.358832145211309, 17.450554673172061 ], [ 78.358830159326729, 17.450556526510457 ], [ 78.358827993742565, 17.450558184093428 ], [ 78.358825669314569, 17.450559629957528 ], [ 78.358823208428305, 17.450560850178306 ], [ 78.358820634783413, 17.450561833004354 ], [ 78.358817973165557, 17.450562568970525 ], [ 78.358815249207552, 17.45056305098905 ], [ 78.358812489142608, 17.450563274417831 ], [ 78.358682828773567, 17.450567638458811 ], [ 78.358681429689582, 17.450850763135659 ], [ 78.358835952494672, 17.450842050902889 ], [ 78.358932628040705, 17.450665627684209 ], [ 78.358883102578929, 17.450452991644681 ], [ 78.358683426706449, 17.450446633947919 ] ] ], [ [ [ 78.358680066920883, 17.451126525566732 ], [ 78.358805262617722, 17.45089805677036 ], [ 78.358681161400099, 17.450905053770452 ], [ 78.358680066920883, 17.451126525566732 ] ] ] ] } },
{ "type": "Feature", "properties": { "parcel_id": "SYN-P0294", "survey_number": "4756/C", "survey_subdivision": "C", "district": "DEMO-RANGAREDDY", "mandal": "DEMO-SERILINGAMPALLY", "village": "DEMO-KONDAPUR", "ward": "DEMO-WARD-07", "door_number": "394", "address": "Plot 3898, Demo Street 6, Kondapur", "area_sqm": 409.8428, "land_use": "mixed_use", "source": "BhuSetu synthetic integrated benchmark v1 (parcel registry)", "synthetic": true, "geometry_status": "reference" }, "geometry": { "type": "MultiPolygon", "coordinates": [ [ [ [ 78.356788329574258, 17.450846273233221 ], [ 78.356642056495474, 17.450777483571592 ], [ 78.35677410249032, 17.450926242464163 ], [ 78.356788329574258, 17.450846273233221 ] ] ], [ [ [ 78.356815754356049, 17.450692120578005 ], [ 78.356705775733246, 17.450537224528631 ], [ 78.356591359804412, 17.450693305569626 ], [ 78.356798235036521, 17.450790595411181 ], [ 78.356815754356049, 17.450692120578005 ] ] ] ] } },
{ "type": "Feature", "properties": { "parcel_id": "SYN-P0295", "survey_number": "3032/A", "survey_subdivision": "A", "district": "DEMO-RANGAREDDY", "mandal": "DEMO-GACHIBOWLI", "village": "DEMO-KONDAPUR", "ward": "DEMO-WARD-08", "door_number": "395", "address": "Plot 5926, Demo Street 7, Kondapur", "area_sqm": 1414.9722, "land_use": "residential", "source": "BhuSetu synthetic integrated benchmark v1 (parcel registry)", "synthetic": true, "geometry_status": "reference" }, "geometry": { "type": "MultiPolygon", "coordinates": [ [ [ [ 78.351167323666758, 17.458968053693759 ], [ 78.351229307809064, 17.45893441749741 ], [ 78.351229939375969, 17.458934085390897 ], [ 78.351229947173294, 17.458934080926873 ], [ 78.351229952064088, 17.458934078718904 ], [ 78.351229969902221, 17.458934069338802 ], [ 78.35148535601374, 17.458804006809885 ], [ 78.351137511616216, 17.458922095866576 ], [ 78.351135016568222, 17.458932037255451 ], [ 78.351167323666758, 17.458968053693759 ] ] ], [ [ [ 78.351296739712254, 17.459112328467778 ], [ 78.351231878372033, 17.458995264990676 ], [ 78.351204876282338, 17.459009917891184 ], [ 78.351296739712254, 17.459112328467778 ] ] ], [ [ [ 78.351519518986876, 17.459360685185004 ], [ 78.351544202039747, 17.459346467434525 ], [ 78.35160643393607, 17.459219181943819 ], [ 78.351628125036711, 17.458925466610463 ], [ 78.351570964010065, 17.458821745384753 ], [ 78.351281386269633, 17.458969221057302 ], [ 78.351463978932543, 17.459298768616634 ], [ 78.351519518986876, 17.459360685185004 ] ] ], [ [ [ 78.351637968651303, 17.458792175351896 ], [ 78.351635844181558, 17.458788000607861 ], [ 78.351620644123344, 17.458796010461096 ], [ 78.351635671665974, 17.458823278602257 ], [ 78.351637968651303, 17.458792175351896 ] ] ] ] } },
{ "type": "Feature", "properties": { "parcel_id": "SYN-P0296", "survey_number": "5352/B", "survey_subdivision": "B", "district": "DEMO-RANGAREDDY", "mandal": "DEMO-MADHAPUR", "village": "DEMO-KONDAPUR", "ward": "DEMO-WARD-01", "door_number": "396", "address": "Plot 6007, Demo Street 8, Kondapur", "area_sqm": 12254.2387, "land_use": "commercial", "source": "BhuSetu synthetic integrated benchmark v1 (parcel registry)", "synthetic": true, "geometry_status": "reference" }, "geometry": { "type": "MultiPolygon", "coordinates": [ [ [ [ 78.36029078893317, 17.456489016472297 ], [ 78.360592056526784, 17.456129999380519 ], [ 78.360579236824236, 17.456102023643957 ], [ 78.360465951175556, 17.455965440150973 ], [ 78.360350158785238, 17.455857756179686 ], [ 78.360348273011809, 17.455855822142347 ], [ 78.360346593040276, 17.455853720590195 ], [ 78.360345134931492, 17.455851471614455 ], [ 78.360343912625211, 17.455849096715731 ], [ 78.360342937806905, 17.455846618598503 ], [ 78.360342219795996, 17.455844060954 ], [ 78.360341765456781, 17.455841448233773 ], [ 78.360341579132808, 17.455838805415876 ], [ 78.360339979145564, 17.455756505417359 ], [ 78.36034004669385, 17.455754060050651 ], [ 78.36034034378828, 17.455751630501204 ], [ 78.360340868006489, 17.455749236578193 ], [ 78.360341615074333, 17.455746897800321 ], [ 78.360359290497783, 17.45569934018711 ], [ 78.360384473988901, 17.45560591442193 ], [ 78.360384889876386, 17.455604620620026 ], [ 78.360385142501329, 17.45560379553346 ], [ 78.360385195775265, 17.455603668986395 ], [ 78.360385240771222, 17.455603529006584 ], [ 78.360385903340941, 17.455601988233063 ], [ 78.360386180210369, 17.455601330556693 ], [ 78.3603862083434, 17.455601278964735 ], [ 78.360386233070514, 17.455601221463048 ], [ 78.36038744246099, 17.455599011384862 ], [ 78.360460776344993, 17.455478801359639 ], [ 78.360466568334502, 17.455419066156672 ], [ 78.360455311165168, 17.455350482496311 ], [ 78.360393552825343, 17.45505593646098 ], [ 78.359889677613083, 17.454755025209302 ], [ 78.359952838937204, 17.456107011772694 ], [ 78.36029078893317, 17.456489016472297 ] ] ], [ [ [ 78.361126198057093, 17.455493464010445 ], [ 78.361066412929731, 17.45545776116818 ], [ 78.361003412196098, 17.455516183111961 ], [ 78.361001541172683, 17.45551777070617 ], [ 78.360999531266344, 17.455519193352959 ], [ 78.360997398211197, 17.455520439915443 ], [ 78.360995158705393, 17.455521500635179 ], [ 78.3608856586916, 17.455567700639719 ], [ 78.360883395501972, 17.455568545983216 ], [ 78.360881064980248, 17.455569201474958 ], [ 78.360878684378832, 17.455569662262516 ], [ 78.360434485696402, 17.455636700260516 ], [ 78.360413626025817, 17.455714085579807 ], [ 78.360412884923321, 17.455716402193246 ], [ 78.360396517034602, 17.455760441778896 ], [ 78.360397803633205, 17.4558266206616 ], [ 78.360506541213212, 17.455927743806289 ], [ 78.360508982813343, 17.455930327052194 ], [ 78.360625682823382, 17.456071027040267 ], [ 78.360627111146755, 17.45607290984449 ], [ 78.360628365703448, 17.456074903438338 ], [ 78.36062943722122, 17.456076993087489 ], [ 78.360631944680094, 17.456082464975626 ], [ 78.361126198057093, 17.455493464010445 ] ] ], [ [ [ 78.36045937825638, 17.455095246856551 ], [ 78.360510770937609, 17.455340355214357 ], [ 78.360510981829734, 17.455341484070239 ], [ 78.360522881840993, 17.455413984070045 ], [ 78.360523150052018, 17.455416217662972 ], [ 78.360523224368521, 17.455418464910018 ], [ 78.360523104278656, 17.455420710332419 ], [ 78.360516404288916, 17.455489810334768 ], [ 78.360515951688598, 17.455492735888363 ], [ 78.360515169511515, 17.455495596652366 ], [ 78.360514067080317, 17.455498358529702 ], [ 78.360512657534727, 17.455500988601919 ], [ 78.360466251353216, 17.455577058384723 ], [ 78.360866295803675, 17.455516684041093 ], [ 78.360967819019805, 17.455473849587545 ], [ 78.361016993817145, 17.455428248742461 ], [ 78.36045937825638, 17.455095246856551 ] ] ] ] } },
{ "type": "Feature", "properties": { "parcel_id": "SYN-P0297", "survey_number": "4761/C", "survey_subdivision": "C", "district": "DEMO-RANGAREDDY", "mandal": "DEMO-SERILINGAMPALLY", "village": "DEMO-KONDAPUR", "ward": "DEMO-WARD-02", "door_number": "397", "address": "Plot 225, Demo Street 9, Kondapur", "area_sqm": 1940.5619, "land_use": "mixed_use", "source": "BhuSetu synthetic integrated benchmark v1 (parcel registry)", "synthetic": true, "geometry_status": "reference" }, "geometry": { "type": "MultiPolygon", "coordinates": [ [ [ [ 78.36177146383406, 17.45114668923387 ], [ 78.361884854247066, 17.450965490576301 ], [ 78.361774782961803, 17.450540481165312 ], [ 78.36138832883951, 17.450920450550125 ], [ 78.361491326130675, 17.451016528091106 ], [ 78.36177146383406, 17.45114668923387 ] ] ], [ [ [ 78.361844227805321, 17.451180497665923 ], [ 78.361934853674867, 17.451158548868079 ], [ 78.361904129726838, 17.451039917287602 ], [ 78.361822480564143, 17.451170393216834 ], [ 78.361844227805321, 17.451180497665923 ] ] ] ] } },
{ "type": "Feature", "properties": { "parcel_id": "SYN-P0298", "survey_number": "5677/A", "survey_subdivision": "A", "district": "DEMO-RANGAREDDY", "mandal": "DEMO-GACHIBOWLI", "village": "DEMO-KONDAPUR", "ward": "DEMO-WARD-03", "door_number": "398", "address": "Plot 9068, Demo Street 10, Kondapur", "area_sqm": 2172.4311, "land_use": "residential", "source": "BhuSetu synthetic integrated benchmark v1 (parcel registry)", "synthetic": true, "geometry_status": "reference" }, "geometry": { "type": "MultiPolygon", "coordinates": [ [ [ [ 78.352469472155761, 17.461313917746612 ], [ 78.352546664475838, 17.461277945639516 ], [ 78.352576625329789, 17.461260742317911 ], [ 78.352838193227484, 17.461110786947174 ], [ 78.352864859946266, 17.461027521686159 ], [ 78.352717420273706, 17.460841932605426 ], [ 78.352360453597285, 17.46103062606069 ], [ 78.35228653028652, 17.461251498857756 ], [ 78.352469472155761, 17.461313917746612 ] ] ], [ [ [ 78.352702517047931, 17.461313250480199 ], [ 78.352654471501523, 17.461340799455893 ], [ 78.352659968330485, 17.461350476732804 ], [ 78.352702517047931, 17.461313250480199 ] ] ], [ [ [ 78.352667225514836, 17.460778750060296 ], [ 78.35255377519367, 17.460726047619836 ], [ 78.352441833843358, 17.460787472152415 ], [ 78.352385605753895, 17.460955474679828 ], [ 78.35268281264544, 17.460798370332931 ], [ 78.352667225514836, 17.460778750060296 ] ] ] ] } },
{ "type": "Feature", "properties": { "parcel_id": "SYN-P0299", "survey_number": "7423/B", "survey_subdivision": "B", "district": "DEMO-RANGAREDDY", "mandal": "DEMO-MADHAPUR", "village": "DEMO-KONDAPUR", "ward": "DEMO-WARD-04", "door_number": "399", "address": "Plot 8992, Demo Street 11, Kondapur", "area_sqm": 2236.4252, "land_use": "commercial", "source": "BhuSetu synthetic integrated benchmark v1 (parcel registry)", "synthetic": true, "geometry_status": "reference" }, "geometry": { "type": "Polygon", "coordinates": [ [ [ 78.355492009001694, 17.460212528214136 ], [ 78.35561600373768, 17.460143929166605 ], [ 78.355618468574036, 17.46014271608626 ], [ 78.355621045427341, 17.460141740725469 ], [ 78.355623709481108, 17.460141012477482 ], [ 78.355626435079031, 17.46014053835572 ], [ 78.355629195972156, 17.460140322926229 ], [ 78.355631965571575, 17.460140368263733 ], [ 78.355634717204509, 17.460140673931591 ], [ 78.355637424371281, 17.460141236986072 ], [ 78.355640061000386, 17.460142052004638 ], [ 78.355642601699671, 17.46014311113824 ], [ 78.3556450220008, 17.460144404186828 ], [ 78.35564729859496, 17.460145918697659 ], [ 78.355649409557316, 17.460147640085172 ], [ 78.355651334558132, 17.460149551771448 ], [ 78.35565305505861, 17.46015163534593 ], [ 78.355654554489362, 17.460153870742662 ], [ 78.355655818410085, 17.460156236433541 ], [ 78.355656834648485, 17.460158709635685 ], [ 78.355657593417646, 17.460161266530807 ], [ 78.355658087410191, 17.460163882494616 ], [ 78.355658311868652, 17.460166532333933 ], [ 78.355658264631401, 17.460169190529374 ], [ 78.355657946153357, 17.460171831481045 ], [ 78.355657359501578, 17.46017442975516 ], [ 78.355656510325886, 17.460176960328905 ], [ 78.35565540680426, 17.460179398831446 ], [ 78.355654059564216, 17.460181721778682 ], [ 78.355652481580421, 17.460183906799372 ], [ 78.355650688049721, 17.460185932850532 ], [ 78.355648696244771, 17.460187780420199 ], [ 78.355646525347765, 17.460189431715268 ], [ 78.355644196265629, 17.460190870832843 ], [ 78.355526981124683, 17.460255719129702 ], [ 78.355634598723029, 17.460388627772257 ], [ 78.35631587853716, 17.459698000723552 ], [ 78.356229230871747, 17.459579881144158 ], [ 78.356122176779877, 17.459632823506173 ], [ 78.355485770657637, 17.460204823795433 ], [ 78.355492009001694, 17.460212528214136 ] ] ] } },
{ "type": "Feature", "properties": { "parcel_id": "SYN-P0300", "survey_number": "4866/C", "survey_subdivision": "C", "district": "DEMO-RANGAREDDY", "mandal": "DEMO-SERILINGAMPALLY", "village": "DEMO-KONDAPUR", "ward": "DEMO-WARD-05", "door_number": "400", "address": "Plot 8335, Demo Street 12, Kondapur", "area_sqm": 1363.2331, "land_use": "mixed_use", "source": "BhuSetu synthetic integrated benchmark v1 (parcel registry)", "synthetic": true, "geometry_status": "reference" }, "geometry": { "type": "MultiPolygon", "coordinates": [ [ [ [ 78.362351198630535, 17.452101377875415 ], [ 78.362427069800106, 17.451908991991495 ], [ 78.362117716403688, 17.451770980620143 ], [ 78.362069709894797, 17.451850113914691 ], [ 78.362351198630535, 17.452101377875415 ] ] ], [ [ [ 78.362670266745482, 17.452386184933925 ], [ 78.3626149377518, 17.45200040028001 ], [ 78.362579349510341, 17.451976928072522 ], [ 78.362478398335853, 17.451931891051725 ], [ 78.362395842285551, 17.452141227838716 ], [ 78.362670266745482, 17.452386184933925 ] ] ] ] } }
]
}
