{
"type": "FeatureCollection",
"name": "utility_points",
"crs": { "type": "name", "properties": { "name": "urn:ogc:def:crs:OGC:1.3:CRS84" } },
"features": [
{ "type": "Feature", "properties": { "utility_id": "SYN-UP-00001", "department": "electricity", "connection_id": "SYN-ELE-00001", "synthetic": true }, "geometry": { "type": "Point", "coordinates": [ 78.35083860261048, 17.46018830022016 ] } },
{ "type": "Feature", "properties": { "utility_id": "SYN-UP-00002", "department": "water", "connection_id": "SYN-WAT-00002", "synthetic": true }, "geometry": { "type": "Point", "coordinates": [ 78.350843734868391, 17.460232608872658 ] } },
{ "type": "Feature", "properties": { "utility_id": "SYN-UP-00003", "department": "sewer", "connection_id": "SYN-SEW-00003", "synthetic": true }, "geometry": { "type": "Point", "coordinates": [ 78.350854290640228, 17.460212168937648 ] } },
{ "type": "Feature", "properties": { "utility_id": "SYN-UP-00004", "department": "electricity", "connection_id": "SYN-ELE-00004", "synthetic": true }, "geometry": { "type": "Point", "coordinates": [ 78.363059719767222, 17.450601860817155 ] } },
{ "type": "Feature", "properties": { "utility_id": "SYN-UP-00005", "department": "water", "connection_id": "SYN-WAT-00005", "synthetic": true }, "geometry": { "type": "Point", "coordinates": [ 78.363269977887555, 17.450964652257376 ] } },
{ "type": "Feature", "properties": { "utility_id": "SYN-UP-00006", "department": "sewer", "connection_id": "SYN-SEW-00006", "synthetic": true }, "geometry": { "type": "Point", "coordinates": [ 78.363231553672847, 17.450999332725033 ] } },
{ "type": "Feature", "properties": { "utility_id": "SYN-UP-00007", "department": "electricity", "connection_id": "SYN-ELE-00007", "synthetic": true }, "geometry": { "type": "Point", "coordinates": [ 78.358920730659861, 17.450320465959148 ] } },
{ "type": "Feature", "properties": { "utility_id": "SYN-UP-00008", "department": "water", "connection_id": "SYN-WAT-00008", "synthetic": true }, "geometry": { "type": "Point", "coordinates": [ 78.359033140459104, 17.450327749155679 ] } },
{ "type": "Feature", "properties": { "utility_id": "SYN-UP-00009", "department": "sewer", "connection_id": "SYN-SEW-00009", "synthetic": true }, "geometry": { "type": "Point", "coordinates": [ 78.359010440536366, 17.450349979924724 ] } },
{ "type": "Feature", "properties": { "utility_id": "SYN-UP-00010", "department": "electricity", "connection_id": "SYN-ELE-00010", "synthetic": true }, "geometry": { "type": "Point", "coordinates": [ 78.360945215920808, 17.452486152461933 ] } },
{ "type": "Feature", "properties": { "utility_id": "SYN-UP-00011", "department": "water", "connection_id": "SYN-WAT-00011", "synthetic": true }, "geometry": { "type": "Point", "coordinates": [ 78.360945150213894, 17.452490485472204 ] } },
{ "type": "Feature", "properties": { "utility_id": "SYN-UP-00012", "department": "sewer", "connection_id": "SYN-SEW-00012", "synthetic": true }, "geometry": { "type": "Point", "coordinates": [ 78.360943323390714, 17.45251514389356 ] } },
{ "type": "Feature", "properties": { "utility_id": "SYN-UP-00013", "department": "electricity", "connection_id": "SYN-ELE-00013", "synthetic": true }, "geometry": { "type": "Point", "coordinates": [ 78.363439700580315, 17.459998261964195 ] } },
{ "type": "Feature", "properties": { "utility_id": "SYN-UP-00014", "department": "water", "connection_id": "SYN-WAT-00014", "synthetic": true }, "geometry": { "type": "Point", "coordinates": [ 78.363422340641762, 17.459973631018524 ] } },
{ "type": "Feature", "properties": { "utility_id": "SYN-UP-00015", "department": "sewer", "connection_id": "SYN-SEW-00015", "synthetic": true }, "geometry": { "type": "Point", "coordinates": [ 78.363448043634335, 17.460018654534839 ] } },
{ "type": "Feature", "properties": { "utility_id": "SYN-UP-00016", "department": "electricity", "connection_id": "SYN-ELE-00016", "synthetic": true }, "geometry": { "type": "Point", "coordinates": [ 78.362197374475727, 17.451678430770418 ] } },
{ "type": "Feature", "properties": { "utility_id": "SYN-UP-00017", "department": "water", "connection_id": "SYN-WAT-00017", "synthetic": true }, "geometry": { "type": "Point", "coordinates": [ 78.362212148866817, 17.451710574167041 ] } },
{ "type": "Feature", "properties": { "utility_id": "SYN-UP-00018", "department": "sewer", "connection_id": "SYN-SEW-00018", "synthetic": true }, "geometry": { "type": "Point", "coordinates": [ 78.362223517836767, 17.451688104441683 ] } },
{ "type": "Feature", "properties": { "utility_id": "SYN-UP-00019", "department": "electricity", "connection_id": "SYN-ELE-00019", "synthetic": true }, "geometry": { "type": "Point", "coordinates": [ 78.3534319079087, 17.461308834606768 ] } },
{ "type": "Feature", "properties": { "utility_id": "SYN-UP-00020", "department": "water", "connection_id": "SYN-WAT-00020", "synthetic": true }, "geometry": { "type": "Point", "coordinates": [ 78.35318687516957, 17.461193198296073 ] } },
{ "type": "Feature", "properties": { "utility_id": "SYN-UP-00021", "department": "sewer", "connection_id": "SYN-SEW-00021", "synthetic": true }, "geometry": { "type": "Point", "coordinates": [ 78.353198309227452, 17.461212585512591 ] } },
{ "type": "Feature", "properties": { "utility_id": "SYN-UP-00022", "department": "electricity", "connection_id": "SYN-ELE-00022", "synthetic": true }, "geometry": { "type": "Point", "coordinates": [ 78.359766749314872, 17.450421350248927 ] } },
{ "type": "Feature", "properties": { "utility_id": "SYN-UP-00023", "department": "water", "connection_id": "SYN-WAT-00023", "synthetic": true }, "geometry": { "type": "Point", "coordinates": [ 78.359754484480433, 17.45044199965794 ] } },
{ "type": "Feature", "properties": { "utility_id": "SYN-UP-00024", "department": "sewer", "connection_id": "SYN-SEW-00024", "synthetic": true }, "geometry": { "type": "Point", "coordinates": [ 78.359727218229779, 17.450456960647891 ] } },
{ "type": "Feature", "properties": { "utility_id": "SYN-UP-00025", "department": "electricity", "connection_id": "SYN-ELE-00025", "synthetic": true }, "geometry": { "type": "Point", "coordinates": [ 78.350090489530302, 17.459541401740907 ] } },
{ "type": "Feature", "properties": { "utility_id": "SYN-UP-00026", "department": "water", "connection_id": "SYN-WAT-00026", "synthetic": true }, "geometry": { "type": "Point", "coordinates": [ 78.350113140758708, 17.459542088855617 ] } },
{ "type": "Feature", "properties": { "utility_id": "SYN-UP-00027", "department": "sewer", "connection_id": "SYN-SEW-00027", "synthetic": true }, "geometry": { "type": "Point", "coordinates": [ 78.350118148162906, 17.459520138760098 ] } },
{ "type": "Feature", "properties": { "utility_id": "SYN-UP-00028", "department": "electricity", "connection_id": "SYN-ELE-00028", "synthetic": true }, "geometry": { "type": "Point", "coordinates": [ 78.355422998114349, 17.46050352297226 ] } },
{ "type": "Feature", "properties": { "utility_id": "SYN-UP-00029", "department": "water", "connection_id": "SYN-WAT-00029", "synthetic": true }, "geometry": { "type": "Point", "coordinates": [ 78.355300241150601, 17.460581956412355 ] } },
{ "type": "Feature", "properties": { "utility_id": "SYN-UP-00030", "department": "sewer", "connection_id": "SYN-SEW-00030", "synthetic": true }, "geometry": { "type": "Point", "coordinates": [ 78.355469133895426, 17.460492968252414 ] } },
{ "type": "Feature", "properties": { "utility_id": "SYN-UP-00031", "department": "electricity", "connection_id": "SYN-ELE-00031", "synthetic": true }, "geometry": { "type": "Point", "coordinates": [ 78.361250918117605, 17.461461785914256 ] } },
{ "type": "Feature", "properties": { "utility_id": "SYN-UP-00032", "department": "water", "connection_id": "SYN-WAT-00032", "synthetic": true }, "geometry": { "type": "Point", "coordinates": [ 78.361273709307241, 17.461450415641586 ] } },
{ "type": "Feature", "properties": { "utility_id": "SYN-UP-00033", "department": "sewer", "connection_id": "SYN-SEW-00033", "synthetic": true }, "geometry": { "type": "Point", "coordinates": [ 78.36147366490863, 17.461554430163975 ] } },
{ "type": "Feature", "properties": { "utility_id": "SYN-UP-00034", "department": "electricity", "connection_id": "SYN-ELE-00034", "synthetic": true }, "geometry": { "type": "Point", "coordinates": [ 78.352117776176229, 17.460532146442777 ] } },
{ "type": "Feature", "properties": { "utility_id": "SYN-UP-00035", "department": "water", "connection_id": "SYN-WAT-00035", "synthetic": true }, "geometry": { "type": "Point", "coordinates": [ 78.352114754447001, 17.460311134228384 ] } },
{ "type": "Feature", "properties": { "utility_id": "SYN-UP-00036", "department": "sewer", "connection_id": "SYN-SEW-00036", "synthetic": true }, "geometry": { "type": "Point", "coordinates": [ 78.352128432022781, 17.460330924764587 ] } },
{ "type": "Feature", "properties": { "utility_id": "SYN-UP-00037", "department": "electricity", "connection_id": "SYN-ELE-00037", "synthetic": true }, "geometry": { "type": "Point", "coordinates": [ 78.352460665426705, 17.458969614956771 ] } },
{ "type": "Feature", "properties": { "utility_id": "SYN-UP-00038", "department": "water", "connection_id": "SYN-WAT-00038", "synthetic": true }, "geometry": { "type": "Point", "coordinates": [ 78.352375850490915, 17.459031398879095 ] } },
{ "type": "Feature", "properties": { "utility_id": "SYN-UP-00039", "department": "sewer", "connection_id": "SYN-SEW-00039", "synthetic": true }, "geometry": { "type": "Point", "coordinates": [ 78.35239487654124, 17.459010465459158 ] } },
{ "type": "Feature", "properties": { "utility_id": "SYN-UP-00040", "department": "electricity", "connection_id": "SYN-ELE-00040", "synthetic": true }, "geometry": { "type": "Point", "coordinates": [ 78.359261244386076, 17.450543957366975 ] } },
{ "type": "Feature", "properties": { "utility_id": "SYN-UP-00041", "department": "water", "connection_id": "SYN-WAT-00041", "synthetic": true }, "geometry": { "type": "Point", "coordinates": [ 78.359261868104639, 17.450546750409167 ] } },
{ "type": "Feature", "properties": { "utility_id": "SYN-UP-00042", "department": "sewer", "connection_id": "SYN-SEW-00042", "synthetic": true }, "geometry": { "type": "Point", "coordinates": [ 78.359260499719909, 17.450545114589584 ] } },
{ "type": "Feature", "properties": { "utility_id": "SYN-UP-00043", "department": "electricity", "connection_id": "SYN-ELE-00043", "synthetic": true }, "geometry": { "type": "Point", "coordinates": [ 78.353092977346648, 17.450423700902373 ] } },
{ "type": "Feature", "properties": { "utility_id": "SYN-UP-00044", "department": "water", "connection_id": "SYN-WAT-00044", "synthetic": true }, "geometry": { "type": "Point", "coordinates": [ 78.353077390525556, 17.450435894310694 ] } },
{ "type": "Feature", "properties": { "utility_id": "SYN-UP-00045", "department": "sewer", "connection_id": "SYN-SEW-00045", "synthetic": true }, "geometry": { "type": "Point", "coordinates": [ 78.353535019784999, 17.450433186410987 ] } },
{ "type": "Feature", "properties": { "utility_id": "SYN-UP-00046", "department": "electricity", "connection_id": "SYN-ELE-00046", "synthetic": true }, "geometry": { "type": "Point", "coordinates": [ 78.35049115904917, 17.459771549910286 ] } },
{ "type": "Feature", "properties": { "utility_id": "SYN-UP-00047", "department": "water", "connection_id": "SYN-WAT-00047", "synthetic": true }, "geometry": { "type": "Point", "coordinates": [ 78.350484529161804, 17.45973732938732 ] } },
{ "type": "Feature", "properties": { "utility_id": "SYN-UP-00048", "department": "sewer", "connection_id": "SYN-SEW-00048", "synthetic": true }, "geometry": { "type": "Point", "coordinates": [ 78.35047510676749, 17.459736896356645 ] } },
{ "type": "Feature", "properties": { "utility_id": "SYN-UP-00049", "department": "electricity", "connection_id": "SYN-ELE-00049", "synthetic": true }, "geometry": { "type": "Point", "coordinates": [ 78.351483676838612, 17.457756307333302 ] } },
{ "type": "Feature", "properties": { "utility_id": "SYN-UP-00050", "department": "water", "connection_id": "SYN-WAT-00050", "synthetic": true }, "geometry": { "type": "Point", "coordinates": [ 78.351385506116145, 17.457905986213554 ] } },
{ "type": "Feature", "properties": { "utility_id": "SYN-UP-00051", "department": "sewer", "connection_id": "SYN-SEW-00051", "synthetic": true }, "geometry": { "type": "Point", "coordinates": [ 78.351398577064401, 17.457943554638199 ] } },
{ "type": "Feature", "properties": { "utility_id": "SYN-UP-00052", "department": "electricity", "connection_id": "SYN-ELE-00052", "synthetic": true }, "geometry": { "type": "Point", "coordinates": [ 78.352203858278827, 17.46022280976144 ] } },
{ "type": "Feature", "properties": { "utility_id": "SYN-UP-00053", "department": "water", "connection_id": "SYN-WAT-00053", "synthetic": true }, "geometry": { "type": "Point", "coordinates": [ 78.352104363068008, 17.460057241358388 ] } },
{ "type": "Feature", "properties": { "utility_id": "SYN-UP-00054", "department": "sewer", "connection_id": "SYN-SEW-00054", "synthetic": true }, "geometry": { "type": "Point", "coordinates": [ 78.352073648932048, 17.460078553254814 ] } },
{ "type": "Feature", "properties": { "utility_id": "SYN-UP-00055", "department": "electricity", "connection_id": "SYN-ELE-00055", "synthetic": true }, "geometry": { "type": "Point", "coordinates": [ 78.355140231778506, 17.460658979554154 ] } },
{ "type": "Feature", "properties": { "utility_id": "SYN-UP-00056", "department": "water", "connection_id": "SYN-WAT-00056", "synthetic": true }, "geometry": { "type": "Point", "coordinates": [ 78.355147241353109, 17.460644502127892 ] } },
{ "type": "Feature", "properties": { "utility_id": "SYN-UP-00057", "department": "sewer", "connection_id": "SYN-SEW-00057", "synthetic": true }, "geometry": { "type": "Point", "coordinates": [ 78.355072926251751, 17.46082213614438 ] } },
{ "type": "Feature", "properties": { "utility_id": "SYN-UP-00058", "department": "electricity", "connection_id": "SYN-ELE-00058", "synthetic": true }, "geometry": { "type": "Point", "coordinates": [ 78.35569900349806, 17.459901868706798 ] } },
{ "type": "Feature", "properties": { "utility_id": "SYN-UP-00059", "department": "water", "connection_id": "SYN-WAT-00059", "synthetic": true }, "geometry": { "type": "Point", "coordinates": [ 78.355647789956166, 17.4599391083004 ] } },
{ "type": "Feature", "properties": { "utility_id": "SYN-UP-00060", "department": "sewer", "connection_id": "SYN-SEW-00060", "synthetic": true }, "geometry": { "type": "Point", "coordinates": [ 78.357224353132224, 17.459605235116449 ] } },
{ "type": "Feature", "properties": { "utility_id": "SYN-UP-00061", "department": "electricity", "connection_id": "SYN-ELE-00061", "synthetic": true }, "geometry": { "type": "Point", "coordinates": [ 78.359508786410842, 17.461119810840557 ] } },
{ "type": "Feature", "properties": { "utility_id": "SYN-UP-00062", "department": "water", "connection_id": "SYN-WAT-00062", "synthetic": true }, "geometry": { "type": "Point", "coordinates": [ 78.359873648148692, 17.461294357997026 ] } },
{ "type": "Feature", "properties": { "utility_id": "SYN-UP-00063", "department": "sewer", "connection_id": "SYN-SEW-00063", "synthetic": true }, "geometry": { "type": "Point", "coordinates": [ 78.359490366972295, 17.461130554357968 ] } },
{ "type": "Feature", "properties": { "utility_id": "SYN-UP-00064", "department": "electricity", "connection_id": "SYN-ELE-00064", "synthetic": true }, "geometry": { "type": "Point", "coordinates": [ 78.353884398329271, 17.461286087539634 ] } },
{ "type": "Feature", "properties": { "utility_id": "SYN-UP-00065", "department": "water", "connection_id": "SYN-WAT-00065", "synthetic": true }, "geometry": { "type": "Point", "coordinates": [ 78.35386492238294, 17.461271096019207 ] } },
{ "type": "Feature", "properties": { "utility_id": "SYN-UP-00066", "department": "sewer", "connection_id": "SYN-SEW-00066", "synthetic": true }, "geometry": { "type": "Point", "coordinates": [ 78.353886364853281, 17.461292817232337 ] } },
{ "type": "Feature", "properties": { "utility_id": "SYN-UP-00067", "department": "electricity", "connection_id": "SYN-ELE-00067", "synthetic": true }, "geometry": { "type": "Point", "coordinates": [ 78.352762553350757, 17.458319737018634 ] } },
{ "type": "Feature", "properties": { "utility_id": "SYN-UP-00068", "department": "water", "connection_id": "SYN-WAT-00068", "synthetic": true }, "geometry": { "type": "Point", "coordinates": [ 78.352765863876087, 17.458356494055117 ] } },
{ "type": "Feature", "properties": { "utility_id": "SYN-UP-00069", "department": "sewer", "connection_id": "SYN-SEW-00069", "synthetic": true }, "geometry": { "type": "Point", "coordinates": [ 78.352797370692926, 17.45835331267136 ] } },
{ "type": "Feature", "properties": { "utility_id": "SYN-UP-00070", "department": "electricity", "connection_id": "SYN-ELE-00070", "synthetic": true }, "geometry": { "type": "Point", "coordinates": [ 78.354428010088881, 17.459677745815586 ] } },
{ "type": "Feature", "properties": { "utility_id": "SYN-UP-00071", "department": "water", "connection_id": "SYN-WAT-00071", "synthetic": true }, "geometry": { "type": "Point", "coordinates": [ 78.354289904917479, 17.459629775316294 ] } },
{ "type": "Feature", "properties": { "utility_id": "SYN-UP-00072", "department": "sewer", "connection_id": "SYN-SEW-00072", "synthetic": true }, "geometry": { "type": "Point", "coordinates": [ 78.354460185720939, 17.459694763531182 ] } },
{ "type": "Feature", "properties": { "utility_id": "SYN-UP-00073", "department": "electricity", "connection_id": "SYN-ELE-00073", "synthetic": true }, "geometry": { "type": "Point", "coordinates": [ 78.354553578446044, 17.450403893533768 ] } },
{ "type": "Feature", "properties": { "utility_id": "SYN-UP-00074", "department": "water", "connection_id": "SYN-WAT-00074", "synthetic": true }, "geometry": { "type": "Point", "coordinates": [ 78.354141454528147, 17.450395170201478 ] } },
{ "type": "Feature", "properties": { "utility_id": "SYN-UP-00075", "department": "sewer", "connection_id": "SYN-SEW-00075", "synthetic": true }, "geometry": { "type": "Point", "coordinates": [ 78.354178065675484, 17.450382364376551 ] } },
{ "type": "Feature", "properties": { "utility_id": "SYN-UP-00076", "department": "electricity", "connection_id": "SYN-ELE-00076", "synthetic": true }, "geometry": { "type": "Point", "coordinates": [ 78.352148201929623, 17.459094769011209 ] } },
{ "type": "Feature", "properties": { "utility_id": "SYN-UP-00077", "department": "water", "connection_id": "SYN-WAT-00077", "synthetic": true }, "geometry": { "type": "Point", "coordinates": [ 78.352113994651788, 17.459136506752785 ] } },
{ "type": "Feature", "properties": { "utility_id": "SYN-UP-00078", "department": "sewer", "connection_id": "SYN-SEW-00078", "synthetic": true }, "geometry": { "type": "Point", "coordinates": [ 78.352153053891016, 17.459114545475334 ] } },
{ "type": "Feature", "properties": { "utility_id": "SYN-UP-00079", "department": "electricity", "connection_id": "SYN-ELE-00079", "synthetic": true }, "geometry": { "type": "Point", "coordinates": [ 78.354114673699854, 17.459070371025611 ] } },
{ "type": "Feature", "properties": { "utility_id": "SYN-UP-00080", "department": "water", "connection_id": "SYN-WAT-00080", "synthetic": true }, "geometry": { "type": "Point", "coordinates": [ 78.354098780021715, 17.459131083473377 ] } },
{ "type": "Feature", "properties": { "utility_id": "SYN-UP-00081", "department": "sewer", "connection_id": "SYN-SEW-00081", "synthetic": true }, "geometry": { "type": "Point", "coordinates": [ 78.354101841623034, 17.45913824186977 ] } },
{ "type": "Feature", "properties": { "utility_id": "SYN-UP-00082", "department": "electricity", "connection_id": "SYN-ELE-00082", "synthetic": true }, "geometry": { "type": "Point", "coordinates": [ 78.358503253349355, 17.460290979922036 ] } },
{ "type": "Feature", "properties": { "utility_id": "SYN-UP-00083", "department": "water", "connection_id": "SYN-WAT-00083", "synthetic": true }, "geometry": { "type": "Point", "coordinates": [ 78.358573093768157, 17.460646213523457 ] } },
{ "type": "Feature", "properties": { "utility_id": "SYN-UP-00084", "department": "sewer", "connection_id": "SYN-SEW-00084", "synthetic": true }, "geometry": { "type": "Point", "coordinates": [ 78.358497671610891, 17.460229538627036 ] } },
{ "type": "Feature", "properties": { "utility_id": "SYN-UP-00085", "department": "electricity", "connection_id": "SYN-ELE-00085", "synthetic": true }, "geometry": { "type": "Point", "coordinates": [ 78.351057807166058, 17.46045447182729 ] } },
{ "type": "Feature", "properties": { "utility_id": "SYN-UP-00086", "department": "water", "connection_id": "SYN-WAT-00086", "synthetic": true }, "geometry": { "type": "Point", "coordinates": [ 78.351084066938284, 17.460448289598297 ] } },
{ "type": "Feature", "properties": { "utility_id": "SYN-UP-00087", "department": "sewer", "connection_id": "SYN-SEW-00087", "synthetic": true }, "geometry": { "type": "Point", "coordinates": [ 78.351066820760863, 17.460423166329996 ] } },
{ "type": "Feature", "properties": { "utility_id": "SYN-UP-00088", "department": "electricity", "connection_id": "SYN-ELE-00088", "synthetic": true }, "geometry": { "type": "Point", "coordinates": [ 78.357088225683455, 17.450200359793428 ] } },
{ "type": "Feature", "properties": { "utility_id": "SYN-UP-00089", "department": "water", "connection_id": "SYN-WAT-00089", "synthetic": true }, "geometry": { "type": "Point", "coordinates": [ 78.356979068252713, 17.450148364083159 ] } },
{ "type": "Feature", "properties": { "utility_id": "SYN-UP-00090", "department": "sewer", "connection_id": "SYN-SEW-00090", "synthetic": true }, "geometry": { "type": "Point", "coordinates": [ 78.357161512991965, 17.450255190183903 ] } },
{ "type": "Feature", "properties": { "utility_id": "SYN-UP-00091", "department": "electricity", "connection_id": "SYN-ELE-00091", "synthetic": true }, "geometry": { "type": "Point", "coordinates": [ 78.358932593840777, 17.451836677535656 ] } },
{ "type": "Feature", "properties": { "utility_id": "SYN-UP-00092", "department": "water", "connection_id": "SYN-WAT-00092", "synthetic": true }, "geometry": { "type": "Point", "coordinates": [ 78.359481277553854, 17.451350205658596 ] } },
{ "type": "Feature", "properties": { "utility_id": "SYN-UP-00093", "department": "sewer", "connection_id": "SYN-SEW-00093", "synthetic": true }, "geometry": { "type": "Point", "coordinates": [ 78.358962011154375, 17.451855143449869 ] } },
{ "type": "Feature", "properties": { "utility_id": "SYN-UP-00094", "department": "electricity", "connection_id": "SYN-ELE-00094", "synthetic": true }, "geometry": { "type": "Point", "coordinates": [ 78.352546208510518, 17.458603488429848 ] } },
{ "type": "Feature", "properties": { "utility_id": "SYN-UP-00095", "department": "water", "connection_id": "SYN-WAT-00095", "synthetic": true }, "geometry": { "type": "Point", "coordinates": [ 78.352566695718821, 17.45860886601119 ] } },
{ "type": "Feature", "properties": { "utility_id": "SYN-UP-00096", "department": "sewer", "connection_id": "SYN-SEW-00096", "synthetic": true }, "geometry": { "type": "Point", "coordinates": [ 78.352573736677371, 17.458617697221261 ] } },
{ "type": "Feature", "properties": { "utility_id": "SYN-UP-00097", "department": "electricity", "connection_id": "SYN-ELE-00097", "synthetic": true }, "geometry": { "type": "Point", "coordinates": [ 78.350448461592435, 17.460017495375663 ] } },
{ "type": "Feature", "properties": { "utility_id": "SYN-UP-00098", "department": "water", "connection_id": "SYN-WAT-00098", "synthetic": true }, "geometry": { "type": "Point", "coordinates": [ 78.350451909902233, 17.4599891272468 ] } },
{ "type": "Feature", "properties": { "utility_id": "SYN-UP-00099", "department": "sewer", "connection_id": "SYN-SEW-00099", "synthetic": true }, "geometry": { "type": "Point", "coordinates": [ 78.350437264230735, 17.459972310711905 ] } },
{ "type": "Feature", "properties": { "utility_id": "SYN-UP-00100", "department": "electricity", "connection_id": "SYN-ELE-00100", "synthetic": true }, "geometry": { "type": "Point", "coordinates": [ 78.354872187310491, 17.459875535431006 ] } },
{ "type": "Feature", "properties": { "utility_id": "SYN-UP-00101", "department": "water", "connection_id": "SYN-WAT-00101", "synthetic": true }, "geometry": { "type": "Point", "coordinates": [ 78.354851870099807, 17.459906988667793 ] } },
{ "type": "Feature", "properties": { "utility_id": "SYN-UP-00102", "department": "sewer", "connection_id": "SYN-SEW-00102", "synthetic": true }, "geometry": { "type": "Point", "coordinates": [ 78.354979499743393, 17.459828070761169 ] } },
{ "type": "Feature", "properties": { "utility_id": "SYN-UP-00103", "department": "electricity", "connection_id": "SYN-ELE-00103", "synthetic": true }, "geometry": { "type": "Point", "coordinates": [ 78.356132281990895, 17.450308464335045 ] } },
{ "type": "Feature", "properties": { "utility_id": "SYN-UP-00104", "department": "water", "connection_id": "SYN-WAT-00104", "synthetic": true }, "geometry": { "type": "Point", "coordinates": [ 78.356112234282051, 17.450301825848555 ] } },
{ "type": "Feature", "properties": { "utility_id": "SYN-UP-00105", "department": "sewer", "connection_id": "SYN-SEW-00105", "synthetic": true }, "geometry": { "type": "Point", "coordinates": [ 78.356124761371831, 17.450335019875965 ] } },
{ "type": "Feature", "properties": { "utility_id": "SYN-UP-00106", "department": "electricity", "connection_id": "SYN-ELE-00106", "synthetic": true }, "geometry": { "type": "Point", "coordinates": [ 78.359776543128319, 17.450316085265129 ] } },
{ "type": "Feature", "properties": { "utility_id": "SYN-UP-00107", "department": "water", "connection_id": "SYN-WAT-00107", "synthetic": true }, "geometry": { "type": "Point", "coordinates": [ 78.359777825825034, 17.450304315076348 ] } },
{ "type": "Feature", "properties": { "utility_id": "SYN-UP-00108", "department": "sewer", "connection_id": "SYN-SEW-00108", "synthetic": true }, "geometry": { "type": "Point", "coordinates": [ 78.359828037992258, 17.450305017703077 ] } },
{ "type": "Feature", "properties": { "utility_id": "SYN-UP-00109", "department": "electricity", "connection_id": "SYN-ELE-00109", "synthetic": true }, "geometry": { "type": "Point", "coordinates": [ 78.362504016113334, 17.451735775841343 ] } },
{ "type": "Feature", "properties": { "utility_id": "SYN-UP-00110", "department": "water", "connection_id": "SYN-WAT-00110", "synthetic": true }, "geometry": { "type": "Point", "coordinates": [ 78.362481650466734, 17.451716579891052 ] } },
{ "type": "Feature", "properties": { "utility_id": "SYN-UP-00111", "department": "sewer", "connection_id": "SYN-SEW-00111", "synthetic": true }, "geometry": { "type": "Point", "coordinates": [ 78.362483454667412, 17.451706837023853 ] } },
{ "type": "Feature", "properties": { "utility_id": "SYN-UP-00112", "department": "electricity", "connection_id": "SYN-ELE-00112", "synthetic": true }, "geometry": { "type": "Point", "coordinates": [ 78.357004285236158, 17.461520759402269 ] } },
{ "type": "Feature", "properties": { "utility_id": "SYN-UP-00113", "department": "water", "connection_id": "SYN-WAT-00113", "synthetic": true }, "geometry": { "type": "Point", "coordinates": [ 78.356971514977928, 17.461325494434732 ] } },
{ "type": "Feature", "properties": { "utility_id": "SYN-UP-00114", "department": "sewer", "connection_id": "SYN-SEW-00114", "synthetic": true }, "geometry": { "type": "Point", "coordinates": [ 78.356929241211404, 17.4612651529727 ] } },
{ "type": "Feature", "properties": { "utility_id": "SYN-UP-00115", "department": "electricity", "connection_id": "SYN-ELE-00115", "synthetic": true }, "geometry": { "type": "Point", "coordinates": [ 78.36163230616404, 17.460831855396219 ] } },
{ "type": "Feature", "properties": { "utility_id": "SYN-UP-00116", "department": "water", "connection_id": "SYN-WAT-00116", "synthetic": true }, "geometry": { "type": "Point", "coordinates": [ 78.360854956029968, 17.460475388793736 ] } },
{ "type": "Feature", "properties": { "utility_id": "SYN-UP-00117", "department": "sewer", "connection_id": "SYN-SEW-00117", "synthetic": true }, "geometry": { "type": "Point", "coordinates": [ 78.360972936780414, 17.460531814754706 ] } },
{ "type": "Feature", "properties": { "utility_id": "SYN-UP-00118", "department": "electricity", "connection_id": "SYN-ELE-00118", "synthetic": true }, "geometry": { "type": "Point", "coordinates": [ 78.351187959686058, 17.459314655398071 ] } },
{ "type": "Feature", "properties": { "utility_id": "SYN-UP-00119", "department": "water", "connection_id": "SYN-WAT-00119", "synthetic": true }, "geometry": { "type": "Point", "coordinates": [ 78.351213949233255, 17.459277946063555 ] } },
{ "type": "Feature", "properties": { "utility_id": "SYN-UP-00120", "department": "sewer", "connection_id": "SYN-SEW-00120", "synthetic": true }, "geometry": { "type": "Point", "coordinates": [ 78.351005766006068, 17.459334561459549 ] } },
{ "type": "Feature", "properties": { "utility_id": "SYN-UP-00121", "department": "electricity", "connection_id": "SYN-ELE-00121", "synthetic": true }, "geometry": { "type": "Point", "coordinates": [ 78.354178294036089, 17.458964961930395 ] } },
{ "type": "Feature", "properties": { "utility_id": "SYN-UP-00122", "department": "water", "connection_id": "SYN-WAT-00122", "synthetic": true }, "geometry": { "type": "Point", "coordinates": [ 78.354147326218808, 17.459002367920615 ] } },
{ "type": "Feature", "properties": { "utility_id": "SYN-UP-00123", "department": "sewer", "connection_id": "SYN-SEW-00123", "synthetic": true }, "geometry": { "type": "Point", "coordinates": [ 78.354156356038416, 17.458991144480663 ] } },
{ "type": "Feature", "properties": { "utility_id": "SYN-UP-00124", "department": "electricity", "connection_id": "SYN-ELE-00124", "synthetic": true }, "geometry": { "type": "Point", "coordinates": [ 78.361644919704901, 17.451739539620803 ] } },
{ "type": "Feature", "properties": { "utility_id": "SYN-UP-00125", "department": "water", "connection_id": "SYN-WAT-00125", "synthetic": true }, "geometry": { "type": "Point", "coordinates": [ 78.361600421257009, 17.451754444107284 ] } },
{ "type": "Feature", "properties": { "utility_id": "SYN-UP-00126", "department": "sewer", "connection_id": "SYN-SEW-00126", "synthetic": true }, "geometry": { "type": "Point", "coordinates": [ 78.361601195000418, 17.451727371298979 ] } },
{ "type": "Feature", "properties": { "utility_id": "SYN-UP-00127", "department": "electricity", "connection_id": "SYN-ELE-00127", "synthetic": true }, "geometry": { "type": "Point", "coordinates": [ 78.350211640761671, 17.457602586230774 ] } },
{ "type": "Feature", "properties": { "utility_id": "SYN-UP-00128", "department": "water", "connection_id": "SYN-WAT-00128", "synthetic": true }, "geometry": { "type": "Point", "coordinates": [ 78.350119559536395, 17.458075441566962 ] } },
{ "type": "Feature", "properties": { "utility_id": "SYN-UP-00129", "department": "sewer", "connection_id": "SYN-SEW-00129", "synthetic": true }, "geometry": { "type": "Point", "coordinates": [ 78.35013261137162, 17.458069577497458 ] } },
{ "type": "Feature", "properties": { "utility_id": "SYN-UP-00130", "department": "electricity", "connection_id": "SYN-ELE-00130", "synthetic": true }, "geometry": { "type": "Point", "coordinates": [ 78.362316400927142, 17.461598615414449 ] } },
{ "type": "Feature", "properties": { "utility_id": "SYN-UP-00131", "department": "water", "connection_id": "SYN-WAT-00131", "synthetic": true }, "geometry": { "type": "Point", "coordinates": [ 78.362322887958371, 17.461626763199266 ] } },
{ "type": "Feature", "properties": { "utility_id": "SYN-UP-00132", "department": "sewer", "connection_id": "SYN-SEW-00132", "synthetic": true }, "geometry": { "type": "Point", "coordinates": [ 78.362123552503036, 17.461461306641876 ] } },
{ "type": "Feature", "properties": { "utility_id": "SYN-UP-00133", "department": "electricity", "connection_id": "SYN-ELE-00133", "synthetic": true }, "geometry": { "type": "Point", "coordinates": [ 78.351031143560618, 17.457485420042403 ] } },
{ "type": "Feature", "properties": { "utility_id": "SYN-UP-00134", "department": "water", "connection_id": "SYN-WAT-00134", "synthetic": true }, "geometry": { "type": "Point", "coordinates": [ 78.350993825686658, 17.457457820663706 ] } },
{ "type": "Feature", "properties": { "utility_id": "SYN-UP-00135", "department": "sewer", "connection_id": "SYN-SEW-00135", "synthetic": true }, "geometry": { "type": "Point", "coordinates": [ 78.351004254088934, 17.45761937265252 ] } },
{ "type": "Feature", "properties": { "utility_id": "SYN-UP-00136", "department": "electricity", "connection_id": "SYN-ELE-00136", "synthetic": true }, "geometry": { "type": "Point", "coordinates": [ 78.350969962886339, 17.458050849416356 ] } },
{ "type": "Feature", "properties": { "utility_id": "SYN-UP-00137", "department": "water", "connection_id": "SYN-WAT-00137", "synthetic": true }, "geometry": { "type": "Point", "coordinates": [ 78.350935658738806, 17.4580789466123 ] } },
{ "type": "Feature", "properties": { "utility_id": "SYN-UP-00138", "department": "sewer", "connection_id": "SYN-SEW-00138", "synthetic": true }, "geometry": { "type": "Point", "coordinates": [ 78.350957376188404, 17.458056399869022 ] } },
{ "type": "Feature", "properties": { "utility_id": "SYN-UP-00139", "department": "electricity", "connection_id": "SYN-ELE-00139", "synthetic": true }, "geometry": { "type": "Point", "coordinates": [ 78.357820273414774, 17.450425454901261 ] } },
{ "type": "Feature", "properties": { "utility_id": "SYN-UP-00140", "department": "water", "connection_id": "SYN-WAT-00140", "synthetic": true }, "geometry": { "type": "Point", "coordinates": [ 78.357835849140983, 17.45043236068182 ] } },
{ "type": "Feature", "properties": { "utility_id": "SYN-UP-00141", "department": "sewer", "connection_id": "SYN-SEW-00141", "synthetic": true }, "geometry": { "type": "Point", "coordinates": [ 78.357867299533282, 17.450444443234154 ] } },
{ "type": "Feature", "properties": { "utility_id": "SYN-UP-00142", "department": "electricity", "connection_id": "SYN-ELE-00142", "synthetic": true }, "geometry": { "type": "Point", "coordinates": [ 78.350876249718112, 17.459379023290516 ] } },
{ "type": "Feature", "properties": { "utility_id": "SYN-UP-00143", "department": "water", "connection_id": "SYN-WAT-00143", "synthetic": true }, "geometry": { "type": "Point", "coordinates": [ 78.350623141945405, 17.459409644208197 ] } },
{ "type": "Feature", "properties": { "utility_id": "SYN-UP-00144", "department": "sewer", "connection_id": "SYN-SEW-00144", "synthetic": true }, "geometry": { "type": "Point", "coordinates": [ 78.350679155972173, 17.459390697206029 ] } },
{ "type": "Feature", "properties": { "utility_id": "SYN-UP-00145", "department": "electricity", "connection_id": "SYN-ELE-00145", "synthetic": true }, "geometry": { "type": "Point", "coordinates": [ 78.35992579863732, 17.450893107617397 ] } },
{ "type": "Feature", "properties": { "utility_id": "SYN-UP-00146", "department": "water", "connection_id": "SYN-WAT-00146", "synthetic": true }, "geometry": { "type": "Point", "coordinates": [ 78.35992043252088, 17.450936800528186 ] } },
{ "type": "Feature", "properties": { "utility_id": "SYN-UP-00147", "department": "sewer", "connection_id": "SYN-SEW-00147", "synthetic": true }, "geometry": { "type": "Point", "coordinates": [ 78.359893047091333, 17.450910048132368 ] } },
{ "type": "Feature", "properties": { "utility_id": "SYN-UP-00148", "department": "electricity", "connection_id": "SYN-ELE-00148", "synthetic": true }, "geometry": { "type": "Point", "coordinates": [ 78.355385382177147, 17.451733865978841 ] } },
{ "type": "Feature", "properties": { "utility_id": "SYN-UP-00149", "department": "water", "connection_id": "SYN-WAT-00149", "synthetic": true }, "geometry": { "type": "Point", "coordinates": [ 78.355408433673432, 17.451715199193469 ] } },
{ "type": "Feature", "properties": { "utility_id": "SYN-UP-00150", "department": "sewer", "connection_id": "SYN-SEW-00150", "synthetic": true }, "geometry": { "type": "Point", "coordinates": [ 78.355394530261989, 17.451742639762031 ] } },
{ "type": "Feature", "properties": { "utility_id": "SYN-UP-00151", "department": "electricity", "connection_id": "SYN-ELE-00151", "synthetic": true }, "geometry": { "type": "Point", "coordinates": [ 78.362919390434499, 17.450277418620907 ] } },
{ "type": "Feature", "properties": { "utility_id": "SYN-UP-00152", "department": "water", "connection_id": "SYN-WAT-00152", "synthetic": true }, "geometry": { "type": "Point", "coordinates": [ 78.362900718559217, 17.45029604564639 ] } },
{ "type": "Feature", "properties": { "utility_id": "SYN-UP-00153", "department": "sewer", "connection_id": "SYN-SEW-00153", "synthetic": true }, "geometry": { "type": "Point", "coordinates": [ 78.362905707713992, 17.450264064764383 ] } },
{ "type": "Feature", "properties": { "utility_id": "SYN-UP-00154", "department": "electricity", "connection_id": "SYN-ELE-00154", "synthetic": true }, "geometry": { "type": "Point", "coordinates": [ 78.361047365864152, 17.450510454604899 ] } },
{ "type": "Feature", "properties": { "utility_id": "SYN-UP-00155", "department": "water", "connection_id": "SYN-WAT-00155", "synthetic": true }, "geometry": { "type": "Point", "coordinates": [ 78.36106266442134, 17.450175034474238 ] } },
{ "type": "Feature", "properties": { "utility_id": "SYN-UP-00156", "department": "sewer", "connection_id": "SYN-SEW-00156", "synthetic": true }, "geometry": { "type": "Point", "coordinates": [ 78.361073684074469, 17.450175113720519 ] } },
{ "type": "Feature", "properties": { "utility_id": "SYN-UP-00157", "department": "electricity", "connection_id": "SYN-ELE-00157", "synthetic": true }, "geometry": { "type": "Point", "coordinates": [ 78.356334352453061, 17.450458280397203 ] } },
{ "type": "Feature", "properties": { "utility_id": "SYN-UP-00158", "department": "water", "connection_id": "SYN-WAT-00158", "synthetic": true }, "geometry": { "type": "Point", "coordinates": [ 78.356415362332825, 17.450462909830986 ] } },
{ "type": "Feature", "properties": { "utility_id": "SYN-UP-00159", "department": "sewer", "connection_id": "SYN-SEW-00159", "synthetic": true }, "geometry": { "type": "Point", "coordinates": [ 78.356332367481315, 17.450458543092171 ] } },
{ "type": "Feature", "properties": { "utility_id": "SYN-UP-00160", "department": "electricity", "connection_id": "SYN-ELE-00160", "synthetic": true }, "geometry": { "type": "Point", "coordinates": [ 78.353276425914331, 17.458488847275984 ] } },
{ "type": "Feature", "properties": { "utility_id": "SYN-UP-00161", "department": "water", "connection_id": "SYN-WAT-00161", "synthetic": true }, "geometry": { "type": "Point", "coordinates": [ 78.353312601274354, 17.458515460588956 ] } },
{ "type": "Feature", "properties": { "utility_id": "SYN-UP-00162", "department": "sewer", "connection_id": "SYN-SEW-00162", "synthetic": true }, "geometry": { "type": "Point", "coordinates": [ 78.353316322744277, 17.45849909153694 ] } },
{ "type": "Feature", "properties": { "utility_id": "SYN-UP-00163", "department": "electricity", "connection_id": "SYN-ELE-00163", "synthetic": true }, "geometry": { "type": "Point", "coordinates": [ 78.354958878437259, 17.461815637940695 ] } },
{ "type": "Feature", "properties": { "utility_id": "SYN-UP-00164", "department": "water", "connection_id": "SYN-WAT-00164", "synthetic": true }, "geometry": { "type": "Point", "coordinates": [ 78.354968325092358, 17.461833834369919 ] } },
{ "type": "Feature", "properties": { "utility_id": "SYN-UP-00165", "department": "sewer", "connection_id": "SYN-SEW-00165", "synthetic": true }, "geometry": { "type": "Point", "coordinates": [ 78.354955501865604, 17.461824074981095 ] } },
{ "type": "Feature", "properties": { "utility_id": "SYN-UP-00166", "department": "electricity", "connection_id": "SYN-ELE-00166", "synthetic": true }, "geometry": { "type": "Point", "coordinates": [ 78.361931179988858, 17.451690998955979 ] } },
{ "type": "Feature", "properties": { "utility_id": "SYN-UP-00167", "department": "water", "connection_id": "SYN-WAT-00167", "synthetic": true }, "geometry": { "type": "Point", "coordinates": [ 78.361890789871509, 17.451776231812129 ] } },
{ "type": "Feature", "properties": { "utility_id": "SYN-UP-00168", "department": "sewer", "connection_id": "SYN-SEW-00168", "synthetic": true }, "geometry": { "type": "Point", "coordinates": [ 78.361936321065087, 17.451716253151719 ] } },
{ "type": "Feature", "properties": { "utility_id": "SYN-UP-00169", "department": "electricity", "connection_id": "SYN-ELE-00169", "synthetic": true }, "geometry": { "type": "Point", "coordinates": [ 78.35364346056673, 17.46142480531093 ] } },
{ "type": "Feature", "properties": { "utility_id": "SYN-UP-00170", "department": "water", "connection_id": "SYN-WAT-00170", "synthetic": true }, "geometry": { "type": "Point", "coordinates": [ 78.353645506828684, 17.461437421608135 ] } },
{ "type": "Feature", "properties": { "utility_id": "SYN-UP-00171", "department": "sewer", "connection_id": "SYN-SEW-00171", "synthetic": true }, "geometry": { "type": "Point", "coordinates": [ 78.353664751516988, 17.461431917818164 ] } },
{ "type": "Feature", "properties": { "utility_id": "SYN-UP-00172", "department": "electricity", "connection_id": "SYN-ELE-00172", "synthetic": true }, "geometry": { "type": "Point", "coordinates": [ 78.356182332821888, 17.460456897013771 ] } },
{ "type": "Feature", "properties": { "utility_id": "SYN-UP-00173", "department": "water", "connection_id": "SYN-WAT-00173", "synthetic": true }, "geometry": { "type": "Point", "coordinates": [ 78.356173620473726, 17.460469679601612 ] } },
{ "type": "Feature", "properties": { "utility_id": "SYN-UP-00174", "department": "sewer", "connection_id": "SYN-SEW-00174", "synthetic": true }, "geometry": { "type": "Point", "coordinates": [ 78.357123779869269, 17.459979090844982 ] } },
{ "type": "Feature", "properties": { "utility_id": "SYN-UP-00175", "department": "electricity", "connection_id": "SYN-ELE-00175", "synthetic": true }, "geometry": { "type": "Point", "coordinates": [ 78.360353277340792, 17.450239894516297 ] } },
{ "type": "Feature", "properties": { "utility_id": "SYN-UP-00176", "department": "water", "connection_id": "SYN-WAT-00176", "synthetic": true }, "geometry": { "type": "Point", "coordinates": [ 78.360386903979787, 17.450266775091549 ] } },
{ "type": "Feature", "properties": { "utility_id": "SYN-UP-00177", "department": "sewer", "connection_id": "SYN-SEW-00177", "synthetic": true }, "geometry": { "type": "Point", "coordinates": [ 78.360354397417481, 17.450225273307385 ] } },
{ "type": "Feature", "properties": { "utility_id": "SYN-UP-00178", "department": "electricity", "connection_id": "SYN-ELE-00178", "synthetic": true }, "geometry": { "type": "Point", "coordinates": [ 78.350144778250296, 17.458953981634018 ] } },
{ "type": "Feature", "properties": { "utility_id": "SYN-UP-00179", "department": "water", "connection_id": "SYN-WAT-00179", "synthetic": true }, "geometry": { "type": "Point", "coordinates": [ 78.350278543083036, 17.459129333976389 ] } },
{ "type": "Feature", "properties": { "utility_id": "SYN-UP-00180", "department": "sewer", "connection_id": "SYN-SEW-00180", "synthetic": true }, "geometry": { "type": "Point", "coordinates": [ 78.350153936687079, 17.458945451831433 ] } },
{ "type": "Feature", "properties": { "utility_id": "SYN-UP-00181", "department": "electricity", "connection_id": "SYN-ELE-00181", "synthetic": true }, "geometry": { "type": "Point", "coordinates": [ 78.352893093210412, 17.461396374438241 ] } },
{ "type": "Feature", "properties": { "utility_id": "SYN-UP-00182", "department": "water", "connection_id": "SYN-WAT-00182", "synthetic": true }, "geometry": { "type": "Point", "coordinates": [ 78.352925533116732, 17.461370025786973 ] } },
{ "type": "Feature", "properties": { "utility_id": "SYN-UP-00183", "department": "sewer", "connection_id": "SYN-SEW-00183", "synthetic": true }, "geometry": { "type": "Point", "coordinates": [ 78.352936506570614, 17.461395880132351 ] } },
{ "type": "Feature", "properties": { "utility_id": "SYN-UP-00184", "department": "electricity", "connection_id": "SYN-ELE-00184", "synthetic": true }, "geometry": { "type": "Point", "coordinates": [ 78.351116870081469, 17.461773654047793 ] } },
{ "type": "Feature", "properties": { "utility_id": "SYN-UP-00185", "department": "water", "connection_id": "SYN-WAT-00185", "synthetic": true }, "geometry": { "type": "Point", "coordinates": [ 78.35112719667714, 17.461765571455484 ] } },
{ "type": "Feature", "properties": { "utility_id": "SYN-UP-00186", "department": "sewer", "connection_id": "SYN-SEW-00186", "synthetic": true }, "geometry": { "type": "Point", "coordinates": [ 78.351127864276464, 17.46176059878832 ] } },
{ "type": "Feature", "properties": { "utility_id": "SYN-UP-00187", "department": "electricity", "connection_id": "SYN-ELE-00187", "synthetic": true }, "geometry": { "type": "Point", "coordinates": [ 78.358390374415094, 17.451559883481732 ] } },
{ "type": "Feature", "properties": { "utility_id": "SYN-UP-00188", "department": "water", "connection_id": "SYN-WAT-00188", "synthetic": true }, "geometry": { "type": "Point", "coordinates": [ 78.358341732146968, 17.452009266184888 ] } },
{ "type": "Feature", "properties": { "utility_id": "SYN-UP-00189", "department": "sewer", "connection_id": "SYN-SEW-00189", "synthetic": true }, "geometry": { "type": "Point", "coordinates": [ 78.358262720995242, 17.452552913453314 ] } },
{ "type": "Feature", "properties": { "utility_id": "SYN-UP-00190", "department": "electricity", "connection_id": "SYN-ELE-00190", "synthetic": true }, "geometry": { "type": "Point", "coordinates": [ 78.354535782991533, 17.461305333517192 ] } },
{ "type": "Feature", "properties": { "utility_id": "SYN-UP-00191", "department": "water", "connection_id": "SYN-WAT-00191", "synthetic": true }, "geometry": { "type": "Point", "coordinates": [ 78.354474345195868, 17.461274240583059 ] } },
{ "type": "Feature", "properties": { "utility_id": "SYN-UP-00192", "department": "sewer", "connection_id": "SYN-SEW-00192", "synthetic": true }, "geometry": { "type": "Point", "coordinates": [ 78.354576656985316, 17.461374427142058 ] } },
{ "type": "Feature", "properties": { "utility_id": "SYN-UP-00193", "department": "electricity", "connection_id": "SYN-ELE-00193", "synthetic": true }, "geometry": { "type": "Point", "coordinates": [ 78.352946327272562, 17.457527594923725 ] } },
{ "type": "Feature", "properties": { "utility_id": "SYN-UP-00194", "department": "water", "connection_id": "SYN-WAT-00194", "synthetic": true }, "geometry": { "type": "Point", "coordinates": [ 78.353009104234516, 17.457550421156341 ] } },
{ "type": "Feature", "properties": { "utility_id": "SYN-UP-00195", "department": "sewer", "connection_id": "SYN-SEW-00195", "synthetic": true }, "geometry": { "type": "Point", "coordinates": [ 78.352652022233613, 17.457335972697198 ] } },
{ "type": "Feature", "properties": { "utility_id": "SYN-UP-00196", "department": "electricity", "connection_id": "SYN-ELE-00196", "synthetic": true }, "geometry": { "type": "Point", "coordinates": [ 78.354049250327449, 17.459318554778672 ] } },
{ "type": "Feature", "properties": { "utility_id": "SYN-UP-00197", "department": "water", "connection_id": "SYN-WAT-00197", "synthetic": true }, "geometry": { "type": "Point", "coordinates": [ 78.354044757358565, 17.459345657793484 ] } },
{ "type": "Feature", "properties": { "utility_id": "SYN-UP-00198", "department": "sewer", "connection_id": "SYN-SEW-00198", "synthetic": true }, "geometry": { "type": "Point", "coordinates": [ 78.354091580243349, 17.459350629999054 ] } },
{ "type": "Feature", "properties": { "utility_id": "SYN-UP-00199", "department": "electricity", "connection_id": "SYN-ELE-00199", "synthetic": true }, "geometry": { "type": "Point", "coordinates": [ 78.354283666565564, 17.46108945627531 ] } },
{ "type": "Feature", "properties": { "utility_id": "SYN-UP-00200", "department": "water", "connection_id": "SYN-WAT-00200", "synthetic": true }, "geometry": { "type": "Point", "coordinates": [ 78.35442590917242, 17.460995258903676 ] } },
{ "type": "Feature", "properties": { "utility_id": "SYN-UP-00201", "department": "sewer", "connection_id": "SYN-SEW-00201", "synthetic": true }, "geometry": { "type": "Point", "coordinates": [ 78.354272753668667, 17.461087888403586 ] } },
{ "type": "Feature", "properties": { "utility_id": "SYN-UP-00202", "department": "electricity", "connection_id": "SYN-ELE-00202", "synthetic": true }, "geometry": { "type": "Point", "coordinates": [ 78.354991488985632, 17.461085868722741 ] } },
{ "type": "Feature", "properties": { "utility_id": "SYN-UP-00203", "department": "water", "connection_id": "SYN-WAT-00203", "synthetic": true }, "geometry": { "type": "Point", "coordinates": [ 78.354949399152659, 17.4611130609971 ] } },
{ "type": "Feature", "properties": { "utility_id": "SYN-UP-00204", "department": "sewer", "connection_id": "SYN-SEW-00204", "synthetic": true }, "geometry": { "type": "Point", "coordinates": [ 78.354959875085925, 17.461069275614737 ] } },
{ "type": "Feature", "properties": { "utility_id": "SYN-UP-00205", "department": "electricity", "connection_id": "SYN-ELE-00205", "synthetic": true }, "geometry": { "type": "Point", "coordinates": [ 78.356315641867809, 17.461121371203635 ] } },
{ "type": "Feature", "properties": { "utility_id": "SYN-UP-00206", "department": "water", "connection_id": "SYN-WAT-00206", "synthetic": true }, "geometry": { "type": "Point", "coordinates": [ 78.356293760712489, 17.461110264353618 ] } },
{ "type": "Feature", "properties": { "utility_id": "SYN-UP-00207", "department": "sewer", "connection_id": "SYN-SEW-00207", "synthetic": true }, "geometry": { "type": "Point", "coordinates": [ 78.356192016944149, 17.461222912287202 ] } },
{ "type": "Feature", "properties": { "utility_id": "SYN-UP-00208", "department": "electricity", "connection_id": "SYN-ELE-00208", "synthetic": true }, "geometry": { "type": "Point", "coordinates": [ 78.363399087382845, 17.451049297366616 ] } },
{ "type": "Feature", "properties": { "utility_id": "SYN-UP-00209", "department": "water", "connection_id": "SYN-WAT-00209", "synthetic": true }, "geometry": { "type": "Point", "coordinates": [ 78.363469474246614, 17.450511250480325 ] } },
{ "type": "Feature", "properties": { "utility_id": "SYN-UP-00210", "department": "sewer", "connection_id": "SYN-SEW-00210", "synthetic": true }, "geometry": { "type": "Point", "coordinates": [ 78.363482288291806, 17.450538932089376 ] } },
{ "type": "Feature", "properties": { "utility_id": "SYN-UP-00211", "department": "electricity", "connection_id": "SYN-ELE-00211", "synthetic": true }, "geometry": { "type": "Point", "coordinates": [ 78.35447207250219, 17.461819932608002 ] } },
{ "type": "Feature", "properties": { "utility_id": "SYN-UP-00212", "department": "water", "connection_id": "SYN-WAT-00212", "synthetic": true }, "geometry": { "type": "Point", "coordinates": [ 78.354427352167761, 17.461829396781809 ] } },
{ "type": "Feature", "properties": { "utility_id": "SYN-UP-00213", "department": "sewer", "connection_id": "SYN-SEW-00213", "synthetic": true }, "geometry": { "type": "Point", "coordinates": [ 78.354393950856661, 17.461860564566745 ] } },
{ "type": "Feature", "properties": { "utility_id": "SYN-UP-00214", "department": "electricity", "connection_id": "SYN-ELE-00214", "synthetic": true }, "geometry": { "type": "Point", "coordinates": [ 78.354510276597907, 17.460917948560343 ] } },
{ "type": "Feature", "properties": { "utility_id": "SYN-UP-00215", "department": "water", "connection_id": "SYN-WAT-00215", "synthetic": true }, "geometry": { "type": "Point", "coordinates": [ 78.354535102180265, 17.460926405085324 ] } },
{ "type": "Feature", "properties": { "utility_id": "SYN-UP-00216", "department": "sewer", "connection_id": "SYN-SEW-00216", "synthetic": true }, "geometry": { "type": "Point", "coordinates": [ 78.354657929539073, 17.460885800654513 ] } },
{ "type": "Feature", "properties": { "utility_id": "SYN-UP-00217", "department": "electricity", "connection_id": "SYN-ELE-00217", "synthetic": true }, "geometry": { "type": "Point", "coordinates": [ 78.36147097031963, 17.451415720105889 ] } },
{ "type": "Feature", "properties": { "utility_id": "SYN-UP-00218", "department": "water", "connection_id": "SYN-WAT-00218", "synthetic": true }, "geometry": { "type": "Point", "coordinates": [ 78.361435342627473, 17.451380382303753 ] } },
{ "type": "Feature", "properties": { "utility_id": "SYN-UP-00219", "department": "sewer", "connection_id": "SYN-SEW-00219", "synthetic": true }, "geometry": { "type": "Point", "coordinates": [ 78.361446086610755, 17.451386739258812 ] } },
{ "type": "Feature", "properties": { "utility_id": "SYN-UP-00220", "department": "electricity", "connection_id": "SYN-ELE-00220", "synthetic": true }, "geometry": { "type": "Point", "coordinates": [ 78.355940588798092, 17.450356854261543 ] } },
{ "type": "Feature", "properties": { "utility_id": "SYN-UP-00221", "department": "water", "connection_id": "SYN-WAT-00221", "synthetic": true }, "geometry": { "type": "Point", "coordinates": [ 78.355689029304671, 17.450354145895652 ] } },
{ "type": "Feature", "properties": { "utility_id": "SYN-UP-00222", "department": "sewer", "connection_id": "SYN-SEW-00222", "synthetic": true }, "geometry": { "type": "Point", "coordinates": [ 78.355941256676289, 17.450357042199407 ] } },
{ "type": "Feature", "properties": { "utility_id": "SYN-UP-00223", "department": "electricity", "connection_id": "SYN-ELE-00223", "synthetic": true }, "geometry": { "type": "Point", "coordinates": [ 78.358341686455518, 17.459321373456032 ] } },
{ "type": "Feature", "properties": { "utility_id": "SYN-UP-00224", "department": "water", "connection_id": "SYN-WAT-00224", "synthetic": true }, "geometry": { "type": "Point", "coordinates": [ 78.358342562841685, 17.459330611618189 ] } },
{ "type": "Feature", "properties": { "utility_id": "SYN-UP-00225", "department": "sewer", "connection_id": "SYN-SEW-00225", "synthetic": true }, "geometry": { "type": "Point", "coordinates": [ 78.359073542145069, 17.459217022186166 ] } },
{ "type": "Feature", "properties": { "utility_id": "SYN-UP-00226", "department": "electricity", "connection_id": "SYN-ELE-00226", "synthetic": true }, "geometry": { "type": "Point", "coordinates": [ 78.360657829909954, 17.461348547693156 ] } },
{ "type": "Feature", "properties": { "utility_id": "SYN-UP-00227", "department": "water", "connection_id": "SYN-WAT-00227", "synthetic": true }, "geometry": { "type": "Point", "coordinates": [ 78.360937504106005, 17.461384751076114 ] } },
{ "type": "Feature", "properties": { "utility_id": "SYN-UP-00228", "department": "sewer", "connection_id": "SYN-SEW-00228", "synthetic": true }, "geometry": { "type": "Point", "coordinates": [ 78.360654879321331, 17.46129540770767 ] } },
{ "type": "Feature", "properties": { "utility_id": "SYN-UP-00229", "department": "electricity", "connection_id": "SYN-ELE-00229", "synthetic": true }, "geometry": { "type": "Point", "coordinates": [ 78.351948043490708, 17.45918210100319 ] } },
{ "type": "Feature", "properties": { "utility_id": "SYN-UP-00230", "department": "water", "connection_id": "SYN-WAT-00230", "synthetic": true }, "geometry": { "type": "Point", "coordinates": [ 78.351963881045407, 17.459158683836847 ] } },
{ "type": "Feature", "properties": { "utility_id": "SYN-UP-00231", "department": "sewer", "connection_id": "SYN-SEW-00231", "synthetic": true }, "geometry": { "type": "Point", "coordinates": [ 78.35197911131543, 17.459202007741077 ] } },
{ "type": "Feature", "properties": { "utility_id": "SYN-UP-00232", "department": "electricity", "connection_id": "SYN-ELE-00232", "synthetic": true }, "geometry": { "type": "Point", "coordinates": [ 78.363351867359924, 17.455241519790764 ] } },
{ "type": "Feature", "properties": { "utility_id": "SYN-UP-00233", "department": "water", "connection_id": "SYN-WAT-00233", "synthetic": true }, "geometry": { "type": "Point", "coordinates": [ 78.363346485091043, 17.455345681063523 ] } },
{ "type": "Feature", "properties": { "utility_id": "SYN-UP-00234", "department": "sewer", "connection_id": "SYN-SEW-00234", "synthetic": true }, "geometry": { "type": "Point", "coordinates": [ 78.363343169117258, 17.455124671468919 ] } },
{ "type": "Feature", "properties": { "utility_id": "SYN-UP-00235", "department": "electricity", "connection_id": "SYN-ELE-00235", "synthetic": true }, "geometry": { "type": "Point", "coordinates": [ 78.354975312629463, 17.459751576765473 ] } },
{ "type": "Feature", "properties": { "utility_id": "SYN-UP-00236", "department": "water", "connection_id": "SYN-WAT-00236", "synthetic": true }, "geometry": { "type": "Point", "coordinates": [ 78.355024965068722, 17.459776216193053 ] } },
{ "type": "Feature", "properties": { "utility_id": "SYN-UP-00237", "department": "sewer", "connection_id": "SYN-SEW-00237", "synthetic": true }, "geometry": { "type": "Point", "coordinates": [ 78.355057722001447, 17.459745873434809 ] } },
{ "type": "Feature", "properties": { "utility_id": "SYN-UP-00238", "department": "electricity", "connection_id": "SYN-ELE-00238", "synthetic": true }, "geometry": { "type": "Point", "coordinates": [ 78.353291823800745, 17.459542818985696 ] } },
{ "type": "Feature", "properties": { "utility_id": "SYN-UP-00239", "department": "water", "connection_id": "SYN-WAT-00239", "synthetic": true }, "geometry": { "type": "Point", "coordinates": [ 78.35335406716456, 17.459535361231364 ] } },
{ "type": "Feature", "properties": { "utility_id": "SYN-UP-00240", "department": "sewer", "connection_id": "SYN-SEW-00240", "synthetic": true }, "geometry": { "type": "Point", "coordinates": [ 78.353302799607192, 17.459570584730859 ] } },
{ "type": "Feature", "properties": { "utility_id": "SYN-UP-00241", "department": "electricity", "connection_id": "SYN-ELE-00241", "synthetic": true }, "geometry": { "type": "Point", "coordinates": [ 78.356271121471082, 17.452166025605745 ] } },
{ "type": "Feature", "properties": { "utility_id": "SYN-UP-00242", "department": "water", "connection_id": "SYN-WAT-00242", "synthetic": true }, "geometry": { "type": "Point", "coordinates": [ 78.356295640064971, 17.452180888568162 ] } },
{ "type": "Feature", "properties": { "utility_id": "SYN-UP-00243", "department": "sewer", "connection_id": "SYN-SEW-00243", "synthetic": true }, "geometry": { "type": "Point", "coordinates": [ 78.35629570183896, 17.452176714641926 ] } },
{ "type": "Feature", "properties": { "utility_id": "SYN-UP-00244", "department": "electricity", "connection_id": "SYN-ELE-00244", "synthetic": true }, "geometry": { "type": "Point", "coordinates": [ 78.357611072237376, 17.450427629220577 ] } },
{ "type": "Feature", "properties": { "utility_id": "SYN-UP-00245", "department": "water", "connection_id": "SYN-WAT-00245", "synthetic": true }, "geometry": { "type": "Point", "coordinates": [ 78.35752713974972, 17.450382660962248 ] } },
{ "type": "Feature", "properties": { "utility_id": "SYN-UP-00246", "department": "sewer", "connection_id": "SYN-SEW-00246", "synthetic": true }, "geometry": { "type": "Point", "coordinates": [ 78.357617885499209, 17.450424578112717 ] } },
{ "type": "Feature", "properties": { "utility_id": "SYN-UP-00247", "department": "electricity", "connection_id": "SYN-ELE-00247", "synthetic": true }, "geometry": { "type": "Point", "coordinates": [ 78.357339802191547, 17.450281968116499 ] } },
{ "type": "Feature", "properties": { "utility_id": "SYN-UP-00248", "department": "water", "connection_id": "SYN-WAT-00248", "synthetic": true }, "geometry": { "type": "Point", "coordinates": [ 78.357291691102247, 17.450242613577206 ] } },
{ "type": "Feature", "properties": { "utility_id": "SYN-UP-00249", "department": "sewer", "connection_id": "SYN-SEW-00249", "synthetic": true }, "geometry": { "type": "Point", "coordinates": [ 78.357293934587815, 17.450165656015127 ] } },
{ "type": "Feature", "properties": { "utility_id": "SYN-UP-00250", "department": "electricity", "connection_id": "SYN-ELE-00250", "synthetic": true }, "geometry": { "type": "Point", "coordinates": [ 78.360336690588483, 17.450571532675436 ] } },
{ "type": "Feature", "properties": { "utility_id": "SYN-UP-00251", "department": "water", "connection_id": "SYN-WAT-00251", "synthetic": true }, "geometry": { "type": "Point", "coordinates": [ 78.360333219482115, 17.450588738830991 ] } },
{ "type": "Feature", "properties": { "utility_id": "SYN-UP-00252", "department": "sewer", "connection_id": "SYN-SEW-00252", "synthetic": true }, "geometry": { "type": "Point", "coordinates": [ 78.360273730070276, 17.450461204434188 ] } },
{ "type": "Feature", "properties": { "utility_id": "SYN-UP-00253", "department": "electricity", "connection_id": "SYN-ELE-00253", "synthetic": true }, "geometry": { "type": "Point", "coordinates": [ 78.351583229572341, 17.459922260231949 ] } },
{ "type": "Feature", "properties": { "utility_id": "SYN-UP-00254", "department": "water", "connection_id": "SYN-WAT-00254", "synthetic": true }, "geometry": { "type": "Point", "coordinates": [ 78.35156487203399, 17.459929476635224 ] } },
{ "type": "Feature", "properties": { "utility_id": "SYN-UP-00255", "department": "sewer", "connection_id": "SYN-SEW-00255", "synthetic": true }, "geometry": { "type": "Point", "coordinates": [ 78.351553081020384, 17.459889846673949 ] } },
{ "type": "Feature", "properties": { "utility_id": "SYN-UP-00256", "department": "electricity", "connection_id": "SYN-ELE-00256", "synthetic": true }, "geometry": { "type": "Point", "coordinates": [ 78.353367236018912, 17.457756478122157 ] } },
{ "type": "Feature", "properties": { "utility_id": "SYN-UP-00257", "department": "water", "connection_id": "SYN-WAT-00257", "synthetic": true }, "geometry": { "type": "Point", "coordinates": [ 78.353369070494935, 17.457777727007624 ] } },
{ "type": "Feature", "properties": { "utility_id": "SYN-UP-00258", "department": "sewer", "connection_id": "SYN-SEW-00258", "synthetic": true }, "geometry": { "type": "Point", "coordinates": [ 78.35337127105349, 17.457737156021558 ] } },
{ "type": "Feature", "properties": { "utility_id": "SYN-UP-00259", "department": "electricity", "connection_id": "SYN-ELE-00259", "synthetic": true }, "geometry": { "type": "Point", "coordinates": [ 78.354385483129974, 17.459001610169754 ] } },
{ "type": "Feature", "properties": { "utility_id": "SYN-UP-00260", "department": "water", "connection_id": "SYN-WAT-00260", "synthetic": true }, "geometry": { "type": "Point", "coordinates": [ 78.354381398845575, 17.458985503305556 ] } },
{ "type": "Feature", "properties": { "utility_id": "SYN-UP-00261", "department": "sewer", "connection_id": "SYN-SEW-00261", "synthetic": true }, "geometry": { "type": "Point", "coordinates": [ 78.354365116015401, 17.45898396557206 ] } },
{ "type": "Feature", "properties": { "utility_id": "SYN-UP-00262", "department": "electricity", "connection_id": "SYN-ELE-00262", "synthetic": true }, "geometry": { "type": "Point", "coordinates": [ 78.352848623191747, 17.458637550764376 ] } },
{ "type": "Feature", "properties": { "utility_id": "SYN-UP-00263", "department": "water", "connection_id": "SYN-WAT-00263", "synthetic": true }, "geometry": { "type": "Point", "coordinates": [ 78.352802905893213, 17.458630107407668 ] } },
{ "type": "Feature", "properties": { "utility_id": "SYN-UP-00264", "department": "sewer", "connection_id": "SYN-SEW-00264", "synthetic": true }, "geometry": { "type": "Point", "coordinates": [ 78.352915497276101, 17.458777864348633 ] } },
{ "type": "Feature", "properties": { "utility_id": "SYN-UP-00265", "department": "electricity", "connection_id": "SYN-ELE-00265", "synthetic": true }, "geometry": { "type": "Point", "coordinates": [ 78.353121519124429, 17.459613361841118 ] } },
{ "type": "Feature", "properties": { "utility_id": "SYN-UP-00266", "department": "water", "connection_id": "SYN-WAT-00266", "synthetic": true }, "geometry": { "type": "Point", "coordinates": [ 78.353072362366603, 17.459597343229181 ] } },
{ "type": "Feature", "properties": { "utility_id": "SYN-UP-00267", "department": "sewer", "connection_id": "SYN-SEW-00267", "synthetic": true }, "geometry": { "type": "Point", "coordinates": [ 78.353087612812217, 17.459602642264851 ] } },
{ "type": "Feature", "properties": { "utility_id": "SYN-UP-00268", "department": "electricity", "connection_id": "SYN-ELE-00268", "synthetic": true }, "geometry": { "type": "Point", "coordinates": [ 78.357952002258827, 17.450333566849068 ] } },
{ "type": "Feature", "properties": { "utility_id": "SYN-UP-00269", "department": "water", "connection_id": "SYN-WAT-00269", "synthetic": true }, "geometry": { "type": "Point", "coordinates": [ 78.357962372919957, 17.450340623550968 ] } },
{ "type": "Feature", "properties": { "utility_id": "SYN-UP-00270", "department": "sewer", "connection_id": "SYN-SEW-00270", "synthetic": true }, "geometry": { "type": "Point", "coordinates": [ 78.35797758329997, 17.450307957937564 ] } },
{ "type": "Feature", "properties": { "utility_id": "SYN-UP-00271", "department": "electricity", "connection_id": "SYN-ELE-00271", "synthetic": true }, "geometry": { "type": "Point", "coordinates": [ 78.352048723914152, 17.457028956880013 ] } },
{ "type": "Feature", "properties": { "utility_id": "SYN-UP-00272", "department": "water", "connection_id": "SYN-WAT-00272", "synthetic": true }, "geometry": { "type": "Point", "coordinates": [ 78.352023461195415, 17.45702780473934 ] } },
{ "type": "Feature", "properties": { "utility_id": "SYN-UP-00273", "department": "sewer", "connection_id": "SYN-SEW-00273", "synthetic": true }, "geometry": { "type": "Point", "coordinates": [ 78.351722938592559, 17.456689024458679 ] } },
{ "type": "Feature", "properties": { "utility_id": "SYN-UP-00274", "department": "electricity", "connection_id": "SYN-ELE-00274", "synthetic": true }, "geometry": { "type": "Point", "coordinates": [ 78.352389493957972, 17.460544064844093 ] } },
{ "type": "Feature", "properties": { "utility_id": "SYN-UP-00275", "department": "water", "connection_id": "SYN-WAT-00275", "synthetic": true }, "geometry": { "type": "Point", "coordinates": [ 78.352382270431988, 17.460489096628677 ] } },
{ "type": "Feature", "properties": { "utility_id": "SYN-UP-00276", "department": "sewer", "connection_id": "SYN-SEW-00276", "synthetic": true }, "geometry": { "type": "Point", "coordinates": [ 78.352399503844978, 17.460529318232989 ] } },
{ "type": "Feature", "properties": { "utility_id": "SYN-UP-00277", "department": "electricity", "connection_id": "SYN-ELE-00277", "synthetic": true }, "geometry": { "type": "Point", "coordinates": [ 78.361112183765542, 17.46137918891413 ] } },
{ "type": "Feature", "properties": { "utility_id": "SYN-UP-00278", "department": "water", "connection_id": "SYN-WAT-00278", "synthetic": true }, "geometry": { "type": "Point", "coordinates": [ 78.361116328026498, 17.461418064864993 ] } },
{ "type": "Feature", "properties": { "utility_id": "SYN-UP-00279", "department": "sewer", "connection_id": "SYN-SEW-00279", "synthetic": true }, "geometry": { "type": "Point", "coordinates": [ 78.360776240327922, 17.460907798726293 ] } },
{ "type": "Feature", "properties": { "utility_id": "SYN-UP-00280", "department": "electricity", "connection_id": "SYN-ELE-00280", "synthetic": true }, "geometry": { "type": "Point", "coordinates": [ 78.362944233772339, 17.456068179855933 ] } },
{ "type": "Feature", "properties": { "utility_id": "SYN-UP-00281", "department": "water", "connection_id": "SYN-WAT-00281", "synthetic": true }, "geometry": { "type": "Point", "coordinates": [ 78.3633152819163, 17.456217411423889 ] } },
{ "type": "Feature", "properties": { "utility_id": "SYN-UP-00282", "department": "sewer", "connection_id": "SYN-SEW-00282", "synthetic": true }, "geometry": { "type": "Point", "coordinates": [ 78.363332021009256, 17.456191720580652 ] } },
{ "type": "Feature", "properties": { "utility_id": "SYN-UP-00283", "department": "electricity", "connection_id": "SYN-ELE-00283", "synthetic": true }, "geometry": { "type": "Point", "coordinates": [ 78.357291578142068, 17.450082276584336 ] } },
{ "type": "Feature", "properties": { "utility_id": "SYN-UP-00284", "department": "water", "connection_id": "SYN-WAT-00284", "synthetic": true }, "geometry": { "type": "Point", "coordinates": [ 78.357569357339372, 17.45008511792998 ] } },
{ "type": "Feature", "properties": { "utility_id": "SYN-UP-00285", "department": "sewer", "connection_id": "SYN-SEW-00285", "synthetic": true }, "geometry": { "type": "Point", "coordinates": [ 78.357268244047859, 17.450119749141003 ] } },
{ "type": "Feature", "properties": { "utility_id": "SYN-UP-00286", "department": "electricity", "connection_id": "SYN-ELE-00286", "synthetic": true }, "geometry": { "type": "Point", "coordinates": [ 78.354145359655988, 17.459456575866607 ] } },
{ "type": "Feature", "properties": { "utility_id": "SYN-UP-00287", "department": "water", "connection_id": "SYN-WAT-00287", "synthetic": true }, "geometry": { "type": "Point", "coordinates": [ 78.3540533722813, 17.459473918240576 ] } },
{ "type": "Feature", "properties": { "utility_id": "SYN-UP-00288", "department": "sewer", "connection_id": "SYN-SEW-00288", "synthetic": true }, "geometry": { "type": "Point", "coordinates": [ 78.354068112559801, 17.459477737597638 ] } },
{ "type": "Feature", "properties": { "utility_id": "SYN-UP-00289", "department": "electricity", "connection_id": "SYN-ELE-00289", "synthetic": true }, "geometry": { "type": "Point", "coordinates": [ 78.361286371824121, 17.451176979597033 ] } },
{ "type": "Feature", "properties": { "utility_id": "SYN-UP-00290", "department": "water", "connection_id": "SYN-WAT-00290", "synthetic": true }, "geometry": { "type": "Point", "coordinates": [ 78.36125411058697, 17.451187347730048 ] } },
{ "type": "Feature", "properties": { "utility_id": "SYN-UP-00291", "department": "sewer", "connection_id": "SYN-SEW-00291", "synthetic": true }, "geometry": { "type": "Point", "coordinates": [ 78.361282239966584, 17.451178634789507 ] } },
{ "type": "Feature", "properties": { "utility_id": "SYN-UP-00292", "department": "electricity", "connection_id": "SYN-ELE-00292", "synthetic": true }, "geometry": { "type": "Point", "coordinates": [ 78.360947299609919, 17.450891430654227 ] } },
{ "type": "Feature", "properties": { "utility_id": "SYN-UP-00293", "department": "water", "connection_id": "SYN-WAT-00293", "synthetic": true }, "geometry": { "type": "Point", "coordinates": [ 78.360945765806051, 17.450849181109756 ] } },
{ "type": "Feature", "properties": { "utility_id": "SYN-UP-00294", "department": "sewer", "connection_id": "SYN-SEW-00294", "synthetic": true }, "geometry": { "type": "Point", "coordinates": [ 78.360984881943992, 17.450881525452495 ] } },
{ "type": "Feature", "properties": { "utility_id": "SYN-UP-00295", "department": "electricity", "connection_id": "SYN-ELE-00295", "synthetic": true }, "geometry": { "type": "Point", "coordinates": [ 78.352223854054557, 17.459351499725241 ] } },
{ "type": "Feature", "properties": { "utility_id": "SYN-UP-00296", "department": "water", "connection_id": "SYN-WAT-00296", "synthetic": true }, "geometry": { "type": "Point", "coordinates": [ 78.352265600905852, 17.459357290761822 ] } },
{ "type": "Feature", "properties": { "utility_id": "SYN-UP-00297", "department": "sewer", "connection_id": "SYN-SEW-00297", "synthetic": true }, "geometry": { "type": "Point", "coordinates": [ 78.352219698755206, 17.459349010045834 ] } },
{ "type": "Feature", "properties": { "utility_id": "SYN-UP-00298", "department": "electricity", "connection_id": "SYN-ELE-00298", "synthetic": true }, "geometry": { "type": "Point", "coordinates": [ 78.350197750009585, 17.460223171026858 ] } },
{ "type": "Feature", "properties": { "utility_id": "SYN-UP-00299", "department": "water", "connection_id": "SYN-WAT-00299", "synthetic": true }, "geometry": { "type": "Point", "coordinates": [ 78.350176190229448, 17.460127175448459 ] } },
{ "type": "Feature", "properties": { "utility_id": "SYN-UP-00300", "department": "sewer", "connection_id": "SYN-SEW-00300", "synthetic": true }, "geometry": { "type": "Point", "coordinates": [ 78.350188959746106, 17.460147115314779 ] } },
{ "type": "Feature", "properties": { "utility_id": "SYN-UP-00301", "department": "electricity", "connection_id": "SYN-ELE-00301", "synthetic": true }, "geometry": { "type": "Point", "coordinates": [ 78.362262764727205, 17.455194011862936 ] } },
{ "type": "Feature", "properties": { "utility_id": "SYN-UP-00302", "department": "water", "connection_id": "SYN-WAT-00302", "synthetic": true }, "geometry": { "type": "Point", "coordinates": [ 78.362052371279162, 17.455761426365143 ] } },
{ "type": "Feature", "properties": { "utility_id": "SYN-UP-00303", "department": "sewer", "connection_id": "SYN-SEW-00303", "synthetic": true }, "geometry": { "type": "Point", "coordinates": [ 78.362239001220772, 17.455304834636081 ] } },
{ "type": "Feature", "properties": { "utility_id": "SYN-UP-00304", "department": "electricity", "connection_id": "SYN-ELE-00304", "synthetic": true }, "geometry": { "type": "Point", "coordinates": [ 78.362354524211284, 17.458113810714458 ] } },
{ "type": "Feature", "properties": { "utility_id": "SYN-UP-00305", "department": "water", "connection_id": "SYN-WAT-00305", "synthetic": true }, "geometry": { "type": "Point", "coordinates": [ 78.362349295729004, 17.458109484630789 ] } },
{ "type": "Feature", "properties": { "utility_id": "SYN-UP-00306", "department": "sewer", "connection_id": "SYN-SEW-00306", "synthetic": true }, "geometry": { "type": "Point", "coordinates": [ 78.362317924365186, 17.458088575380707 ] } },
{ "type": "Feature", "properties": { "utility_id": "SYN-UP-00307", "department": "electricity", "connection_id": "SYN-ELE-00307", "synthetic": true }, "geometry": { "type": "Point", "coordinates": [ 78.354924792002549, 17.459726375377397 ] } },
{ "type": "Feature", "properties": { "utility_id": "SYN-UP-00308", "department": "water", "connection_id": "SYN-WAT-00308", "synthetic": true }, "geometry": { "type": "Point", "coordinates": [ 78.354824059482084, 17.459683470056934 ] } },
{ "type": "Feature", "properties": { "utility_id": "SYN-UP-00309", "department": "sewer", "connection_id": "SYN-SEW-00309", "synthetic": true }, "geometry": { "type": "Point", "coordinates": [ 78.354884933862294, 17.45970843516 ] } },
{ "type": "Feature", "properties": { "utility_id": "SYN-UP-00310", "department": "electricity", "connection_id": "SYN-ELE-00310", "synthetic": true }, "geometry": { "type": "Point", "coordinates": [ 78.350692170018363, 17.461579954160442 ] } },
{ "type": "Feature", "properties": { "utility_id": "SYN-UP-00311", "department": "water", "connection_id": "SYN-WAT-00311", "synthetic": true }, "geometry": { "type": "Point", "coordinates": [ 78.350712978489014, 17.461595475628307 ] } },
{ "type": "Feature", "properties": { "utility_id": "SYN-UP-00312", "department": "sewer", "connection_id": "SYN-SEW-00312", "synthetic": true }, "geometry": { "type": "Point", "coordinates": [ 78.350691014958471, 17.461546813879334 ] } },
{ "type": "Feature", "properties": { "utility_id": "SYN-UP-00313", "department": "electricity", "connection_id": "SYN-ELE-00313", "synthetic": true }, "geometry": { "type": "Point", "coordinates": [ 78.351792394360004, 17.458957075452453 ] } },
{ "type": "Feature", "properties": { "utility_id": "SYN-UP-00314", "department": "water", "connection_id": "SYN-WAT-00314", "synthetic": true }, "geometry": { "type": "Point", "coordinates": [ 78.351792563211845, 17.458953235261731 ] } },
{ "type": "Feature", "properties": { "utility_id": "SYN-UP-00315", "department": "sewer", "connection_id": "SYN-SEW-00315", "synthetic": true }, "geometry": { "type": "Point", "coordinates": [ 78.351830215146151, 17.458989745942514 ] } },
{ "type": "Feature", "properties": { "utility_id": "SYN-UP-00316", "department": "electricity", "connection_id": "SYN-ELE-00316", "synthetic": true }, "geometry": { "type": "Point", "coordinates": [ 78.3531202031389, 17.459012022026521 ] } },
{ "type": "Feature", "properties": { "utility_id": "SYN-UP-00317", "department": "water", "connection_id": "SYN-WAT-00317", "synthetic": true }, "geometry": { "type": "Point", "coordinates": [ 78.353458318012514, 17.459189483900097 ] } },
{ "type": "Feature", "properties": { "utility_id": "SYN-UP-00318", "department": "sewer", "connection_id": "SYN-SEW-00318", "synthetic": true }, "geometry": { "type": "Point", "coordinates": [ 78.353146260607105, 17.459038419593803 ] } },
{ "type": "Feature", "properties": { "utility_id": "SYN-UP-00319", "department": "electricity", "connection_id": "SYN-ELE-00319", "synthetic": true }, "geometry": { "type": "Point", "coordinates": [ 78.353311235154266, 17.460116484899785 ] } },
{ "type": "Feature", "properties": { "utility_id": "SYN-UP-00320", "department": "water", "connection_id": "SYN-WAT-00320", "synthetic": true }, "geometry": { "type": "Point", "coordinates": [ 78.35327343887036, 17.460062899958807 ] } },
{ "type": "Feature", "properties": { "utility_id": "SYN-UP-00321", "department": "sewer", "connection_id": "SYN-SEW-00321", "synthetic": true }, "geometry": { "type": "Point", "coordinates": [ 78.353280684386505, 17.460087502970211 ] } },
{ "type": "Feature", "properties": { "utility_id": "SYN-UP-00322", "department": "electricity", "connection_id": "SYN-ELE-00322", "synthetic": true }, "geometry": { "type": "Point", "coordinates": [ 78.354391878243703, 17.457730778738263 ] } },
{ "type": "Feature", "properties": { "utility_id": "SYN-UP-00323", "department": "water", "connection_id": "SYN-WAT-00323", "synthetic": true }, "geometry": { "type": "Point", "coordinates": [ 78.354345167503567, 17.457877980081236 ] } },
{ "type": "Feature", "properties": { "utility_id": "SYN-UP-00324", "department": "sewer", "connection_id": "SYN-SEW-00324", "synthetic": true }, "geometry": { "type": "Point", "coordinates": [ 78.353967492474851, 17.459060490238596 ] } },
{ "type": "Feature", "properties": { "utility_id": "SYN-UP-00325", "department": "electricity", "connection_id": "SYN-ELE-00325", "synthetic": true }, "geometry": { "type": "Point", "coordinates": [ 78.355858888903271, 17.46186942869916 ] } },
{ "type": "Feature", "properties": { "utility_id": "SYN-UP-00326", "department": "water", "connection_id": "SYN-WAT-00326", "synthetic": true }, "geometry": { "type": "Point", "coordinates": [ 78.355843764411333, 17.461872846175531 ] } },
{ "type": "Feature", "properties": { "utility_id": "SYN-UP-00327", "department": "sewer", "connection_id": "SYN-SEW-00327", "synthetic": true }, "geometry": { "type": "Point", "coordinates": [ 78.355981200514933, 17.461618337857349 ] } },
{ "type": "Feature", "properties": { "utility_id": "SYN-UP-00328", "department": "electricity", "connection_id": "SYN-ELE-00328", "synthetic": true }, "geometry": { "type": "Point", "coordinates": [ 78.358044441469175, 17.450465686777498 ] } },
{ "type": "Feature", "properties": { "utility_id": "SYN-UP-00329", "department": "water", "connection_id": "SYN-WAT-00329", "synthetic": true }, "geometry": { "type": "Point", "coordinates": [ 78.358027366366144, 17.450431185308332 ] } },
{ "type": "Feature", "properties": { "utility_id": "SYN-UP-00330", "department": "sewer", "connection_id": "SYN-SEW-00330", "synthetic": true }, "geometry": { "type": "Point", "coordinates": [ 78.358114675684533, 17.450266497003742 ] } },
{ "type": "Feature", "properties": { "utility_id": "SYN-UP-00331", "department": "electricity", "connection_id": "SYN-ELE-00331", "synthetic": true }, "geometry": { "type": "Point", "coordinates": [ 78.351543854241669, 17.459777850840506 ] } },
{ "type": "Feature", "properties": { "utility_id": "SYN-UP-00332", "department": "water", "connection_id": "SYN-WAT-00332", "synthetic": true }, "geometry": { "type": "Point", "coordinates": [ 78.351532717080431, 17.459789547777216 ] } },
{ "type": "Feature", "properties": { "utility_id": "SYN-UP-00333", "department": "sewer", "connection_id": "SYN-SEW-00333", "synthetic": true }, "geometry": { "type": "Point", "coordinates": [ 78.351527791012913, 17.459782312672331 ] } },
{ "type": "Feature", "properties": { "utility_id": "SYN-UP-00334", "department": "electricity", "connection_id": "SYN-ELE-00334", "synthetic": true }, "geometry": { "type": "Point", "coordinates": [ 78.355143203460145, 17.461863241143654 ] } },
{ "type": "Feature", "properties": { "utility_id": "SYN-UP-00335", "department": "water", "connection_id": "SYN-WAT-00335", "synthetic": true }, "geometry": { "type": "Point", "coordinates": [ 78.355208887570868, 17.461829651707561 ] } },
{ "type": "Feature", "properties": { "utility_id": "SYN-UP-00336", "department": "sewer", "connection_id": "SYN-SEW-00336", "synthetic": true }, "geometry": { "type": "Point", "coordinates": [ 78.355184426108778, 17.46186719259563 ] } },
{ "type": "Feature", "properties": { "utility_id": "SYN-UP-00337", "department": "electricity", "connection_id": "SYN-ELE-00337", "synthetic": true }, "geometry": { "type": "Point", "coordinates": [ 78.360311903429476, 17.459022892741878 ] } },
{ "type": "Feature", "properties": { "utility_id": "SYN-UP-00338", "department": "water", "connection_id": "SYN-WAT-00338", "synthetic": true }, "geometry": { "type": "Point", "coordinates": [ 78.360309527072317, 17.459426813096382 ] } },
{ "type": "Feature", "properties": { "utility_id": "SYN-UP-00339", "department": "sewer", "connection_id": "SYN-SEW-00339", "synthetic": true }, "geometry": { "type": "Point", "coordinates": [ 78.360316221650422, 17.459454411326114 ] } },
{ "type": "Feature", "properties": { "utility_id": "SYN-UP-00340", "department": "electricity", "connection_id": "SYN-ELE-00340", "synthetic": true }, "geometry": { "type": "Point", "coordinates": [ 78.351561246665355, 17.457613832301046 ] } },
{ "type": "Feature", "properties": { "utility_id": "SYN-UP-00341", "department": "water", "connection_id": "SYN-WAT-00341", "synthetic": true }, "geometry": { "type": "Point", "coordinates": [ 78.351472086975932, 17.457029470564347 ] } },
{ "type": "Feature", "properties": { "utility_id": "SYN-UP-00342", "department": "sewer", "connection_id": "SYN-SEW-00342", "synthetic": true }, "geometry": { "type": "Point", "coordinates": [ 78.351500000549251, 17.457208279821639 ] } },
{ "type": "Feature", "properties": { "utility_id": "SYN-UP-00343", "department": "electricity", "connection_id": "SYN-ELE-00343", "synthetic": true }, "geometry": { "type": "Point", "coordinates": [ 78.353712497247884, 17.459305713935201 ] } },
{ "type": "Feature", "properties": { "utility_id": "SYN-UP-00344", "department": "water", "connection_id": "SYN-WAT-00344", "synthetic": true }, "geometry": { "type": "Point", "coordinates": [ 78.353695363424691, 17.4593058024969 ] } },
{ "type": "Feature", "properties": { "utility_id": "SYN-UP-00345", "department": "sewer", "connection_id": "SYN-SEW-00345", "synthetic": true }, "geometry": { "type": "Point", "coordinates": [ 78.353654985249705, 17.459166761621137 ] } },
{ "type": "Feature", "properties": { "utility_id": "SYN-UP-00346", "department": "electricity", "connection_id": "SYN-ELE-00346", "synthetic": true }, "geometry": { "type": "Point", "coordinates": [ 78.360563477807503, 17.452407187276602 ] } },
{ "type": "Feature", "properties": { "utility_id": "SYN-UP-00347", "department": "water", "connection_id": "SYN-WAT-00347", "synthetic": true }, "geometry": { "type": "Point", "coordinates": [ 78.360695855526799, 17.452004951311395 ] } },
{ "type": "Feature", "properties": { "utility_id": "SYN-UP-00348", "department": "sewer", "connection_id": "SYN-SEW-00348", "synthetic": true }, "geometry": { "type": "Point", "coordinates": [ 78.360565028631768, 17.452447273247991 ] } },
{ "type": "Feature", "properties": { "utility_id": "SYN-UP-00349", "department": "electricity", "connection_id": "SYN-ELE-00349", "synthetic": true }, "geometry": { "type": "Point", "coordinates": [ 78.361671083792231, 17.450609940482732 ] } },
{ "type": "Feature", "properties": { "utility_id": "SYN-UP-00350", "department": "water", "connection_id": "SYN-WAT-00350", "synthetic": true }, "geometry": { "type": "Point", "coordinates": [ 78.361496643482099, 17.450651320274432 ] } },
{ "type": "Feature", "properties": { "utility_id": "SYN-UP-00351", "department": "sewer", "connection_id": "SYN-SEW-00351", "synthetic": true }, "geometry": { "type": "Point", "coordinates": [ 78.361778230187326, 17.450576800969795 ] } },
{ "type": "Feature", "properties": { "utility_id": "SYN-UP-00352", "department": "electricity", "connection_id": "SYN-ELE-00352", "synthetic": true }, "geometry": { "type": "Point", "coordinates": [ 78.363402308786505, 17.459234080975829 ] } },
{ "type": "Feature", "properties": { "utility_id": "SYN-UP-00353", "department": "water", "connection_id": "SYN-WAT-00353", "synthetic": true }, "geometry": { "type": "Point", "coordinates": [ 78.363384160315377, 17.459253577474779 ] } },
{ "type": "Feature", "properties": { "utility_id": "SYN-UP-00354", "department": "sewer", "connection_id": "SYN-SEW-00354", "synthetic": true }, "geometry": { "type": "Point", "coordinates": [ 78.36337747028611, 17.459238399794518 ] } },
{ "type": "Feature", "properties": { "utility_id": "SYN-UP-00355", "department": "electricity", "connection_id": "SYN-ELE-00355", "synthetic": true }, "geometry": { "type": "Point", "coordinates": [ 78.354653710790501, 17.456803815161855 ] } },
{ "type": "Feature", "properties": { "utility_id": "SYN-UP-00356", "department": "water", "connection_id": "SYN-WAT-00356", "synthetic": true }, "geometry": { "type": "Point", "coordinates": [ 78.354042562142524, 17.456055558431562 ] } },
{ "type": "Feature", "properties": { "utility_id": "SYN-UP-00357", "department": "sewer", "connection_id": "SYN-SEW-00357", "synthetic": true }, "geometry": { "type": "Point", "coordinates": [ 78.354663041068179, 17.456828817487139 ] } },
{ "type": "Feature", "properties": { "utility_id": "SYN-UP-00358", "department": "electricity", "connection_id": "SYN-ELE-00358", "synthetic": true }, "geometry": { "type": "Point", "coordinates": [ 78.360926260699443, 17.450944899916493 ] } },
{ "type": "Feature", "properties": { "utility_id": "SYN-UP-00359", "department": "water", "connection_id": "SYN-WAT-00359", "synthetic": true }, "geometry": { "type": "Point", "coordinates": [ 78.360917071909498, 17.450994067847244 ] } },
{ "type": "Feature", "properties": { "utility_id": "SYN-UP-00360", "department": "sewer", "connection_id": "SYN-SEW-00360", "synthetic": true }, "geometry": { "type": "Point", "coordinates": [ 78.36088520358841, 17.450957611081673 ] } },
{ "type": "Feature", "properties": { "utility_id": "SYN-UP-00361", "department": "electricity", "connection_id": "SYN-ELE-00361", "synthetic": true }, "geometry": { "type": "Point", "coordinates": [ 78.360943302781735, 17.451257835590454 ] } },
{ "type": "Feature", "properties": { "utility_id": "SYN-UP-00362", "department": "water", "connection_id": "SYN-WAT-00362", "synthetic": true }, "geometry": { "type": "Point", "coordinates": [ 78.360939829069537, 17.451267199024556 ] } },
{ "type": "Feature", "properties": { "utility_id": "SYN-UP-00363", "department": "sewer", "connection_id": "SYN-SEW-00363", "synthetic": true }, "geometry": { "type": "Point", "coordinates": [ 78.360969531691509, 17.451270106875647 ] } },
{ "type": "Feature", "properties": { "utility_id": "SYN-UP-00364", "department": "electricity", "connection_id": "SYN-ELE-00364", "synthetic": true }, "geometry": { "type": "Point", "coordinates": [ 78.354681035963225, 17.459625368000456 ] } },
{ "type": "Feature", "properties": { "utility_id": "SYN-UP-00365", "department": "water", "connection_id": "SYN-WAT-00365", "synthetic": true }, "geometry": { "type": "Point", "coordinates": [ 78.354493009621336, 17.459486971336233 ] } },
{ "type": "Feature", "properties": { "utility_id": "SYN-UP-00366", "department": "sewer", "connection_id": "SYN-SEW-00366", "synthetic": true }, "geometry": { "type": "Point", "coordinates": [ 78.354526363718847, 17.45955096319571 ] } },
{ "type": "Feature", "properties": { "utility_id": "SYN-UP-00367", "department": "electricity", "connection_id": "SYN-ELE-00367", "synthetic": true }, "geometry": { "type": "Point", "coordinates": [ 78.354985322003969, 17.460275407047558 ] } },
{ "type": "Feature", "properties": { "utility_id": "SYN-UP-00368", "department": "water", "connection_id": "SYN-WAT-00368", "synthetic": true }, "geometry": { "type": "Point", "coordinates": [ 78.355214300821288, 17.460314281157164 ] } },
{ "type": "Feature", "properties": { "utility_id": "SYN-UP-00369", "department": "sewer", "connection_id": "SYN-SEW-00369", "synthetic": true }, "geometry": { "type": "Point", "coordinates": [ 78.354989826470955, 17.460239479257311 ] } },
{ "type": "Feature", "properties": { "utility_id": "SYN-UP-00370", "department": "electricity", "connection_id": "SYN-ELE-00370", "synthetic": true }, "geometry": { "type": "Point", "coordinates": [ 78.355252053696432, 17.458505460419321 ] } },
{ "type": "Feature", "properties": { "utility_id": "SYN-UP-00371", "department": "water", "connection_id": "SYN-WAT-00371", "synthetic": true }, "geometry": { "type": "Point", "coordinates": [ 78.355268480949178, 17.458515469544565 ] } },
{ "type": "Feature", "properties": { "utility_id": "SYN-UP-00372", "department": "sewer", "connection_id": "SYN-SEW-00372", "synthetic": true }, "geometry": { "type": "Point", "coordinates": [ 78.355024041939984, 17.458452915866321 ] } },
{ "type": "Feature", "properties": { "utility_id": "SYN-UP-00373", "department": "electricity", "connection_id": "SYN-ELE-00373", "synthetic": true }, "geometry": { "type": "Point", "coordinates": [ 78.360229779540347, 17.46022612123928 ] } },
{ "type": "Feature", "properties": { "utility_id": "SYN-UP-00374", "department": "water", "connection_id": "SYN-WAT-00374", "synthetic": true }, "geometry": { "type": "Point", "coordinates": [ 78.360234686124798, 17.46024122355729 ] } },
{ "type": "Feature", "properties": { "utility_id": "SYN-UP-00375", "department": "sewer", "connection_id": "SYN-SEW-00375", "synthetic": true }, "geometry": { "type": "Point", "coordinates": [ 78.360241076667521, 17.460229695031714 ] } },
{ "type": "Feature", "properties": { "utility_id": "SYN-UP-00376", "department": "electricity", "connection_id": "SYN-ELE-00376", "synthetic": true }, "geometry": { "type": "Point", "coordinates": [ 78.35541161416576, 17.450392794851751 ] } },
{ "type": "Feature", "properties": { "utility_id": "SYN-UP-00377", "department": "water", "connection_id": "SYN-WAT-00377", "synthetic": true }, "geometry": { "type": "Point", "coordinates": [ 78.355432959110217, 17.450414423528876 ] } },
{ "type": "Feature", "properties": { "utility_id": "SYN-UP-00378", "department": "sewer", "connection_id": "SYN-SEW-00378", "synthetic": true }, "geometry": { "type": "Point", "coordinates": [ 78.355397311729774, 17.450363328768635 ] } },
{ "type": "Feature", "properties": { "utility_id": "SYN-UP-00379", "department": "electricity", "connection_id": "SYN-ELE-00379", "synthetic": true }, "geometry": { "type": "Point", "coordinates": [ 78.350472071602809, 17.459291846998696 ] } },
{ "type": "Feature", "properties": { "utility_id": "SYN-UP-00380", "department": "water", "connection_id": "SYN-WAT-00380", "synthetic": true }, "geometry": { "type": "Point", "coordinates": [ 78.350402358193563, 17.459408120199104 ] } },
{ "type": "Feature", "properties": { "utility_id": "SYN-UP-00381", "department": "sewer", "connection_id": "SYN-SEW-00381", "synthetic": true }, "geometry": { "type": "Point", "coordinates": [ 78.35041488467597, 17.459388135306661 ] } },
{ "type": "Feature", "properties": { "utility_id": "SYN-UP-00382", "department": "electricity", "connection_id": "SYN-ELE-00382", "synthetic": true }, "geometry": { "type": "Point", "coordinates": [ 78.350298234862478, 17.457241960465726 ] } },
{ "type": "Feature", "properties": { "utility_id": "SYN-UP-00383", "department": "water", "connection_id": "SYN-WAT-00383", "synthetic": true }, "geometry": { "type": "Point", "coordinates": [ 78.350319166564944, 17.457261084771858 ] } },
{ "type": "Feature", "properties": { "utility_id": "SYN-UP-00384", "department": "sewer", "connection_id": "SYN-SEW-00384", "synthetic": true }, "geometry": { "type": "Point", "coordinates": [ 78.350315914784247, 17.45722952168288 ] } },
{ "type": "Feature", "properties": { "utility_id": "SYN-UP-00385", "department": "electricity", "connection_id": "SYN-ELE-00385", "synthetic": true }, "geometry": { "type": "Point", "coordinates": [ 78.351152464786196, 17.458377933005295 ] } },
{ "type": "Feature", "properties": { "utility_id": "SYN-UP-00386", "department": "water", "connection_id": "SYN-WAT-00386", "synthetic": true }, "geometry": { "type": "Point", "coordinates": [ 78.351184931726095, 17.458386879878095 ] } },
{ "type": "Feature", "properties": { "utility_id": "SYN-UP-00387", "department": "sewer", "connection_id": "SYN-SEW-00387", "synthetic": true }, "geometry": { "type": "Point", "coordinates": [ 78.351138234524214, 17.458356612210185 ] } },
{ "type": "Feature", "properties": { "utility_id": "SYN-UP-00388", "department": "electricity", "connection_id": "SYN-ELE-00388", "synthetic": true }, "geometry": { "type": "Point", "coordinates": [ 78.352031716204152, 17.458982091607414 ] } },
{ "type": "Feature", "properties": { "utility_id": "SYN-UP-00389", "department": "water", "connection_id": "SYN-WAT-00389", "synthetic": true }, "geometry": { "type": "Point", "coordinates": [ 78.352065413931726, 17.458903061989616 ] } },
{ "type": "Feature", "properties": { "utility_id": "SYN-UP-00390", "department": "sewer", "connection_id": "SYN-SEW-00390", "synthetic": true }, "geometry": { "type": "Point", "coordinates": [ 78.35202860655555, 17.458965136486018 ] } },
{ "type": "Feature", "properties": { "utility_id": "SYN-UP-00391", "department": "electricity", "connection_id": "SYN-ELE-00391", "synthetic": true }, "geometry": { "type": "Point", "coordinates": [ 78.355964297297277, 17.461338892744372 ] } },
{ "type": "Feature", "properties": { "utility_id": "SYN-UP-00392", "department": "water", "connection_id": "SYN-WAT-00392", "synthetic": true }, "geometry": { "type": "Point", "coordinates": [ 78.35591902211695, 17.461270585705343 ] } },
{ "type": "Feature", "properties": { "utility_id": "SYN-UP-00393", "department": "sewer", "connection_id": "SYN-SEW-00393", "synthetic": true }, "geometry": { "type": "Point", "coordinates": [ 78.355943945225988, 17.461294987211129 ] } },
{ "type": "Feature", "properties": { "utility_id": "SYN-UP-00394", "department": "electricity", "connection_id": "SYN-ELE-00394", "synthetic": true }, "geometry": { "type": "Point", "coordinates": [ 78.352186542637071, 17.460908202063884 ] } },
{ "type": "Feature", "properties": { "utility_id": "SYN-UP-00395", "department": "water", "connection_id": "SYN-WAT-00395", "synthetic": true }, "geometry": { "type": "Point", "coordinates": [ 78.352137149293966, 17.460918402754459 ] } },
{ "type": "Feature", "properties": { "utility_id": "SYN-UP-00396", "department": "sewer", "connection_id": "SYN-SEW-00396", "synthetic": true }, "geometry": { "type": "Point", "coordinates": [ 78.352158717404393, 17.460904036761029 ] } },
{ "type": "Feature", "properties": { "utility_id": "SYN-UP-00397", "department": "electricity", "connection_id": "SYN-ELE-00397", "synthetic": true }, "geometry": { "type": "Point", "coordinates": [ 78.362546284398405, 17.451329939209842 ] } },
{ "type": "Feature", "properties": { "utility_id": "SYN-UP-00398", "department": "water", "connection_id": "SYN-WAT-00398", "synthetic": true }, "geometry": { "type": "Point", "coordinates": [ 78.362542397528657, 17.451354226978157 ] } },
{ "type": "Feature", "properties": { "utility_id": "SYN-UP-00399", "department": "sewer", "connection_id": "SYN-SEW-00399", "synthetic": true }, "geometry": { "type": "Point", "coordinates": [ 78.362375328484092, 17.451022789375919 ] } },
{ "type": "Feature", "properties": { "utility_id": "SYN-UP-00400", "department": "electricity", "connection_id": "SYN-ELE-00400", "synthetic": true }, "geometry": { "type": "Point", "coordinates": [ 78.361947482785737, 17.454248943468514 ] } },
{ "type": "Feature", "properties": { "utility_id": "SYN-UP-00401", "department": "water", "connection_id": "SYN-WAT-00401", "synthetic": true }, "geometry": { "type": "Point", "coordinates": [ 78.361755050250707, 17.454201300825247 ] } },
{ "type": "Feature", "properties": { "utility_id": "SYN-UP-00402", "department": "sewer", "connection_id": "SYN-SEW-00402", "synthetic": true }, "geometry": { "type": "Point", "coordinates": [ 78.362597710196042, 17.454348348231076 ] } },
{ "type": "Feature", "properties": { "utility_id": "SYN-UP-00403", "department": "electricity", "connection_id": "SYN-ELE-00403", "synthetic": true }, "geometry": { "type": "Point", "coordinates": [ 78.357313144712094, 17.450734900878992 ] } },
{ "type": "Feature", "properties": { "utility_id": "SYN-UP-00404", "department": "water", "connection_id": "SYN-WAT-00404", "synthetic": true }, "geometry": { "type": "Point", "coordinates": [ 78.357146617821243, 17.450798506057602 ] } },
{ "type": "Feature", "properties": { "utility_id": "SYN-UP-00405", "department": "sewer", "connection_id": "SYN-SEW-00405", "synthetic": true }, "geometry": { "type": "Point", "coordinates": [ 78.357245266857532, 17.450746508203089 ] } },
{ "type": "Feature", "properties": { "utility_id": "SYN-UP-00406", "department": "electricity", "connection_id": "SYN-ELE-00406", "synthetic": true }, "geometry": { "type": "Point", "coordinates": [ 78.360437029645098, 17.450744433210314 ] } },
{ "type": "Feature", "properties": { "utility_id": "SYN-UP-00407", "department": "water", "connection_id": "SYN-WAT-00407", "synthetic": true }, "geometry": { "type": "Point", "coordinates": [ 78.360391020394331, 17.450706299656936 ] } },
{ "type": "Feature", "properties": { "utility_id": "SYN-UP-00408", "department": "sewer", "connection_id": "SYN-SEW-00408", "synthetic": true }, "geometry": { "type": "Point", "coordinates": [ 78.360409983433229, 17.450702324812436 ] } },
{ "type": "Feature", "properties": { "utility_id": "SYN-UP-00409", "department": "electricity", "connection_id": "SYN-ELE-00409", "synthetic": true }, "geometry": { "type": "Point", "coordinates": [ 78.359762724012072, 17.452137011264458 ] } },
{ "type": "Feature", "properties": { "utility_id": "SYN-UP-00410", "department": "water", "connection_id": "SYN-WAT-00410", "synthetic": true }, "geometry": { "type": "Point", "coordinates": [ 78.359734338462843, 17.45214920130449 ] } },
{ "type": "Feature", "properties": { "utility_id": "SYN-UP-00411", "department": "sewer", "connection_id": "SYN-SEW-00411", "synthetic": true }, "geometry": { "type": "Point", "coordinates": [ 78.359733397361211, 17.452122472878376 ] } },
{ "type": "Feature", "properties": { "utility_id": "SYN-UP-00412", "department": "electricity", "connection_id": "SYN-ELE-00412", "synthetic": true }, "geometry": { "type": "Point", "coordinates": [ 78.350960926310478, 17.461459144617116 ] } },
{ "type": "Feature", "properties": { "utility_id": "SYN-UP-00413", "department": "water", "connection_id": "SYN-WAT-00413", "synthetic": true }, "geometry": { "type": "Point", "coordinates": [ 78.351145732860005, 17.46118320129353 ] } },
{ "type": "Feature", "properties": { "utility_id": "SYN-UP-00414", "department": "sewer", "connection_id": "SYN-SEW-00414", "synthetic": true }, "geometry": { "type": "Point", "coordinates": [ 78.350954322303082, 17.461422917726324 ] } },
{ "type": "Feature", "properties": { "utility_id": "SYN-UP-00415", "department": "electricity", "connection_id": "SYN-ELE-00415", "synthetic": true }, "geometry": { "type": "Point", "coordinates": [ 78.359870562038722, 17.450703173838654 ] } },
{ "type": "Feature", "properties": { "utility_id": "SYN-UP-00416", "department": "water", "connection_id": "SYN-WAT-00416", "synthetic": true }, "geometry": { "type": "Point", "coordinates": [ 78.360168148182026, 17.450682302473254 ] } },
{ "type": "Feature", "properties": { "utility_id": "SYN-UP-00417", "department": "sewer", "connection_id": "SYN-SEW-00417", "synthetic": true }, "geometry": { "type": "Point", "coordinates": [ 78.360157607254479, 17.450660346031984 ] } },
{ "type": "Feature", "properties": { "utility_id": "SYN-UP-00418", "department": "electricity", "connection_id": "SYN-ELE-00418", "synthetic": true }, "geometry": { "type": "Point", "coordinates": [ 78.353754613799211, 17.460094947888134 ] } },
{ "type": "Feature", "properties": { "utility_id": "SYN-UP-00419", "department": "water", "connection_id": "SYN-WAT-00419", "synthetic": true }, "geometry": { "type": "Point", "coordinates": [ 78.353694225099531, 17.460031303512334 ] } },
{ "type": "Feature", "properties": { "utility_id": "SYN-UP-00420", "department": "sewer", "connection_id": "SYN-SEW-00420", "synthetic": true }, "geometry": { "type": "Point", "coordinates": [ 78.353789408925664, 17.460117348982656 ] } },
{ "type": "Feature", "properties": { "utility_id": "SYN-UP-00421", "department": "electricity", "connection_id": "SYN-ELE-00421", "synthetic": true }, "geometry": { "type": "Point", "coordinates": [ 78.360160892143185, 17.453862018331012 ] } },
{ "type": "Feature", "properties": { "utility_id": "SYN-UP-00422", "department": "water", "connection_id": "SYN-WAT-00422", "synthetic": true }, "geometry": { "type": "Point", "coordinates": [ 78.360001021979343, 17.45303420026875 ] } },
{ "type": "Feature", "properties": { "utility_id": "SYN-UP-00423", "department": "sewer", "connection_id": "SYN-SEW-00423", "synthetic": true }, "geometry": { "type": "Point", "coordinates": [ 78.360156543878873, 17.453883744463194 ] } },
{ "type": "Feature", "properties": { "utility_id": "SYN-UP-00424", "department": "electricity", "connection_id": "SYN-ELE-00424", "synthetic": true }, "geometry": { "type": "Point", "coordinates": [ 78.351476221115277, 17.458378466474183 ] } },
{ "type": "Feature", "properties": { "utility_id": "SYN-UP-00425", "department": "water", "connection_id": "SYN-WAT-00425", "synthetic": true }, "geometry": { "type": "Point", "coordinates": [ 78.351422080456075, 17.458500055812095 ] } },
{ "type": "Feature", "properties": { "utility_id": "SYN-UP-00426", "department": "sewer", "connection_id": "SYN-SEW-00426", "synthetic": true }, "geometry": { "type": "Point", "coordinates": [ 78.351432658042, 17.458483199891052 ] } },
{ "type": "Feature", "properties": { "utility_id": "SYN-UP-00427", "department": "electricity", "connection_id": "SYN-ELE-00427", "synthetic": true }, "geometry": { "type": "Point", "coordinates": [ 78.3565912110612, 17.450520724121819 ] } },
{ "type": "Feature", "properties": { "utility_id": "SYN-UP-00428", "department": "water", "connection_id": "SYN-WAT-00428", "synthetic": true }, "geometry": { "type": "Point", "coordinates": [ 78.356562688031488, 17.450508314789968 ] } },
{ "type": "Feature", "properties": { "utility_id": "SYN-UP-00429", "department": "sewer", "connection_id": "SYN-SEW-00429", "synthetic": true }, "geometry": { "type": "Point", "coordinates": [ 78.356603111842233, 17.450489191617763 ] } },
{ "type": "Feature", "properties": { "utility_id": "SYN-UP-00430", "department": "electricity", "connection_id": "SYN-ELE-00430", "synthetic": true }, "geometry": { "type": "Point", "coordinates": [ 78.362377334349588, 17.461127048732681 ] } },
{ "type": "Feature", "properties": { "utility_id": "SYN-UP-00431", "department": "water", "connection_id": "SYN-WAT-00431", "synthetic": true }, "geometry": { "type": "Point", "coordinates": [ 78.361803471466828, 17.461235564171002 ] } },
{ "type": "Feature", "properties": { "utility_id": "SYN-UP-00432", "department": "sewer", "connection_id": "SYN-SEW-00432", "synthetic": true }, "geometry": { "type": "Point", "coordinates": [ 78.361805672228428, 17.461244147908161 ] } },
{ "type": "Feature", "properties": { "utility_id": "SYN-UP-00433", "department": "electricity", "connection_id": "SYN-ELE-00433", "synthetic": true }, "geometry": { "type": "Point", "coordinates": [ 78.354292078649991, 17.45943053359008 ] } },
{ "type": "Feature", "properties": { "utility_id": "SYN-UP-00434", "department": "water", "connection_id": "SYN-WAT-00434", "synthetic": true }, "geometry": { "type": "Point", "coordinates": [ 78.354302751776999, 17.459430033448193 ] } },
{ "type": "Feature", "properties": { "utility_id": "SYN-UP-00435", "department": "sewer", "connection_id": "SYN-SEW-00435", "synthetic": true }, "geometry": { "type": "Point", "coordinates": [ 78.354327864627138, 17.459406901022145 ] } },
{ "type": "Feature", "properties": { "utility_id": "SYN-UP-00436", "department": "electricity", "connection_id": "SYN-ELE-00436", "synthetic": true }, "geometry": { "type": "Point", "coordinates": [ 78.363070113790926, 17.460959292090969 ] } },
{ "type": "Feature", "properties": { "utility_id": "SYN-UP-00437", "department": "water", "connection_id": "SYN-WAT-00437", "synthetic": true }, "geometry": { "type": "Point", "coordinates": [ 78.363053473325181, 17.460977965163462 ] } },
{ "type": "Feature", "properties": { "utility_id": "SYN-UP-00438", "department": "sewer", "connection_id": "SYN-SEW-00438", "synthetic": true }, "geometry": { "type": "Point", "coordinates": [ 78.363087549812619, 17.46096370280361 ] } },
{ "type": "Feature", "properties": { "utility_id": "SYN-UP-00439", "department": "electricity", "connection_id": "SYN-ELE-00439", "synthetic": true }, "geometry": { "type": "Point", "coordinates": [ 78.363475283395914, 17.457862030676974 ] } },
{ "type": "Feature", "properties": { "utility_id": "SYN-UP-00440", "department": "water", "connection_id": "SYN-WAT-00440", "synthetic": true }, "geometry": { "type": "Point", "coordinates": [ 78.363573734623444, 17.457531243408447 ] } },
{ "type": "Feature", "properties": { "utility_id": "SYN-UP-00441", "department": "sewer", "connection_id": "SYN-SEW-00441", "synthetic": true }, "geometry": { "type": "Point", "coordinates": [ 78.363442237834036, 17.457879267353533 ] } },
{ "type": "Feature", "properties": { "utility_id": "SYN-UP-00442", "department": "electricity", "connection_id": "SYN-ELE-00442", "synthetic": true }, "geometry": { "type": "Point", "coordinates": [ 78.362101987244031, 17.450510879902009 ] } },
{ "type": "Feature", "properties": { "utility_id": "SYN-UP-00443", "department": "water", "connection_id": "SYN-WAT-00443", "synthetic": true }, "geometry": { "type": "Point", "coordinates": [ 78.362089335162423, 17.450529533378162 ] } },
{ "type": "Feature", "properties": { "utility_id": "SYN-UP-00444", "department": "sewer", "connection_id": "SYN-SEW-00444", "synthetic": true }, "geometry": { "type": "Point", "coordinates": [ 78.362089378451628, 17.450529401887717 ] } },
{ "type": "Feature", "properties": { "utility_id": "SYN-UP-00445", "department": "electricity", "connection_id": "SYN-ELE-00445", "synthetic": true }, "geometry": { "type": "Point", "coordinates": [ 78.363324280448481, 17.451530378582554 ] } },
{ "type": "Feature", "properties": { "utility_id": "SYN-UP-00446", "department": "water", "connection_id": "SYN-WAT-00446", "synthetic": true }, "geometry": { "type": "Point", "coordinates": [ 78.363320525583021, 17.451524243037419 ] } },
{ "type": "Feature", "properties": { "utility_id": "SYN-UP-00447", "department": "sewer", "connection_id": "SYN-SEW-00447", "synthetic": true }, "geometry": { "type": "Point", "coordinates": [ 78.36329420934868, 17.451519745368753 ] } },
{ "type": "Feature", "properties": { "utility_id": "SYN-UP-00448", "department": "electricity", "connection_id": "SYN-ELE-00448", "synthetic": true }, "geometry": { "type": "Point", "coordinates": [ 78.362968170187983, 17.450625940686134 ] } },
{ "type": "Feature", "properties": { "utility_id": "SYN-UP-00449", "department": "water", "connection_id": "SYN-WAT-00449", "synthetic": true }, "geometry": { "type": "Point", "coordinates": [ 78.362914805721772, 17.450828128942884 ] } },
{ "type": "Feature", "properties": { "utility_id": "SYN-UP-00450", "department": "sewer", "connection_id": "SYN-SEW-00450", "synthetic": true }, "geometry": { "type": "Point", "coordinates": [ 78.362907254427896, 17.450844153878933 ] } },
{ "type": "Feature", "properties": { "utility_id": "SYN-UP-00451", "department": "electricity", "connection_id": "SYN-ELE-00451", "synthetic": true }, "geometry": { "type": "Point", "coordinates": [ 78.350794879452351, 17.459781160193348 ] } },
{ "type": "Feature", "properties": { "utility_id": "SYN-UP-00452", "department": "water", "connection_id": "SYN-WAT-00452", "synthetic": true }, "geometry": { "type": "Point", "coordinates": [ 78.350801055213012, 17.459767615727124 ] } },
{ "type": "Feature", "properties": { "utility_id": "SYN-UP-00453", "department": "sewer", "connection_id": "SYN-SEW-00453", "synthetic": true }, "geometry": { "type": "Point", "coordinates": [ 78.350782840523991, 17.459773283299747 ] } },
{ "type": "Feature", "properties": { "utility_id": "SYN-UP-00454", "department": "electricity", "connection_id": "SYN-ELE-00454", "synthetic": true }, "geometry": { "type": "Point", "coordinates": [ 78.359882219692835, 17.452274846246279 ] } },
{ "type": "Feature", "properties": { "utility_id": "SYN-UP-00455", "department": "water", "connection_id": "SYN-WAT-00455", "synthetic": true }, "geometry": { "type": "Point", "coordinates": [ 78.360055015135302, 17.452285556031821 ] } },
{ "type": "Feature", "properties": { "utility_id": "SYN-UP-00456", "department": "sewer", "connection_id": "SYN-SEW-00456", "synthetic": true }, "geometry": { "type": "Point", "coordinates": [ 78.359912324236944, 17.452233509480248 ] } },
{ "type": "Feature", "properties": { "utility_id": "SYN-UP-00457", "department": "electricity", "connection_id": "SYN-ELE-00457", "synthetic": true }, "geometry": { "type": "Point", "coordinates": [ 78.351401101604111, 17.460126857276652 ] } },
{ "type": "Feature", "properties": { "utility_id": "SYN-UP-00458", "department": "water", "connection_id": "SYN-WAT-00458", "synthetic": true }, "geometry": { "type": "Point", "coordinates": [ 78.351202519332389, 17.460034851111985 ] } },
{ "type": "Feature", "properties": { "utility_id": "SYN-UP-00459", "department": "sewer", "connection_id": "SYN-SEW-00459", "synthetic": true }, "geometry": { "type": "Point", "coordinates": [ 78.351502463255827, 17.460180879027764 ] } },
{ "type": "Feature", "properties": { "utility_id": "SYN-UP-00460", "department": "electricity", "connection_id": "SYN-ELE-00460", "synthetic": true }, "geometry": { "type": "Point", "coordinates": [ 78.353346415658891, 17.45520995232652 ] } },
{ "type": "Feature", "properties": { "utility_id": "SYN-UP-00461", "department": "water", "connection_id": "SYN-WAT-00461", "synthetic": true }, "geometry": { "type": "Point", "coordinates": [ 78.353357035880165, 17.455185874071564 ] } },
{ "type": "Feature", "properties": { "utility_id": "SYN-UP-00462", "department": "sewer", "connection_id": "SYN-SEW-00462", "synthetic": true }, "geometry": { "type": "Point", "coordinates": [ 78.353321647451921, 17.455208700525041 ] } },
{ "type": "Feature", "properties": { "utility_id": "SYN-UP-00463", "department": "electricity", "connection_id": "SYN-ELE-00463", "synthetic": true }, "geometry": { "type": "Point", "coordinates": [ 78.354569553934098, 17.461784718845156 ] } },
{ "type": "Feature", "properties": { "utility_id": "SYN-UP-00464", "department": "water", "connection_id": "SYN-WAT-00464", "synthetic": true }, "geometry": { "type": "Point", "coordinates": [ 78.354610701580967, 17.461742291845248 ] } },
{ "type": "Feature", "properties": { "utility_id": "SYN-UP-00465", "department": "sewer", "connection_id": "SYN-SEW-00465", "synthetic": true }, "geometry": { "type": "Point", "coordinates": [ 78.354586393783364, 17.461786356809284 ] } },
{ "type": "Feature", "properties": { "utility_id": "SYN-UP-00466", "department": "electricity", "connection_id": "SYN-ELE-00466", "synthetic": true }, "geometry": { "type": "Point", "coordinates": [ 78.362038479337699, 17.452975040842666 ] } },
{ "type": "Feature", "properties": { "utility_id": "SYN-UP-00467", "department": "water", "connection_id": "SYN-WAT-00467", "synthetic": true }, "geometry": { "type": "Point", "coordinates": [ 78.36206482497451, 17.452958752406968 ] } },
{ "type": "Feature", "properties": { "utility_id": "SYN-UP-00468", "department": "sewer", "connection_id": "SYN-SEW-00468", "synthetic": true }, "geometry": { "type": "Point", "coordinates": [ 78.361957452128621, 17.452529933298763 ] } },
{ "type": "Feature", "properties": { "utility_id": "SYN-UP-00469", "department": "electricity", "connection_id": "SYN-ELE-00469", "synthetic": true }, "geometry": { "type": "Point", "coordinates": [ 78.35234092392794, 17.458127460091319 ] } },
{ "type": "Feature", "properties": { "utility_id": "SYN-UP-00470", "department": "water", "connection_id": "SYN-WAT-00470", "synthetic": true }, "geometry": { "type": "Point", "coordinates": [ 78.352360745674517, 17.45811638782077 ] } },
{ "type": "Feature", "properties": { "utility_id": "SYN-UP-00471", "department": "sewer", "connection_id": "SYN-SEW-00471", "synthetic": true }, "geometry": { "type": "Point", "coordinates": [ 78.352331017369352, 17.458098919193692 ] } },
{ "type": "Feature", "properties": { "utility_id": "SYN-UP-00472", "department": "electricity", "connection_id": "SYN-ELE-00472", "synthetic": true }, "geometry": { "type": "Point", "coordinates": [ 78.354371326895816, 17.452565749182995 ] } },
{ "type": "Feature", "properties": { "utility_id": "SYN-UP-00473", "department": "water", "connection_id": "SYN-WAT-00473", "synthetic": true }, "geometry": { "type": "Point", "coordinates": [ 78.354375207832078, 17.452568215389334 ] } },
{ "type": "Feature", "properties": { "utility_id": "SYN-UP-00474", "department": "sewer", "connection_id": "SYN-SEW-00474", "synthetic": true }, "geometry": { "type": "Point", "coordinates": [ 78.35442159826151, 17.452536003370785 ] } },
{ "type": "Feature", "properties": { "utility_id": "SYN-UP-00475", "department": "electricity", "connection_id": "SYN-ELE-00475", "synthetic": true }, "geometry": { "type": "Point", "coordinates": [ 78.3520958519902, 17.460593349097856 ] } },
{ "type": "Feature", "properties": { "utility_id": "SYN-UP-00476", "department": "water", "connection_id": "SYN-WAT-00476", "synthetic": true }, "geometry": { "type": "Point", "coordinates": [ 78.352210575461697, 17.460621335848334 ] } },
{ "type": "Feature", "properties": { "utility_id": "SYN-UP-00477", "department": "sewer", "connection_id": "SYN-SEW-00477", "synthetic": true }, "geometry": { "type": "Point", "coordinates": [ 78.351977326461608, 17.460566626400979 ] } },
{ "type": "Feature", "properties": { "utility_id": "SYN-UP-00478", "department": "electricity", "connection_id": "SYN-ELE-00478", "synthetic": true }, "geometry": { "type": "Point", "coordinates": [ 78.351595265370449, 17.460437039307404 ] } },
{ "type": "Feature", "properties": { "utility_id": "SYN-UP-00479", "department": "water", "connection_id": "SYN-WAT-00479", "synthetic": true }, "geometry": { "type": "Point", "coordinates": [ 78.351737162991782, 17.460261445561297 ] } },
{ "type": "Feature", "properties": { "utility_id": "SYN-UP-00480", "department": "sewer", "connection_id": "SYN-SEW-00480", "synthetic": true }, "geometry": { "type": "Point", "coordinates": [ 78.351680999232684, 17.460349772145545 ] } },
{ "type": "Feature", "properties": { "utility_id": "SYN-UP-00481", "department": "electricity", "connection_id": "SYN-ELE-00481", "synthetic": true }, "geometry": { "type": "Point", "coordinates": [ 78.352438297199427, 17.460627446248509 ] } },
{ "type": "Feature", "properties": { "utility_id": "SYN-UP-00482", "department": "water", "connection_id": "SYN-WAT-00482", "synthetic": true }, "geometry": { "type": "Point", "coordinates": [ 78.352427738203431, 17.46064940793465 ] } },
{ "type": "Feature", "properties": { "utility_id": "SYN-UP-00483", "department": "sewer", "connection_id": "SYN-SEW-00483", "synthetic": true }, "geometry": { "type": "Point", "coordinates": [ 78.35252472870873, 17.460638307922061 ] } },
{ "type": "Feature", "properties": { "utility_id": "SYN-UP-00484", "department": "electricity", "connection_id": "SYN-ELE-00484", "synthetic": true }, "geometry": { "type": "Point", "coordinates": [ 78.3527615414515, 17.461882065482534 ] } },
{ "type": "Feature", "properties": { "utility_id": "SYN-UP-00485", "department": "water", "connection_id": "SYN-WAT-00485", "synthetic": true }, "geometry": { "type": "Point", "coordinates": [ 78.352788045600377, 17.461860550523063 ] } },
{ "type": "Feature", "properties": { "utility_id": "SYN-UP-00486", "department": "sewer", "connection_id": "SYN-SEW-00486", "synthetic": true }, "geometry": { "type": "Point", "coordinates": [ 78.352625304778485, 17.461744325764258 ] } },
{ "type": "Feature", "properties": { "utility_id": "SYN-UP-00487", "department": "electricity", "connection_id": "SYN-ELE-00487", "synthetic": true }, "geometry": { "type": "Point", "coordinates": [ 78.353066798149001, 17.461142125120205 ] } },
{ "type": "Feature", "properties": { "utility_id": "SYN-UP-00488", "department": "water", "connection_id": "SYN-WAT-00488", "synthetic": true }, "geometry": { "type": "Point", "coordinates": [ 78.353065318945198, 17.461156905590315 ] } },
{ "type": "Feature", "properties": { "utility_id": "SYN-UP-00489", "department": "sewer", "connection_id": "SYN-SEW-00489", "synthetic": true }, "geometry": { "type": "Point", "coordinates": [ 78.35306219913079, 17.461143086178101 ] } },
{ "type": "Feature", "properties": { "utility_id": "SYN-UP-00490", "department": "electricity", "connection_id": "SYN-ELE-00490", "synthetic": true }, "geometry": { "type": "Point", "coordinates": [ 78.354075536821057, 17.46164861963825 ] } },
{ "type": "Feature", "properties": { "utility_id": "SYN-UP-00491", "department": "water", "connection_id": "SYN-WAT-00491", "synthetic": true }, "geometry": { "type": "Point", "coordinates": [ 78.354064003757998, 17.461624860581964 ] } },
{ "type": "Feature", "properties": { "utility_id": "SYN-UP-00492", "department": "sewer", "connection_id": "SYN-SEW-00492", "synthetic": true }, "geometry": { "type": "Point", "coordinates": [ 78.353928854332892, 17.461702374760474 ] } },
{ "type": "Feature", "properties": { "utility_id": "SYN-UP-00493", "department": "electricity", "connection_id": "SYN-ELE-00493", "synthetic": true }, "geometry": { "type": "Point", "coordinates": [ 78.359539870585849, 17.450700399437878 ] } },
{ "type": "Feature", "properties": { "utility_id": "SYN-UP-00494", "department": "water", "connection_id": "SYN-WAT-00494", "synthetic": true }, "geometry": { "type": "Point", "coordinates": [ 78.359496303273318, 17.450706261161294 ] } },
{ "type": "Feature", "properties": { "utility_id": "SYN-UP-00495", "department": "sewer", "connection_id": "SYN-SEW-00495", "synthetic": true }, "geometry": { "type": "Point", "coordinates": [ 78.359660809377999, 17.450774355487479 ] } },
{ "type": "Feature", "properties": { "utility_id": "SYN-UP-00496", "department": "electricity", "connection_id": "SYN-ELE-00496", "synthetic": true }, "geometry": { "type": "Point", "coordinates": [ 78.36132417501635, 17.457520740236433 ] } },
{ "type": "Feature", "properties": { "utility_id": "SYN-UP-00497", "department": "water", "connection_id": "SYN-WAT-00497", "synthetic": true }, "geometry": { "type": "Point", "coordinates": [ 78.361200890999868, 17.457108491544435 ] } },
{ "type": "Feature", "properties": { "utility_id": "SYN-UP-00498", "department": "sewer", "connection_id": "SYN-SEW-00498", "synthetic": true }, "geometry": { "type": "Point", "coordinates": [ 78.361191124257289, 17.457140021313595 ] } },
{ "type": "Feature", "properties": { "utility_id": "SYN-UP-00499", "department": "electricity", "connection_id": "SYN-ELE-00499", "synthetic": true }, "geometry": { "type": "Point", "coordinates": [ 78.361809188086639, 17.451882464323546 ] } },
{ "type": "Feature", "properties": { "utility_id": "SYN-UP-00500", "department": "water", "connection_id": "SYN-WAT-00500", "synthetic": true }, "geometry": { "type": "Point", "coordinates": [ 78.361834011829728, 17.451894874789122 ] } },
{ "type": "Feature", "properties": { "utility_id": "SYN-UP-00501", "department": "sewer", "connection_id": "SYN-SEW-00501", "synthetic": true }, "geometry": { "type": "Point", "coordinates": [ 78.362065181487111, 17.451930642248705 ] } },
{ "type": "Feature", "properties": { "utility_id": "SYN-UP-00502", "department": "electricity", "connection_id": "SYN-ELE-00502", "synthetic": true }, "geometry": { "type": "Point", "coordinates": [ 78.351361737141559, 17.458673681299903 ] } },
{ "type": "Feature", "properties": { "utility_id": "SYN-UP-00503", "department": "water", "connection_id": "SYN-WAT-00503", "synthetic": true }, "geometry": { "type": "Point", "coordinates": [ 78.351352490509171, 17.45867542830802 ] } },
{ "type": "Feature", "properties": { "utility_id": "SYN-UP-00504", "department": "sewer", "connection_id": "SYN-SEW-00504", "synthetic": true }, "geometry": { "type": "Point", "coordinates": [ 78.35134970893526, 17.458721289585174 ] } },
{ "type": "Feature", "properties": { "utility_id": "SYN-UP-00505", "department": "electricity", "connection_id": "SYN-ELE-00505", "synthetic": true }, "geometry": { "type": "Point", "coordinates": [ 78.355071605567531, 17.461593567628793 ] } },
{ "type": "Feature", "properties": { "utility_id": "SYN-UP-00506", "department": "water", "connection_id": "SYN-WAT-00506", "synthetic": true }, "geometry": { "type": "Point", "coordinates": [ 78.355098874594319, 17.461575923965793 ] } },
{ "type": "Feature", "properties": { "utility_id": "SYN-UP-00507", "department": "sewer", "connection_id": "SYN-SEW-00507", "synthetic": true }, "geometry": { "type": "Point", "coordinates": [ 78.355089687719016, 17.461508196639528 ] } },
{ "type": "Feature", "properties": { "utility_id": "SYN-UP-00508", "department": "electricity", "connection_id": "SYN-ELE-00508", "synthetic": true }, "geometry": { "type": "Point", "coordinates": [ 78.351338793781125, 17.456286519634162 ] } },
{ "type": "Feature", "properties": { "utility_id": "SYN-UP-00509", "department": "water", "connection_id": "SYN-WAT-00509", "synthetic": true }, "geometry": { "type": "Point", "coordinates": [ 78.351345900368003, 17.456276814804049 ] } },
{ "type": "Feature", "properties": { "utility_id": "SYN-UP-00510", "department": "sewer", "connection_id": "SYN-SEW-00510", "synthetic": true }, "geometry": { "type": "Point", "coordinates": [ 78.351367608128328, 17.456262941597391 ] } },
{ "type": "Feature", "properties": { "utility_id": "SYN-UP-00511", "department": "electricity", "connection_id": "SYN-ELE-00511", "synthetic": true }, "geometry": { "type": "Point", "coordinates": [ 78.355119409212762, 17.461425011424392 ] } },
{ "type": "Feature", "properties": { "utility_id": "SYN-UP-00512", "department": "water", "connection_id": "SYN-WAT-00512", "synthetic": true }, "geometry": { "type": "Point", "coordinates": [ 78.355135224568997, 17.461397600889519 ] } },
{ "type": "Feature", "properties": { "utility_id": "SYN-UP-00513", "department": "sewer", "connection_id": "SYN-SEW-00513", "synthetic": true }, "geometry": { "type": "Point", "coordinates": [ 78.355216778076198, 17.461578227272462 ] } },
{ "type": "Feature", "properties": { "utility_id": "SYN-UP-00514", "department": "electricity", "connection_id": "SYN-ELE-00514", "synthetic": true }, "geometry": { "type": "Point", "coordinates": [ 78.358241997636839, 17.450065200434526 ] } },
{ "type": "Feature", "properties": { "utility_id": "SYN-UP-00515", "department": "water", "connection_id": "SYN-WAT-00515", "synthetic": true }, "geometry": { "type": "Point", "coordinates": [ 78.358409602200609, 17.450130063291571 ] } },
{ "type": "Feature", "properties": { "utility_id": "SYN-UP-00516", "department": "sewer", "connection_id": "SYN-SEW-00516", "synthetic": true }, "geometry": { "type": "Point", "coordinates": [ 78.358265369264117, 17.450077350559109 ] } },
{ "type": "Feature", "properties": { "utility_id": "SYN-UP-00517", "department": "electricity", "connection_id": "SYN-ELE-00517", "synthetic": true }, "geometry": { "type": "Point", "coordinates": [ 78.352062579039981, 17.45942949619624 ] } },
{ "type": "Feature", "properties": { "utility_id": "SYN-UP-00518", "department": "water", "connection_id": "SYN-WAT-00518", "synthetic": true }, "geometry": { "type": "Point", "coordinates": [ 78.352026419465119, 17.459412791705329 ] } },
{ "type": "Feature", "properties": { "utility_id": "SYN-UP-00519", "department": "sewer", "connection_id": "SYN-SEW-00519", "synthetic": true }, "geometry": { "type": "Point", "coordinates": [ 78.352068582432409, 17.459413537614619 ] } },
{ "type": "Feature", "properties": { "utility_id": "SYN-UP-00520", "department": "electricity", "connection_id": "SYN-ELE-00520", "synthetic": true }, "geometry": { "type": "Point", "coordinates": [ 78.351133250191879, 17.460739052594107 ] } },
{ "type": "Feature", "properties": { "utility_id": "SYN-UP-00521", "department": "water", "connection_id": "SYN-WAT-00521", "synthetic": true }, "geometry": { "type": "Point", "coordinates": [ 78.350993127020061, 17.460723915814413 ] } },
{ "type": "Feature", "properties": { "utility_id": "SYN-UP-00522", "department": "sewer", "connection_id": "SYN-SEW-00522", "synthetic": true }, "geometry": { "type": "Point", "coordinates": [ 78.35097483368871, 17.460754548377551 ] } },
{ "type": "Feature", "properties": { "utility_id": "SYN-UP-00523", "department": "electricity", "connection_id": "SYN-ELE-00523", "synthetic": true }, "geometry": { "type": "Point", "coordinates": [ 78.352313575417597, 17.459744043586486 ] } },
{ "type": "Feature", "properties": { "utility_id": "SYN-UP-00524", "department": "water", "connection_id": "SYN-WAT-00524", "synthetic": true }, "geometry": { "type": "Point", "coordinates": [ 78.352311351703023, 17.459746282625929 ] } },
{ "type": "Feature", "properties": { "utility_id": "SYN-UP-00525", "department": "sewer", "connection_id": "SYN-SEW-00525", "synthetic": true }, "geometry": { "type": "Point", "coordinates": [ 78.352349942102776, 17.459783031100415 ] } },
{ "type": "Feature", "properties": { "utility_id": "SYN-UP-00526", "department": "electricity", "connection_id": "SYN-ELE-00526", "synthetic": true }, "geometry": { "type": "Point", "coordinates": [ 78.355366030873427, 17.461750784992407 ] } },
{ "type": "Feature", "properties": { "utility_id": "SYN-UP-00527", "department": "water", "connection_id": "SYN-WAT-00527", "synthetic": true }, "geometry": { "type": "Point", "coordinates": [ 78.355327132834759, 17.461777648503379 ] } },
{ "type": "Feature", "properties": { "utility_id": "SYN-UP-00528", "department": "sewer", "connection_id": "SYN-SEW-00528", "synthetic": true }, "geometry": { "type": "Point", "coordinates": [ 78.355318999276889, 17.461763992085928 ] } },
{ "type": "Feature", "properties": { "utility_id": "SYN-UP-00529", "department": "electricity", "connection_id": "SYN-ELE-00529", "synthetic": true }, "geometry": { "type": "Point", "coordinates": [ 78.35767528824185, 17.450756987396201 ] } },
{ "type": "Feature", "properties": { "utility_id": "SYN-UP-00530", "department": "water", "connection_id": "SYN-WAT-00530", "synthetic": true }, "geometry": { "type": "Point", "coordinates": [ 78.357607900542916, 17.450726020153052 ] } },
{ "type": "Feature", "properties": { "utility_id": "SYN-UP-00531", "department": "sewer", "connection_id": "SYN-SEW-00531", "synthetic": true }, "geometry": { "type": "Point", "coordinates": [ 78.357706497776832, 17.450733521070518 ] } },
{ "type": "Feature", "properties": { "utility_id": "SYN-UP-00532", "department": "electricity", "connection_id": "SYN-ELE-00532", "synthetic": true }, "geometry": { "type": "Point", "coordinates": [ 78.351013853931633, 17.455771315210814 ] } },
{ "type": "Feature", "properties": { "utility_id": "SYN-UP-00533", "department": "water", "connection_id": "SYN-WAT-00533", "synthetic": true }, "geometry": { "type": "Point", "coordinates": [ 78.351126125585921, 17.455693856797108 ] } },
{ "type": "Feature", "properties": { "utility_id": "SYN-UP-00534", "department": "sewer", "connection_id": "SYN-SEW-00534", "synthetic": true }, "geometry": { "type": "Point", "coordinates": [ 78.351507658250455, 17.455486494476727 ] } },
{ "type": "Feature", "properties": { "utility_id": "SYN-UP-00535", "department": "electricity", "connection_id": "SYN-ELE-00535", "synthetic": true }, "geometry": { "type": "Point", "coordinates": [ 78.355382623842175, 17.461741038675154 ] } },
{ "type": "Feature", "properties": { "utility_id": "SYN-UP-00536", "department": "water", "connection_id": "SYN-WAT-00536", "synthetic": true }, "geometry": { "type": "Point", "coordinates": [ 78.355364821266917, 17.461640329538245 ] } },
{ "type": "Feature", "properties": { "utility_id": "SYN-UP-00537", "department": "sewer", "connection_id": "SYN-SEW-00537", "synthetic": true }, "geometry": { "type": "Point", "coordinates": [ 78.35531491999086, 17.461568069389383 ] } },
{ "type": "Feature", "properties": { "utility_id": "SYN-UP-00538", "department": "electricity", "connection_id": "SYN-ELE-00538", "synthetic": true }, "geometry": { "type": "Point", "coordinates": [ 78.350574225645602, 17.456007299621746 ] } },
{ "type": "Feature", "properties": { "utility_id": "SYN-UP-00539", "department": "water", "connection_id": "SYN-WAT-00539", "synthetic": true }, "geometry": { "type": "Point", "coordinates": [ 78.350589388690324, 17.455981905566453 ] } },
{ "type": "Feature", "properties": { "utility_id": "SYN-UP-00540", "department": "sewer", "connection_id": "SYN-SEW-00540", "synthetic": true }, "geometry": { "type": "Point", "coordinates": [ 78.35058052464889, 17.455985391421574 ] } },
{ "type": "Feature", "properties": { "utility_id": "SYN-UP-00541", "department": "electricity", "connection_id": "SYN-ELE-00541", "synthetic": true }, "geometry": { "type": "Point", "coordinates": [ 78.355744320284614, 17.46033055705708 ] } },
{ "type": "Feature", "properties": { "utility_id": "SYN-UP-00542", "department": "water", "connection_id": "SYN-WAT-00542", "synthetic": true }, "geometry": { "type": "Point", "coordinates": [ 78.355515728181416, 17.460347448919016 ] } },
{ "type": "Feature", "properties": { "utility_id": "SYN-UP-00543", "department": "sewer", "connection_id": "SYN-SEW-00543", "synthetic": true }, "geometry": { "type": "Point", "coordinates": [ 78.355517520881591, 17.460354012292697 ] } },
{ "type": "Feature", "properties": { "utility_id": "SYN-UP-00544", "department": "electricity", "connection_id": "SYN-ELE-00544", "synthetic": true }, "geometry": { "type": "Point", "coordinates": [ 78.358746970267831, 17.450367837420075 ] } },
{ "type": "Feature", "properties": { "utility_id": "SYN-UP-00545", "department": "water", "connection_id": "SYN-WAT-00545", "synthetic": true }, "geometry": { "type": "Point", "coordinates": [ 78.358607703726918, 17.450293076396033 ] } },
{ "type": "Feature", "properties": { "utility_id": "SYN-UP-00546", "department": "sewer", "connection_id": "SYN-SEW-00546", "synthetic": true }, "geometry": { "type": "Point", "coordinates": [ 78.358639329238244, 17.450265845887266 ] } },
{ "type": "Feature", "properties": { "utility_id": "SYN-UP-00547", "department": "electricity", "connection_id": "SYN-ELE-00547", "synthetic": true }, "geometry": { "type": "Point", "coordinates": [ 78.362747396288484, 17.451145131797109 ] } },
{ "type": "Feature", "properties": { "utility_id": "SYN-UP-00548", "department": "water", "connection_id": "SYN-WAT-00548", "synthetic": true }, "geometry": { "type": "Point", "coordinates": [ 78.362851379120372, 17.451374410889652 ] } },
{ "type": "Feature", "properties": { "utility_id": "SYN-UP-00549", "department": "sewer", "connection_id": "SYN-SEW-00549", "synthetic": true }, "geometry": { "type": "Point", "coordinates": [ 78.36289236477333, 17.451428447335026 ] } },
{ "type": "Feature", "properties": { "utility_id": "SYN-UP-00550", "department": "electricity", "connection_id": "SYN-ELE-00550", "synthetic": true }, "geometry": { "type": "Point", "coordinates": [ 78.350636760667371, 17.460036383642361 ] } },
{ "type": "Feature", "properties": { "utility_id": "SYN-UP-00551", "department": "water", "connection_id": "SYN-WAT-00551", "synthetic": true }, "geometry": { "type": "Point", "coordinates": [ 78.350679236728212, 17.460053885799976 ] } },
{ "type": "Feature", "properties": { "utility_id": "SYN-UP-00552", "department": "sewer", "connection_id": "SYN-SEW-00552", "synthetic": true }, "geometry": { "type": "Point", "coordinates": [ 78.350672247158641, 17.460011964091976 ] } },
{ "type": "Feature", "properties": { "utility_id": "SYN-UP-00553", "department": "electricity", "connection_id": "SYN-ELE-00553", "synthetic": true }, "geometry": { "type": "Point", "coordinates": [ 78.356876485728549, 17.450689049565121 ] } },
{ "type": "Feature", "properties": { "utility_id": "SYN-UP-00554", "department": "water", "connection_id": "SYN-WAT-00554", "synthetic": true }, "geometry": { "type": "Point", "coordinates": [ 78.356891797875704, 17.450761052087739 ] } },
{ "type": "Feature", "properties": { "utility_id": "SYN-UP-00555", "department": "sewer", "connection_id": "SYN-SEW-00555", "synthetic": true }, "geometry": { "type": "Point", "coordinates": [ 78.356901175953638, 17.450756054077839 ] } },
{ "type": "Feature", "properties": { "utility_id": "SYN-UP-00556", "department": "electricity", "connection_id": "SYN-ELE-00556", "synthetic": true }, "geometry": { "type": "Point", "coordinates": [ 78.359531557355567, 17.450196502673844 ] } },
{ "type": "Feature", "properties": { "utility_id": "SYN-UP-00557", "department": "water", "connection_id": "SYN-WAT-00557", "synthetic": true }, "geometry": { "type": "Point", "coordinates": [ 78.359663255150537, 17.450340904354846 ] } },
{ "type": "Feature", "properties": { "utility_id": "SYN-UP-00558", "department": "sewer", "connection_id": "SYN-SEW-00558", "synthetic": true }, "geometry": { "type": "Point", "coordinates": [ 78.359638216448417, 17.450313322600564 ] } },
{ "type": "Feature", "properties": { "utility_id": "SYN-UP-00559", "department": "electricity", "connection_id": "SYN-ELE-00559", "synthetic": true }, "geometry": { "type": "Point", "coordinates": [ 78.354758044112657, 17.460820589879383 ] } },
{ "type": "Feature", "properties": { "utility_id": "SYN-UP-00560", "department": "water", "connection_id": "SYN-WAT-00560", "synthetic": true }, "geometry": { "type": "Point", "coordinates": [ 78.354654947447173, 17.460669421881754 ] } },
{ "type": "Feature", "properties": { "utility_id": "SYN-UP-00561", "department": "sewer", "connection_id": "SYN-SEW-00561", "synthetic": true }, "geometry": { "type": "Point", "coordinates": [ 78.354684106198178, 17.460714680429692 ] } },
{ "type": "Feature", "properties": { "utility_id": "SYN-UP-00562", "department": "electricity", "connection_id": "SYN-ELE-00562", "synthetic": true }, "geometry": { "type": "Point", "coordinates": [ 78.355424479060346, 17.457517139688012 ] } },
{ "type": "Feature", "properties": { "utility_id": "SYN-UP-00563", "department": "water", "connection_id": "SYN-WAT-00563", "synthetic": true }, "geometry": { "type": "Point", "coordinates": [ 78.354434398522201, 17.458336941435824 ] } },
{ "type": "Feature", "properties": { "utility_id": "SYN-UP-00564", "department": "sewer", "connection_id": "SYN-SEW-00564", "synthetic": true }, "geometry": { "type": "Point", "coordinates": [ 78.354460324862728, 17.458332270412001 ] } },
{ "type": "Feature", "properties": { "utility_id": "SYN-UP-00565", "department": "electricity", "connection_id": "SYN-ELE-00565", "synthetic": true }, "geometry": { "type": "Point", "coordinates": [ 78.352113712358147, 17.458137094218142 ] } },
{ "type": "Feature", "properties": { "utility_id": "SYN-UP-00566", "department": "water", "connection_id": "SYN-WAT-00566", "synthetic": true }, "geometry": { "type": "Point", "coordinates": [ 78.352138100934127, 17.4580360097655 ] } },
{ "type": "Feature", "properties": { "utility_id": "SYN-UP-00567", "department": "sewer", "connection_id": "SYN-SEW-00567", "synthetic": true }, "geometry": { "type": "Point", "coordinates": [ 78.352152934488515, 17.458000492481162 ] } },
{ "type": "Feature", "properties": { "utility_id": "SYN-UP-00568", "department": "electricity", "connection_id": "SYN-ELE-00568", "synthetic": true }, "geometry": { "type": "Point", "coordinates": [ 78.352739293265842, 17.459674541957586 ] } },
{ "type": "Feature", "properties": { "utility_id": "SYN-UP-00569", "department": "water", "connection_id": "SYN-WAT-00569", "synthetic": true }, "geometry": { "type": "Point", "coordinates": [ 78.352669285492524, 17.459881775672894 ] } },
{ "type": "Feature", "properties": { "utility_id": "SYN-UP-00570", "department": "sewer", "connection_id": "SYN-SEW-00570", "synthetic": true }, "geometry": { "type": "Point", "coordinates": [ 78.35267235569593, 17.459874120613065 ] } },
{ "type": "Feature", "properties": { "utility_id": "SYN-UP-00571", "department": "electricity", "connection_id": "SYN-ELE-00571", "synthetic": true }, "geometry": { "type": "Point", "coordinates": [ 78.355787603323606, 17.46109025878728 ] } },
{ "type": "Feature", "properties": { "utility_id": "SYN-UP-00572", "department": "water", "connection_id": "SYN-WAT-00572", "synthetic": true }, "geometry": { "type": "Point", "coordinates": [ 78.355704223313651, 17.460961012070499 ] } },
{ "type": "Feature", "properties": { "utility_id": "SYN-UP-00573", "department": "sewer", "connection_id": "SYN-SEW-00573", "synthetic": true }, "geometry": { "type": "Point", "coordinates": [ 78.35572450891388, 17.460968754865679 ] } },
{ "type": "Feature", "properties": { "utility_id": "SYN-UP-00574", "department": "electricity", "connection_id": "SYN-ELE-00574", "synthetic": true }, "geometry": { "type": "Point", "coordinates": [ 78.363031848685736, 17.457616351612881 ] } },
{ "type": "Feature", "properties": { "utility_id": "SYN-UP-00575", "department": "water", "connection_id": "SYN-WAT-00575", "synthetic": true }, "geometry": { "type": "Point", "coordinates": [ 78.362503585380139, 17.457962000555124 ] } },
{ "type": "Feature", "properties": { "utility_id": "SYN-UP-00576", "department": "sewer", "connection_id": "SYN-SEW-00576", "synthetic": true }, "geometry": { "type": "Point", "coordinates": [ 78.363692272425965, 17.457120047940663 ] } },
{ "type": "Feature", "properties": { "utility_id": "SYN-UP-00577", "department": "electricity", "connection_id": "SYN-ELE-00577", "synthetic": true }, "geometry": { "type": "Point", "coordinates": [ 78.355634751665875, 17.460777072164625 ] } },
{ "type": "Feature", "properties": { "utility_id": "SYN-UP-00578", "department": "water", "connection_id": "SYN-WAT-00578", "synthetic": true }, "geometry": { "type": "Point", "coordinates": [ 78.355632130054218, 17.460770430793936 ] } },
{ "type": "Feature", "properties": { "utility_id": "SYN-UP-00579", "department": "sewer", "connection_id": "SYN-SEW-00579", "synthetic": true }, "geometry": { "type": "Point", "coordinates": [ 78.355496671521038, 17.461019782538941 ] } },
{ "type": "Feature", "properties": { "utility_id": "SYN-UP-00580", "department": "electricity", "connection_id": "SYN-ELE-00580", "synthetic": true }, "geometry": { "type": "Point", "coordinates": [ 78.35916725237108, 17.45039370715374 ] } },
{ "type": "Feature", "properties": { "utility_id": "SYN-UP-00581", "department": "water", "connection_id": "SYN-WAT-00581", "synthetic": true }, "geometry": { "type": "Point", "coordinates": [ 78.359112250569154, 17.450504614684498 ] } },
{ "type": "Feature", "properties": { "utility_id": "SYN-UP-00582", "department": "sewer", "connection_id": "SYN-SEW-00582", "synthetic": true }, "geometry": { "type": "Point", "coordinates": [ 78.35916170982722, 17.45041114918018 ] } },
{ "type": "Feature", "properties": { "utility_id": "SYN-UP-00583", "department": "electricity", "connection_id": "SYN-ELE-00583", "synthetic": true }, "geometry": { "type": "Point", "coordinates": [ 78.35049051790935, 17.460798460211823 ] } },
{ "type": "Feature", "properties": { "utility_id": "SYN-UP-00584", "department": "water", "connection_id": "SYN-WAT-00584", "synthetic": true }, "geometry": { "type": "Point", "coordinates": [ 78.350364458492123, 17.460860616416568 ] } },
{ "type": "Feature", "properties": { "utility_id": "SYN-UP-00585", "department": "sewer", "connection_id": "SYN-SEW-00585", "synthetic": true }, "geometry": { "type": "Point", "coordinates": [ 78.35032509741545, 17.460837801864464 ] } },
{ "type": "Feature", "properties": { "utility_id": "SYN-UP-00586", "department": "electricity", "connection_id": "SYN-ELE-00586", "synthetic": true }, "geometry": { "type": "Point", "coordinates": [ 78.355186135687688, 17.459414756827101 ] } },
{ "type": "Feature", "properties": { "utility_id": "SYN-UP-00587", "department": "water", "connection_id": "SYN-WAT-00587", "synthetic": true }, "geometry": { "type": "Point", "coordinates": [ 78.35513149849497, 17.459381271428875 ] } },
{ "type": "Feature", "properties": { "utility_id": "SYN-UP-00588", "department": "sewer", "connection_id": "SYN-SEW-00588", "synthetic": true }, "geometry": { "type": "Point", "coordinates": [ 78.355246285810296, 17.459452406144063 ] } },
{ "type": "Feature", "properties": { "utility_id": "SYN-UP-00589", "department": "electricity", "connection_id": "SYN-ELE-00589", "synthetic": true }, "geometry": { "type": "Point", "coordinates": [ 78.357450684294122, 17.455853440341631 ] } },
{ "type": "Feature", "properties": { "utility_id": "SYN-UP-00590", "department": "water", "connection_id": "SYN-WAT-00590", "synthetic": true }, "geometry": { "type": "Point", "coordinates": [ 78.357451136406354, 17.455827175620946 ] } },
{ "type": "Feature", "properties": { "utility_id": "SYN-UP-00591", "department": "sewer", "connection_id": "SYN-SEW-00591", "synthetic": true }, "geometry": { "type": "Point", "coordinates": [ 78.357438219862658, 17.455859925777112 ] } },
{ "type": "Feature", "properties": { "utility_id": "SYN-UP-00592", "department": "electricity", "connection_id": "SYN-ELE-00592", "synthetic": true }, "geometry": { "type": "Point", "coordinates": [ 78.35941058413249, 17.450087252897255 ] } },
{ "type": "Feature", "properties": { "utility_id": "SYN-UP-00593", "department": "water", "connection_id": "SYN-WAT-00593", "synthetic": true }, "geometry": { "type": "Point", "coordinates": [ 78.359388031131004, 17.450057280928252 ] } },
{ "type": "Feature", "properties": { "utility_id": "SYN-UP-00594", "department": "sewer", "connection_id": "SYN-SEW-00594", "synthetic": true }, "geometry": { "type": "Point", "coordinates": [ 78.359416082617386, 17.450069193415402 ] } },
{ "type": "Feature", "properties": { "utility_id": "SYN-UP-00595", "department": "electricity", "connection_id": "SYN-ELE-00595", "synthetic": true }, "geometry": { "type": "Point", "coordinates": [ 78.358945887799621, 17.455092624174892 ] } },
{ "type": "Feature", "properties": { "utility_id": "SYN-UP-00596", "department": "water", "connection_id": "SYN-WAT-00596", "synthetic": true }, "geometry": { "type": "Point", "coordinates": [ 78.359054049821552, 17.455713986928515 ] } },
{ "type": "Feature", "properties": { "utility_id": "SYN-UP-00597", "department": "sewer", "connection_id": "SYN-SEW-00597", "synthetic": true }, "geometry": { "type": "Point", "coordinates": [ 78.358959422415836, 17.455106877064921 ] } },
{ "type": "Feature", "properties": { "utility_id": "SYN-UP-00598", "department": "electricity", "connection_id": "SYN-ELE-00598", "synthetic": true }, "geometry": { "type": "Point", "coordinates": [ 78.350299821354, 17.461451491810802 ] } },
{ "type": "Feature", "properties": { "utility_id": "SYN-UP-00599", "department": "water", "connection_id": "SYN-WAT-00599", "synthetic": true }, "geometry": { "type": "Point", "coordinates": [ 78.350299320903758, 17.461464424924806 ] } },
{ "type": "Feature", "properties": { "utility_id": "SYN-UP-00600", "department": "sewer", "connection_id": "SYN-SEW-00600", "synthetic": true }, "geometry": { "type": "Point", "coordinates": [ 78.350493282119771, 17.461148233785156 ] } },
{ "type": "Feature", "properties": { "utility_id": "SYN-UP-00601", "department": "electricity", "connection_id": "SYN-ELE-00601", "synthetic": true }, "geometry": { "type": "Point", "coordinates": [ 78.362510823706202, 17.450421919523897 ] } },
{ "type": "Feature", "properties": { "utility_id": "SYN-UP-00602", "department": "water", "connection_id": "SYN-WAT-00602", "synthetic": true }, "geometry": { "type": "Point", "coordinates": [ 78.36248234881478, 17.450417935747009 ] } },
{ "type": "Feature", "properties": { "utility_id": "SYN-UP-00603", "department": "sewer", "connection_id": "SYN-SEW-00603", "synthetic": true }, "geometry": { "type": "Point", "coordinates": [ 78.362079950234019, 17.450415112493744 ] } },
{ "type": "Feature", "properties": { "utility_id": "SYN-UP-00604", "department": "electricity", "connection_id": "SYN-ELE-00604", "synthetic": true }, "geometry": { "type": "Point", "coordinates": [ 78.351584650878436, 17.461939786195508 ] } },
{ "type": "Feature", "properties": { "utility_id": "SYN-UP-00605", "department": "water", "connection_id": "SYN-WAT-00605", "synthetic": true }, "geometry": { "type": "Point", "coordinates": [ 78.351591002874898, 17.461928880954726 ] } },
{ "type": "Feature", "properties": { "utility_id": "SYN-UP-00606", "department": "sewer", "connection_id": "SYN-SEW-00606", "synthetic": true }, "geometry": { "type": "Point", "coordinates": [ 78.351674664464269, 17.461764357927475 ] } },
{ "type": "Feature", "properties": { "utility_id": "SYN-UP-00607", "department": "electricity", "connection_id": "SYN-ELE-00607", "synthetic": true }, "geometry": { "type": "Point", "coordinates": [ 78.356862461122745, 17.460936532583482 ] } },
{ "type": "Feature", "properties": { "utility_id": "SYN-UP-00608", "department": "water", "connection_id": "SYN-WAT-00608", "synthetic": true }, "geometry": { "type": "Point", "coordinates": [ 78.35671303586804, 17.461166463905837 ] } },
{ "type": "Feature", "properties": { "utility_id": "SYN-UP-00609", "department": "sewer", "connection_id": "SYN-SEW-00609", "synthetic": true }, "geometry": { "type": "Point", "coordinates": [ 78.356680396228626, 17.461252097295329 ] } },
{ "type": "Feature", "properties": { "utility_id": "SYN-UP-00610", "department": "electricity", "connection_id": "SYN-ELE-00610", "synthetic": true }, "geometry": { "type": "Point", "coordinates": [ 78.35056877990732, 17.458379531904267 ] } },
{ "type": "Feature", "properties": { "utility_id": "SYN-UP-00611", "department": "water", "connection_id": "SYN-WAT-00611", "synthetic": true }, "geometry": { "type": "Point", "coordinates": [ 78.350617085338357, 17.458348432896102 ] } },
{ "type": "Feature", "properties": { "utility_id": "SYN-UP-00612", "department": "sewer", "connection_id": "SYN-SEW-00612", "synthetic": true }, "geometry": { "type": "Point", "coordinates": [ 78.350588196975735, 17.458372445521473 ] } },
{ "type": "Feature", "properties": { "utility_id": "SYN-UP-00613", "department": "electricity", "connection_id": "SYN-ELE-00613", "synthetic": true }, "geometry": { "type": "Point", "coordinates": [ 78.35183475513648, 17.461245053728941 ] } },
{ "type": "Feature", "properties": { "utility_id": "SYN-UP-00614", "department": "water", "connection_id": "SYN-WAT-00614", "synthetic": true }, "geometry": { "type": "Point", "coordinates": [ 78.352242766855511, 17.461460809449861 ] } },
{ "type": "Feature", "properties": { "utility_id": "SYN-UP-00615", "department": "sewer", "connection_id": "SYN-SEW-00615", "synthetic": true }, "geometry": { "type": "Point", "coordinates": [ 78.352170023643225, 17.461456910286756 ] } },
{ "type": "Feature", "properties": { "utility_id": "SYN-UP-00616", "department": "electricity", "connection_id": "SYN-ELE-00616", "synthetic": true }, "geometry": { "type": "Point", "coordinates": [ 78.350826506007081, 17.460882361444689 ] } },
{ "type": "Feature", "properties": { "utility_id": "SYN-UP-00617", "department": "water", "connection_id": "SYN-WAT-00617", "synthetic": true }, "geometry": { "type": "Point", "coordinates": [ 78.350724565851436, 17.460789571802234 ] } },
{ "type": "Feature", "properties": { "utility_id": "SYN-UP-00618", "department": "sewer", "connection_id": "SYN-SEW-00618", "synthetic": true }, "geometry": { "type": "Point", "coordinates": [ 78.350720454845046, 17.460759665004129 ] } },
{ "type": "Feature", "properties": { "utility_id": "SYN-UP-00619", "department": "electricity", "connection_id": "SYN-ELE-00619", "synthetic": true }, "geometry": { "type": "Point", "coordinates": [ 78.36158400426261, 17.451178370533309 ] } },
{ "type": "Feature", "properties": { "utility_id": "SYN-UP-00620", "department": "water", "connection_id": "SYN-WAT-00620", "synthetic": true }, "geometry": { "type": "Point", "coordinates": [ 78.361715158442919, 17.451277233966508 ] } },
{ "type": "Feature", "properties": { "utility_id": "SYN-UP-00621", "department": "sewer", "connection_id": "SYN-SEW-00621", "synthetic": true }, "geometry": { "type": "Point", "coordinates": [ 78.361578785188144, 17.451187678193545 ] } },
{ "type": "Feature", "properties": { "utility_id": "SYN-UP-00622", "department": "electricity", "connection_id": "SYN-ELE-00622", "synthetic": true }, "geometry": { "type": "Point", "coordinates": [ 78.35249040525683, 17.461641798575528 ] } },
{ "type": "Feature", "properties": { "utility_id": "SYN-UP-00623", "department": "water", "connection_id": "SYN-WAT-00623", "synthetic": true }, "geometry": { "type": "Point", "coordinates": [ 78.352466447816141, 17.461639900716257 ] } },
{ "type": "Feature", "properties": { "utility_id": "SYN-UP-00624", "department": "sewer", "connection_id": "SYN-SEW-00624", "synthetic": true }, "geometry": { "type": "Point", "coordinates": [ 78.352472040218828, 17.461632767177495 ] } },
{ "type": "Feature", "properties": { "utility_id": "SYN-UP-00625", "department": "electricity", "connection_id": "SYN-ELE-00625", "synthetic": true }, "geometry": { "type": "Point", "coordinates": [ 78.352758510648698, 17.460484219286993 ] } },
{ "type": "Feature", "properties": { "utility_id": "SYN-UP-00626", "department": "water", "connection_id": "SYN-WAT-00626", "synthetic": true }, "geometry": { "type": "Point", "coordinates": [ 78.352786704455852, 17.460490274604993 ] } },
{ "type": "Feature", "properties": { "utility_id": "SYN-UP-00627", "department": "sewer", "connection_id": "SYN-SEW-00627", "synthetic": true }, "geometry": { "type": "Point", "coordinates": [ 78.352779551639969, 17.460503895837473 ] } },
{ "type": "Feature", "properties": { "utility_id": "SYN-UP-00628", "department": "electricity", "connection_id": "SYN-ELE-00628", "synthetic": true }, "geometry": { "type": "Point", "coordinates": [ 78.352807369673158, 17.460604726325805 ] } },
{ "type": "Feature", "properties": { "utility_id": "SYN-UP-00629", "department": "water", "connection_id": "SYN-WAT-00629", "synthetic": true }, "geometry": { "type": "Point", "coordinates": [ 78.352773477997999, 17.46063357552762 ] } },
{ "type": "Feature", "properties": { "utility_id": "SYN-UP-00630", "department": "sewer", "connection_id": "SYN-SEW-00630", "synthetic": true }, "geometry": { "type": "Point", "coordinates": [ 78.352784892684255, 17.460638888716765 ] } },
{ "type": "Feature", "properties": { "utility_id": "SYN-UP-00631", "department": "electricity", "connection_id": "SYN-ELE-00631", "synthetic": true }, "geometry": { "type": "Point", "coordinates": [ 78.353980523489383, 17.460123701436839 ] } },
{ "type": "Feature", "properties": { "utility_id": "SYN-UP-00632", "department": "water", "connection_id": "SYN-WAT-00632", "synthetic": true }, "geometry": { "type": "Point", "coordinates": [ 78.35388120389085, 17.460289071093836 ] } },
{ "type": "Feature", "properties": { "utility_id": "SYN-UP-00633", "department": "sewer", "connection_id": "SYN-SEW-00633", "synthetic": true }, "geometry": { "type": "Point", "coordinates": [ 78.353914035044383, 17.460267327933472 ] } },
{ "type": "Feature", "properties": { "utility_id": "SYN-UP-00634", "department": "electricity", "connection_id": "SYN-ELE-00634", "synthetic": true }, "geometry": { "type": "Point", "coordinates": [ 78.356085225878999, 17.460232835894573 ] } },
{ "type": "Feature", "properties": { "utility_id": "SYN-UP-00635", "department": "water", "connection_id": "SYN-WAT-00635", "synthetic": true }, "geometry": { "type": "Point", "coordinates": [ 78.356093095330195, 17.460276751978132 ] } },
{ "type": "Feature", "properties": { "utility_id": "SYN-UP-00636", "department": "sewer", "connection_id": "SYN-SEW-00636", "synthetic": true }, "geometry": { "type": "Point", "coordinates": [ 78.356044384252911, 17.460156069685691 ] } },
{ "type": "Feature", "properties": { "utility_id": "SYN-UP-00637", "department": "electricity", "connection_id": "SYN-ELE-00637", "synthetic": true }, "geometry": { "type": "Point", "coordinates": [ 78.360003770932977, 17.450259026488975 ] } },
{ "type": "Feature", "properties": { "utility_id": "SYN-UP-00638", "department": "water", "connection_id": "SYN-WAT-00638", "synthetic": true }, "geometry": { "type": "Point", "coordinates": [ 78.360043140349632, 17.450264201366771 ] } },
{ "type": "Feature", "properties": { "utility_id": "SYN-UP-00639", "department": "sewer", "connection_id": "SYN-SEW-00639", "synthetic": true }, "geometry": { "type": "Point", "coordinates": [ 78.360000577863929, 17.450265487871775 ] } },
{ "type": "Feature", "properties": { "utility_id": "SYN-UP-00640", "department": "electricity", "connection_id": "SYN-ELE-00640", "synthetic": true }, "geometry": { "type": "Point", "coordinates": [ 78.362120447331165, 17.451347007969638 ] } },
{ "type": "Feature", "properties": { "utility_id": "SYN-UP-00641", "department": "water", "connection_id": "SYN-WAT-00641", "synthetic": true }, "geometry": { "type": "Point", "coordinates": [ 78.36199303586335, 17.451363788811008 ] } },
{ "type": "Feature", "properties": { "utility_id": "SYN-UP-00642", "department": "sewer", "connection_id": "SYN-SEW-00642", "synthetic": true }, "geometry": { "type": "Point", "coordinates": [ 78.362093162765532, 17.451364995092167 ] } },
{ "type": "Feature", "properties": { "utility_id": "SYN-UP-00643", "department": "electricity", "connection_id": "SYN-ELE-00643", "synthetic": true }, "geometry": { "type": "Point", "coordinates": [ 78.363070267007089, 17.451890130474631 ] } },
{ "type": "Feature", "properties": { "utility_id": "SYN-UP-00644", "department": "water", "connection_id": "SYN-WAT-00644", "synthetic": true }, "geometry": { "type": "Point", "coordinates": [ 78.362661993333006, 17.451959240194455 ] } },
{ "type": "Feature", "properties": { "utility_id": "SYN-UP-00645", "department": "sewer", "connection_id": "SYN-SEW-00645", "synthetic": true }, "geometry": { "type": "Point", "coordinates": [ 78.363058553943375, 17.451892113960231 ] } },
{ "type": "Feature", "properties": { "utility_id": "SYN-UP-00646", "department": "electricity", "connection_id": "SYN-ELE-00646", "synthetic": true }, "geometry": { "type": "Point", "coordinates": [ 78.350667071981022, 17.459012919662147 ] } },
{ "type": "Feature", "properties": { "utility_id": "SYN-UP-00647", "department": "water", "connection_id": "SYN-WAT-00647", "synthetic": true }, "geometry": { "type": "Point", "coordinates": [ 78.350640085458849, 17.459006706021889 ] } },
{ "type": "Feature", "properties": { "utility_id": "SYN-UP-00648", "department": "sewer", "connection_id": "SYN-SEW-00648", "synthetic": true }, "geometry": { "type": "Point", "coordinates": [ 78.350755126765691, 17.459004181731345 ] } },
{ "type": "Feature", "properties": { "utility_id": "SYN-UP-00649", "department": "electricity", "connection_id": "SYN-ELE-00649", "synthetic": true }, "geometry": { "type": "Point", "coordinates": [ 78.352536181862902, 17.460233464338835 ] } },
{ "type": "Feature", "properties": { "utility_id": "SYN-UP-00650", "department": "water", "connection_id": "SYN-WAT-00650", "synthetic": true }, "geometry": { "type": "Point", "coordinates": [ 78.352516725246176, 17.460220251192453 ] } },
{ "type": "Feature", "properties": { "utility_id": "SYN-UP-00651", "department": "sewer", "connection_id": "SYN-SEW-00651", "synthetic": true }, "geometry": { "type": "Point", "coordinates": [ 78.35270323050996, 17.460192463250817 ] } },
{ "type": "Feature", "properties": { "utility_id": "SYN-UP-00652", "department": "electricity", "connection_id": "SYN-ELE-00652", "synthetic": true }, "geometry": { "type": "Point", "coordinates": [ 78.360427571510641, 17.451218329773585 ] } },
{ "type": "Feature", "properties": { "utility_id": "SYN-UP-00653", "department": "water", "connection_id": "SYN-WAT-00653", "synthetic": true }, "geometry": { "type": "Point", "coordinates": [ 78.360703614258171, 17.450098771104866 ] } },
{ "type": "Feature", "properties": { "utility_id": "SYN-UP-00654", "department": "sewer", "connection_id": "SYN-SEW-00654", "synthetic": true }, "geometry": { "type": "Point", "coordinates": [ 78.360718407411284, 17.450094512674582 ] } },
{ "type": "Feature", "properties": { "utility_id": "SYN-UP-00655", "department": "electricity", "connection_id": "SYN-ELE-00655", "synthetic": true }, "geometry": { "type": "Point", "coordinates": [ 78.354596038559748, 17.460001978931786 ] } },
{ "type": "Feature", "properties": { "utility_id": "SYN-UP-00656", "department": "water", "connection_id": "SYN-WAT-00656", "synthetic": true }, "geometry": { "type": "Point", "coordinates": [ 78.354638751164401, 17.459989731835865 ] } },
{ "type": "Feature", "properties": { "utility_id": "SYN-UP-00657", "department": "sewer", "connection_id": "SYN-SEW-00657", "synthetic": true }, "geometry": { "type": "Point", "coordinates": [ 78.354623340964551, 17.45996277497272 ] } },
{ "type": "Feature", "properties": { "utility_id": "SYN-UP-00658", "department": "electricity", "connection_id": "SYN-ELE-00658", "synthetic": true }, "geometry": { "type": "Point", "coordinates": [ 78.356521524975122, 17.461576005892887 ] } },
{ "type": "Feature", "properties": { "utility_id": "SYN-UP-00659", "department": "water", "connection_id": "SYN-WAT-00659", "synthetic": true }, "geometry": { "type": "Point", "coordinates": [ 78.356528957220746, 17.461553498446392 ] } },
{ "type": "Feature", "properties": { "utility_id": "SYN-UP-00660", "department": "sewer", "connection_id": "SYN-SEW-00660", "synthetic": true }, "geometry": { "type": "Point", "coordinates": [ 78.356495604729531, 17.461558509149427 ] } },
{ "type": "Feature", "properties": { "utility_id": "SYN-UP-00661", "department": "electricity", "connection_id": "SYN-ELE-00661", "synthetic": true }, "geometry": { "type": "Point", "coordinates": [ 78.35566253997851, 17.459740709557778 ] } },
{ "type": "Feature", "properties": { "utility_id": "SYN-UP-00662", "department": "water", "connection_id": "SYN-WAT-00662", "synthetic": true }, "geometry": { "type": "Point", "coordinates": [ 78.355564306923355, 17.459683520433295 ] } },
{ "type": "Feature", "properties": { "utility_id": "SYN-UP-00663", "department": "sewer", "connection_id": "SYN-SEW-00663", "synthetic": true }, "geometry": { "type": "Point", "coordinates": [ 78.355637219920922, 17.459721245553176 ] } },
{ "type": "Feature", "properties": { "utility_id": "SYN-UP-00664", "department": "electricity", "connection_id": "SYN-ELE-00664", "synthetic": true }, "geometry": { "type": "Point", "coordinates": [ 78.352981485488201, 17.460847565474591 ] } },
{ "type": "Feature", "properties": { "utility_id": "SYN-UP-00665", "department": "water", "connection_id": "SYN-WAT-00665", "synthetic": true }, "geometry": { "type": "Point", "coordinates": [ 78.35301444059634, 17.460848332802758 ] } },
{ "type": "Feature", "properties": { "utility_id": "SYN-UP-00666", "department": "sewer", "connection_id": "SYN-SEW-00666", "synthetic": true }, "geometry": { "type": "Point", "coordinates": [ 78.353438135015324, 17.460893551566194 ] } },
{ "type": "Feature", "properties": { "utility_id": "SYN-UP-00667", "department": "electricity", "connection_id": "SYN-ELE-00667", "synthetic": true }, "geometry": { "type": "Point", "coordinates": [ 78.353600951384593, 17.458919130755575 ] } },
{ "type": "Feature", "properties": { "utility_id": "SYN-UP-00668", "department": "water", "connection_id": "SYN-WAT-00668", "synthetic": true }, "geometry": { "type": "Point", "coordinates": [ 78.353612086165526, 17.458888522409683 ] } },
{ "type": "Feature", "properties": { "utility_id": "SYN-UP-00669", "department": "sewer", "connection_id": "SYN-SEW-00669", "synthetic": true }, "geometry": { "type": "Point", "coordinates": [ 78.353756399111404, 17.458860893234846 ] } },
{ "type": "Feature", "properties": { "utility_id": "SYN-UP-00670", "department": "electricity", "connection_id": "SYN-ELE-00670", "synthetic": true }, "geometry": { "type": "Point", "coordinates": [ 78.35403303988889, 17.459761022593348 ] } },
{ "type": "Feature", "properties": { "utility_id": "SYN-UP-00671", "department": "water", "connection_id": "SYN-WAT-00671", "synthetic": true }, "geometry": { "type": "Point", "coordinates": [ 78.353996924808783, 17.459726764960944 ] } },
{ "type": "Feature", "properties": { "utility_id": "SYN-UP-00672", "department": "sewer", "connection_id": "SYN-SEW-00672", "synthetic": true }, "geometry": { "type": "Point", "coordinates": [ 78.354154204575948, 17.459885953482388 ] } },
{ "type": "Feature", "properties": { "utility_id": "SYN-UP-00673", "department": "electricity", "connection_id": "SYN-ELE-00673", "synthetic": true }, "geometry": { "type": "Point", "coordinates": [ 78.353956513498403, 17.458801329613625 ] } },
{ "type": "Feature", "properties": { "utility_id": "SYN-UP-00674", "department": "water", "connection_id": "SYN-WAT-00674", "synthetic": true }, "geometry": { "type": "Point", "coordinates": [ 78.353972575127415, 17.458756533208359 ] } },
{ "type": "Feature", "properties": { "utility_id": "SYN-UP-00675", "department": "sewer", "connection_id": "SYN-SEW-00675", "synthetic": true }, "geometry": { "type": "Point", "coordinates": [ 78.35398753300808, 17.458807525973096 ] } },
{ "type": "Feature", "properties": { "utility_id": "SYN-UP-00676", "department": "electricity", "connection_id": "SYN-ELE-00676", "synthetic": true }, "geometry": { "type": "Point", "coordinates": [ 78.351278591831814, 17.461013487109227 ] } },
{ "type": "Feature", "properties": { "utility_id": "SYN-UP-00677", "department": "water", "connection_id": "SYN-WAT-00677", "synthetic": true }, "geometry": { "type": "Point", "coordinates": [ 78.351377896713259, 17.461238578545174 ] } },
{ "type": "Feature", "properties": { "utility_id": "SYN-UP-00678", "department": "sewer", "connection_id": "SYN-SEW-00678", "synthetic": true }, "geometry": { "type": "Point", "coordinates": [ 78.351317619812136, 17.461118235828941 ] } },
{ "type": "Feature", "properties": { "utility_id": "SYN-UP-00679", "department": "electricity", "connection_id": "SYN-ELE-00679", "synthetic": true }, "geometry": { "type": "Point", "coordinates": [ 78.359077643625156, 17.450571269801216 ] } },
{ "type": "Feature", "properties": { "utility_id": "SYN-UP-00680", "department": "water", "connection_id": "SYN-WAT-00680", "synthetic": true }, "geometry": { "type": "Point", "coordinates": [ 78.359063053298229, 17.450568985245756 ] } },
{ "type": "Feature", "properties": { "utility_id": "SYN-UP-00681", "department": "sewer", "connection_id": "SYN-SEW-00681", "synthetic": true }, "geometry": { "type": "Point", "coordinates": [ 78.358956945253212, 17.450577143800849 ] } },
{ "type": "Feature", "properties": { "utility_id": "SYN-UP-00682", "department": "electricity", "connection_id": "SYN-ELE-00682", "synthetic": true }, "geometry": { "type": "Point", "coordinates": [ 78.35148361511844, 17.461248572426339 ] } },
{ "type": "Feature", "properties": { "utility_id": "SYN-UP-00683", "department": "water", "connection_id": "SYN-WAT-00683", "synthetic": true }, "geometry": { "type": "Point", "coordinates": [ 78.351428922827722, 17.461446773420853 ] } },
{ "type": "Feature", "properties": { "utility_id": "SYN-UP-00684", "department": "sewer", "connection_id": "SYN-SEW-00684", "synthetic": true }, "geometry": { "type": "Point", "coordinates": [ 78.351444089584675, 17.461406204300026 ] } },
{ "type": "Feature", "properties": { "utility_id": "SYN-UP-00685", "department": "electricity", "connection_id": "SYN-ELE-00685", "synthetic": true }, "geometry": { "type": "Point", "coordinates": [ 78.351897256886986, 17.458252379916416 ] } },
{ "type": "Feature", "properties": { "utility_id": "SYN-UP-00686", "department": "water", "connection_id": "SYN-WAT-00686", "synthetic": true }, "geometry": { "type": "Point", "coordinates": [ 78.351919198519695, 17.458251117368683 ] } },
{ "type": "Feature", "properties": { "utility_id": "SYN-UP-00687", "department": "sewer", "connection_id": "SYN-SEW-00687", "synthetic": true }, "geometry": { "type": "Point", "coordinates": [ 78.351978734190808, 17.458371292706801 ] } },
{ "type": "Feature", "properties": { "utility_id": "SYN-UP-00688", "department": "electricity", "connection_id": "SYN-ELE-00688", "synthetic": true }, "geometry": { "type": "Point", "coordinates": [ 78.350902437385429, 17.458725484589657 ] } },
{ "type": "Feature", "properties": { "utility_id": "SYN-UP-00689", "department": "water", "connection_id": "SYN-WAT-00689", "synthetic": true }, "geometry": { "type": "Point", "coordinates": [ 78.350964827671703, 17.45886767433095 ] } },
{ "type": "Feature", "properties": { "utility_id": "SYN-UP-00690", "department": "sewer", "connection_id": "SYN-SEW-00690", "synthetic": true }, "geometry": { "type": "Point", "coordinates": [ 78.350959932905567, 17.45885722428789 ] } },
{ "type": "Feature", "properties": { "utility_id": "SYN-UP-00691", "department": "electricity", "connection_id": "SYN-ELE-00691", "synthetic": true }, "geometry": { "type": "Point", "coordinates": [ 78.352214975592204, 17.457902757447624 ] } },
{ "type": "Feature", "properties": { "utility_id": "SYN-UP-00692", "department": "water", "connection_id": "SYN-WAT-00692", "synthetic": true }, "geometry": { "type": "Point", "coordinates": [ 78.351758608766445, 17.457938920565578 ] } },
{ "type": "Feature", "properties": { "utility_id": "SYN-UP-00693", "department": "sewer", "connection_id": "SYN-SEW-00693", "synthetic": true }, "geometry": { "type": "Point", "coordinates": [ 78.352017441759514, 17.457906162599663 ] } },
{ "type": "Feature", "properties": { "utility_id": "SYN-UP-00694", "department": "electricity", "connection_id": "SYN-ELE-00694", "synthetic": true }, "geometry": { "type": "Point", "coordinates": [ 78.351680362253646, 17.459361051932188 ] } },
{ "type": "Feature", "properties": { "utility_id": "SYN-UP-00695", "department": "water", "connection_id": "SYN-WAT-00695", "synthetic": true }, "geometry": { "type": "Point", "coordinates": [ 78.351842041647885, 17.459579679233617 ] } },
{ "type": "Feature", "properties": { "utility_id": "SYN-UP-00696", "department": "sewer", "connection_id": "SYN-SEW-00696", "synthetic": true }, "geometry": { "type": "Point", "coordinates": [ 78.351826007315964, 17.459622053650115 ] } },
{ "type": "Feature", "properties": { "utility_id": "SYN-UP-00697", "department": "electricity", "connection_id": "SYN-ELE-00697", "synthetic": true }, "geometry": { "type": "Point", "coordinates": [ 78.353730431079583, 17.460935418845512 ] } },
{ "type": "Feature", "properties": { "utility_id": "SYN-UP-00698", "department": "water", "connection_id": "SYN-WAT-00698", "synthetic": true }, "geometry": { "type": "Point", "coordinates": [ 78.353776747186274, 17.460917223970124 ] } },
{ "type": "Feature", "properties": { "utility_id": "SYN-UP-00699", "department": "sewer", "connection_id": "SYN-SEW-00699", "synthetic": true }, "geometry": { "type": "Point", "coordinates": [ 78.353757072550081, 17.460892236792493 ] } },
{ "type": "Feature", "properties": { "utility_id": "SYN-UP-00700", "department": "electricity", "connection_id": "SYN-ELE-00700", "synthetic": true }, "geometry": { "type": "Point", "coordinates": [ 78.35077140578818, 17.458396721010914 ] } },
{ "type": "Feature", "properties": { "utility_id": "SYN-UP-00701", "department": "water", "connection_id": "SYN-WAT-00701", "synthetic": true }, "geometry": { "type": "Point", "coordinates": [ 78.350806295000254, 17.458377933720392 ] } },
{ "type": "Feature", "properties": { "utility_id": "SYN-UP-00702", "department": "sewer", "connection_id": "SYN-SEW-00702", "synthetic": true }, "geometry": { "type": "Point", "coordinates": [ 78.350803890768219, 17.458359296110626 ] } },
{ "type": "Feature", "properties": { "utility_id": "SYN-UP-00703", "department": "electricity", "connection_id": "SYN-ELE-00703", "synthetic": true }, "geometry": { "type": "Point", "coordinates": [ 78.351629472710513, 17.460860368804234 ] } },
{ "type": "Feature", "properties": { "utility_id": "SYN-UP-00704", "department": "water", "connection_id": "SYN-WAT-00704", "synthetic": true }, "geometry": { "type": "Point", "coordinates": [ 78.351631642144355, 17.460838876834988 ] } },
{ "type": "Feature", "properties": { "utility_id": "SYN-UP-00705", "department": "sewer", "connection_id": "SYN-SEW-00705", "synthetic": true }, "geometry": { "type": "Point", "coordinates": [ 78.351649836847912, 17.460872823720873 ] } },
{ "type": "Feature", "properties": { "utility_id": "SYN-UP-00706", "department": "electricity", "connection_id": "SYN-ELE-00706", "synthetic": true }, "geometry": { "type": "Point", "coordinates": [ 78.354557308303896, 17.46047846656047 ] } },
{ "type": "Feature", "properties": { "utility_id": "SYN-UP-00707", "department": "water", "connection_id": "SYN-WAT-00707", "synthetic": true }, "geometry": { "type": "Point", "coordinates": [ 78.354597883067257, 17.460503508795963 ] } },
{ "type": "Feature", "properties": { "utility_id": "SYN-UP-00708", "department": "sewer", "connection_id": "SYN-SEW-00708", "synthetic": true }, "geometry": { "type": "Point", "coordinates": [ 78.354591541878662, 17.4604697785696 ] } },
{ "type": "Feature", "properties": { "utility_id": "SYN-UP-00709", "department": "electricity", "connection_id": "SYN-ELE-00709", "synthetic": true }, "geometry": { "type": "Point", "coordinates": [ 78.363465532289567, 17.461039274388387 ] } },
{ "type": "Feature", "properties": { "utility_id": "SYN-UP-00710", "department": "water", "connection_id": "SYN-WAT-00710", "synthetic": true }, "geometry": { "type": "Point", "coordinates": [ 78.363474378621703, 17.461039016031794 ] } },
{ "type": "Feature", "properties": { "utility_id": "SYN-UP-00711", "department": "sewer", "connection_id": "SYN-SEW-00711", "synthetic": true }, "geometry": { "type": "Point", "coordinates": [ 78.363531045302267, 17.461459650408763 ] } },
{ "type": "Feature", "properties": { "utility_id": "SYN-UP-00712", "department": "electricity", "connection_id": "SYN-ELE-00712", "synthetic": true }, "geometry": { "type": "Point", "coordinates": [ 78.352497637334778, 17.458450457213189 ] } },
{ "type": "Feature", "properties": { "utility_id": "SYN-UP-00713", "department": "water", "connection_id": "SYN-WAT-00713", "synthetic": true }, "geometry": { "type": "Point", "coordinates": [ 78.352462474935379, 17.458429256153924 ] } },
{ "type": "Feature", "properties": { "utility_id": "SYN-UP-00714", "department": "sewer", "connection_id": "SYN-SEW-00714", "synthetic": true }, "geometry": { "type": "Point", "coordinates": [ 78.352475861462722, 17.458444741262433 ] } },
{ "type": "Feature", "properties": { "utility_id": "SYN-UP-00715", "department": "electricity", "connection_id": "SYN-ELE-00715", "synthetic": true }, "geometry": { "type": "Point", "coordinates": [ 78.350918070124735, 17.461015155344832 ] } },
{ "type": "Feature", "properties": { "utility_id": "SYN-UP-00716", "department": "water", "connection_id": "SYN-WAT-00716", "synthetic": true }, "geometry": { "type": "Point", "coordinates": [ 78.350896410685223, 17.460986667200981 ] } },
{ "type": "Feature", "properties": { "utility_id": "SYN-UP-00717", "department": "sewer", "connection_id": "SYN-SEW-00717", "synthetic": true }, "geometry": { "type": "Point", "coordinates": [ 78.350494566743578, 17.461048941882666 ] } },
{ "type": "Feature", "properties": { "utility_id": "SYN-UP-00718", "department": "electricity", "connection_id": "SYN-ELE-00718", "synthetic": true }, "geometry": { "type": "Point", "coordinates": [ 78.352743539800869, 17.459210376357127 ] } },
{ "type": "Feature", "properties": { "utility_id": "SYN-UP-00719", "department": "water", "connection_id": "SYN-WAT-00719", "synthetic": true }, "geometry": { "type": "Point", "coordinates": [ 78.352762608208565, 17.459236857499754 ] } },
{ "type": "Feature", "properties": { "utility_id": "SYN-UP-00720", "department": "sewer", "connection_id": "SYN-SEW-00720", "synthetic": true }, "geometry": { "type": "Point", "coordinates": [ 78.352741689228807, 17.459235805224122 ] } },
{ "type": "Feature", "properties": { "utility_id": "SYN-UP-00721", "department": "electricity", "connection_id": "SYN-ELE-00721", "synthetic": true }, "geometry": { "type": "Point", "coordinates": [ 78.354912002034609, 17.461498600355977 ] } },
{ "type": "Feature", "properties": { "utility_id": "SYN-UP-00722", "department": "water", "connection_id": "SYN-WAT-00722", "synthetic": true }, "geometry": { "type": "Point", "coordinates": [ 78.35491984895701, 17.461502378438524 ] } },
{ "type": "Feature", "properties": { "utility_id": "SYN-UP-00723", "department": "sewer", "connection_id": "SYN-SEW-00723", "synthetic": true }, "geometry": { "type": "Point", "coordinates": [ 78.354944826400626, 17.46137731039553 ] } },
{ "type": "Feature", "properties": { "utility_id": "SYN-UP-00724", "department": "electricity", "connection_id": "SYN-ELE-00724", "synthetic": true }, "geometry": { "type": "Point", "coordinates": [ 78.353435028587384, 17.461087274373305 ] } },
{ "type": "Feature", "properties": { "utility_id": "SYN-UP-00725", "department": "water", "connection_id": "SYN-WAT-00725", "synthetic": true }, "geometry": { "type": "Point", "coordinates": [ 78.353474752547726, 17.461078927993199 ] } },
{ "type": "Feature", "properties": { "utility_id": "SYN-UP-00726", "department": "sewer", "connection_id": "SYN-SEW-00726", "synthetic": true }, "geometry": { "type": "Point", "coordinates": [ 78.353522550881848, 17.461137384892229 ] } },
{ "type": "Feature", "properties": { "utility_id": "SYN-UP-00727", "department": "electricity", "connection_id": "SYN-ELE-00727", "synthetic": true }, "geometry": { "type": "Point", "coordinates": [ 78.358706374198874, 17.450658667795562 ] } },
{ "type": "Feature", "properties": { "utility_id": "SYN-UP-00728", "department": "water", "connection_id": "SYN-WAT-00728", "synthetic": true }, "geometry": { "type": "Point", "coordinates": [ 78.358556282801075, 17.450704777642692 ] } },
{ "type": "Feature", "properties": { "utility_id": "SYN-UP-00729", "department": "sewer", "connection_id": "SYN-SEW-00729", "synthetic": true }, "geometry": { "type": "Point", "coordinates": [ 78.358642820160455, 17.4506532547441 ] } },
{ "type": "Feature", "properties": { "utility_id": "SYN-UP-00730", "department": "electricity", "connection_id": "SYN-ELE-00730", "synthetic": true }, "geometry": { "type": "Point", "coordinates": [ 78.351250313359699, 17.457901349048679 ] } },
{ "type": "Feature", "properties": { "utility_id": "SYN-UP-00731", "department": "water", "connection_id": "SYN-WAT-00731", "synthetic": true }, "geometry": { "type": "Point", "coordinates": [ 78.351240893683311, 17.457915833785716 ] } },
{ "type": "Feature", "properties": { "utility_id": "SYN-UP-00732", "department": "sewer", "connection_id": "SYN-SEW-00732", "synthetic": true }, "geometry": { "type": "Point", "coordinates": [ 78.351238719944092, 17.457906554625662 ] } },
{ "type": "Feature", "properties": { "utility_id": "SYN-UP-00733", "department": "electricity", "connection_id": "SYN-ELE-00733", "synthetic": true }, "geometry": { "type": "Point", "coordinates": [ 78.353027938633289, 17.460153487210452 ] } },
{ "type": "Feature", "properties": { "utility_id": "SYN-UP-00734", "department": "water", "connection_id": "SYN-WAT-00734", "synthetic": true }, "geometry": { "type": "Point", "coordinates": [ 78.353012548108211, 17.460139261472239 ] } },
{ "type": "Feature", "properties": { "utility_id": "SYN-UP-00735", "department": "sewer", "connection_id": "SYN-SEW-00735", "synthetic": true }, "geometry": { "type": "Point", "coordinates": [ 78.352995445569405, 17.460118576370427 ] } },
{ "type": "Feature", "properties": { "utility_id": "SYN-UP-00736", "department": "electricity", "connection_id": "SYN-ELE-00736", "synthetic": true }, "geometry": { "type": "Point", "coordinates": [ 78.363617081114612, 17.461844796093171 ] } },
{ "type": "Feature", "properties": { "utility_id": "SYN-UP-00737", "department": "water", "connection_id": "SYN-WAT-00737", "synthetic": true }, "geometry": { "type": "Point", "coordinates": [ 78.363604692810213, 17.461812840281823 ] } },
{ "type": "Feature", "properties": { "utility_id": "SYN-UP-00738", "department": "sewer", "connection_id": "SYN-SEW-00738", "synthetic": true }, "geometry": { "type": "Point", "coordinates": [ 78.363577526707971, 17.46179566296113 ] } },
{ "type": "Feature", "properties": { "utility_id": "SYN-UP-00739", "department": "electricity", "connection_id": "SYN-ELE-00739", "synthetic": true }, "geometry": { "type": "Point", "coordinates": [ 78.357433266698337, 17.450708031108313 ] } },
{ "type": "Feature", "properties": { "utility_id": "SYN-UP-00740", "department": "water", "connection_id": "SYN-WAT-00740", "synthetic": true }, "geometry": { "type": "Point", "coordinates": [ 78.357447206584112, 17.450696699121384 ] } },
{ "type": "Feature", "properties": { "utility_id": "SYN-UP-00741", "department": "sewer", "connection_id": "SYN-SEW-00741", "synthetic": true }, "geometry": { "type": "Point", "coordinates": [ 78.357401645834585, 17.450723862703029 ] } },
{ "type": "Feature", "properties": { "utility_id": "SYN-UP-00742", "department": "electricity", "connection_id": "SYN-ELE-00742", "synthetic": true }, "geometry": { "type": "Point", "coordinates": [ 78.361727361160135, 17.461825342881259 ] } },
{ "type": "Feature", "properties": { "utility_id": "SYN-UP-00743", "department": "water", "connection_id": "SYN-WAT-00743", "synthetic": true }, "geometry": { "type": "Point", "coordinates": [ 78.361631312919101, 17.461777145117793 ] } },
{ "type": "Feature", "properties": { "utility_id": "SYN-UP-00744", "department": "sewer", "connection_id": "SYN-SEW-00744", "synthetic": true }, "geometry": { "type": "Point", "coordinates": [ 78.361739792995195, 17.461823124803999 ] } },
{ "type": "Feature", "properties": { "utility_id": "SYN-UP-00745", "department": "electricity", "connection_id": "SYN-ELE-00745", "synthetic": true }, "geometry": { "type": "Point", "coordinates": [ 78.352544990268697, 17.457910257263514 ] } },
{ "type": "Feature", "properties": { "utility_id": "SYN-UP-00746", "department": "water", "connection_id": "SYN-WAT-00746", "synthetic": true }, "geometry": { "type": "Point", "coordinates": [ 78.352522218764676, 17.457873517463799 ] } },
{ "type": "Feature", "properties": { "utility_id": "SYN-UP-00747", "department": "sewer", "connection_id": "SYN-SEW-00747", "synthetic": true }, "geometry": { "type": "Point", "coordinates": [ 78.352546212970978, 17.457867353297804 ] } },
{ "type": "Feature", "properties": { "utility_id": "SYN-UP-00748", "department": "electricity", "connection_id": "SYN-ELE-00748", "synthetic": true }, "geometry": { "type": "Point", "coordinates": [ 78.352256212976528, 17.458443411095342 ] } },
{ "type": "Feature", "properties": { "utility_id": "SYN-UP-00749", "department": "water", "connection_id": "SYN-WAT-00749", "synthetic": true }, "geometry": { "type": "Point", "coordinates": [ 78.352306607188723, 17.458286017710105 ] } },
{ "type": "Feature", "properties": { "utility_id": "SYN-UP-00750", "department": "sewer", "connection_id": "SYN-SEW-00750", "synthetic": true }, "geometry": { "type": "Point", "coordinates": [ 78.352267685201355, 17.458304061683606 ] } },
{ "type": "Feature", "properties": { "utility_id": "SYN-UP-00751", "department": "electricity", "connection_id": "SYN-ELE-00751", "synthetic": true }, "geometry": { "type": "Point", "coordinates": [ 78.356767820222046, 17.450351625740147 ] } },
{ "type": "Feature", "properties": { "utility_id": "SYN-UP-00752", "department": "water", "connection_id": "SYN-WAT-00752", "synthetic": true }, "geometry": { "type": "Point", "coordinates": [ 78.35671264413277, 17.450165332782493 ] } },
{ "type": "Feature", "properties": { "utility_id": "SYN-UP-00753", "department": "sewer", "connection_id": "SYN-SEW-00753", "synthetic": true }, "geometry": { "type": "Point", "coordinates": [ 78.356701195990652, 17.450168723530059 ] } },
{ "type": "Feature", "properties": { "utility_id": "SYN-UP-00754", "department": "electricity", "connection_id": "SYN-ELE-00754", "synthetic": true }, "geometry": { "type": "Point", "coordinates": [ 78.350163258769314, 17.458566549 ] } },
{ "type": "Feature", "properties": { "utility_id": "SYN-UP-00755", "department": "water", "connection_id": "SYN-WAT-00755", "synthetic": true }, "geometry": { "type": "Point", "coordinates": [ 78.350148124569387, 17.458561228178525 ] } },
{ "type": "Feature", "properties": { "utility_id": "SYN-UP-00756", "department": "sewer", "connection_id": "SYN-SEW-00756", "synthetic": true }, "geometry": { "type": "Point", "coordinates": [ 78.350143031665979, 17.458558092216588 ] } },
{ "type": "Feature", "properties": { "utility_id": "SYN-UP-00757", "department": "electricity", "connection_id": "SYN-ELE-00757", "synthetic": true }, "geometry": { "type": "Point", "coordinates": [ 78.350163824084007, 17.460542494746768 ] } },
{ "type": "Feature", "properties": { "utility_id": "SYN-UP-00758", "department": "water", "connection_id": "SYN-WAT-00758", "synthetic": true }, "geometry": { "type": "Point", "coordinates": [ 78.350294079648791, 17.46051400637101 ] } },
{ "type": "Feature", "properties": { "utility_id": "SYN-UP-00759", "department": "sewer", "connection_id": "SYN-SEW-00759", "synthetic": true }, "geometry": { "type": "Point", "coordinates": [ 78.350190343640492, 17.460565551276865 ] } },
{ "type": "Feature", "properties": { "utility_id": "SYN-UP-00760", "department": "electricity", "connection_id": "SYN-ELE-00760", "synthetic": true }, "geometry": { "type": "Point", "coordinates": [ 78.353828202986818, 17.453878871329572 ] } },
{ "type": "Feature", "properties": { "utility_id": "SYN-UP-00761", "department": "water", "connection_id": "SYN-WAT-00761", "synthetic": true }, "geometry": { "type": "Point", "coordinates": [ 78.353816780538224, 17.453876790617777 ] } },
{ "type": "Feature", "properties": { "utility_id": "SYN-UP-00762", "department": "sewer", "connection_id": "SYN-SEW-00762", "synthetic": true }, "geometry": { "type": "Point", "coordinates": [ 78.353824171587675, 17.453907623491276 ] } },
{ "type": "Feature", "properties": { "utility_id": "SYN-UP-00763", "department": "electricity", "connection_id": "SYN-ELE-00763", "synthetic": true }, "geometry": { "type": "Point", "coordinates": [ 78.355240285266774, 17.461427253109353 ] } },
{ "type": "Feature", "properties": { "utility_id": "SYN-UP-00764", "department": "water", "connection_id": "SYN-WAT-00764", "synthetic": true }, "geometry": { "type": "Point", "coordinates": [ 78.355225476927743, 17.461422706263594 ] } },
{ "type": "Feature", "properties": { "utility_id": "SYN-UP-00765", "department": "sewer", "connection_id": "SYN-SEW-00765", "synthetic": true }, "geometry": { "type": "Point", "coordinates": [ 78.355330181484931, 17.46143424532557 ] } },
{ "type": "Feature", "properties": { "utility_id": "SYN-UP-00766", "department": "electricity", "connection_id": "SYN-ELE-00766", "synthetic": true }, "geometry": { "type": "Point", "coordinates": [ 78.350191861319786, 17.461064310211288 ] } },
{ "type": "Feature", "properties": { "utility_id": "SYN-UP-00767", "department": "water", "connection_id": "SYN-WAT-00767", "synthetic": true }, "geometry": { "type": "Point", "coordinates": [ 78.350170632076427, 17.461035461079639 ] } },
{ "type": "Feature", "properties": { "utility_id": "SYN-UP-00768", "department": "sewer", "connection_id": "SYN-SEW-00768", "synthetic": true }, "geometry": { "type": "Point", "coordinates": [ 78.350178501734177, 17.461082423841233 ] } },
{ "type": "Feature", "properties": { "utility_id": "SYN-UP-00769", "department": "electricity", "connection_id": "SYN-ELE-00769", "synthetic": true }, "geometry": { "type": "Point", "coordinates": [ 78.35232686215781, 17.452958110207902 ] } },
{ "type": "Feature", "properties": { "utility_id": "SYN-UP-00770", "department": "water", "connection_id": "SYN-WAT-00770", "synthetic": true }, "geometry": { "type": "Point", "coordinates": [ 78.35273032595363, 17.453758941662677 ] } },
{ "type": "Feature", "properties": { "utility_id": "SYN-UP-00771", "department": "sewer", "connection_id": "SYN-SEW-00771", "synthetic": true }, "geometry": { "type": "Point", "coordinates": [ 78.352130363893778, 17.452578476854882 ] } },
{ "type": "Feature", "properties": { "utility_id": "SYN-UP-00772", "department": "electricity", "connection_id": "SYN-ELE-00772", "synthetic": true }, "geometry": { "type": "Point", "coordinates": [ 78.35049526806074, 17.460382777623945 ] } },
{ "type": "Feature", "properties": { "utility_id": "SYN-UP-00773", "department": "water", "connection_id": "SYN-WAT-00773", "synthetic": true }, "geometry": { "type": "Point", "coordinates": [ 78.350517381446366, 17.460403585121387 ] } },
{ "type": "Feature", "properties": { "utility_id": "SYN-UP-00774", "department": "sewer", "connection_id": "SYN-SEW-00774", "synthetic": true }, "geometry": { "type": "Point", "coordinates": [ 78.35048463823459, 17.460403618192785 ] } },
{ "type": "Feature", "properties": { "utility_id": "SYN-UP-00775", "department": "electricity", "connection_id": "SYN-ELE-00775", "synthetic": true }, "geometry": { "type": "Point", "coordinates": [ 78.361661146814768, 17.458573305664459 ] } },
{ "type": "Feature", "properties": { "utility_id": "SYN-UP-00776", "department": "water", "connection_id": "SYN-WAT-00776", "synthetic": true }, "geometry": { "type": "Point", "coordinates": [ 78.361658776636233, 17.458592321608513 ] } },
{ "type": "Feature", "properties": { "utility_id": "SYN-UP-00777", "department": "sewer", "connection_id": "SYN-SEW-00777", "synthetic": true }, "geometry": { "type": "Point", "coordinates": [ 78.361682621780218, 17.458567606604738 ] } },
{ "type": "Feature", "properties": { "utility_id": "SYN-UP-00778", "department": "electricity", "connection_id": "SYN-ELE-00778", "synthetic": true }, "geometry": { "type": "Point", "coordinates": [ 78.353657773260281, 17.46142727351388 ] } },
{ "type": "Feature", "properties": { "utility_id": "SYN-UP-00779", "department": "water", "connection_id": "SYN-WAT-00779", "synthetic": true }, "geometry": { "type": "Point", "coordinates": [ 78.353706312957854, 17.461213480231315 ] } },
{ "type": "Feature", "properties": { "utility_id": "SYN-UP-00780", "department": "sewer", "connection_id": "SYN-SEW-00780", "synthetic": true }, "geometry": { "type": "Point", "coordinates": [ 78.35373636354548, 17.461223945105594 ] } },
{ "type": "Feature", "properties": { "utility_id": "SYN-UP-00781", "department": "electricity", "connection_id": "SYN-ELE-00781", "synthetic": true }, "geometry": { "type": "Point", "coordinates": [ 78.356242537457689, 17.450820440797486 ] } },
{ "type": "Feature", "properties": { "utility_id": "SYN-UP-00782", "department": "water", "connection_id": "SYN-WAT-00782", "synthetic": true }, "geometry": { "type": "Point", "coordinates": [ 78.356228429575779, 17.450803712461958 ] } },
{ "type": "Feature", "properties": { "utility_id": "SYN-UP-00783", "department": "sewer", "connection_id": "SYN-SEW-00783", "synthetic": true }, "geometry": { "type": "Point", "coordinates": [ 78.356239400459145, 17.450798437509132 ] } },
{ "type": "Feature", "properties": { "utility_id": "SYN-UP-00784", "department": "electricity", "connection_id": "SYN-ELE-00784", "synthetic": true }, "geometry": { "type": "Point", "coordinates": [ 78.35928657741178, 17.450499653207842 ] } },
{ "type": "Feature", "properties": { "utility_id": "SYN-UP-00785", "department": "water", "connection_id": "SYN-WAT-00785", "synthetic": true }, "geometry": { "type": "Point", "coordinates": [ 78.359428437334444, 17.450625159022731 ] } },
{ "type": "Feature", "properties": { "utility_id": "SYN-UP-00786", "department": "sewer", "connection_id": "SYN-SEW-00786", "synthetic": true }, "geometry": { "type": "Point", "coordinates": [ 78.359438122141341, 17.450648149392695 ] } },
{ "type": "Feature", "properties": { "utility_id": "SYN-UP-00787", "department": "electricity", "connection_id": "SYN-ELE-00787", "synthetic": true }, "geometry": { "type": "Point", "coordinates": [ 78.351638525121231, 17.450993146311301 ] } },
{ "type": "Feature", "properties": { "utility_id": "SYN-UP-00788", "department": "water", "connection_id": "SYN-WAT-00788", "synthetic": true }, "geometry": { "type": "Point", "coordinates": [ 78.351457935521509, 17.451247318866393 ] } },
{ "type": "Feature", "properties": { "utility_id": "SYN-UP-00789", "department": "sewer", "connection_id": "SYN-SEW-00789", "synthetic": true }, "geometry": { "type": "Point", "coordinates": [ 78.351733489929572, 17.450843307288242 ] } },
{ "type": "Feature", "properties": { "utility_id": "SYN-UP-00790", "department": "electricity", "connection_id": "SYN-ELE-00790", "synthetic": true }, "geometry": { "type": "Point", "coordinates": [ 78.352145834703592, 17.461776465513896 ] } },
{ "type": "Feature", "properties": { "utility_id": "SYN-UP-00791", "department": "water", "connection_id": "SYN-WAT-00791", "synthetic": true }, "geometry": { "type": "Point", "coordinates": [ 78.352130382592321, 17.461804941969348 ] } },
{ "type": "Feature", "properties": { "utility_id": "SYN-UP-00792", "department": "sewer", "connection_id": "SYN-SEW-00792", "synthetic": true }, "geometry": { "type": "Point", "coordinates": [ 78.352119349463138, 17.461759692727973 ] } },
{ "type": "Feature", "properties": { "utility_id": "SYN-UP-00793", "department": "electricity", "connection_id": "SYN-ELE-00793", "synthetic": true }, "geometry": { "type": "Point", "coordinates": [ 78.359653552143811, 17.451747383118683 ] } },
{ "type": "Feature", "properties": { "utility_id": "SYN-UP-00794", "department": "water", "connection_id": "SYN-WAT-00794", "synthetic": true }, "geometry": { "type": "Point", "coordinates": [ 78.359669020566429, 17.451780783630785 ] } },
{ "type": "Feature", "properties": { "utility_id": "SYN-UP-00795", "department": "sewer", "connection_id": "SYN-SEW-00795", "synthetic": true }, "geometry": { "type": "Point", "coordinates": [ 78.3596559016935, 17.451744374700471 ] } },
{ "type": "Feature", "properties": { "utility_id": "SYN-UP-00796", "department": "electricity", "connection_id": "SYN-ELE-00796", "synthetic": true }, "geometry": { "type": "Point", "coordinates": [ 78.356861795665623, 17.450580838367728 ] } },
{ "type": "Feature", "properties": { "utility_id": "SYN-UP-00797", "department": "water", "connection_id": "SYN-WAT-00797", "synthetic": true }, "geometry": { "type": "Point", "coordinates": [ 78.356787921301844, 17.450591528755957 ] } },
{ "type": "Feature", "properties": { "utility_id": "SYN-UP-00798", "department": "sewer", "connection_id": "SYN-SEW-00798", "synthetic": true }, "geometry": { "type": "Point", "coordinates": [ 78.356838621917007, 17.450587982952356 ] } },
{ "type": "Feature", "properties": { "utility_id": "SYN-UP-00799", "department": "electricity", "connection_id": "SYN-ELE-00799", "synthetic": true }, "geometry": { "type": "Point", "coordinates": [ 78.357766635115411, 17.450274166412783 ] } },
{ "type": "Feature", "properties": { "utility_id": "SYN-UP-00800", "department": "water", "connection_id": "SYN-WAT-00800", "synthetic": true }, "geometry": { "type": "Point", "coordinates": [ 78.357794787488089, 17.450281757838582 ] } },
{ "type": "Feature", "properties": { "utility_id": "SYN-UP-00801", "department": "sewer", "connection_id": "SYN-SEW-00801", "synthetic": true }, "geometry": { "type": "Point", "coordinates": [ 78.357765892694729, 17.45026311208921 ] } },
{ "type": "Feature", "properties": { "utility_id": "SYN-UP-00802", "department": "electricity", "connection_id": "SYN-ELE-00802", "synthetic": true }, "geometry": { "type": "Point", "coordinates": [ 78.360196546199333, 17.452329115575463 ] } },
{ "type": "Feature", "properties": { "utility_id": "SYN-UP-00803", "department": "water", "connection_id": "SYN-WAT-00803", "synthetic": true }, "geometry": { "type": "Point", "coordinates": [ 78.36017263960882, 17.452331138246429 ] } },
{ "type": "Feature", "properties": { "utility_id": "SYN-UP-00804", "department": "sewer", "connection_id": "SYN-SEW-00804", "synthetic": true }, "geometry": { "type": "Point", "coordinates": [ 78.360152650406633, 17.452346356334868 ] } },
{ "type": "Feature", "properties": { "utility_id": "SYN-UP-00805", "department": "electricity", "connection_id": "SYN-ELE-00805", "synthetic": true }, "geometry": { "type": "Point", "coordinates": [ 78.361044113133389, 17.456041192114121 ] } },
{ "type": "Feature", "properties": { "utility_id": "SYN-UP-00806", "department": "water", "connection_id": "SYN-WAT-00806", "synthetic": true }, "geometry": { "type": "Point", "coordinates": [ 78.360216947918261, 17.456405299206899 ] } },
{ "type": "Feature", "properties": { "utility_id": "SYN-UP-00807", "department": "sewer", "connection_id": "SYN-SEW-00807", "synthetic": true }, "geometry": { "type": "Point", "coordinates": [ 78.361037683144829, 17.456051175343511 ] } },
{ "type": "Feature", "properties": { "utility_id": "SYN-UP-00808", "department": "electricity", "connection_id": "SYN-ELE-00808", "synthetic": true }, "geometry": { "type": "Point", "coordinates": [ 78.361442267882481, 17.461758004555538 ] } },
{ "type": "Feature", "properties": { "utility_id": "SYN-UP-00809", "department": "water", "connection_id": "SYN-WAT-00809", "synthetic": true }, "geometry": { "type": "Point", "coordinates": [ 78.361439519889657, 17.461740241800108 ] } },
{ "type": "Feature", "properties": { "utility_id": "SYN-UP-00810", "department": "sewer", "connection_id": "SYN-SEW-00810", "synthetic": true }, "geometry": { "type": "Point", "coordinates": [ 78.361437443788716, 17.46172409410714 ] } },
{ "type": "Feature", "properties": { "utility_id": "SYN-UP-00811", "department": "electricity", "connection_id": "SYN-ELE-00811", "synthetic": true }, "geometry": { "type": "Point", "coordinates": [ 78.35579258956038, 17.461260964512476 ] } },
{ "type": "Feature", "properties": { "utility_id": "SYN-UP-00812", "department": "water", "connection_id": "SYN-WAT-00812", "synthetic": true }, "geometry": { "type": "Point", "coordinates": [ 78.3555515366279, 17.461440803299894 ] } },
{ "type": "Feature", "properties": { "utility_id": "SYN-UP-00813", "department": "sewer", "connection_id": "SYN-SEW-00813", "synthetic": true }, "geometry": { "type": "Point", "coordinates": [ 78.355896024924235, 17.461141784232801 ] } },
{ "type": "Feature", "properties": { "utility_id": "SYN-UP-00814", "department": "electricity", "connection_id": "SYN-ELE-00814", "synthetic": true }, "geometry": { "type": "Point", "coordinates": [ 78.36140297876517, 17.450375536015777 ] } },
{ "type": "Feature", "properties": { "utility_id": "SYN-UP-00815", "department": "water", "connection_id": "SYN-WAT-00815", "synthetic": true }, "geometry": { "type": "Point", "coordinates": [ 78.361516263409882, 17.450503068277712 ] } },
{ "type": "Feature", "properties": { "utility_id": "SYN-UP-00816", "department": "sewer", "connection_id": "SYN-SEW-00816", "synthetic": true }, "geometry": { "type": "Point", "coordinates": [ 78.361386228822397, 17.450375705277068 ] } },
{ "type": "Feature", "properties": { "utility_id": "SYN-UP-00817", "department": "electricity", "connection_id": "SYN-ELE-00817", "synthetic": true }, "geometry": { "type": "Point", "coordinates": [ 78.351513967998386, 17.460552232192189 ] } },
{ "type": "Feature", "properties": { "utility_id": "SYN-UP-00818", "department": "water", "connection_id": "SYN-WAT-00818", "synthetic": true }, "geometry": { "type": "Point", "coordinates": [ 78.351458856551218, 17.460581513544085 ] } },
{ "type": "Feature", "properties": { "utility_id": "SYN-UP-00819", "department": "sewer", "connection_id": "SYN-SEW-00819", "synthetic": true }, "geometry": { "type": "Point", "coordinates": [ 78.351510547080267, 17.460568697166401 ] } },
{ "type": "Feature", "properties": { "utility_id": "SYN-UP-00820", "department": "electricity", "connection_id": "SYN-ELE-00820", "synthetic": true }, "geometry": { "type": "Point", "coordinates": [ 78.352163885143369, 17.458670135062281 ] } },
{ "type": "Feature", "properties": { "utility_id": "SYN-UP-00821", "department": "water", "connection_id": "SYN-WAT-00821", "synthetic": true }, "geometry": { "type": "Point", "coordinates": [ 78.352214377599736, 17.458711672560316 ] } },
{ "type": "Feature", "properties": { "utility_id": "SYN-UP-00822", "department": "sewer", "connection_id": "SYN-SEW-00822", "synthetic": true }, "geometry": { "type": "Point", "coordinates": [ 78.352056338422798, 17.45869445076794 ] } },
{ "type": "Feature", "properties": { "utility_id": "SYN-UP-00823", "department": "electricity", "connection_id": "SYN-ELE-00823", "synthetic": true }, "geometry": { "type": "Point", "coordinates": [ 78.354956935396473, 17.461261011258589 ] } },
{ "type": "Feature", "properties": { "utility_id": "SYN-UP-00824", "department": "water", "connection_id": "SYN-WAT-00824", "synthetic": true }, "geometry": { "type": "Point", "coordinates": [ 78.354977095199374, 17.461276014019322 ] } },
{ "type": "Feature", "properties": { "utility_id": "SYN-UP-00825", "department": "sewer", "connection_id": "SYN-SEW-00825", "synthetic": true }, "geometry": { "type": "Point", "coordinates": [ 78.354957784336733, 17.461286432479596 ] } },
{ "type": "Feature", "properties": { "utility_id": "SYN-UP-00826", "department": "electricity", "connection_id": "SYN-ELE-00826", "synthetic": true }, "geometry": { "type": "Point", "coordinates": [ 78.361873001204415, 17.451383975439512 ] } },
{ "type": "Feature", "properties": { "utility_id": "SYN-UP-00827", "department": "water", "connection_id": "SYN-WAT-00827", "synthetic": true }, "geometry": { "type": "Point", "coordinates": [ 78.361765154120363, 17.451031586331684 ] } },
{ "type": "Feature", "properties": { "utility_id": "SYN-UP-00828", "department": "sewer", "connection_id": "SYN-SEW-00828", "synthetic": true }, "geometry": { "type": "Point", "coordinates": [ 78.36182805487573, 17.45138461237158 ] } },
{ "type": "Feature", "properties": { "utility_id": "SYN-UP-00829", "department": "electricity", "connection_id": "SYN-ELE-00829", "synthetic": true }, "geometry": { "type": "Point", "coordinates": [ 78.352108991175385, 17.450391603431466 ] } },
{ "type": "Feature", "properties": { "utility_id": "SYN-UP-00830", "department": "water", "connection_id": "SYN-WAT-00830", "synthetic": true }, "geometry": { "type": "Point", "coordinates": [ 78.352138743215079, 17.450354300189616 ] } },
{ "type": "Feature", "properties": { "utility_id": "SYN-UP-00831", "department": "sewer", "connection_id": "SYN-SEW-00831", "synthetic": true }, "geometry": { "type": "Point", "coordinates": [ 78.35210463961441, 17.450369427193511 ] } },
{ "type": "Feature", "properties": { "utility_id": "SYN-UP-00832", "department": "electricity", "connection_id": "SYN-ELE-00832", "synthetic": true }, "geometry": { "type": "Point", "coordinates": [ 78.353406056372535, 17.461784414876369 ] } },
{ "type": "Feature", "properties": { "utility_id": "SYN-UP-00833", "department": "water", "connection_id": "SYN-WAT-00833", "synthetic": true }, "geometry": { "type": "Point", "coordinates": [ 78.353388078425013, 17.461778799084922 ] } },
{ "type": "Feature", "properties": { "utility_id": "SYN-UP-00834", "department": "sewer", "connection_id": "SYN-SEW-00834", "synthetic": true }, "geometry": { "type": "Point", "coordinates": [ 78.353534623483469, 17.461849746097148 ] } },
{ "type": "Feature", "properties": { "utility_id": "SYN-UP-00835", "department": "electricity", "connection_id": "SYN-ELE-00835", "synthetic": true }, "geometry": { "type": "Point", "coordinates": [ 78.359812904975129, 17.450134317239744 ] } },
{ "type": "Feature", "properties": { "utility_id": "SYN-UP-00836", "department": "water", "connection_id": "SYN-WAT-00836", "synthetic": true }, "geometry": { "type": "Point", "coordinates": [ 78.359828939636742, 17.450147622570796 ] } },
{ "type": "Feature", "properties": { "utility_id": "SYN-UP-00837", "department": "sewer", "connection_id": "SYN-SEW-00837", "synthetic": true }, "geometry": { "type": "Point", "coordinates": [ 78.359817237306146, 17.450169942573933 ] } },
{ "type": "Feature", "properties": { "utility_id": "SYN-UP-00838", "department": "electricity", "connection_id": "SYN-ELE-00838", "synthetic": true }, "geometry": { "type": "Point", "coordinates": [ 78.362822821584132, 17.450646658437243 ] } },
{ "type": "Feature", "properties": { "utility_id": "SYN-UP-00839", "department": "water", "connection_id": "SYN-WAT-00839", "synthetic": true }, "geometry": { "type": "Point", "coordinates": [ 78.362786532490077, 17.450683126701449 ] } },
{ "type": "Feature", "properties": { "utility_id": "SYN-UP-00840", "department": "sewer", "connection_id": "SYN-SEW-00840", "synthetic": true }, "geometry": { "type": "Point", "coordinates": [ 78.362772927878552, 17.45068065738727 ] } },
{ "type": "Feature", "properties": { "utility_id": "SYN-UP-00841", "department": "electricity", "connection_id": "SYN-ELE-00841", "synthetic": true }, "geometry": { "type": "Point", "coordinates": [ 78.355982860631727, 17.450164584859049 ] } },
{ "type": "Feature", "properties": { "utility_id": "SYN-UP-00842", "department": "water", "connection_id": "SYN-WAT-00842", "synthetic": true }, "geometry": { "type": "Point", "coordinates": [ 78.355975260036843, 17.45020357352557 ] } },
{ "type": "Feature", "properties": { "utility_id": "SYN-UP-00843", "department": "sewer", "connection_id": "SYN-SEW-00843", "synthetic": true }, "geometry": { "type": "Point", "coordinates": [ 78.355945804330887, 17.450198923437867 ] } },
{ "type": "Feature", "properties": { "utility_id": "SYN-UP-00844", "department": "electricity", "connection_id": "SYN-ELE-00844", "synthetic": true }, "geometry": { "type": "Point", "coordinates": [ 78.357637062088941, 17.461496252798526 ] } },
{ "type": "Feature", "properties": { "utility_id": "SYN-UP-00845", "department": "water", "connection_id": "SYN-WAT-00845", "synthetic": true }, "geometry": { "type": "Point", "coordinates": [ 78.357651026965243, 17.461505806630107 ] } },
{ "type": "Feature", "properties": { "utility_id": "SYN-UP-00846", "department": "sewer", "connection_id": "SYN-SEW-00846", "synthetic": true }, "geometry": { "type": "Point", "coordinates": [ 78.357651826523991, 17.461536299995981 ] } },
{ "type": "Feature", "properties": { "utility_id": "SYN-UP-00847", "department": "electricity", "connection_id": "SYN-ELE-00847", "synthetic": true }, "geometry": { "type": "Point", "coordinates": [ 78.356250115596907, 17.460779197875699 ] } },
{ "type": "Feature", "properties": { "utility_id": "SYN-UP-00848", "department": "water", "connection_id": "SYN-WAT-00848", "synthetic": true }, "geometry": { "type": "Point", "coordinates": [ 78.356271566763354, 17.460781202959513 ] } },
{ "type": "Feature", "properties": { "utility_id": "SYN-UP-00849", "department": "sewer", "connection_id": "SYN-SEW-00849", "synthetic": true }, "geometry": { "type": "Point", "coordinates": [ 78.356168810495632, 17.460477350706196 ] } },
{ "type": "Feature", "properties": { "utility_id": "SYN-UP-00850", "department": "electricity", "connection_id": "SYN-ELE-00850", "synthetic": true }, "geometry": { "type": "Point", "coordinates": [ 78.35924347565016, 17.45681202516106 ] } },
{ "type": "Feature", "properties": { "utility_id": "SYN-UP-00851", "department": "water", "connection_id": "SYN-WAT-00851", "synthetic": true }, "geometry": { "type": "Point", "coordinates": [ 78.359794867329043, 17.456415421239587 ] } },
{ "type": "Feature", "properties": { "utility_id": "SYN-UP-00852", "department": "sewer", "connection_id": "SYN-SEW-00852", "synthetic": true }, "geometry": { "type": "Point", "coordinates": [ 78.35926471599349, 17.456799285794503 ] } },
{ "type": "Feature", "properties": { "utility_id": "SYN-UP-00853", "department": "electricity", "connection_id": "SYN-ELE-00853", "synthetic": true }, "geometry": { "type": "Point", "coordinates": [ 78.358973513442223, 17.45015085833441 ] } },
{ "type": "Feature", "properties": { "utility_id": "SYN-UP-00854", "department": "water", "connection_id": "SYN-WAT-00854", "synthetic": true }, "geometry": { "type": "Point", "coordinates": [ 78.358977318390771, 17.45018057984586 ] } },
{ "type": "Feature", "properties": { "utility_id": "SYN-UP-00855", "department": "sewer", "connection_id": "SYN-SEW-00855", "synthetic": true }, "geometry": { "type": "Point", "coordinates": [ 78.358953875396494, 17.450177953952576 ] } },
{ "type": "Feature", "properties": { "utility_id": "SYN-UP-00856", "department": "electricity", "connection_id": "SYN-ELE-00856", "synthetic": true }, "geometry": { "type": "Point", "coordinates": [ 78.357430874292419, 17.452584456705722 ] } },
{ "type": "Feature", "properties": { "utility_id": "SYN-UP-00857", "department": "water", "connection_id": "SYN-WAT-00857", "synthetic": true }, "geometry": { "type": "Point", "coordinates": [ 78.357422910339338, 17.452575774750322 ] } },
{ "type": "Feature", "properties": { "utility_id": "SYN-UP-00858", "department": "sewer", "connection_id": "SYN-SEW-00858", "synthetic": true }, "geometry": { "type": "Point", "coordinates": [ 78.357446149827396, 17.452566946328382 ] } },
{ "type": "Feature", "properties": { "utility_id": "SYN-UP-00859", "department": "electricity", "connection_id": "SYN-ELE-00859", "synthetic": true }, "geometry": { "type": "Point", "coordinates": [ 78.357234067322636, 17.450571334292615 ] } },
{ "type": "Feature", "properties": { "utility_id": "SYN-UP-00860", "department": "water", "connection_id": "SYN-WAT-00860", "synthetic": true }, "geometry": { "type": "Point", "coordinates": [ 78.357247294684441, 17.450602002771962 ] } },
{ "type": "Feature", "properties": { "utility_id": "SYN-UP-00861", "department": "sewer", "connection_id": "SYN-SEW-00861", "synthetic": true }, "geometry": { "type": "Point", "coordinates": [ 78.35724148214895, 17.450611770989109 ] } },
{ "type": "Feature", "properties": { "utility_id": "SYN-UP-00862", "department": "electricity", "connection_id": "SYN-ELE-00862", "synthetic": true }, "geometry": { "type": "Point", "coordinates": [ 78.35406993390221, 17.461148545777835 ] } },
{ "type": "Feature", "properties": { "utility_id": "SYN-UP-00863", "department": "water", "connection_id": "SYN-WAT-00863", "synthetic": true }, "geometry": { "type": "Point", "coordinates": [ 78.354096853596715, 17.461189998150147 ] } },
{ "type": "Feature", "properties": { "utility_id": "SYN-UP-00864", "department": "sewer", "connection_id": "SYN-SEW-00864", "synthetic": true }, "geometry": { "type": "Point", "coordinates": [ 78.354068801043923, 17.461144834655549 ] } },
{ "type": "Feature", "properties": { "utility_id": "SYN-UP-00865", "department": "electricity", "connection_id": "SYN-ELE-00865", "synthetic": true }, "geometry": { "type": "Point", "coordinates": [ 78.353888286342865, 17.45962822531833 ] } },
{ "type": "Feature", "properties": { "utility_id": "SYN-UP-00866", "department": "water", "connection_id": "SYN-WAT-00866", "synthetic": true }, "geometry": { "type": "Point", "coordinates": [ 78.353870996192427, 17.459625564888242 ] } },
{ "type": "Feature", "properties": { "utility_id": "SYN-UP-00867", "department": "sewer", "connection_id": "SYN-SEW-00867", "synthetic": true }, "geometry": { "type": "Point", "coordinates": [ 78.353868334820447, 17.459615332231568 ] } },
{ "type": "Feature", "properties": { "utility_id": "SYN-UP-00868", "department": "electricity", "connection_id": "SYN-ELE-00868", "synthetic": true }, "geometry": { "type": "Point", "coordinates": [ 78.351867253485167, 17.45872237260399 ] } },
{ "type": "Feature", "properties": { "utility_id": "SYN-UP-00869", "department": "water", "connection_id": "SYN-WAT-00869", "synthetic": true }, "geometry": { "type": "Point", "coordinates": [ 78.35183681506318, 17.458742288420826 ] } },
{ "type": "Feature", "properties": { "utility_id": "SYN-UP-00870", "department": "sewer", "connection_id": "SYN-SEW-00870", "synthetic": true }, "geometry": { "type": "Point", "coordinates": [ 78.351850958073342, 17.458737658463804 ] } },
{ "type": "Feature", "properties": { "utility_id": "SYN-UP-00871", "department": "electricity", "connection_id": "SYN-ELE-00871", "synthetic": true }, "geometry": { "type": "Point", "coordinates": [ 78.353078001702059, 17.46168156517664 ] } },
{ "type": "Feature", "properties": { "utility_id": "SYN-UP-00872", "department": "water", "connection_id": "SYN-WAT-00872", "synthetic": true }, "geometry": { "type": "Point", "coordinates": [ 78.353101716220166, 17.461657970966289 ] } },
{ "type": "Feature", "properties": { "utility_id": "SYN-UP-00873", "department": "sewer", "connection_id": "SYN-SEW-00873", "synthetic": true }, "geometry": { "type": "Point", "coordinates": [ 78.352866621754686, 17.461369859379356 ] } },
{ "type": "Feature", "properties": { "utility_id": "SYN-UP-00874", "department": "electricity", "connection_id": "SYN-ELE-00874", "synthetic": true }, "geometry": { "type": "Point", "coordinates": [ 78.361732192677465, 17.46029315660385 ] } },
{ "type": "Feature", "properties": { "utility_id": "SYN-UP-00875", "department": "water", "connection_id": "SYN-WAT-00875", "synthetic": true }, "geometry": { "type": "Point", "coordinates": [ 78.36174961945828, 17.460282159430353 ] } },
{ "type": "Feature", "properties": { "utility_id": "SYN-UP-00876", "department": "sewer", "connection_id": "SYN-SEW-00876", "synthetic": true }, "geometry": { "type": "Point", "coordinates": [ 78.361773152814919, 17.460252805581288 ] } },
{ "type": "Feature", "properties": { "utility_id": "SYN-UP-00877", "department": "electricity", "connection_id": "SYN-ELE-00877", "synthetic": true }, "geometry": { "type": "Point", "coordinates": [ 78.358802199800749, 17.450642409054332 ] } },
{ "type": "Feature", "properties": { "utility_id": "SYN-UP-00878", "department": "water", "connection_id": "SYN-WAT-00878", "synthetic": true }, "geometry": { "type": "Point", "coordinates": [ 78.358778550487216, 17.450641674170946 ] } },
{ "type": "Feature", "properties": { "utility_id": "SYN-UP-00879", "department": "sewer", "connection_id": "SYN-SEW-00879", "synthetic": true }, "geometry": { "type": "Point", "coordinates": [ 78.358827292658901, 17.450634482174689 ] } },
{ "type": "Feature", "properties": { "utility_id": "SYN-UP-00880", "department": "electricity", "connection_id": "SYN-ELE-00880", "synthetic": true }, "geometry": { "type": "Point", "coordinates": [ 78.356682434813322, 17.450589920912364 ] } },
{ "type": "Feature", "properties": { "utility_id": "SYN-UP-00881", "department": "water", "connection_id": "SYN-WAT-00881", "synthetic": true }, "geometry": { "type": "Point", "coordinates": [ 78.35669867453251, 17.450618600573183 ] } },
{ "type": "Feature", "properties": { "utility_id": "SYN-UP-00882", "department": "sewer", "connection_id": "SYN-SEW-00882", "synthetic": true }, "geometry": { "type": "Point", "coordinates": [ 78.356733416557276, 17.4506156045599 ] } },
{ "type": "Feature", "properties": { "utility_id": "SYN-UP-00883", "department": "electricity", "connection_id": "SYN-ELE-00883", "synthetic": true }, "geometry": { "type": "Point", "coordinates": [ 78.3514879903354, 17.459088747076482 ] } },
{ "type": "Feature", "properties": { "utility_id": "SYN-UP-00884", "department": "water", "connection_id": "SYN-WAT-00884", "synthetic": true }, "geometry": { "type": "Point", "coordinates": [ 78.351504062325162, 17.459116747285847 ] } },
{ "type": "Feature", "properties": { "utility_id": "SYN-UP-00885", "department": "sewer", "connection_id": "SYN-SEW-00885", "synthetic": true }, "geometry": { "type": "Point", "coordinates": [ 78.351500905241195, 17.459079619740709 ] } },
{ "type": "Feature", "properties": { "utility_id": "SYN-UP-00886", "department": "electricity", "connection_id": "SYN-ELE-00886", "synthetic": true }, "geometry": { "type": "Point", "coordinates": [ 78.360625304428936, 17.455791628741647 ] } },
{ "type": "Feature", "properties": { "utility_id": "SYN-UP-00887", "department": "water", "connection_id": "SYN-WAT-00887", "synthetic": true }, "geometry": { "type": "Point", "coordinates": [ 78.360642954589849, 17.455780064037523 ] } },
{ "type": "Feature", "properties": { "utility_id": "SYN-UP-00888", "department": "sewer", "connection_id": "SYN-SEW-00888", "synthetic": true }, "geometry": { "type": "Point", "coordinates": [ 78.360616239051367, 17.455817797579371 ] } },
{ "type": "Feature", "properties": { "utility_id": "SYN-UP-00889", "department": "electricity", "connection_id": "SYN-ELE-00889", "synthetic": true }, "geometry": { "type": "Point", "coordinates": [ 78.361730108859803, 17.450758941898911 ] } },
{ "type": "Feature", "properties": { "utility_id": "SYN-UP-00890", "department": "water", "connection_id": "SYN-WAT-00890", "synthetic": true }, "geometry": { "type": "Point", "coordinates": [ 78.36169356734078, 17.450721058079136 ] } },
{ "type": "Feature", "properties": { "utility_id": "SYN-UP-00891", "department": "sewer", "connection_id": "SYN-SEW-00891", "synthetic": true }, "geometry": { "type": "Point", "coordinates": [ 78.36169303651053, 17.450728640795479 ] } },
{ "type": "Feature", "properties": { "utility_id": "SYN-UP-00892", "department": "electricity", "connection_id": "SYN-ELE-00892", "synthetic": true }, "geometry": { "type": "Point", "coordinates": [ 78.352594057320246, 17.461057695127828 ] } },
{ "type": "Feature", "properties": { "utility_id": "SYN-UP-00893", "department": "water", "connection_id": "SYN-WAT-00893", "synthetic": true }, "geometry": { "type": "Point", "coordinates": [ 78.352582559239437, 17.461082587012431 ] } },
{ "type": "Feature", "properties": { "utility_id": "SYN-UP-00894", "department": "sewer", "connection_id": "SYN-SEW-00894", "synthetic": true }, "geometry": { "type": "Point", "coordinates": [ 78.352588921745649, 17.461068617821031 ] } },
{ "type": "Feature", "properties": { "utility_id": "SYN-UP-00895", "department": "electricity", "connection_id": "SYN-ELE-00895", "synthetic": true }, "geometry": { "type": "Point", "coordinates": [ 78.355943668468015, 17.459907512330364 ] } },
{ "type": "Feature", "properties": { "utility_id": "SYN-UP-00896", "department": "water", "connection_id": "SYN-WAT-00896", "synthetic": true }, "geometry": { "type": "Point", "coordinates": [ 78.355977745831154, 17.459915220575962 ] } },
{ "type": "Feature", "properties": { "utility_id": "SYN-UP-00897", "department": "sewer", "connection_id": "SYN-SEW-00897", "synthetic": true }, "geometry": { "type": "Point", "coordinates": [ 78.355957130236547, 17.459930619007174 ] } },
{ "type": "Feature", "properties": { "utility_id": "SYN-UP-00898", "department": "electricity", "connection_id": "SYN-ELE-00898", "synthetic": true }, "geometry": { "type": "Point", "coordinates": [ 78.362329070404826, 17.452021240171831 ] } },
{ "type": "Feature", "properties": { "utility_id": "SYN-UP-00899", "department": "water", "connection_id": "SYN-WAT-00899", "synthetic": true }, "geometry": { "type": "Point", "coordinates": [ 78.362311149527926, 17.451994016444413 ] } },
{ "type": "Feature", "properties": { "utility_id": "SYN-UP-00900", "department": "sewer", "connection_id": "SYN-SEW-00900", "synthetic": true }, "geometry": { "type": "Point", "coordinates": [ 78.36229162089947, 17.451985882033799 ] } }
]
}
